# https://github.com/mikedh/trimesh
mtllib material.mtl
usemtl material_0
v 0.36846100 -0.05225600 0.12967500
v 0.36846100 -0.05225600 0.12967500
v 0.36846100 -0.05225600 0.12967500
v 0.36846100 -0.05225600 0.12967500
v 0.02487000 0.05015500 0.12967500
v 0.02487000 0.05015500 0.12967500
v 0.02487000 0.05015500 0.12967500
v 0.02487000 0.05015500 0.12967500
v 0.36846100 0.02450400 0.12967500
v 0.36846100 0.02450400 0.12967500
v 0.36846100 0.02450400 0.12967500
v 0.36846100 0.02450400 0.12967500
v 0.36824300 -0.05558400 0.12967500
v 0.36824300 -0.05558400 0.12967500
v 0.36824300 -0.05558400 0.12967500
v 0.36824300 -0.05558400 0.12967500
v 0.02129300 0.04894000 0.12967500
v 0.02129300 0.04894000 0.12967500
v 0.02129300 0.04894000 0.12967500
v 0.02129300 0.04894000 0.12967500
v 0.02857600 0.05089200 0.12967500
v 0.02857600 0.05089200 0.12967500
v 0.02857600 0.05089200 0.12967500
v 0.02857600 0.05089200 0.12967500
v 0.36823400 0.02798000 0.12967500
v 0.36823400 0.02798000 0.12967500
v 0.36823400 0.02798000 0.12967500
v 0.36823400 0.02798000 0.12967500
v 0.36846100 -0.00751600 0.16038500
v 0.36846100 -0.00751600 0.16038500
v 0.36759200 -0.05885600 0.12967500
v 0.36759200 -0.05885600 0.12967500
v 0.36759200 -0.05885600 0.12967500
v 0.36759200 -0.05885600 0.12967500
v 0.36824300 -0.05558400 0.29811100
v 0.36824300 -0.05558400 0.29811100
v 0.36824300 -0.05558400 0.29811100
v 0.36824300 -0.05558400 0.29811100
v 0.36824300 -0.05558400 0.29811100
v 0.36824300 -0.05558400 0.29811100
v 0.02962600 -0.07655400 0.12967500
v 0.02962600 -0.07655400 0.12967500
v 0.02962600 -0.07655400 0.12967500
v 0.02962600 -0.07655400 0.12967500
v 0.01790500 0.04726900 0.12967500
v 0.01790500 0.04726900 0.12967500
v 0.01790500 0.04726900 0.12967500
v 0.01790500 0.04726900 0.12967500
v 0.02129300 0.04894000 0.29811100
v 0.02129300 0.04894000 0.29811100
v 0.02129300 0.04894000 0.29811100
v 0.02129300 0.04894000 0.29811100
v 0.02129300 0.04894000 0.29811100
v 0.02129300 0.04894000 0.29811100
v 0.02487000 0.05015500 0.29811100
v 0.02487000 0.05015500 0.29811100
v 0.02487000 0.05015500 0.29811100
v 0.02487000 0.05015500 0.29811100
v 0.02487000 0.05015500 0.29811100
v 0.02487000 0.05015500 0.29811100
v 0.03234500 0.05113900 0.12967500
v 0.03234500 0.05113900 0.12967500
v 0.03234500 0.05113900 0.12967500
v 0.03234500 0.05113900 0.12967500
v 0.36755400 0.03139700 0.12967500
v 0.36755400 0.03139700 0.12967500
v 0.36755400 0.03139700 0.12967500
v 0.36755400 0.03139700 0.12967500
v 0.36846100 0.02450400 0.16331000
v 0.36846100 0.02450400 0.16331000
v 0.36846100 0.02450400 0.16331000
v 0.36846100 0.02450400 0.16331000
v 0.36846100 -0.01086200 0.16474500
v 0.36846100 -0.01086200 0.16474500
v 0.36846100 -0.00315600 0.15703900
v 0.36846100 -0.00315600 0.15703900
v 0.36652000 -0.06201500 0.12967500
v 0.36652000 -0.06201500 0.12967500
v 0.36652000 -0.06201500 0.12967500
v 0.36652000 -0.06201500 0.12967500
v 0.36759200 -0.05885600 0.29811100
v 0.36759200 -0.05885600 0.29811100
v 0.36759200 -0.05885600 0.29811100
v 0.36759200 -0.05885600 0.29811100
v 0.36759200 -0.05885600 0.29811100
v 0.36759200 -0.05885600 0.29811100
v 0.36846100 -0.05225600 0.29811100
v 0.36846100 -0.05225600 0.29811100
v 0.36846100 -0.05225600 0.29811100
v 0.36846100 -0.05225600 0.29811100
v 0.36846100 -0.05225600 0.29811100
v 0.36846100 -0.05225600 0.29811100
v 0.02525400 -0.07507000 0.12967500
v 0.02525400 -0.07507000 0.12967500
v 0.02525400 -0.07507000 0.12967500
v 0.02525400 -0.07507000 0.12967500
v 0.03415400 -0.07745500 0.12967500
v 0.03415400 -0.07745500 0.12967500
v 0.03415400 -0.07745500 0.12967500
v 0.03415400 -0.07745500 0.12967500
v 0.00819400 -0.06010900 0.12967500
v 0.00819400 -0.06010900 0.12967500
v 0.00819400 -0.06010900 0.12967500
v 0.00819400 -0.06010900 0.12967500
v 0.01476400 0.04517100 0.12967500
v 0.01476400 0.04517100 0.12967500
v 0.01476400 0.04517100 0.12967500
v 0.01476400 0.04517100 0.12967500
v 0.01790500 0.04726900 0.29811100
v 0.01790500 0.04726900 0.29811100
v 0.01790500 0.04726900 0.29811100
v 0.01790500 0.04726900 0.29811100
v 0.01790500 0.04726900 0.29811100
v 0.01790500 0.04726900 0.29811100
v 0.02857600 0.05089200 0.29811100
v 0.02857600 0.05089200 0.29811100
v 0.02857600 0.05089200 0.29811100
v 0.02857600 0.05089200 0.29811100
v 0.02857600 0.05089200 0.29811100
v 0.02857600 0.05089200 0.29811100
v 0.34182600 0.05113900 0.12967500
v 0.34182600 0.05113900 0.12967500
v 0.34182600 0.05113900 0.12967500
v 0.34182600 0.05113900 0.12967500
v 0.36643400 0.03469600 0.12967500
v 0.36643400 0.03469600 0.12967500
v 0.36643400 0.03469600 0.12967500
v 0.36643400 0.03469600 0.12967500
v 0.36823400 0.02798000 0.29811100
v 0.36823400 0.02798000 0.29811100
v 0.36823400 0.02798000 0.29811100
v 0.36823400 0.02798000 0.29811100
v 0.36823400 0.02798000 0.29811100
v 0.36823400 0.02798000 0.29811100
v 0.36846100 0.02450400 0.18723600
v 0.36846100 0.02450400 0.18723600
v 0.36846100 0.02450400 0.18723600
v 0.36846100 0.02450400 0.18723600
v 0.36846100 0.02225900 0.16038500
v 0.36846100 0.02225900 0.16038500
v 0.36846100 -0.01296500 0.16982300
v 0.36846100 -0.01296500 0.16982300
v 0.36846100 -0.01086200 0.18580000
v 0.36846100 -0.01086200 0.18580000
v 0.36846100 0.00192200 0.15493600
v 0.36846100 0.00192200 0.15493600
v 0.36846100 -0.00751600 0.19016000
v 0.36846100 -0.00751600 0.19016000
v 0.36504500 -0.06500600 0.12967500
v 0.36504500 -0.06500600 0.12967500
v 0.36504500 -0.06500600 0.12967500
v 0.36504500 -0.06500600 0.12967500
v 0.36652000 -0.06201500 0.29811100
v 0.36652000 -0.06201500 0.29811100
v 0.36652000 -0.06201500 0.29811100
v 0.36652000 -0.06201500 0.29811100
v 0.36652000 -0.06201500 0.29811100
v 0.36652000 -0.06201500 0.29811100
v 0.36846100 0.02450400 0.29811100
v 0.36846100 0.02450400 0.29811100
v 0.36846100 0.02450400 0.29811100
v 0.36846100 0.02450400 0.29811100
v 0.36846100 0.02450400 0.29811100
v 0.36846100 0.02450400 0.29811100
v 0.02111300 -0.07302800 0.12967500
v 0.02111300 -0.07302800 0.12967500
v 0.02111300 -0.07302800 0.12967500
v 0.02111300 -0.07302800 0.12967500
v 0.02962600 -0.07655400 0.29811100
v 0.02962600 -0.07655400 0.29811100
v 0.02962600 -0.07655400 0.29811100
v 0.02962600 -0.07655400 0.29811100
v 0.02962600 -0.07655400 0.29811100
v 0.02962600 -0.07655400 0.29811100
v 0.03876100 -0.07775700 0.12967500
v 0.03876100 -0.07775700 0.12967500
v 0.03876100 -0.07775700 0.12967500
v 0.03876100 -0.07775700 0.12967500
v 0.03415400 -0.07745500 0.29811100
v 0.03415400 -0.07745500 0.29811100
v 0.03415400 -0.07745500 0.29811100
v 0.03415400 -0.07745500 0.29811100
v 0.03415400 -0.07745500 0.29811100
v 0.03415400 -0.07745500 0.29811100
v 0.01075900 -0.06394800 0.12967500
v 0.01075900 -0.06394800 0.12967500
v 0.01075900 -0.06394800 0.12967500
v 0.01075900 -0.06394800 0.12967500
v 0.00615200 -0.05596800 0.12967500
v 0.00615200 -0.05596800 0.12967500
v 0.00615200 -0.05596800 0.12967500
v 0.00615200 -0.05596800 0.12967500
v 0.01192400 0.04268000 0.12967500
v 0.01192400 0.04268000 0.12967500
v 0.01192400 0.04268000 0.12967500
v 0.01192400 0.04268000 0.12967500
v 0.01476400 0.04517100 0.29811100
v 0.01476400 0.04517100 0.29811100
v 0.01476400 0.04517100 0.29811100
v 0.01476400 0.04517100 0.29811100
v 0.01476400 0.04517100 0.29811100
v 0.01476400 0.04517100 0.29811100
v 0.02525400 -0.07507000 0.29811100
v 0.02525400 -0.07507000 0.29811100
v 0.02525400 -0.07507000 0.29811100
v 0.02525400 -0.07507000 0.29811100
v 0.02525400 -0.07507000 0.29811100
v 0.02525400 -0.07507000 0.29811100
v 0.02111300 -0.07302800 0.29811100
v 0.02111300 -0.07302800 0.29811100
v 0.02111300 -0.07302800 0.29811100
v 0.02111300 -0.07302800 0.29811100
v 0.02111300 -0.07302800 0.29811100
v 0.02111300 -0.07302800 0.29811100
v 0.03234500 0.05113900 0.29811100
v 0.03234500 0.05113900 0.29811100
v 0.03234500 0.05113900 0.29811100
v 0.03234500 0.05113900 0.29811100
v 0.03234500 0.05113900 0.29811100
v 0.03234500 0.05113900 0.29811100
v 0.08933700 0.05113900 0.14822900
v 0.08933700 0.05113900 0.14822900
v 0.08933700 0.05113900 0.14822900
v 0.08933700 0.05113900 0.14822900
v 0.08933700 0.05113900 0.14822900
v 0.08933700 0.05113900 0.14822900
v 0.34530300 0.05091100 0.12967500
v 0.34530300 0.05091100 0.12967500
v 0.34530300 0.05091100 0.12967500
v 0.34530300 0.05091100 0.12967500
v 0.36489300 0.03782100 0.12967500
v 0.36489300 0.03782100 0.12967500
v 0.36489300 0.03782100 0.12967500
v 0.36489300 0.03782100 0.12967500
v 0.36755400 0.03139700 0.29811100
v 0.36755400 0.03139700 0.29811100
v 0.36755400 0.03139700 0.29811100
v 0.36755400 0.03139700 0.29811100
v 0.36755400 0.03139700 0.29811100
v 0.36755400 0.03139700 0.29811100
v 0.36846100 0.02225900 0.19016000
v 0.36846100 0.02225900 0.19016000
v 0.36846100 0.01789900 0.15703900
v 0.36846100 0.01789900 0.15703900
v 0.36846100 -0.01296500 0.18072200
v 0.36846100 -0.01296500 0.18072200
v 0.36846100 0.00737100 0.15421800
v 0.36846100 0.00737100 0.15421800
v 0.36846100 -0.00315600 0.19350600
v 0.36846100 -0.00315600 0.19350600
v 0.36319200 -0.06778000 0.12967500
v 0.36319200 -0.06778000 0.12967500
v 0.36319200 -0.06778000 0.12967500
v 0.36319200 -0.06778000 0.12967500
v 0.36504500 -0.06500600 0.29811100
v 0.36504500 -0.06500600 0.29811100
v 0.36504500 -0.06500600 0.29811100
v 0.36504500 -0.06500600 0.29811100
v 0.36504500 -0.06500600 0.29811100
v 0.36504500 -0.06500600 0.29811100
v 0.36846100 -0.03574700 0.26176600
v 0.36846100 -0.03574700 0.26176600
v 0.36846100 -0.03574700 0.26176600
v 0.36846100 -0.03574700 0.26176600
v 0.36846100 -0.03574700 0.26176600
v 0.36846100 -0.03574700 0.26176600
v 0.36846100 -0.01369700 0.29293500
v 0.36846100 -0.01369700 0.29293500
v 0.36846100 -0.01369700 0.29293500
v 0.36846100 -0.01369700 0.29293500
v 0.36846100 -0.01369700 0.29293500
v 0.36846100 -0.01369700 0.29293500
v 0.01727400 -0.07046300 0.12967500
v 0.01727400 -0.07046300 0.12967500
v 0.01727400 -0.07046300 0.12967500
v 0.01727400 -0.07046300 0.12967500
v 0.34296000 -0.07775700 0.12967500
v 0.34296000 -0.07775700 0.12967500
v 0.34296000 -0.07775700 0.12967500
v 0.34296000 -0.07775700 0.12967500
v 0.03876100 -0.07775700 0.29811100
v 0.03876100 -0.07775700 0.29811100
v 0.03876100 -0.07775700 0.29811100
v 0.03876100 -0.07775700 0.29811100
v 0.03876100 -0.07775700 0.29811100
v 0.03876100 -0.07775700 0.29811100
v 0.01380300 -0.06741900 0.12967500
v 0.01380300 -0.06741900 0.12967500
v 0.01380300 -0.06741900 0.12967500
v 0.01380300 -0.06741900 0.12967500
v 0.00819400 -0.06010900 0.29811100
v 0.00819400 -0.06010900 0.29811100
v 0.00819400 -0.06010900 0.29811100
v 0.00819400 -0.06010900 0.29811100
v 0.00819400 -0.06010900 0.29811100
v 0.00819400 -0.06010900 0.29811100
v 0.00615200 -0.05596800 0.29811100
v 0.00615200 -0.05596800 0.29811100
v 0.00615200 -0.05596800 0.29811100
v 0.00615200 -0.05596800 0.29811100
v 0.00615200 -0.05596800 0.29811100
v 0.00615200 -0.05596800 0.29811100
v 0.00466800 -0.05159600 0.12967500
v 0.00466800 -0.05159600 0.12967500
v 0.00466800 -0.05159600 0.12967500
v 0.00466800 -0.05159600 0.12967500
v 0.00943300 0.03984000 0.12967500
v 0.00943300 0.03984000 0.12967500
v 0.00943300 0.03984000 0.12967500
v 0.00943300 0.03984000 0.12967500
v 0.01192400 0.04268000 0.29811100
v 0.01192400 0.04268000 0.29811100
v 0.01192400 0.04268000 0.29811100
v 0.01192400 0.04268000 0.29811100
v 0.01192400 0.04268000 0.29811100
v 0.01192400 0.04268000 0.29811100
v 0.01727400 -0.07046300 0.29811100
v 0.01727400 -0.07046300 0.29811100
v 0.01727400 -0.07046300 0.29811100
v 0.01727400 -0.07046300 0.29811100
v 0.01727400 -0.07046300 0.29811100
v 0.01727400 -0.07046300 0.29811100
v 0.05547400 0.05113900 0.16778000
v 0.05547400 0.05113900 0.16778000
v 0.05547400 0.05113900 0.16778000
v 0.05547400 0.05113900 0.16778000
v 0.05547400 0.05113900 0.16778000
v 0.05547400 0.05113900 0.16778000
v 0.21865500 0.05113900 0.14963400
v 0.21865500 0.05113900 0.14963400
v 0.21865500 0.05113900 0.14963400
v 0.21865500 0.05113900 0.14963400
v 0.21865500 0.05113900 0.14963400
v 0.21865500 0.05113900 0.14963400
v 0.34182600 0.05113900 0.29811100
v 0.34182600 0.05113900 0.29811100
v 0.34182600 0.05113900 0.29811100
v 0.34182600 0.05113900 0.29811100
v 0.34182600 0.05113900 0.29811100
v 0.34182600 0.05113900 0.29811100
v 0.34872000 0.05023100 0.12967500
v 0.34872000 0.05023100 0.12967500
v 0.34872000 0.05023100 0.12967500
v 0.34872000 0.05023100 0.12967500
v 0.36295700 0.04071800 0.12967500
v 0.36295700 0.04071800 0.12967500
v 0.36295700 0.04071800 0.12967500
v 0.36295700 0.04071800 0.12967500
v 0.36643400 0.03469600 0.29811100
v 0.36643400 0.03469600 0.29811100
v 0.36643400 0.03469600 0.29811100
v 0.36643400 0.03469600 0.29811100
v 0.36643400 0.03469600 0.29811100
v 0.36643400 0.03469600 0.29811100
v 0.36846100 0.01282100 0.15493600
v 0.36846100 0.01282100 0.15493600
v 0.36846100 0.01789900 0.19350600
v 0.36846100 0.01789900 0.19350600
v 0.36846100 -0.01368300 0.17527300
v 0.36846100 -0.01368300 0.17527300
v 0.36846100 -0.01183000 0.24484600
v 0.36846100 -0.01183000 0.24484600
v 0.36846100 -0.01183000 0.24484600
v 0.36846100 -0.01183000 0.24484600
v 0.36846100 -0.01183000 0.24484600
v 0.36846100 -0.01183000 0.24484600
v 0.36846100 -0.00563900 0.24590700
v 0.36846100 -0.00563900 0.24590700
v 0.36846100 -0.00563900 0.24590700
v 0.36846100 -0.00563900 0.24590700
v 0.36846100 -0.00563900 0.24590700
v 0.36846100 -0.00563900 0.24590700
v 0.36846100 0.00192200 0.19561000
v 0.36846100 0.00192200 0.19561000
v 0.36099200 -0.07028800 0.12967500
v 0.36099200 -0.07028800 0.12967500
v 0.36099200 -0.07028800 0.12967500
v 0.36099200 -0.07028800 0.12967500
v 0.36319200 -0.06778000 0.29811100
v 0.36319200 -0.06778000 0.29811100
v 0.36319200 -0.06778000 0.29811100
v 0.36319200 -0.06778000 0.29811100
v 0.36319200 -0.06778000 0.29811100
v 0.36319200 -0.06778000 0.29811100
v 0.36846100 -0.03312000 0.25606000
v 0.36846100 -0.03312000 0.25606000
v 0.36846100 -0.03312000 0.25606000
v 0.36846100 -0.03312000 0.25606000
v 0.36846100 -0.03312000 0.25606000
v 0.36846100 -0.03312000 0.25606000
v 0.36846100 -0.03680700 0.26795700
v 0.36846100 -0.03680700 0.26795700
v 0.36846100 -0.03680700 0.26795700
v 0.36846100 -0.03680700 0.26795700
v 0.36846100 -0.03680700 0.26795700
v 0.36846100 -0.03680700 0.26795700
v 0.36846100 -0.01988800 0.29187400
v 0.36846100 -0.01988800 0.29187400
v 0.36846100 -0.01988800 0.29187400
v 0.36846100 -0.01988800 0.29187400
v 0.36846100 -0.01988800 0.29187400
v 0.36846100 -0.01988800 0.29187400
v 0.36846100 -0.00744200 0.29235700
v 0.36846100 -0.00744200 0.29235700
v 0.36846100 -0.00744200 0.29235700
v 0.36846100 -0.00744200 0.29235700
v 0.36846100 -0.00744200 0.29235700
v 0.36846100 -0.00744200 0.29235700
v 0.03328300 -0.04148500 0.29811100
v 0.03328300 -0.04148500 0.29811100
v 0.03328300 -0.04148500 0.29811100
v 0.03328300 -0.04148500 0.29811100
v 0.03328300 -0.04148500 0.29811100
v 0.03328300 -0.04148500 0.29811100
v 0.34628800 -0.07753900 0.12967500
v 0.34628800 -0.07753900 0.12967500
v 0.34628800 -0.07753900 0.12967500
v 0.34628800 -0.07753900 0.12967500
v 0.25361400 -0.07775700 0.14951500
v 0.25361400 -0.07775700 0.14951500
v 0.25361400 -0.07775700 0.14951500
v 0.25361400 -0.07775700 0.14951500
v 0.08547800 -0.07775700 0.18990000
v 0.08547800 -0.07775700 0.18990000
v 0.08547800 -0.07775700 0.18990000
v 0.08547800 -0.07775700 0.18990000
v 0.08547800 -0.07775700 0.18990000
v 0.08547800 -0.07775700 0.18990000
v 0.03446600 -0.04575700 0.29811100
v 0.03446600 -0.04575700 0.29811100
v 0.03446600 -0.04575700 0.29811100
v 0.03446600 -0.04575700 0.29811100
v 0.03446600 -0.04575700 0.29811100
v 0.03446600 -0.04575700 0.29811100
v 0.01075900 -0.06394800 0.29811100
v 0.01075900 -0.06394800 0.29811100
v 0.01075900 -0.06394800 0.29811100
v 0.01075900 -0.06394800 0.29811100
v 0.01075900 -0.06394800 0.29811100
v 0.01075900 -0.06394800 0.29811100
v 0.00466800 -0.05159600 0.29811100
v 0.00466800 -0.05159600 0.29811100
v 0.00466800 -0.05159600 0.29811100
v 0.00466800 -0.05159600 0.29811100
v 0.00466800 -0.05159600 0.29811100
v 0.00466800 -0.05159600 0.29811100
v 0.00376700 -0.04706800 0.12967500
v 0.00376700 -0.04706800 0.12967500
v 0.00376700 -0.04706800 0.12967500
v 0.00376700 -0.04706800 0.12967500
v 0.00733400 0.03669900 0.12967500
v 0.00733400 0.03669900 0.12967500
v 0.00733400 0.03669900 0.12967500
v 0.00733400 0.03669900 0.12967500
v 0.01380300 -0.06741900 0.29811100
v 0.01380300 -0.06741900 0.29811100
v 0.01380300 -0.06741900 0.29811100
v 0.01380300 -0.06741900 0.29811100
v 0.01380300 -0.06741900 0.29811100
v 0.01380300 -0.06741900 0.29811100
v 0.03247600 0.02126500 0.29811100
v 0.03247600 0.02126500 0.29811100
v 0.05547400 0.05113900 0.20688100
v 0.05547400 0.05113900 0.20688100
v 0.05547400 0.05113900 0.20688100
v 0.05547400 0.05113900 0.20688100
v 0.08933700 0.02707600 0.14822900
v 0.08933700 0.02707600 0.14822900
v 0.08933700 0.02707600 0.14822900
v 0.08933700 0.02707600 0.14822900
v 0.25667500 0.05113900 0.15876600
v 0.25667500 0.05113900 0.15876600
v 0.25667500 0.05113900 0.15876600
v 0.25667500 0.05113900 0.15876600
v 0.12319900 0.05113900 0.16778000
v 0.12319900 0.05113900 0.16778000
v 0.12319900 0.05113900 0.16778000
v 0.12319900 0.05113900 0.16778000
v 0.34530300 0.05091100 0.29811100
v 0.34530300 0.05091100 0.29811100
v 0.34530300 0.05091100 0.29811100
v 0.34530300 0.05091100 0.29811100
v 0.34530300 0.05091100 0.29811100
v 0.34530300 0.05091100 0.29811100
v 0.32667400 0.05113900 0.24841200
v 0.32667400 0.05113900 0.24841200
v 0.32667400 0.05113900 0.24841200
v 0.32667400 0.05113900 0.24841200
v 0.35201900 0.04911100 0.12967500
v 0.35201900 0.04911100 0.12967500
v 0.35201900 0.04911100 0.12967500
v 0.35201900 0.04911100 0.12967500
v 0.36066000 0.04333700 0.12967500
v 0.36066000 0.04333700 0.12967500
v 0.36066000 0.04333700 0.12967500
v 0.36066000 0.04333700 0.12967500
v 0.36489300 0.03782100 0.29811100
v 0.36489300 0.03782100 0.29811100
v 0.36489300 0.03782100 0.29811100
v 0.36489300 0.03782100 0.29811100
v 0.36489300 0.03782100 0.29811100
v 0.36489300 0.03782100 0.29811100
v 0.36846100 -0.02397700 0.24760100
v 0.36846100 -0.02397700 0.24760100
v 0.36846100 -0.02397700 0.24760100
v 0.36846100 -0.02397700 0.24760100
v 0.36846100 -0.02397700 0.24760100
v 0.36846100 -0.02397700 0.24760100
v 0.36846100 0.00737100 0.19632700
v 0.36846100 0.00737100 0.19632700
v 0.36846100 0.00006700 0.24853400
v 0.36846100 0.00006700 0.24853400
v 0.36846100 0.00006700 0.24853400
v 0.36846100 0.00006700 0.24853400
v 0.36846100 0.00006700 0.24853400
v 0.36846100 0.00006700 0.24853400
v 0.35848400 -0.07248700 0.12967500
v 0.35848400 -0.07248700 0.12967500
v 0.35848400 -0.07248700 0.12967500
v 0.35848400 -0.07248700 0.12967500
v 0.36099200 -0.07028800 0.29811100
v 0.36099200 -0.07028800 0.29811100
v 0.36099200 -0.07028800 0.29811100
v 0.36099200 -0.07028800 0.29811100
v 0.36099200 -0.07028800 0.29811100
v 0.36099200 -0.07028800 0.29811100
v 0.36846100 -0.02910500 0.25122900
v 0.36846100 -0.02910500 0.25122900
v 0.36846100 -0.02910500 0.25122900
v 0.36846100 -0.02910500 0.25122900
v 0.36846100 -0.02910500 0.25122900
v 0.36846100 -0.02910500 0.25122900
v 0.33864400 -0.03574700 0.26176600
v 0.33864400 -0.03574700 0.26176600
v 0.33864400 -0.03574700 0.26176600
v 0.33864400 -0.03574700 0.26176600
v 0.33864400 -0.03680700 0.26795700
v 0.33864400 -0.03680700 0.26795700
v 0.33864400 -0.03680700 0.26795700
v 0.33864400 -0.03680700 0.26795700
v 0.36846100 -0.03623000 0.27421200
v 0.36846100 -0.03623000 0.27421200
v 0.36846100 -0.03623000 0.27421200
v 0.36846100 -0.03623000 0.27421200
v 0.36846100 -0.03623000 0.27421200
v 0.36846100 -0.03623000 0.27421200
v 0.36846100 -0.02478800 0.28961800
v 0.36846100 -0.02478800 0.28961800
v 0.36846100 -0.02478800 0.28961800
v 0.36846100 -0.02478800 0.28961800
v 0.33864400 -0.01988800 0.29187400
v 0.33864400 -0.01988800 0.29187400
v 0.33864400 -0.01988800 0.29187400
v 0.33864400 -0.01988800 0.29187400
v 0.33864400 -0.01369700 0.29293500
v 0.33864400 -0.01369700 0.29293500
v 0.33864400 -0.01369700 0.29293500
v 0.33864400 -0.01369700 0.29293500
v 0.36846100 -0.00155000 0.29018000
v 0.36846100 -0.00155000 0.29018000
v 0.36846100 -0.00155000 0.29018000
v 0.36846100 -0.00155000 0.29018000
v 0.36846100 -0.00155000 0.29018000
v 0.36846100 -0.00155000 0.29018000
v 0.03339300 -0.04316800 0.29811100
v 0.03339300 -0.04316800 0.29811100
v 0.03339300 -0.04316800 0.29811100
v 0.03339300 -0.04316800 0.29811100
v 0.03339300 -0.04316800 0.29811100
v 0.03339300 -0.04316800 0.29811100
v 0.34956000 -0.07688800 0.12967500
v 0.34956000 -0.07688800 0.12967500
v 0.34956000 -0.07688800 0.12967500
v 0.34956000 -0.07688800 0.12967500
v 0.34628800 -0.07753900 0.29811100
v 0.34628800 -0.07753900 0.29811100
v 0.34628800 -0.07753900 0.29811100
v 0.34628800 -0.07753900 0.29811100
v 0.34628800 -0.07753900 0.29811100
v 0.34628800 -0.07753900 0.29811100
v 0.32729800 -0.07775700 0.16412900
v 0.32729800 -0.07775700 0.16412900
v 0.32729800 -0.07775700 0.16412900
v 0.32729800 -0.07775700 0.16412900
v 0.21752100 -0.07775700 0.14951500
v 0.21752100 -0.07775700 0.14951500
v 0.21752100 -0.07775700 0.14951500
v 0.21752100 -0.07775700 0.14951500
v 0.21752100 -0.07775700 0.14951500
v 0.21752100 -0.07775700 0.14951500
v 0.11480300 -0.07775700 0.16403700
v 0.11480300 -0.07775700 0.16403700
v 0.11480300 -0.07775700 0.16403700
v 0.11480300 -0.07775700 0.16403700
v 0.09321300 -0.07775700 0.22822900
v 0.09321300 -0.07775700 0.22822900
v 0.09321300 -0.07775700 0.22822900
v 0.09321300 -0.07775700 0.22822900
v 0.03407200 -0.04516800 0.29811100
v 0.03407200 -0.04516800 0.29811100
v 0.03407200 -0.04516800 0.29811100
v 0.03407200 -0.04516800 0.29811100
v 0.03407200 -0.04516800 0.29811100
v 0.03407200 -0.04516800 0.29811100
v 0.03493300 -0.04628900 0.29811100
v 0.03493300 -0.04628900 0.29811100
v 0.03493300 -0.04628900 0.29811100
v 0.03493300 -0.04628900 0.29811100
v 0.03493300 -0.04628900 0.29811100
v 0.03493300 -0.04628900 0.29811100
v 0.00943300 0.03984000 0.29811100
v 0.00943300 0.03984000 0.29811100
v 0.00943300 0.03984000 0.29811100
v 0.00943300 0.03984000 0.29811100
v 0.00943300 0.03984000 0.29811100
v 0.00943300 0.03984000 0.29811100
v 0.00733400 0.03669900 0.29811100
v 0.00733400 0.03669900 0.29811100
v 0.00733400 0.03669900 0.29811100
v 0.00733400 0.03669900 0.29811100
v 0.00733400 0.03669900 0.29811100
v 0.00733400 0.03669900 0.29811100
v 0.00566300 0.03331000 0.29811100
v 0.00566300 0.03331000 0.29811100
v 0.00566300 0.03331000 0.29811100
v 0.00566300 0.03331000 0.29811100
v 0.00566300 0.03331000 0.29811100
v 0.00566300 0.03331000 0.29811100
v 0.00376700 -0.04706800 0.29811100
v 0.00376700 -0.04706800 0.29811100
v 0.00376700 -0.04706800 0.29811100
v 0.00376700 -0.04706800 0.29811100
v 0.00376700 -0.04706800 0.29811100
v 0.00376700 -0.04706800 0.29811100
v 0.00346500 -0.04246100 0.12967500
v 0.00346500 -0.04246100 0.12967500
v 0.00346500 -0.04246100 0.12967500
v 0.00346500 -0.04246100 0.12967500
v 0.00566300 0.03331000 0.12967500
v 0.00566300 0.03331000 0.12967500
v 0.00566300 0.03331000 0.12967500
v 0.00566300 0.03331000 0.12967500
v 0.03333800 0.02212800 0.29811100
v 0.03333800 0.02212800 0.29811100
v 0.08933700 0.05113900 0.22643200
v 0.08933700 0.05113900 0.22643200
v 0.05547400 0.02707600 0.20688100
v 0.05547400 0.02707600 0.20688100
v 0.05547400 0.02707600 0.16778000
v 0.05547400 0.02707600 0.16778000
v 0.05547400 0.02707600 0.16778000
v 0.05547400 0.02707600 0.16778000
v 0.12319900 0.02707600 0.16778000
v 0.12319900 0.02707600 0.16778000
v 0.25667500 0.02406900 0.15876600
v 0.25667500 0.02406900 0.15876600
v 0.19173700 0.05113900 0.17799400
v 0.19173700 0.05113900 0.17799400
v 0.19173700 0.05113900 0.17799400
v 0.19173700 0.05113900 0.17799400
v 0.34198400 -0.04793900 0.29811100
v 0.34198400 -0.04793900 0.29811100
v 0.32667400 0.05113900 0.28149800
v 0.32667400 0.05113900 0.28149800
v 0.34872000 0.05023100 0.29811100
v 0.34872000 0.05023100 0.29811100
v 0.34872000 0.05023100 0.29811100
v 0.34872000 0.05023100 0.29811100
v 0.34872000 0.05023100 0.29811100
v 0.34872000 0.05023100 0.29811100
v 0.35514400 0.04757000 0.12967500
v 0.35514400 0.04757000 0.12967500
v 0.35514400 0.04757000 0.12967500
v 0.35514400 0.04757000 0.12967500
v 0.35804100 0.04563500 0.12967500
v 0.35804100 0.04563500 0.12967500
v 0.35804100 0.04563500 0.12967500
v 0.35804100 0.04563500 0.12967500
v 0.36295700 0.04071800 0.29811100
v 0.36295700 0.04071800 0.29811100
v 0.36295700 0.04071800 0.29811100
v 0.36295700 0.04071800 0.29811100
v 0.36295700 0.04071800 0.29811100
v 0.36295700 0.04071800 0.29811100
v 0.36846100 0.01282100 0.19561000
v 0.36846100 0.01282100 0.19561000
v 0.36846100 -0.01808500 0.24542400
v 0.36846100 -0.01808500 0.24542400
v 0.36846100 -0.01808500 0.24542400
v 0.36846100 -0.01808500 0.24542400
v 0.36846100 -0.01808500 0.24542400
v 0.36846100 -0.01808500 0.24542400
v 0.36846100 -0.01828300 0.24549700
v 0.36846100 -0.01828300 0.24549700
v 0.36846100 -0.01828300 0.24549700
v 0.36846100 -0.01828300 0.24549700
v 0.33864400 -0.00563900 0.24590700
v 0.33864400 -0.00563900 0.24590700
v 0.33864400 -0.00563900 0.24590700
v 0.33864400 -0.00563900 0.24590700
v 0.36846100 0.00489800 0.25254900
v 0.36846100 0.00489800 0.25254900
v 0.36846100 0.00489800 0.25254900
v 0.36846100 0.00489800 0.25254900
v 0.36846100 0.00489800 0.25254900
v 0.36846100 0.00489800 0.25254900
v 0.33864400 0.00006700 0.24853400
v 0.33864400 0.00006700 0.24853400
v 0.33864400 0.00006700 0.24853400
v 0.33864400 0.00006700 0.24853400
v 0.35571100 -0.07434000 0.12967500
v 0.35571100 -0.07434000 0.12967500
v 0.35571100 -0.07434000 0.12967500
v 0.35571100 -0.07434000 0.12967500
v 0.33864400 -0.03312000 0.25606000
v 0.33864400 -0.03312000 0.25606000
v 0.33864400 -0.03312000 0.25606000
v 0.33864400 -0.03312000 0.25606000
v 0.33864400 -0.03623000 0.27421200
v 0.33864400 -0.03623000 0.27421200
v 0.33864400 -0.03623000 0.27421200
v 0.33864400 -0.03623000 0.27421200
v 0.36846100 -0.03405300 0.28010400
v 0.36846100 -0.03405300 0.28010400
v 0.36846100 -0.03405300 0.28010400
v 0.36846100 -0.03405300 0.28010400
v 0.36846100 -0.03405300 0.28010400
v 0.36846100 -0.03405300 0.28010400
v 0.36846100 -0.02559400 0.28924700
v 0.36846100 -0.02559400 0.28924700
v 0.36846100 -0.02559400 0.28924700
v 0.36846100 -0.02559400 0.28924700
v 0.36846100 -0.02559400 0.28924700
v 0.36846100 -0.02559400 0.28924700
v 0.33864400 -0.02559400 0.28924700
v 0.33864400 -0.02559400 0.28924700
v 0.33864400 -0.02559400 0.28924700
v 0.33864400 -0.02559400 0.28924700
v 0.33864400 -0.00744200 0.29235700
v 0.33864400 -0.00744200 0.29235700
v 0.33864400 -0.00744200 0.29235700
v 0.33864400 -0.00744200 0.29235700
v 0.36846100 0.00357900 0.28655200
v 0.36846100 0.00357900 0.28655200
v 0.36846100 0.00357900 0.28655200
v 0.36846100 0.00357900 0.28655200
v 0.36846100 0.00357900 0.28655200
v 0.36846100 0.00357900 0.28655200
v 0.03328300 0.02128200 0.29811100
v 0.03328300 0.02128200 0.29811100
v 0.03328300 0.02128200 0.29811100
v 0.03328300 0.02128200 0.29811100
v 0.03353100 -0.04386200 0.29811100
v 0.03353100 -0.04386200 0.29811100
v 0.03353100 -0.04386200 0.29811100
v 0.03353100 -0.04386200 0.29811100
v 0.03353100 -0.04386200 0.29811100
v 0.03353100 -0.04386200 0.29811100
v 0.03328300 -0.04148500 0.19885400
v 0.03328300 -0.04148500 0.19885400
v 0.03328300 -0.04148500 0.19885400
v 0.03328300 -0.04148500 0.19885400
v 0.03328300 -0.04148500 0.19885400
v 0.03328300 -0.04148500 0.19885400
v 0.35271900 -0.07581600 0.12967500
v 0.35271900 -0.07581600 0.12967500
v 0.35271900 -0.07581600 0.12967500
v 0.35271900 -0.07581600 0.12967500
v 0.34956000 -0.07688800 0.29811100
v 0.34956000 -0.07688800 0.29811100
v 0.34956000 -0.07688800 0.29811100
v 0.34956000 -0.07688800 0.29811100
v 0.34956000 -0.07688800 0.29811100
v 0.34956000 -0.07688800 0.29811100
v 0.34296000 -0.07775700 0.29811100
v 0.34296000 -0.07775700 0.29811100
v 0.34296000 -0.07775700 0.29811100
v 0.34296000 -0.07775700 0.29811100
v 0.34296000 -0.07775700 0.29811100
v 0.34296000 -0.07775700 0.29811100
v 0.33020000 -0.07775700 0.16533000
v 0.33020000 -0.07775700 0.16533000
v 0.33020000 -0.07775700 0.16533000
v 0.33020000 -0.07775700 0.16533000
v 0.32418400 -0.07775700 0.16371900
v 0.32418400 -0.07775700 0.16371900
v 0.32418400 -0.07775700 0.16371900
v 0.32418400 -0.07775700 0.16371900
v 0.21752100 -0.05971000 0.14951500
v 0.21752100 -0.05971000 0.14951500
v 0.21752100 -0.05971000 0.14951500
v 0.21752100 -0.05971000 0.14951500
v 0.08547800 -0.04793900 0.18990000
v 0.08547800 -0.04793900 0.18990000
v 0.08547800 -0.04793900 0.18990000
v 0.08547800 -0.04793900 0.18990000
v 0.08547800 -0.04793900 0.18990000
v 0.08547800 -0.04793900 0.18990000
v 0.13027400 -0.07775700 0.24069400
v 0.13027400 -0.07775700 0.24069400
v 0.03375900 -0.04453300 0.29811100
v 0.03375900 -0.04453300 0.29811100
v 0.03375900 -0.04453300 0.29811100
v 0.03375900 -0.04453300 0.29811100
v 0.03375900 -0.04453300 0.29811100
v 0.03375900 -0.04453300 0.29811100
v 0.03407200 -0.04516800 0.19885400
v 0.03407200 -0.04516800 0.19885400
v 0.03407200 -0.04516800 0.19885400
v 0.03407200 -0.04516800 0.19885400
v 0.03407200 -0.04516800 0.19885400
v 0.03407200 -0.04516800 0.19885400
v 0.03546500 -0.04675600 0.29811100
v 0.03546500 -0.04675600 0.29811100
v 0.03546500 -0.04675600 0.29811100
v 0.03546500 -0.04675600 0.29811100
v 0.03546500 -0.04675600 0.29811100
v 0.03546500 -0.04675600 0.29811100
v 0.03446600 -0.04575700 0.19885400
v 0.03446600 -0.04575700 0.19885400
v 0.03446600 -0.04575700 0.19885400
v 0.03446600 -0.04575700 0.19885400
v 0.03446600 -0.04575700 0.19885400
v 0.03446600 -0.04575700 0.19885400
v 0.00444900 0.02973300 0.29811100
v 0.00444900 0.02973300 0.29811100
v 0.00444900 0.02973300 0.29811100
v 0.00444900 0.02973300 0.29811100
v 0.00444900 0.02973300 0.29811100
v 0.00444900 0.02973300 0.29811100
v 0.00346500 -0.04246100 0.29811100
v 0.00346500 -0.04246100 0.29811100
v 0.00346500 -0.04246100 0.29811100
v 0.00346500 -0.04246100 0.29811100
v 0.00346500 -0.04246100 0.29811100
v 0.00346500 -0.04246100 0.29811100
v 0.00346500 0.02225900 0.12967500
v 0.00346500 0.02225900 0.12967500
v 0.00346500 0.02225900 0.12967500
v 0.00346500 0.02225900 0.12967500
v 0.00444900 0.02973300 0.12967500
v 0.00444900 0.02973300 0.12967500
v 0.00444900 0.02973300 0.12967500
v 0.00444900 0.02973300 0.12967500
v 0.03260500 0.02129100 0.29811100
v 0.03260500 0.02129100 0.29811100
v 0.03272900 0.02133300 0.29811100
v 0.03272900 0.02133300 0.29811100
v 0.11046700 0.05113900 0.26614200
v 0.11046700 0.05113900 0.26614200
v 0.11046700 0.05113900 0.26614200
v 0.11046700 0.05113900 0.26614200
v 0.26777600 0.05113900 0.19625800
v 0.26777600 0.05113900 0.19625800
v 0.21865500 0.02406900 0.14963400
v 0.21865500 0.02406900 0.14963400
v 0.21865500 0.02406900 0.14963400
v 0.21865500 0.02406900 0.14963400
v 0.12319900 0.05113900 0.20688100
v 0.12319900 0.05113900 0.20688100
v 0.19173700 0.02406900 0.17799400
v 0.19173700 0.02406900 0.17799400
v 0.34140300 0.02128500 0.29811100
v 0.34140300 0.02128500 0.29811100
v 0.34238800 -0.04791300 0.29811100
v 0.34238800 -0.04791300 0.29811100
v 0.32667400 0.02132100 0.24841200
v 0.32667400 0.02132100 0.24841200
v 0.32667400 0.02132100 0.24841200
v 0.32667400 0.02132100 0.24841200
v 0.29802100 0.05113900 0.29804100
v 0.29802100 0.05113900 0.29804100
v 0.35201900 0.04911100 0.29811100
v 0.35201900 0.04911100 0.29811100
v 0.35201900 0.04911100 0.29811100
v 0.35201900 0.04911100 0.29811100
v 0.35201900 0.04911100 0.29811100
v 0.35201900 0.04911100 0.29811100
v 0.35804100 0.04563500 0.29811100
v 0.35804100 0.04563500 0.29811100
v 0.35804100 0.04563500 0.29811100
v 0.35804100 0.04563500 0.29811100
v 0.35804100 0.04563500 0.29811100
v 0.35804100 0.04563500 0.29811100
v 0.36066000 0.04333700 0.29811100
v 0.36066000 0.04333700 0.29811100
v 0.36066000 0.04333700 0.29811100
v 0.36066000 0.04333700 0.29811100
v 0.36066000 0.04333700 0.29811100
v 0.36066000 0.04333700 0.29811100
v 0.36846100 0.01128100 0.26982400
v 0.36846100 0.01128100 0.26982400
v 0.36846100 0.01128100 0.26982400
v 0.36846100 0.01128100 0.26982400
v 0.36846100 0.01128100 0.26982400
v 0.36846100 0.01128100 0.26982400
v 0.33864400 -0.01183000 0.24484600
v 0.33864400 -0.01183000 0.24484600
v 0.33864400 -0.01183000 0.24484600
v 0.33864400 -0.01183000 0.24484600
v 0.33864400 -0.02397700 0.24760100
v 0.33864400 -0.02397700 0.24760100
v 0.33864400 -0.02397700 0.24760100
v 0.33864400 -0.02397700 0.24760100
v 0.33864400 -0.01808500 0.24542400
v 0.33864400 -0.01808500 0.24542400
v 0.33864400 -0.01808500 0.24542400
v 0.33864400 -0.01808500 0.24542400
v 0.36846100 0.00852600 0.25767700
v 0.36846100 0.00852600 0.25767700
v 0.36846100 0.00852600 0.25767700
v 0.36846100 0.00852600 0.25767700
v 0.36846100 0.00852600 0.25767700
v 0.36846100 0.00852600 0.25767700
v 0.33864400 0.00489800 0.25254900
v 0.33864400 0.00489800 0.25254900
v 0.33864400 0.00489800 0.25254900
v 0.33864400 0.00489800 0.25254900
v 0.35848400 -0.07248700 0.29811100
v 0.35848400 -0.07248700 0.29811100
v 0.35848400 -0.07248700 0.29811100
v 0.35848400 -0.07248700 0.29811100
v 0.35848400 -0.07248700 0.29811100
v 0.35848400 -0.07248700 0.29811100
v 0.33864400 -0.02910500 0.25122900
v 0.33864400 -0.02910500 0.25122900
v 0.33864400 -0.02910500 0.25122900
v 0.33864400 -0.02910500 0.25122900
v 0.33864400 -0.04793900 0.19885400
v 0.33864400 -0.04793900 0.19885400
v 0.33864400 -0.04793900 0.19885400
v 0.33864400 -0.04793900 0.19885400
v 0.36846100 -0.03042500 0.28523300
v 0.36846100 -0.03042500 0.28523300
v 0.36846100 -0.03042500 0.28523300
v 0.36846100 -0.03042500 0.28523300
v 0.36846100 -0.03042500 0.28523300
v 0.36846100 -0.03042500 0.28523300
v 0.33864400 -0.03405300 0.28010400
v 0.33864400 -0.03405300 0.28010400
v 0.33864400 -0.03405300 0.28010400
v 0.33864400 -0.03405300 0.28010400
v 0.33864400 -0.04793900 0.29811100
v 0.33864400 -0.04793900 0.29811100
v 0.33864400 -0.04793900 0.29811100
v 0.33864400 -0.04793900 0.29811100
v 0.33864400 0.02132100 0.29811100
v 0.33864400 0.02132100 0.29811100
v 0.33864400 0.02132100 0.29811100
v 0.33864400 0.02132100 0.29811100
v 0.33864400 -0.00155000 0.29018000
v 0.33864400 -0.00155000 0.29018000
v 0.33864400 -0.00155000 0.29018000
v 0.33864400 -0.00155000 0.29018000
v 0.36846100 0.00759300 0.28172100
v 0.36846100 0.00759300 0.28172100
v 0.36846100 0.00759300 0.28172100
v 0.36846100 0.00759300 0.28172100
v 0.36846100 0.00759300 0.28172100
v 0.36846100 0.00759300 0.28172100
v 0.03328500 0.02131800 0.29811100
v 0.03328500 0.02131800 0.29811100
v 0.03284600 0.02139100 0.29811100
v 0.03284600 0.02139100 0.29811100
v 0.03295500 0.02146400 0.29811100
v 0.03295500 0.02146400 0.29811100
v 0.03328300 0.02128200 0.19885400
v 0.03328300 0.02128200 0.19885400
v 0.03328300 0.02128200 0.19885400
v 0.03328300 0.02128200 0.19885400
v 0.03339300 -0.04316800 0.19885400
v 0.03339300 -0.04316800 0.19885400
v 0.03339300 -0.04316800 0.19885400
v 0.03339300 -0.04316800 0.19885400
v 0.03339300 -0.04316800 0.19885400
v 0.03339300 -0.04316800 0.19885400
v 0.35271900 -0.07581600 0.29811100
v 0.35271900 -0.07581600 0.29811100
v 0.35271900 -0.07581600 0.29811100
v 0.35271900 -0.07581600 0.29811100
v 0.35271900 -0.07581600 0.29811100
v 0.35271900 -0.07581600 0.29811100
v 0.33621500 -0.07775700 0.17575000
v 0.33621500 -0.07775700 0.17575000
v 0.33621500 -0.07775700 0.17575000
v 0.33621500 -0.07775700 0.17575000
v 0.33269200 -0.07775700 0.16724300
v 0.33269200 -0.07775700 0.16724300
v 0.33269200 -0.07775700 0.16724300
v 0.33269200 -0.07775700 0.16724300
v 0.32729800 -0.03865600 0.16412900
v 0.32729800 -0.03865600 0.16412900
v 0.32418400 -0.03865600 0.16371900
v 0.32418400 -0.03865600 0.16371900
v 0.32107100 -0.07775700 0.16412900
v 0.32107100 -0.07775700 0.16412900
v 0.32107100 -0.07775700 0.16412900
v 0.32107100 -0.07775700 0.16412900
v 0.19947400 -0.07775700 0.18077300
v 0.19947400 -0.07775700 0.18077300
v 0.19947400 -0.07775700 0.18077300
v 0.19947400 -0.07775700 0.18077300
v 0.19947400 -0.07775700 0.18077300
v 0.19947400 -0.07775700 0.18077300
v 0.25361400 -0.05971000 0.14951500
v 0.25361400 -0.05971000 0.14951500
v 0.11480300 -0.04793900 0.16403700
v 0.11480300 -0.04793900 0.16403700
v 0.11480300 -0.04793900 0.16403700
v 0.11480300 -0.04793900 0.16403700
v 0.09321300 -0.04793900 0.22822900
v 0.09321300 -0.04793900 0.22822900
v 0.09321300 -0.04793900 0.22822900
v 0.09321300 -0.04793900 0.22822900
v 0.09321300 -0.04793900 0.22822900
v 0.09321300 -0.04793900 0.22822900
v 0.13027400 -0.04793900 0.24069400
v 0.13027400 -0.04793900 0.24069400
v 0.13027400 -0.04793900 0.24069400
v 0.13027400 -0.04793900 0.24069400
v 0.18294900 -0.07775700 0.24413700
v 0.18294900 -0.07775700 0.24413700
v 0.18294900 -0.07775700 0.24413700
v 0.18294900 -0.07775700 0.24413700
v 0.18294900 -0.07775700 0.24413700
v 0.18294900 -0.07775700 0.24413700
v 0.03375900 -0.04453300 0.19885400
v 0.03375900 -0.04453300 0.19885400
v 0.03375900 -0.04453300 0.19885400
v 0.03375900 -0.04453300 0.19885400
v 0.03375900 -0.04453300 0.19885400
v 0.03375900 -0.04453300 0.19885400
v 0.03605400 -0.04715000 0.29811100
v 0.03605400 -0.04715000 0.29811100
v 0.03605400 -0.04715000 0.29811100
v 0.03605400 -0.04715000 0.29811100
v 0.03605400 -0.04715000 0.29811100
v 0.03605400 -0.04715000 0.29811100
v 0.03546500 -0.04675600 0.19885400
v 0.03546500 -0.04675600 0.19885400
v 0.03546500 -0.04675600 0.19885400
v 0.03546500 -0.04675600 0.19885400
v 0.03546500 -0.04675600 0.19885400
v 0.03546500 -0.04675600 0.19885400
v 0.03493300 -0.04628900 0.19885400
v 0.03493300 -0.04628900 0.19885400
v 0.03493300 -0.04628900 0.19885400
v 0.03493300 -0.04628900 0.19885400
v 0.03493300 -0.04628900 0.19885400
v 0.03493300 -0.04628900 0.19885400
v 0.00371200 0.02602800 0.29811100
v 0.00371200 0.02602800 0.29811100
v 0.00371200 0.02602800 0.29811100
v 0.00371200 0.02602800 0.29811100
v 0.00371200 0.02602800 0.29811100
v 0.00371200 0.02602800 0.29811100
v 0.00346500 0.02225900 0.29811100
v 0.00346500 0.02225900 0.29811100
v 0.00346500 0.02225900 0.29811100
v 0.00346500 0.02225900 0.29811100
v 0.00346500 0.02225900 0.29811100
v 0.00346500 0.02225900 0.29811100
v 0.00346500 -0.04246100 0.21197300
v 0.00346500 -0.04246100 0.21197300
v 0.00346500 -0.04246100 0.21197300
v 0.00346500 -0.04246100 0.21197300
v 0.00371200 0.02602800 0.12967500
v 0.00371200 0.02602800 0.12967500
v 0.00371200 0.02602800 0.12967500
v 0.00371200 0.02602800 0.12967500
v 0.00346500 -0.02422700 0.18039200
v 0.00346500 -0.02422700 0.18039200
v 0.33860700 0.02408000 0.29811100
v 0.33860700 0.02408000 0.29811100
v 0.14548500 0.05113900 0.28636000
v 0.14548500 0.05113900 0.28636000
v 0.11046700 0.05113900 0.22570700
v 0.11046700 0.05113900 0.22570700
v 0.11046700 0.05113900 0.22570700
v 0.11046700 0.05113900 0.22570700
v 0.11046700 0.05113900 0.22570700
v 0.11046700 0.05113900 0.22570700
v 0.29802100 0.05113900 0.23187000
v 0.29802100 0.05113900 0.23187000
v 0.29802100 0.05113900 0.23187000
v 0.29802100 0.05113900 0.23187000
v 0.29802100 0.05113900 0.23187000
v 0.29802100 0.05113900 0.23187000
v 0.14548500 0.05113900 0.20548900
v 0.14548500 0.05113900 0.20548900
v 0.14548500 0.05113900 0.20548900
v 0.14548500 0.05113900 0.20548900
v 0.14548500 0.05113900 0.20548900
v 0.14548500 0.05113900 0.20548900
v 0.34085000 0.02132100 0.29811100
v 0.34085000 0.02132100 0.29811100
v 0.34098600 0.02136700 0.29811100
v 0.34098600 0.02136700 0.29811100
v 0.34182600 -0.04802400 0.29811100
v 0.34182600 -0.04802400 0.29811100
v 0.32667400 0.02132100 0.28149800
v 0.32667400 0.02132100 0.28149800
v 0.35514400 0.04757000 0.29811100
v 0.35514400 0.04757000 0.29811100
v 0.35514400 0.04757000 0.29811100
v 0.35514400 0.04757000 0.29811100
v 0.35514400 0.04757000 0.29811100
v 0.35514400 0.04757000 0.29811100
v 0.36846100 0.01022000 0.27601500
v 0.36846100 0.01022000 0.27601500
v 0.36846100 0.01022000 0.27601500
v 0.36846100 0.01022000 0.27601500
v 0.36846100 0.01022000 0.27601500
v 0.36846100 0.01022000 0.27601500
v 0.36846100 0.01070300 0.26356900
v 0.36846100 0.01070300 0.26356900
v 0.36846100 0.01070300 0.26356900
v 0.36846100 0.01070300 0.26356900
v 0.36846100 0.01070300 0.26356900
v 0.36846100 0.01070300 0.26356900
v 0.33864400 0.02132100 0.19885400
v 0.33864400 0.02132100 0.19885400
v 0.33864400 0.02132100 0.19885400
v 0.33864400 0.02132100 0.19885400
v 0.35571100 -0.07434000 0.29811100
v 0.35571100 -0.07434000 0.29811100
v 0.35571100 -0.07434000 0.29811100
v 0.35571100 -0.07434000 0.29811100
v 0.35571100 -0.07434000 0.29811100
v 0.35571100 -0.07434000 0.29811100
v 0.33864400 -0.03042500 0.28523300
v 0.33864400 -0.03042500 0.28523300
v 0.33864400 -0.03042500 0.28523300
v 0.33864400 -0.03042500 0.28523300
v 0.33864400 0.00357900 0.28655200
v 0.33864400 0.00357900 0.28655200
v 0.33864400 0.00357900 0.28655200
v 0.33864400 0.00357900 0.28655200
v 0.33864400 0.00759300 0.28172100
v 0.33864400 0.00759300 0.28172100
v 0.33864400 0.00759300 0.28172100
v 0.33864400 0.00759300 0.28172100
v 0.03305400 0.02155000 0.29811100
v 0.03305400 0.02155000 0.29811100
v 0.03314000 0.02164900 0.29811100
v 0.03314000 0.02164900 0.29811100
v 0.03321300 0.02175800 0.29811100
v 0.03321300 0.02175800 0.29811100
v 0.03327100 0.02187500 0.29811100
v 0.03327100 0.02187500 0.29811100
v 0.03332100 0.02132100 0.29811100
v 0.03332100 0.02132100 0.29811100
v 0.03332100 0.02132100 0.29811100
v 0.03332100 0.02132100 0.29811100
v 0.03328500 0.02131800 0.19885400
v 0.03328500 0.02131800 0.19885400
v 0.03332100 0.02132100 0.19885400
v 0.03332100 0.02132100 0.19885400
v 0.03332100 0.02132100 0.19885400
v 0.03332100 0.02132100 0.19885400
v 0.11046700 0.02132100 0.22570700
v 0.11046700 0.02132100 0.22570700
v 0.11046700 0.02132100 0.22570700
v 0.11046700 0.02132100 0.22570700
v 0.11046700 0.02132100 0.22570700
v 0.11046700 0.02132100 0.22570700
v 0.03353100 -0.04386200 0.19885400
v 0.03353100 -0.04386200 0.19885400
v 0.03353100 -0.04386200 0.19885400
v 0.03353100 -0.04386200 0.19885400
v 0.03353100 -0.04386200 0.19885400
v 0.03353100 -0.04386200 0.19885400
v 0.33580500 -0.07775700 0.17263600
v 0.33580500 -0.07775700 0.17263600
v 0.33580500 -0.07775700 0.17263600
v 0.33580500 -0.07775700 0.17263600
v 0.33580500 -0.07775700 0.17886400
v 0.33580500 -0.07775700 0.17886400
v 0.33580500 -0.07775700 0.17886400
v 0.33580500 -0.07775700 0.17886400
v 0.33460400 -0.07775700 0.16973400
v 0.33460400 -0.07775700 0.16973400
v 0.33460400 -0.07775700 0.16973400
v 0.33460400 -0.07775700 0.16973400
v 0.33460400 -0.07775700 0.16973400
v 0.33460400 -0.07775700 0.16973400
v 0.33020000 -0.03865600 0.16533000
v 0.33020000 -0.03865600 0.16533000
v 0.32107100 -0.03865600 0.16412900
v 0.32107100 -0.03865600 0.16412900
v 0.27166100 -0.07775700 0.18077300
v 0.27166100 -0.07775700 0.18077300
v 0.15186400 -0.07775700 0.17650300
v 0.15186400 -0.07775700 0.17650300
v 0.19947400 -0.05971000 0.18077300
v 0.19947400 -0.05971000 0.18077300
v 0.19947400 -0.05971000 0.18077300
v 0.19947400 -0.05971000 0.18077300
v 0.15186400 -0.04793900 0.17650300
v 0.15186400 -0.04793900 0.17650300
v 0.08728400 -0.04793900 0.19885400
v 0.08728400 -0.04793900 0.19885400
v 0.08728400 -0.04793900 0.19885400
v 0.08728400 -0.04793900 0.19885400
v 0.08728400 -0.04793900 0.19885400
v 0.08728400 -0.04793900 0.19885400
v 0.08728400 -0.04793900 0.19885400
v 0.08728400 -0.04793900 0.19885400
v 0.15959900 -0.04793900 0.21483100
v 0.15959900 -0.04793900 0.21483100
v 0.15959900 -0.04793900 0.21483100
v 0.15959900 -0.04793900 0.21483100
v 0.20838900 -0.07775700 0.21853300
v 0.20838900 -0.07775700 0.21853300
v 0.20838900 -0.07775700 0.21853300
v 0.20838900 -0.07775700 0.21853300
v 0.20838900 -0.07775700 0.21853300
v 0.20838900 -0.07775700 0.21853300
v 0.19240300 -0.07775700 0.27897000
v 0.19240300 -0.07775700 0.27897000
v 0.19240300 -0.07775700 0.27897000
v 0.19240300 -0.07775700 0.27897000
v 0.05465900 -0.00385900 0.19885400
v 0.05465900 -0.00385900 0.19885400
v 0.03668900 -0.04746300 0.29811100
v 0.03668900 -0.04746300 0.29811100
v 0.03668900 -0.04746300 0.29811100
v 0.03668900 -0.04746300 0.29811100
v 0.03668900 -0.04746300 0.29811100
v 0.03668900 -0.04746300 0.29811100
v 0.03605400 -0.04715000 0.19885400
v 0.03605400 -0.04715000 0.19885400
v 0.03605400 -0.04715000 0.19885400
v 0.03605400 -0.04715000 0.19885400
v 0.03605400 -0.04715000 0.19885400
v 0.03605400 -0.04715000 0.19885400
v 0.00346500 -0.04246100 0.16986400
v 0.00346500 -0.04246100 0.16986400
v 0.00346500 -0.04246100 0.16986400
v 0.00346500 -0.04246100 0.16986400
v 0.00346500 -0.00122700 0.16985200
v 0.00346500 -0.00122700 0.16985200
v 0.33869000 0.02366300 0.29811100
v 0.33869000 0.02366300 0.29811100
v 0.11046700 0.02132100 0.26614200
v 0.11046700 0.02132100 0.26614200
v 0.11046700 0.02132100 0.26614200
v 0.11046700 0.02132100 0.26614200
v 0.24085800 0.05113900 0.22461800
v 0.24085800 0.05113900 0.22461800
v 0.20283800 0.05113900 0.21548600
v 0.20283800 0.05113900 0.21548600
v 0.34058400 0.02150400 0.29811100
v 0.34058400 0.02150400 0.29811100
v 0.34128400 -0.04820800 0.29811100
v 0.34128400 -0.04820800 0.29811100
v 0.29802100 0.02132100 0.23187000
v 0.29802100 0.02132100 0.23187000
v 0.29802100 0.02132100 0.23187000
v 0.29802100 0.02132100 0.23187000
v 0.29802100 0.02132100 0.23187000
v 0.29802100 0.02132100 0.23187000
v 0.33864400 0.01128100 0.26982400
v 0.33864400 0.01128100 0.26982400
v 0.33864400 0.01128100 0.26982400
v 0.33864400 0.01128100 0.26982400
v 0.33864400 0.01070300 0.26356900
v 0.33864400 0.01070300 0.26356900
v 0.33864400 0.01070300 0.26356900
v 0.33864400 0.01070300 0.26356900
v 0.33864400 0.00852600 0.25767700
v 0.33864400 0.00852600 0.25767700
v 0.33864400 0.00852600 0.25767700
v 0.33864400 0.00852600 0.25767700
v 0.33454000 -0.04793900 0.25046900
v 0.33454000 -0.04793900 0.25046900
v 0.33454000 -0.04793900 0.25046900
v 0.33454000 -0.04793900 0.25046900
v 0.33864400 0.01022000 0.27601500
v 0.33864400 0.01022000 0.27601500
v 0.33864400 0.01022000 0.27601500
v 0.33864400 0.01022000 0.27601500
v 0.03331300 0.02199900 0.29811100
v 0.03331300 0.02199900 0.29811100
v 0.14548500 0.02132100 0.20548900
v 0.14548500 0.02132100 0.20548900
v 0.14548500 0.02132100 0.20548900
v 0.14548500 0.02132100 0.20548900
v 0.14548500 0.02132100 0.20548900
v 0.14548500 0.02132100 0.20548900
v 0.33621500 -0.03865600 0.17575000
v 0.33621500 -0.03865600 0.17575000
v 0.33460400 -0.07775700 0.18176500
v 0.33460400 -0.07775700 0.18176500
v 0.33460400 -0.07775700 0.18176500
v 0.33460400 -0.07775700 0.18176500
v 0.33580500 -0.03865600 0.17886400
v 0.33580500 -0.03865600 0.17886400
v 0.33460400 -0.03865600 0.16973400
v 0.33460400 -0.03865600 0.16973400
v 0.33460400 -0.03865600 0.16973400
v 0.33460400 -0.03865600 0.16973400
v 0.33269200 -0.03865600 0.16724300
v 0.33269200 -0.03865600 0.16724300
v 0.31816900 -0.07775700 0.16533000
v 0.31816900 -0.07775700 0.16533000
v 0.31816900 -0.07775700 0.16533000
v 0.31816900 -0.07775700 0.16533000
v 0.31816900 -0.03865600 0.16533000
v 0.31816900 -0.03865600 0.16533000
v 0.15959900 -0.07775700 0.21483100
v 0.15959900 -0.07775700 0.21483100
v 0.21752100 -0.07775700 0.21203100
v 0.21752100 -0.07775700 0.21203100
v 0.21752100 -0.07775700 0.21203100
v 0.21752100 -0.07775700 0.21203100
v 0.15637500 -0.04793900 0.19885400
v 0.15637500 -0.04793900 0.19885400
v 0.15637500 -0.04793900 0.19885400
v 0.15637500 -0.04793900 0.19885400
v 0.15637500 -0.04793900 0.19885400
v 0.15637500 -0.04793900 0.19885400
v 0.03973700 -0.04793900 0.29811100
v 0.03973700 -0.04793900 0.29811100
v 0.03973700 -0.04793900 0.29811100
v 0.03973700 -0.04793900 0.29811100
v 0.03973700 -0.04793900 0.29811100
v 0.03973700 -0.04793900 0.29811100
v 0.20838900 -0.04793900 0.21853300
v 0.20838900 -0.04793900 0.21853300
v 0.20838900 -0.04793900 0.21853300
v 0.20838900 -0.04793900 0.21853300
v 0.20838900 -0.04793900 0.21853300
v 0.20838900 -0.04793900 0.21853300
v 0.18294900 -0.04793900 0.24413700
v 0.18294900 -0.04793900 0.24413700
v 0.18294900 -0.04793900 0.24413700
v 0.18294900 -0.04793900 0.24413700
v 0.18294900 -0.04793900 0.24413700
v 0.18294900 -0.04793900 0.24413700
v 0.22729600 -0.07775700 0.28820000
v 0.22729600 -0.07775700 0.28820000
v 0.03736000 -0.04769100 0.29811100
v 0.03736000 -0.04769100 0.29811100
v 0.03736000 -0.04769100 0.29811100
v 0.03736000 -0.04769100 0.29811100
v 0.03736000 -0.04769100 0.29811100
v 0.03736000 -0.04769100 0.29811100
v 0.03668900 -0.04746300 0.19885400
v 0.03668900 -0.04746300 0.19885400
v 0.03668900 -0.04746300 0.19885400
v 0.03668900 -0.04746300 0.19885400
v 0.03668900 -0.04746300 0.19885400
v 0.03668900 -0.04746300 0.19885400
v 0.00346500 0.02225900 0.21198600
v 0.00346500 0.02225900 0.21198600
v 0.00346500 0.02225900 0.21198600
v 0.00346500 0.02225900 0.21198600
v 0.00346500 -0.02422700 0.20144600
v 0.00346500 -0.02422700 0.20144600
v 0.00346500 0.02225900 0.16985200
v 0.00346500 0.02225900 0.16985200
v 0.00346500 0.02225900 0.16985200
v 0.00346500 0.02225900 0.16985200
v 0.00346500 -0.01339100 0.19091900
v 0.00346500 -0.01339100 0.19091900
v 0.33864400 0.02352800 0.29811100
v 0.33864400 0.02352800 0.29811100
v 0.33882700 0.02326100 0.29811100
v 0.33882700 0.02326100 0.29811100
v 0.26936800 0.05113900 0.28149800
v 0.26936800 0.05113900 0.28149800
v 0.26936800 0.05113900 0.28149800
v 0.26936800 0.05113900 0.28149800
v 0.14548500 0.02132100 0.28636000
v 0.14548500 0.02132100 0.28636000
v 0.18050300 0.05113900 0.22570700
v 0.18050300 0.05113900 0.22570700
v 0.18050300 0.05113900 0.22570700
v 0.18050300 0.05113900 0.22570700
v 0.34020300 0.02169200 0.29811100
v 0.34020300 0.02169200 0.29811100
v 0.34077000 -0.04846200 0.29811100
v 0.34077000 -0.04846200 0.29811100
v 0.29802100 0.02132100 0.29804100
v 0.29802100 0.02132100 0.29804100
v 0.26936800 0.05113900 0.24841200
v 0.26936800 0.05113900 0.24841200
v 0.26936800 0.05113900 0.24841200
v 0.26936800 0.05113900 0.24841200
v 0.26936800 0.05113900 0.24841200
v 0.26936800 0.05113900 0.24841200
v 0.31883900 -0.00490700 0.19885400
v 0.31883900 -0.00490700 0.19885400
v 0.33372000 -0.04793900 0.24424100
v 0.33372000 -0.04793900 0.24424100
v 0.33372000 -0.04793900 0.24424100
v 0.33372000 -0.04793900 0.24424100
v 0.33372000 -0.04793900 0.25669700
v 0.33372000 -0.04793900 0.25669700
v 0.33372000 -0.04793900 0.25669700
v 0.33372000 -0.04793900 0.25669700
v 0.33580500 -0.03865600 0.17263600
v 0.33580500 -0.03865600 0.17263600
v 0.33269200 -0.07775700 0.18425700
v 0.33269200 -0.07775700 0.18425700
v 0.33269200 -0.07775700 0.18425700
v 0.33269200 -0.07775700 0.18425700
v 0.33460400 -0.03865600 0.18176500
v 0.33460400 -0.03865600 0.18176500
v 0.31567700 -0.07775700 0.16724300
v 0.31567700 -0.07775700 0.16724300
v 0.31567700 -0.07775700 0.16724300
v 0.31567700 -0.07775700 0.16724300
v 0.21752100 -0.05971000 0.21203100
v 0.21752100 -0.05971000 0.21203100
v 0.10278400 -0.02792200 0.19885400
v 0.10278400 -0.02792200 0.19885400
v 0.03973700 -0.04793900 0.19885400
v 0.03973700 -0.04793900 0.19885400
v 0.03973700 -0.04793900 0.19885400
v 0.03973700 -0.04793900 0.19885400
v 0.03973700 -0.04793900 0.19885400
v 0.03973700 -0.04793900 0.19885400
v 0.24328200 -0.07775700 0.22776200
v 0.24328200 -0.07775700 0.22776200
v 0.24328200 -0.07775700 0.22776200
v 0.24328200 -0.07775700 0.22776200
v 0.19240300 -0.04793900 0.27897000
v 0.19240300 -0.04793900 0.27897000
v 0.19240300 -0.04793900 0.27897000
v 0.19240300 -0.04793900 0.27897000
v 0.22729600 -0.04793900 0.28820000
v 0.22729600 -0.04793900 0.28820000
v 0.03805500 -0.04782900 0.29811100
v 0.03805500 -0.04782900 0.29811100
v 0.03805500 -0.04782900 0.29811100
v 0.03805500 -0.04782900 0.29811100
v 0.03805500 -0.04782900 0.29811100
v 0.03805500 -0.04782900 0.29811100
v 0.03736000 -0.04769100 0.19885400
v 0.03736000 -0.04769100 0.19885400
v 0.03736000 -0.04769100 0.19885400
v 0.03736000 -0.04769100 0.19885400
v 0.03736000 -0.04769100 0.19885400
v 0.03736000 -0.04769100 0.19885400
v 0.00346500 -0.00122700 0.21198600
v 0.00346500 -0.00122700 0.21198600
v 0.33901400 0.02288000 0.29811100
v 0.33901400 0.02288000 0.29811100
v 0.18050300 0.05113900 0.26614200
v 0.18050300 0.05113900 0.26614200
v 0.18050300 0.02132100 0.22570700
v 0.18050300 0.02132100 0.22570700
v 0.18050300 0.02132100 0.22570700
v 0.18050300 0.02132100 0.22570700
v 0.33985000 0.02192800 0.29811100
v 0.33985000 0.02192800 0.29811100
v 0.34029300 -0.04878000 0.29811100
v 0.34029300 -0.04878000 0.29811100
v 0.26936800 0.02132100 0.24841200
v 0.26936800 0.02132100 0.24841200
v 0.26936800 0.02132100 0.24841200
v 0.26936800 0.02132100 0.24841200
v 0.26936800 0.02132100 0.24841200
v 0.26936800 0.02132100 0.24841200
v 0.31883900 -0.02896900 0.19885400
v 0.31883900 -0.02896900 0.19885400
v 0.26169100 -0.00490700 0.19885400
v 0.26169100 -0.00490700 0.19885400
v 0.33131600 -0.04793900 0.23843800
v 0.33131600 -0.04793900 0.23843800
v 0.33131600 -0.04793900 0.23843800
v 0.33131600 -0.04793900 0.23843800
v 0.33372000 -0.07775700 0.24424100
v 0.33372000 -0.07775700 0.24424100
v 0.33372000 -0.07775700 0.24424100
v 0.33372000 -0.07775700 0.24424100
v 0.33454000 -0.07775700 0.25046900
v 0.33454000 -0.07775700 0.25046900
v 0.33454000 -0.07775700 0.25046900
v 0.33454000 -0.07775700 0.25046900
v 0.33131600 -0.04793900 0.26250000
v 0.33131600 -0.04793900 0.26250000
v 0.33131600 -0.04793900 0.26250000
v 0.33131600 -0.04793900 0.26250000
v 0.10278400 -0.00385900 0.19885400
v 0.10278400 -0.00385900 0.19885400
v 0.31215300 -0.03865600 0.17575000
v 0.31215300 -0.03865600 0.17575000
v 0.33020000 -0.07775700 0.18616900
v 0.33020000 -0.07775700 0.18616900
v 0.33020000 -0.07775700 0.18616900
v 0.33020000 -0.07775700 0.18616900
v 0.33269200 -0.03865600 0.18425700
v 0.33269200 -0.03865600 0.18425700
v 0.31376500 -0.03865600 0.18176500
v 0.31376500 -0.03865600 0.18176500
v 0.31567700 -0.03865600 0.16724300
v 0.31567700 -0.03865600 0.16724300
v 0.31256300 -0.03865600 0.17263600
v 0.31256300 -0.03865600 0.17263600
v 0.31376500 -0.07775700 0.16973400
v 0.31376500 -0.07775700 0.16973400
v 0.31376500 -0.07775700 0.16973400
v 0.31376500 -0.07775700 0.16973400
v 0.25361400 -0.07775700 0.21203100
v 0.25361400 -0.07775700 0.21203100
v 0.05465900 -0.02792200 0.19885400
v 0.05465900 -0.02792200 0.19885400
v 0.31047800 -0.04793900 0.22640700
v 0.31047800 -0.04793900 0.22640700
v 0.31047800 -0.04793900 0.22640700
v 0.31047800 -0.04793900 0.22640700
v 0.31047800 -0.07775700 0.22640700
v 0.31047800 -0.07775700 0.22640700
v 0.31047800 -0.07775700 0.22640700
v 0.31047800 -0.07775700 0.22640700
v 0.24328200 -0.04793900 0.22776200
v 0.24328200 -0.04793900 0.22776200
v 0.24328200 -0.04793900 0.22776200
v 0.24328200 -0.04793900 0.22776200
v 0.25273600 -0.07775700 0.26259600
v 0.25273600 -0.07775700 0.26259600
v 0.31047800 -0.07775700 0.27453100
v 0.31047800 -0.07775700 0.27453100
v 0.31047800 -0.07775700 0.27453100
v 0.31047800 -0.07775700 0.27453100
v 0.03805500 -0.04782900 0.19885400
v 0.03805500 -0.04782900 0.19885400
v 0.03805500 -0.04782900 0.19885400
v 0.03805500 -0.04782900 0.19885400
v 0.03805500 -0.04782900 0.19885400
v 0.03805500 -0.04782900 0.19885400
v 0.33925100 0.02252700 0.29811100
v 0.33925100 0.02252700 0.29811100
v 0.18050300 0.02132100 0.26614200
v 0.18050300 0.02132100 0.26614200
v 0.33953100 0.02220800 0.29811100
v 0.33953100 0.02220800 0.29811100
v 0.33986300 -0.04915800 0.29811100
v 0.33986300 -0.04915800 0.29811100
v 0.26936800 0.02132100 0.28149800
v 0.26936800 0.02132100 0.28149800
v 0.26936800 0.02132100 0.28149800
v 0.26936800 0.02132100 0.28149800
v 0.27113400 -0.02896900 0.19885400
v 0.27113400 -0.02896900 0.19885400
v 0.22230700 -0.00469500 0.19885400
v 0.22230700 -0.00469500 0.19885400
v 0.32749300 -0.04793900 0.23345400
v 0.32749300 -0.04793900 0.23345400
v 0.32749300 -0.04793900 0.23345400
v 0.32749300 -0.04793900 0.23345400
v 0.33131600 -0.07775700 0.23843800
v 0.33131600 -0.07775700 0.23843800
v 0.33131600 -0.07775700 0.23843800
v 0.33131600 -0.07775700 0.23843800
v 0.33372000 -0.07775700 0.25669700
v 0.33372000 -0.07775700 0.25669700
v 0.33372000 -0.07775700 0.25669700
v 0.33372000 -0.07775700 0.25669700
v 0.32749300 -0.04793900 0.26748400
v 0.32749300 -0.04793900 0.26748400
v 0.32749300 -0.04793900 0.26748400
v 0.32749300 -0.04793900 0.26748400
v 0.21328400 -0.00469500 0.19885400
v 0.21328400 -0.00469500 0.19885400
v 0.31256300 -0.03865600 0.17886400
v 0.31256300 -0.03865600 0.17886400
v 0.32729800 -0.07775700 0.18737100
v 0.32729800 -0.07775700 0.18737100
v 0.32729800 -0.07775700 0.18737100
v 0.32729800 -0.07775700 0.18737100
v 0.31567700 -0.03865600 0.18425700
v 0.31567700 -0.03865600 0.18425700
v 0.31376500 -0.03865600 0.16973400
v 0.31376500 -0.03865600 0.16973400
v 0.31256300 -0.07775700 0.17263600
v 0.31256300 -0.07775700 0.17263600
v 0.31256300 -0.07775700 0.17263600
v 0.31256300 -0.07775700 0.17263600
v 0.31376500 -0.07775700 0.18176500
v 0.31376500 -0.07775700 0.18176500
v 0.31376500 -0.07775700 0.18176500
v 0.31376500 -0.07775700 0.18176500
v 0.24484500 -0.03400000 0.19885400
v 0.24484500 -0.03400000 0.19885400
v 0.31670600 -0.04793900 0.22722700
v 0.31670600 -0.04793900 0.22722700
v 0.31670600 -0.04793900 0.22722700
v 0.31670600 -0.04793900 0.22722700
v 0.31670600 -0.07775700 0.22722700
v 0.31670600 -0.07775700 0.22722700
v 0.31670600 -0.07775700 0.22722700
v 0.31670600 -0.07775700 0.22722700
v 0.25273600 -0.04793900 0.26259600
v 0.25273600 -0.04793900 0.26259600
v 0.30425000 -0.07775700 0.22722700
v 0.30425000 -0.07775700 0.22722700
v 0.30425000 -0.07775700 0.22722700
v 0.30425000 -0.07775700 0.22722700
v 0.29346300 -0.07775700 0.26748400
v 0.29346300 -0.07775700 0.26748400
v 0.29346300 -0.07775700 0.26748400
v 0.29346300 -0.07775700 0.26748400
v 0.31670600 -0.07775700 0.27371200
v 0.31670600 -0.07775700 0.27371200
v 0.31670600 -0.07775700 0.27371200
v 0.31670600 -0.07775700 0.27371200
v 0.30425000 -0.07775700 0.27371200
v 0.30425000 -0.07775700 0.27371200
v 0.30425000 -0.07775700 0.27371200
v 0.30425000 -0.07775700 0.27371200
v 0.33861700 -0.05168400 0.29811100
v 0.33861700 -0.05168400 0.29811100
v 0.33948500 -0.04958900 0.29811100
v 0.33948500 -0.04958900 0.29811100
v 0.26642600 -0.03153100 0.19885400
v 0.26642600 -0.03153100 0.19885400
v 0.22579400 -0.02356300 0.19885400
v 0.22579400 -0.02356300 0.19885400
v 0.26169100 -0.02896900 0.19885400
v 0.26169100 -0.02896900 0.19885400
v 0.32250900 -0.04793900 0.22963100
v 0.32250900 -0.04793900 0.22963100
v 0.32250900 -0.04793900 0.22963100
v 0.32250900 -0.04793900 0.22963100
v 0.32749300 -0.07775700 0.23345400
v 0.32749300 -0.07775700 0.23345400
v 0.32749300 -0.07775700 0.23345400
v 0.32749300 -0.07775700 0.23345400
v 0.32418400 -0.07775700 0.18778100
v 0.32418400 -0.07775700 0.18778100
v 0.32418400 -0.07775700 0.18778100
v 0.32418400 -0.07775700 0.18778100
v 0.33131600 -0.07775700 0.26250000
v 0.33131600 -0.07775700 0.26250000
v 0.33131600 -0.07775700 0.26250000
v 0.33131600 -0.07775700 0.26250000
v 0.32250900 -0.04793900 0.27130800
v 0.32250900 -0.04793900 0.27130800
v 0.32250900 -0.04793900 0.27130800
v 0.32250900 -0.04793900 0.27130800
v 0.31215300 -0.07775700 0.17575000
v 0.31215300 -0.07775700 0.17575000
v 0.31215300 -0.07775700 0.17575000
v 0.31215300 -0.07775700 0.17575000
v 0.31256300 -0.07775700 0.17886400
v 0.31256300 -0.07775700 0.17886400
v 0.31256300 -0.07775700 0.17886400
v 0.31256300 -0.07775700 0.17886400
v 0.33020000 -0.03865600 0.18616900
v 0.33020000 -0.03865600 0.18616900
v 0.31567700 -0.07775700 0.18425700
v 0.31567700 -0.07775700 0.18425700
v 0.31567700 -0.07775700 0.18425700
v 0.31567700 -0.07775700 0.18425700
v 0.23953400 -0.03252700 0.19885400
v 0.23953400 -0.03252700 0.19885400
v 0.25031900 -0.03464200 0.19885400
v 0.25031900 -0.03464200 0.19885400
v 0.21328400 -0.01929500 0.19885400
v 0.21328400 -0.01929500 0.19885400
v 0.30425000 -0.04793900 0.22722700
v 0.30425000 -0.04793900 0.22722700
v 0.30425000 -0.04793900 0.22722700
v 0.30425000 -0.04793900 0.22722700
v 0.29844700 -0.04793900 0.22963100
v 0.29844700 -0.04793900 0.22963100
v 0.29844700 -0.04793900 0.22963100
v 0.29844700 -0.04793900 0.22963100
v 0.29844700 -0.07775700 0.22963100
v 0.29844700 -0.07775700 0.22963100
v 0.29844700 -0.07775700 0.22963100
v 0.29844700 -0.07775700 0.22963100
v 0.29346300 -0.04793900 0.26748400
v 0.29346300 -0.04793900 0.26748400
v 0.29346300 -0.04793900 0.26748400
v 0.29346300 -0.04793900 0.26748400
v 0.28963900 -0.07775700 0.26250000
v 0.28963900 -0.07775700 0.26250000
v 0.28963900 -0.07775700 0.26250000
v 0.28963900 -0.07775700 0.26250000
v 0.29844700 -0.07775700 0.27130800
v 0.29844700 -0.07775700 0.27130800
v 0.29844700 -0.07775700 0.27130800
v 0.29844700 -0.07775700 0.27130800
v 0.32250900 -0.07775700 0.27130800
v 0.32250900 -0.07775700 0.27130800
v 0.32250900 -0.07775700 0.27130800
v 0.32250900 -0.07775700 0.27130800
v 0.31670600 -0.04793900 0.27371200
v 0.31670600 -0.04793900 0.27371200
v 0.31670600 -0.04793900 0.27371200
v 0.31670600 -0.04793900 0.27371200
v 0.31047800 -0.04793900 0.27453100
v 0.31047800 -0.04793900 0.27453100
v 0.31047800 -0.04793900 0.27453100
v 0.31047800 -0.04793900 0.27453100
v 0.33872900 -0.05112200 0.29811100
v 0.33872900 -0.05112200 0.29811100
v 0.33916600 -0.05006500 0.29811100
v 0.33916600 -0.05006500 0.29811100
v 0.26123900 -0.03339300 0.19885400
v 0.26123900 -0.03339300 0.19885400
v 0.22230700 -0.01098600 0.19885400
v 0.22230700 -0.01098600 0.19885400
v 0.22989500 -0.02724600 0.19885400
v 0.22989500 -0.02724600 0.19885400
v 0.32749300 -0.07775700 0.26748400
v 0.32749300 -0.07775700 0.26748400
v 0.32749300 -0.07775700 0.26748400
v 0.32749300 -0.07775700 0.26748400
v 0.32729800 -0.03865600 0.18737100
v 0.32729800 -0.03865600 0.18737100
v 0.31816900 -0.03865600 0.18616900
v 0.31816900 -0.03865600 0.18616900
v 0.31816900 -0.07775700 0.18616900
v 0.31816900 -0.07775700 0.18616900
v 0.31816900 -0.07775700 0.18616900
v 0.31816900 -0.07775700 0.18616900
v 0.23451100 -0.03025800 0.19885400
v 0.23451100 -0.03025800 0.19885400
v 0.25582700 -0.03443900 0.19885400
v 0.25582700 -0.03443900 0.19885400
v 0.32250900 -0.07775700 0.22963100
v 0.32250900 -0.07775700 0.22963100
v 0.32250900 -0.07775700 0.22963100
v 0.32250900 -0.07775700 0.22963100
v 0.29346300 -0.04793900 0.23345400
v 0.29346300 -0.04793900 0.23345400
v 0.29346300 -0.04793900 0.23345400
v 0.29346300 -0.04793900 0.23345400
v 0.28963900 -0.04793900 0.26250000
v 0.28963900 -0.04793900 0.26250000
v 0.28963900 -0.04793900 0.26250000
v 0.28963900 -0.04793900 0.26250000
v 0.29844700 -0.04793900 0.27130800
v 0.29844700 -0.04793900 0.27130800
v 0.29844700 -0.04793900 0.27130800
v 0.29844700 -0.04793900 0.27130800
v 0.28723500 -0.07775700 0.25669700
v 0.28723500 -0.07775700 0.25669700
v 0.28723500 -0.07775700 0.25669700
v 0.28723500 -0.07775700 0.25669700
v 0.30425000 -0.04793900 0.27371200
v 0.30425000 -0.04793900 0.27371200
v 0.30425000 -0.04793900 0.27371200
v 0.30425000 -0.04793900 0.27371200
v 0.33891300 -0.05057900 0.29811100
v 0.33891300 -0.05057900 0.29811100
v 0.33864400 -0.05127900 0.29811100
v 0.33864400 -0.05127900 0.29811100
v 0.22230700 -0.01299200 0.19885400
v 0.22230700 -0.01299200 0.19885400
v 0.32418400 -0.03865600 0.18778100
v 0.32418400 -0.03865600 0.18778100
v 0.32107100 -0.07775700 0.18737100
v 0.32107100 -0.07775700 0.18737100
v 0.32107100 -0.07775700 0.18737100
v 0.32107100 -0.07775700 0.18737100
v 0.29346300 -0.07775700 0.23345400
v 0.29346300 -0.07775700 0.23345400
v 0.29346300 -0.07775700 0.23345400
v 0.29346300 -0.07775700 0.23345400
v 0.28963900 -0.04793900 0.23843800
v 0.28963900 -0.04793900 0.23843800
v 0.28963900 -0.04793900 0.23843800
v 0.28963900 -0.04793900 0.23843800
v 0.28963900 -0.04793900 0.23843800
v 0.28963900 -0.04793900 0.23843800
v 0.28723500 -0.04793900 0.25669700
v 0.28723500 -0.04793900 0.25669700
v 0.28723500 -0.04793900 0.25669700
v 0.28723500 -0.04793900 0.25669700
v 0.28641500 -0.07775700 0.25046900
v 0.28641500 -0.07775700 0.25046900
v 0.28641500 -0.07775700 0.25046900
v 0.28641500 -0.07775700 0.25046900
v 0.22230700 -0.01929500 0.19885400
v 0.22230700 -0.01929500 0.19885400
v 0.32107100 -0.03865600 0.18737100
v 0.32107100 -0.03865600 0.18737100
v 0.28963900 -0.07775700 0.23843800
v 0.28963900 -0.07775700 0.23843800
v 0.28963900 -0.07775700 0.23843800
v 0.28963900 -0.07775700 0.23843800
v 0.28963900 -0.07775700 0.23843800
v 0.28963900 -0.07775700 0.23843800
v 0.28723500 -0.04793900 0.24424100
v 0.28723500 -0.04793900 0.24424100
v 0.28723500 -0.04793900 0.24424100
v 0.28723500 -0.04793900 0.24424100
v 0.28641500 -0.04793900 0.25046900
v 0.28641500 -0.04793900 0.25046900
v 0.28641500 -0.04793900 0.25046900
v 0.28641500 -0.04793900 0.25046900
v 0.28723500 -0.07775700 0.24424100
v 0.28723500 -0.07775700 0.24424100
v 0.28723500 -0.07775700 0.24424100
v 0.28723500 -0.07775700 0.24424100
v -0.13766800 -0.20236700 0.26995800
v -0.13766800 -0.20236700 0.26995800
v -0.13766800 -0.08205500 0.26995800
v -0.13766800 -0.08205500 0.26995800
v -0.10613500 0.17574900 0.27104100
v -0.10613500 0.17574900 0.27104100
v -0.13738500 -0.08205500 0.27427100
v -0.13738500 -0.08205500 0.27427100
v -0.13738500 -0.20236700 0.27427100
v -0.13738500 -0.20236700 0.27427100
v -0.13016800 -0.08205500 0.27104100
v -0.13016800 -0.08205500 0.27104100
v -0.13016800 -0.08205500 0.27104100
v -0.13016800 -0.08205500 0.27104100
v -0.10469300 -0.20236700 0.27104100
v -0.10469300 -0.20236700 0.27104100
v -0.11212200 -0.08205500 0.27104100
v -0.11212200 -0.08205500 0.27104100
v -0.13599600 -0.08205500 0.27836500
v -0.13599600 -0.08205500 0.27836500
v -0.12986100 -0.08205500 0.26870500
v -0.12986100 -0.08205500 0.26870500
v -0.12986100 -0.08205500 0.26870500
v -0.12986100 -0.08205500 0.26870500
v -0.12986100 -0.08205500 0.27337600
v -0.12986100 -0.08205500 0.27337600
v -0.12986100 -0.08205500 0.27337600
v -0.12986100 -0.08205500 0.27337600
v -0.12895900 -0.08205500 0.26652900
v -0.12895900 -0.08205500 0.26652900
v -0.12895900 -0.08205500 0.26652900
v -0.12895900 -0.08205500 0.26652900
v -0.10462200 -0.20236700 0.27212400
v -0.10462200 -0.20236700 0.27212400
v -0.10655900 0.17574900 0.27470300
v -0.10655900 0.17574900 0.27470300
v -0.11212200 0.05931100 0.27104100
v -0.11212200 0.05931100 0.27104100
v -0.12114500 -0.08205500 0.26201800
v -0.12114500 -0.08205500 0.26201800
v -0.12114500 0.05931100 0.26201800
v -0.12114500 0.05931100 0.26201800
v -0.13599600 -0.20236700 0.27836500
v -0.13599600 -0.20236700 0.27836500
v -0.12895900 -0.08205500 0.27555300
v -0.12895900 -0.08205500 0.27555300
v -0.12895900 -0.08205500 0.27555300
v -0.12895900 -0.08205500 0.27555300
v -0.13016800 0.07134200 0.27104100
v -0.13016800 0.07134200 0.27104100
v -0.13016800 0.07134200 0.27104100
v -0.13016800 0.07134200 0.27104100
v -0.12986100 0.07134200 0.27337600
v -0.12986100 0.07134200 0.27337600
v -0.12986100 0.07134200 0.27337600
v -0.12986100 0.07134200 0.27337600
v -0.12752500 -0.08205500 0.26466000
v -0.12752500 -0.08205500 0.26466000
v -0.12752500 -0.08205500 0.26466000
v -0.12752500 -0.08205500 0.26466000
v -0.10469300 -0.08205500 0.27104100
v -0.10469300 -0.08205500 0.27104100
v -0.12114500 0.07134200 0.26201800
v -0.12114500 0.07134200 0.26201800
v -0.11212200 0.07134200 0.27104100
v -0.11212200 0.07134200 0.27104100
v -0.13560800 0.17574900 0.27516300
v -0.13560800 0.17574900 0.27516300
v -0.10655900 0.05844500 0.27470300
v -0.10655900 0.05844500 0.27470300
v -0.11242900 -0.08205500 0.27337600
v -0.11242900 -0.08205500 0.27337600
v -0.11242900 -0.08205500 0.27337600
v -0.11242900 -0.08205500 0.27337600
v -0.10546500 -0.20236700 0.27636300
v -0.10546500 -0.20236700 0.27636300
v -0.13359400 -0.08205500 0.28195900
v -0.13359400 -0.08205500 0.28195900
v -0.12752500 -0.08205500 0.27742100
v -0.12752500 -0.08205500 0.27742100
v -0.12752500 -0.08205500 0.27742100
v -0.12752500 -0.08205500 0.27742100
v -0.12986100 0.07134200 0.26870500
v -0.12986100 0.07134200 0.26870500
v -0.12986100 0.07134200 0.26870500
v -0.12986100 0.07134200 0.26870500
v -0.12895900 0.07134200 0.27555300
v -0.12895900 0.07134200 0.27555300
v -0.12895900 0.07134200 0.27555300
v -0.12895900 0.07134200 0.27555300
v -0.12565700 -0.08205500 0.26322600
v -0.12565700 -0.08205500 0.26322600
v -0.12565700 -0.08205500 0.26322600
v -0.12565700 -0.08205500 0.26322600
v -0.12895900 0.07134200 0.26652900
v -0.12895900 0.07134200 0.26652900
v -0.12895900 0.07134200 0.26652900
v -0.12895900 0.07134200 0.26652900
v -0.12348000 -0.08205500 0.26232500
v -0.12348000 -0.08205500 0.26232500
v -0.12348000 -0.08205500 0.26232500
v -0.12348000 -0.08205500 0.26232500
v -0.10462200 -0.08205500 0.27212400
v -0.10462200 -0.08205500 0.27212400
v -0.12348000 0.07134200 0.26232500
v -0.12348000 0.07134200 0.26232500
v -0.12348000 0.07134200 0.26232500
v -0.12348000 0.07134200 0.26232500
v -0.10800300 0.17574900 0.27835300
v -0.10800300 0.17574900 0.27835300
v -0.10613500 0.05844500 0.27104100
v -0.10613500 0.05844500 0.27104100
v -0.10800300 0.05844500 0.27835300
v -0.10800300 0.05844500 0.27835300
v -0.11242900 0.07134200 0.27337600
v -0.11242900 0.07134200 0.27337600
v -0.11242900 0.07134200 0.27337600
v -0.11242900 0.07134200 0.27337600
v -0.10737700 -0.20236700 0.28024000
v -0.10737700 -0.20236700 0.28024000
v -0.13359400 -0.20236700 0.28195900
v -0.13359400 -0.20236700 0.28195900
v -0.12565700 -0.08205500 0.27885500
v -0.12565700 -0.08205500 0.27885500
v -0.12565700 -0.08205500 0.27885500
v -0.12565700 -0.08205500 0.27885500
v -0.12752500 0.07134200 0.27742100
v -0.12752500 0.07134200 0.27742100
v -0.12752500 0.07134200 0.27742100
v -0.12752500 0.07134200 0.27742100
v -0.12565700 0.07134200 0.26322600
v -0.12565700 0.07134200 0.26322600
v -0.12565700 0.07134200 0.26322600
v -0.12565700 0.07134200 0.26322600
v -0.12752500 0.07134200 0.26466000
v -0.12752500 0.07134200 0.26466000
v -0.12752500 0.07134200 0.26466000
v -0.12752500 0.07134200 0.26466000
v -0.13560800 0.05844500 0.27516300
v -0.13560800 0.05844500 0.27516300
v -0.13404800 0.17574900 0.27876600
v -0.13404800 0.17574900 0.27876600
v -0.11333000 -0.08205500 0.27555300
v -0.11333000 -0.08205500 0.27555300
v -0.11333000 -0.08205500 0.27555300
v -0.11333000 -0.08205500 0.27555300
v -0.10546500 -0.08205500 0.27636300
v -0.10546500 -0.08205500 0.27636300
v -0.13034400 -0.20236700 0.28480900
v -0.13034400 -0.20236700 0.28480900
v -0.12348000 -0.08205500 0.27975700
v -0.12348000 -0.08205500 0.27975700
v -0.12348000 -0.08205500 0.27975700
v -0.12348000 -0.08205500 0.27975700
v -0.11476400 0.07134200 0.27742100
v -0.11476400 0.07134200 0.27742100
v -0.11476400 0.07134200 0.27742100
v -0.11476400 0.07134200 0.27742100
v -0.11333000 0.07134200 0.27555300
v -0.11333000 0.07134200 0.27555300
v -0.11333000 0.07134200 0.27555300
v -0.11333000 0.07134200 0.27555300
v -0.11034400 0.17574900 0.28150500
v -0.11034400 0.17574900 0.28150500
v -0.11034400 0.05844500 0.28150500
v -0.11034400 0.05844500 0.28150500
v -0.13404800 0.05844500 0.27876600
v -0.13404800 0.05844500 0.27876600
v -0.10737700 -0.08205500 0.28024000
v -0.10737700 -0.08205500 0.28024000
v -0.11022700 -0.20236700 0.28349000
v -0.11022700 -0.20236700 0.28349000
v -0.13034400 -0.08205500 0.28480900
v -0.13034400 -0.08205500 0.28480900
v -0.12114500 -0.08205500 0.28006400
v -0.12114500 -0.08205500 0.28006400
v -0.12114500 -0.08205500 0.28006400
v -0.12114500 -0.08205500 0.28006400
v -0.12565700 0.07134200 0.27885500
v -0.12565700 0.07134200 0.27885500
v -0.12565700 0.07134200 0.27885500
v -0.12565700 0.07134200 0.27885500
v -0.13160900 0.17574900 0.28184200
v -0.13160900 0.17574900 0.28184200
v -0.11476400 -0.08205500 0.27742100
v -0.11476400 -0.08205500 0.27742100
v -0.11476400 -0.08205500 0.27742100
v -0.11476400 -0.08205500 0.27742100
v -0.12646700 -0.20236700 0.28672100
v -0.12646700 -0.20236700 0.28672100
v -0.11022700 -0.08205500 0.28349000
v -0.11022700 -0.08205500 0.28349000
v -0.11382100 -0.20236700 0.28589200
v -0.11382100 -0.20236700 0.28589200
v -0.12348000 0.07134200 0.27975700
v -0.12348000 0.07134200 0.27975700
v -0.12348000 0.07134200 0.27975700
v -0.12348000 0.07134200 0.27975700
v -0.11663300 0.07134200 0.27885500
v -0.11663300 0.07134200 0.27885500
v -0.11663300 0.07134200 0.27885500
v -0.11663300 0.07134200 0.27885500
v -0.11342000 0.17574900 0.28394400
v -0.11342000 0.17574900 0.28394400
v -0.13160900 0.05844500 0.28184200
v -0.13160900 0.05844500 0.28184200
v -0.11663300 -0.08205500 0.27885500
v -0.11663300 -0.08205500 0.27885500
v -0.11663300 -0.08205500 0.27885500
v -0.11663300 -0.08205500 0.27885500
v -0.12646700 -0.08205500 0.28672100
v -0.12646700 -0.08205500 0.28672100
v -0.11382100 -0.08205500 0.28589200
v -0.11382100 -0.08205500 0.28589200
v -0.11880900 -0.08205500 0.27975700
v -0.11880900 -0.08205500 0.27975700
v -0.11880900 -0.08205500 0.27975700
v -0.11880900 -0.08205500 0.27975700
v -0.12114500 0.07134200 0.28006400
v -0.12114500 0.07134200 0.28006400
v -0.12114500 0.07134200 0.28006400
v -0.12114500 0.07134200 0.28006400
v -0.12845700 0.17574900 0.28418300
v -0.12845700 0.17574900 0.28418300
v -0.11342000 0.05844500 0.28394400
v -0.11342000 0.05844500 0.28394400
v -0.12222800 -0.20236700 0.28756400
v -0.12222800 -0.20236700 0.28756400
v -0.11791500 -0.20236700 0.28728100
v -0.11791500 -0.20236700 0.28728100
v -0.11791500 -0.08205500 0.28728100
v -0.11791500 -0.08205500 0.28728100
v -0.11880900 0.07134200 0.27975700
v -0.11880900 0.07134200 0.27975700
v -0.11880900 0.07134200 0.27975700
v -0.11880900 0.07134200 0.27975700
v -0.12845700 0.05844500 0.28418300
v -0.12845700 0.05844500 0.28418300
v -0.11702300 0.17574900 0.28550400
v -0.11702300 0.17574900 0.28550400
v -0.12222800 -0.08205500 0.28756400
v -0.12222800 -0.08205500 0.28756400
v -0.12480700 0.05844500 0.28562700
v -0.12480700 0.05844500 0.28562700
v -0.12480700 0.17574900 0.28562700
v -0.12480700 0.17574900 0.28562700
v -0.11702300 0.05844500 0.28550400
v -0.11702300 0.05844500 0.28550400
v -0.12090700 0.17574900 0.28607800
v -0.12090700 0.17574900 0.28607800
v -0.12090700 0.05844500 0.28607800
v -0.12090700 0.05844500 0.28607800
v -0.24773300 -0.21182300 0.14445300
v -0.24773300 -0.21182300 0.14445300
v -0.24773300 0.18219700 0.14445300
v -0.24773300 0.18219700 0.14445300
v -0.24665000 -0.21182300 0.16097600
v -0.24665000 -0.21182300 0.16097600
v -0.24665000 0.18219700 0.16097600
v -0.24665000 0.18219700 0.16097600
v -0.24341900 -0.21182300 0.17721600
v -0.24341900 -0.21182300 0.17721600
v -0.24341900 0.18219700 0.17721600
v -0.24341900 0.18219700 0.17721600
v -0.23809700 -0.21182300 0.19289600
v -0.23809700 -0.21182300 0.19289600
v -0.23809700 0.18219700 0.19289600
v -0.23809700 0.18219700 0.19289600
v -0.23077300 -0.21182300 0.20774700
v -0.23077300 -0.21182300 0.20774700
v -0.23077300 0.18219700 0.20774700
v -0.23077300 0.18219700 0.20774700
v -0.22157400 -0.21182300 0.22151500
v -0.22157400 -0.21182300 0.22151500
v -0.22157400 0.18219700 0.22151500
v -0.22157400 0.18219700 0.22151500
v -0.21065600 -0.21182300 0.23396400
v -0.21065600 -0.21182300 0.23396400
v -0.21065600 0.18219700 0.23396400
v -0.21065600 0.18219700 0.23396400
v -0.19820700 0.18219700 0.24488200
v -0.19820700 0.18219700 0.24488200
v -0.19820700 -0.21182300 0.24488200
v -0.19820700 -0.21182300 0.24488200
v -0.18443900 0.18219700 0.25408100
v -0.18443900 0.18219700 0.25408100
v -0.18443900 -0.21182300 0.25408100
v -0.18443900 -0.21182300 0.25408100
v -0.16958800 0.18219700 0.26140500
v -0.16958800 0.18219700 0.26140500
v -0.16958800 -0.21182300 0.26140500
v -0.16958800 -0.21182300 0.26140500
v -0.15390800 0.18219700 0.26672700
v -0.15390800 0.18219700 0.26672700
v -0.15390800 -0.21182300 0.26672700
v -0.15390800 -0.21182300 0.26672700
v -0.13766800 0.18219700 0.26995800
v -0.13766800 0.18219700 0.26995800
v -0.13766800 -0.21182300 0.26995800
v -0.13766800 -0.21182300 0.26995800
v 0.49307100 0.18219700 0.27104100
v 0.49307100 0.18219700 0.27104100
v -0.12114500 0.18219700 0.27104100
v -0.12114500 0.18219700 0.27104100
v -0.12114500 0.18219700 0.27104100
v -0.12114500 0.18219700 0.27104100
v -0.13766800 -0.20236700 0.26995800
v -0.13766800 -0.20236700 0.26995800
v -0.13766800 -0.20236700 0.26995800
v -0.13766800 -0.20236700 0.26995800
v -0.12114500 -0.21182300 0.27104100
v -0.12114500 -0.21182300 0.27104100
v -0.12114500 -0.21182300 0.27104100
v -0.12114500 -0.21182300 0.27104100
v 0.49307100 0.17574900 0.27104100
v 0.49307100 0.17574900 0.27104100
v 0.49307100 0.17574900 0.27104100
v 0.49307100 0.17574900 0.27104100
v -0.13766800 -0.08205500 0.26995800
v -0.13766800 -0.08205500 0.26995800
v -0.13766800 -0.08205500 0.26995800
v -0.13766800 -0.08205500 0.26995800
v 0.49307100 -0.21182300 0.27104100
v 0.49307100 -0.21182300 0.27104100
v 0.49307100 -0.20236700 0.27104100
v 0.49307100 -0.20236700 0.27104100
v 0.49307100 -0.20236700 0.27104100
v 0.49307100 -0.20236700 0.27104100
v -0.10613500 0.17574900 0.27104100
v -0.10613500 0.17574900 0.27104100
v -0.10613500 0.17574900 0.27104100
v -0.10613500 0.17574900 0.27104100
v -0.12114500 -0.20236700 0.27104100
v -0.12114500 -0.20236700 0.27104100
v -0.12114500 -0.20236700 0.27104100
v -0.12114500 -0.20236700 0.27104100
v -0.12114500 -0.20236700 0.27104100
v -0.12114500 -0.20236700 0.27104100
v -0.12114500 -0.20236700 0.27104100
v -0.12114500 -0.20236700 0.27104100
v -0.13738500 -0.08205500 0.27427100
v -0.13738500 -0.08205500 0.27427100
v -0.13682400 -0.20236700 0.26571800
v -0.13682400 -0.20236700 0.26571800
v -0.13682400 -0.20236700 0.26571800
v -0.13682400 -0.20236700 0.26571800
v 0.49307100 -0.20236700 0.12967500
v 0.49307100 -0.20236700 0.12967500
v -0.10668200 0.17574900 0.26691900
v -0.10668200 0.17574900 0.26691900
v -0.10610800 0.17574900 0.27080300
v -0.10610800 0.17574900 0.27080300
v -0.12114500 0.17574900 0.27104100
v -0.12114500 0.17574900 0.27104100
v -0.12114500 0.17574900 0.27104100
v -0.12114500 0.17574900 0.27104100
v -0.12114500 0.17574900 0.27104100
v -0.12114500 0.17574900 0.27104100
v -0.12114500 0.17574900 0.27104100
v -0.12114500 0.17574900 0.27104100
v -0.12114500 -0.08205500 0.27104100
v -0.12114500 -0.08205500 0.27104100
v -0.12114500 -0.08205500 0.27104100
v -0.12114500 -0.08205500 0.27104100
v -0.12114500 -0.08205500 0.27104100
v -0.12114500 -0.08205500 0.27104100
v -0.12114500 -0.08205500 0.27104100
v -0.12114500 -0.08205500 0.27104100
v -0.13738500 -0.20236700 0.27427100
v -0.13738500 -0.20236700 0.27427100
v -0.13016800 -0.08205500 0.27104100
v -0.13016800 -0.08205500 0.27104100
v -0.13682400 -0.08205500 0.26571800
v -0.13682400 -0.08205500 0.26571800
v -0.13682400 -0.08205500 0.26571800
v -0.13682400 -0.08205500 0.26571800
v -0.10469300 -0.20236700 0.27104100
v -0.10469300 -0.20236700 0.27104100
v -0.10469300 -0.20236700 0.27104100
v -0.10469300 -0.20236700 0.27104100
v 0.49307100 0.17574900 0.12967500
v 0.49307100 0.17574900 0.12967500
v -0.12006200 -0.20236700 0.25451800
v -0.12006200 -0.20236700 0.25451800
v -0.10824100 0.17574900 0.26331600
v -0.10824100 0.17574900 0.26331600
v -0.12114500 0.07134200 0.27104100
v -0.12114500 0.07134200 0.27104100
v -0.12114500 0.07134200 0.27104100
v -0.12114500 0.07134200 0.27104100
v -0.12114500 0.07134200 0.27104100
v -0.12114500 0.07134200 0.27104100
v -0.12114500 0.07134200 0.27104100
v -0.12114500 0.07134200 0.27104100
v -0.13618200 0.17574900 0.27127900
v -0.13618200 0.17574900 0.27127900
v -0.13618200 0.17574900 0.27127900
v -0.13618200 0.17574900 0.27127900
v -0.11212200 -0.08205500 0.27104100
v -0.11212200 -0.08205500 0.27104100
v -0.11212200 -0.08205500 0.27104100
v -0.11212200 -0.08205500 0.27104100
v -0.11212200 -0.08205500 0.27104100
v -0.11212200 -0.08205500 0.27104100
v -0.12114500 -0.08205500 0.25458900
v -0.12114500 -0.08205500 0.25458900
v -0.12114500 -0.08205500 0.25458900
v -0.12114500 -0.08205500 0.25458900
v -0.12114500 -0.08205500 0.25458900
v -0.12114500 -0.08205500 0.25458900
v -0.12114500 0.05844500 0.27104100
v -0.12114500 0.05844500 0.27104100
v -0.12114500 0.05844500 0.27104100
v -0.12114500 0.05844500 0.27104100
v -0.12114500 0.05844500 0.27104100
v -0.12114500 0.05844500 0.27104100
v -0.12114500 0.05844500 0.27104100
v -0.12114500 0.05844500 0.27104100
v -0.13599600 -0.08205500 0.27836500
v -0.13599600 -0.08205500 0.27836500
v -0.12986100 -0.08205500 0.26870500
v -0.12986100 -0.08205500 0.26870500
v -0.12986100 -0.08205500 0.27337600
v -0.12986100 -0.08205500 0.27337600
v -0.12895900 -0.08205500 0.26652900
v -0.12895900 -0.08205500 0.26652900
v -0.13491300 -0.20236700 0.26184200
v -0.13491300 -0.20236700 0.26184200
v -0.13491300 -0.20236700 0.26184200
v -0.13491300 -0.20236700 0.26184200
v -0.10490500 -0.20236700 0.26781100
v -0.10490500 -0.20236700 0.26781100
v -0.10462200 -0.20236700 0.27212400
v -0.10462200 -0.20236700 0.27212400
v -0.11582200 -0.20236700 0.25536100
v -0.11582200 -0.20236700 0.25536100
v -0.12114500 -0.20236700 0.25458900
v -0.12114500 -0.20236700 0.25458900
v -0.12114500 -0.20236700 0.25458900
v -0.12114500 -0.20236700 0.25458900
v -0.12114500 -0.20236700 0.25458900
v -0.12114500 -0.20236700 0.25458900
v -0.11068000 0.17574900 0.26024000
v -0.11068000 0.17574900 0.26024000
v -0.12114500 0.05931100 0.27104100
v -0.12114500 0.05931100 0.27104100
v -0.12114500 0.05931100 0.27104100
v -0.12114500 0.05931100 0.27104100
v -0.12114500 0.05931100 0.27104100
v -0.12114500 0.05931100 0.27104100
v -0.12114500 0.05931100 0.27104100
v -0.12114500 0.05931100 0.27104100
v -0.12114500 0.17574900 0.25603100
v -0.12114500 0.17574900 0.25603100
v -0.12114500 0.17574900 0.25603100
v -0.12114500 0.17574900 0.25603100
v -0.12114500 0.17574900 0.25603100
v -0.12114500 0.17574900 0.25603100
v -0.13573100 0.17574900 0.26737900
v -0.13573100 0.17574900 0.26737900
v -0.13573100 0.17574900 0.26737900
v -0.13573100 0.17574900 0.26737900
v -0.10655900 0.17574900 0.27470300
v -0.10655900 0.17574900 0.27470300
v -0.11242900 -0.08205500 0.26870500
v -0.11242900 -0.08205500 0.26870500
v -0.11242900 -0.08205500 0.26870500
v -0.11242900 -0.08205500 0.26870500
v -0.11212200 0.05931100 0.27104100
v -0.11212200 0.05931100 0.27104100
v -0.11212200 0.05931100 0.27104100
v -0.11212200 0.05931100 0.27104100
v -0.11212200 0.05931100 0.27104100
v -0.11212200 0.05931100 0.27104100
v -0.12114500 -0.08205500 0.26201800
v -0.12114500 -0.08205500 0.26201800
v -0.12114500 -0.08205500 0.26201800
v -0.12114500 -0.08205500 0.26201800
v -0.12114500 -0.08205500 0.26201800
v -0.12114500 -0.08205500 0.26201800
v -0.12114500 0.05844500 0.25603100
v -0.12114500 0.05844500 0.25603100
v -0.12114500 0.05844500 0.25603100
v -0.12114500 0.05844500 0.25603100
v -0.12114500 0.05844500 0.25603100
v -0.12114500 0.05844500 0.25603100
v -0.12114500 0.05931100 0.26201800
v -0.12114500 0.05931100 0.26201800
v -0.12114500 0.05931100 0.26201800
v -0.12114500 0.05931100 0.26201800
v -0.12114500 0.05931100 0.26201800
v -0.12114500 0.05931100 0.26201800
v -0.13599600 -0.20236700 0.27836500
v -0.13599600 -0.20236700 0.27836500
v -0.12895900 -0.08205500 0.27555300
v -0.12895900 -0.08205500 0.27555300
v -0.13016800 0.07134200 0.27104100
v -0.13016800 0.07134200 0.27104100
v -0.12986100 0.07134200 0.27337600
v -0.12986100 0.07134200 0.27337600
v -0.12752500 -0.08205500 0.26466000
v -0.12752500 -0.08205500 0.26466000
v -0.13491300 -0.08205500 0.26184200
v -0.13491300 -0.08205500 0.26184200
v -0.13491300 -0.08205500 0.26184200
v -0.13491300 -0.08205500 0.26184200
v -0.13206300 -0.20236700 0.25859200
v -0.13206300 -0.20236700 0.25859200
v -0.13206300 -0.20236700 0.25859200
v -0.13206300 -0.20236700 0.25859200
v -0.10629400 -0.20236700 0.26371700
v -0.10629400 -0.20236700 0.26371700
v -0.10469300 -0.08205500 0.27104100
v -0.10469300 -0.08205500 0.27104100
v -0.10469300 -0.08205500 0.27104100
v -0.10469300 -0.08205500 0.27104100
v -0.11194600 -0.20236700 0.25727300
v -0.11194600 -0.20236700 0.25727300
v -0.11383300 0.17574900 0.25789900
v -0.11383300 0.17574900 0.25789900
v -0.12114500 0.07134200 0.26201800
v -0.12114500 0.07134200 0.26201800
v -0.12114500 0.07134200 0.26201800
v -0.12114500 0.07134200 0.26201800
v -0.11212200 0.07134200 0.27104100
v -0.11212200 0.07134200 0.27104100
v -0.11212200 0.07134200 0.27104100
v -0.11212200 0.07134200 0.27104100
v -0.11748300 0.17574900 0.25645500
v -0.11748300 0.17574900 0.25645500
v -0.12526700 0.17574900 0.25657800
v -0.12526700 0.17574900 0.25657800
v -0.12526700 0.17574900 0.25657800
v -0.12526700 0.17574900 0.25657800
v -0.13428700 0.17574900 0.26372900
v -0.13428700 0.17574900 0.26372900
v -0.13428700 0.17574900 0.26372900
v -0.13428700 0.17574900 0.26372900
v -0.13573100 0.05844500 0.26737900
v -0.13573100 0.05844500 0.26737900
v -0.13573100 0.05844500 0.26737900
v -0.13573100 0.05844500 0.26737900
v -0.13560800 0.17574900 0.27516300
v -0.13560800 0.17574900 0.27516300
v -0.13560800 0.17574900 0.27516300
v -0.13560800 0.17574900 0.27516300
v -0.10655900 0.05844500 0.27470300
v -0.10655900 0.05844500 0.27470300
v -0.11333000 -0.08205500 0.26652900
v -0.11333000 -0.08205500 0.26652900
v -0.11333000 -0.08205500 0.26652900
v -0.11333000 -0.08205500 0.26652900
v -0.11242900 0.05931100 0.26870500
v -0.11242900 0.05931100 0.26870500
v -0.11242900 0.05931100 0.26870500
v -0.11242900 0.05931100 0.26870500
v -0.11242900 -0.08205500 0.27337600
v -0.11242900 -0.08205500 0.27337600
v -0.12437500 -0.20236700 0.25480100
v -0.12437500 -0.20236700 0.25480100
v -0.12437500 -0.20236700 0.25480100
v -0.12437500 -0.20236700 0.25480100
v -0.12437500 -0.08205500 0.25480100
v -0.12437500 -0.08205500 0.25480100
v -0.12437500 -0.08205500 0.25480100
v -0.12437500 -0.08205500 0.25480100
v -0.11880900 -0.08205500 0.26232500
v -0.11880900 -0.08205500 0.26232500
v -0.11880900 -0.08205500 0.26232500
v -0.11880900 -0.08205500 0.26232500
v -0.12526700 0.05844500 0.25657800
v -0.12526700 0.05844500 0.25657800
v -0.12526700 0.05844500 0.25657800
v -0.12526700 0.05844500 0.25657800
v -0.10546500 -0.20236700 0.27636300
v -0.10546500 -0.20236700 0.27636300
v -0.13359400 -0.08205500 0.28195900
v -0.13359400 -0.08205500 0.28195900
v -0.12752500 -0.08205500 0.27742100
v -0.12752500 -0.08205500 0.27742100
v -0.12986100 0.07134200 0.26870500
v -0.12986100 0.07134200 0.26870500
v -0.12895900 0.07134200 0.27555300
v -0.12895900 0.07134200 0.27555300
v -0.12565700 -0.08205500 0.26322600
v -0.12565700 -0.08205500 0.26322600
v -0.12895900 0.07134200 0.26652900
v -0.12895900 0.07134200 0.26652900
v -0.12348000 -0.08205500 0.26232500
v -0.12348000 -0.08205500 0.26232500
v -0.12846900 -0.20236700 0.25619000
v -0.12846900 -0.20236700 0.25619000
v -0.12846900 -0.20236700 0.25619000
v -0.12846900 -0.20236700 0.25619000
v -0.10869500 -0.20236700 0.26012300
v -0.10869500 -0.20236700 0.26012300
v -0.10462200 -0.08205500 0.27212400
v -0.10462200 -0.08205500 0.27212400
v -0.12348000 0.07134200 0.26232500
v -0.12348000 0.07134200 0.26232500
v -0.12138300 0.17574900 0.25600400
v -0.12138300 0.17574900 0.25600400
v -0.12138300 0.17574900 0.25600400
v -0.12138300 0.17574900 0.25600400
v -0.12887000 0.17574900 0.25813700
v -0.12887000 0.17574900 0.25813700
v -0.12887000 0.17574900 0.25813700
v -0.12887000 0.17574900 0.25813700
v -0.13194600 0.17574900 0.26057700
v -0.13194600 0.17574900 0.26057700
v -0.13194600 0.17574900 0.26057700
v -0.13194600 0.17574900 0.26057700
v -0.13428700 0.05844500 0.26372900
v -0.13428700 0.05844500 0.26372900
v -0.13428700 0.05844500 0.26372900
v -0.13428700 0.05844500 0.26372900
v -0.13618200 0.05844500 0.27127900
v -0.13618200 0.05844500 0.27127900
v -0.13618200 0.05844500 0.27127900
v -0.13618200 0.05844500 0.27127900
v -0.10800300 0.17574900 0.27835300
v -0.10800300 0.17574900 0.27835300
v -0.10613500 0.05844500 0.27104100
v -0.10613500 0.05844500 0.27104100
v -0.10613500 0.05844500 0.27104100
v -0.10613500 0.05844500 0.27104100
v -0.10800300 0.05844500 0.27835300
v -0.10800300 0.05844500 0.27835300
v -0.11476400 -0.08205500 0.26466000
v -0.11476400 -0.08205500 0.26466000
v -0.11476400 -0.08205500 0.26466000
v -0.11476400 -0.08205500 0.26466000
v -0.11333000 0.05931100 0.26652900
v -0.11333000 0.05931100 0.26652900
v -0.11333000 0.05931100 0.26652900
v -0.11333000 0.05931100 0.26652900
v -0.11242900 0.07134200 0.27337600
v -0.11242900 0.07134200 0.27337600
v -0.12846900 -0.08205500 0.25619000
v -0.12846900 -0.08205500 0.25619000
v -0.12846900 -0.08205500 0.25619000
v -0.12846900 -0.08205500 0.25619000
v -0.11663300 -0.08205500 0.26322600
v -0.11663300 -0.08205500 0.26322600
v -0.11663300 -0.08205500 0.26322600
v -0.11663300 -0.08205500 0.26322600
v -0.11880900 0.05931100 0.26232500
v -0.11880900 0.05931100 0.26232500
v -0.11880900 0.05931100 0.26232500
v -0.11880900 0.05931100 0.26232500
v -0.12138300 0.05844500 0.25600400
v -0.12138300 0.05844500 0.25600400
v -0.12138300 0.05844500 0.25600400
v -0.12138300 0.05844500 0.25600400
v -0.12887000 0.05844500 0.25813700
v -0.12887000 0.05844500 0.25813700
v -0.12887000 0.05844500 0.25813700
v -0.12887000 0.05844500 0.25813700
v -0.10737700 -0.20236700 0.28024000
v -0.10737700 -0.20236700 0.28024000
v -0.13359400 -0.20236700 0.28195900
v -0.13359400 -0.20236700 0.28195900
v -0.12565700 -0.08205500 0.27885500
v -0.12565700 -0.08205500 0.27885500
v -0.12752500 0.07134200 0.27742100
v -0.12752500 0.07134200 0.27742100
v -0.12565700 0.07134200 0.26322600
v -0.12565700 0.07134200 0.26322600
v -0.12752500 0.07134200 0.26466000
v -0.12752500 0.07134200 0.26466000
v -0.13206300 -0.08205500 0.25859200
v -0.13206300 -0.08205500 0.25859200
v -0.13206300 -0.08205500 0.25859200
v -0.13206300 -0.08205500 0.25859200
v 0.36846100 0.02450400 0.16331000
v 0.36846100 0.02450400 0.16331000
v -0.13194600 0.05844500 0.26057700
v -0.13194600 0.05844500 0.26057700
v -0.13194600 0.05844500 0.26057700
v -0.13194600 0.05844500 0.26057700
v -0.13560800 0.05844500 0.27516300
v -0.13560800 0.05844500 0.27516300
v -0.13560800 0.05844500 0.27516300
v -0.13560800 0.05844500 0.27516300
v -0.13404800 0.17574900 0.27876600
v -0.13404800 0.17574900 0.27876600
v -0.11476400 0.05931100 0.26466000
v -0.11476400 0.05931100 0.26466000
v -0.11476400 0.05931100 0.26466000
v -0.11476400 0.05931100 0.26466000
v -0.11333000 -0.08205500 0.27555300
v -0.11333000 -0.08205500 0.27555300
v -0.11663300 0.05931100 0.26322600
v -0.11663300 0.05931100 0.26322600
v -0.11663300 0.05931100 0.26322600
v -0.11663300 0.05931100 0.26322600
v -0.10546500 -0.08205500 0.27636300
v -0.10546500 -0.08205500 0.27636300
v -0.13034400 -0.20236700 0.28480900
v -0.13034400 -0.20236700 0.28480900
v -0.12348000 -0.08205500 0.27975700
v -0.12348000 -0.08205500 0.27975700
v -0.11476400 0.07134200 0.27742100
v -0.11476400 0.07134200 0.27742100
v -0.11333000 0.07134200 0.27555300
v -0.11333000 0.07134200 0.27555300
v 0.36846100 0.02450400 0.18723600
v 0.36846100 0.02450400 0.18723600
v -0.11034400 0.17574900 0.28150500
v -0.11034400 0.17574900 0.28150500
v -0.11034400 0.05844500 0.28150500
v -0.11034400 0.05844500 0.28150500
v -0.13404800 0.05844500 0.27876600
v -0.13404800 0.05844500 0.27876600
v -0.10737700 -0.08205500 0.28024000
v -0.10737700 -0.08205500 0.28024000
v -0.11022700 -0.20236700 0.28349000
v -0.11022700 -0.20236700 0.28349000
v -0.13034400 -0.08205500 0.28480900
v -0.13034400 -0.08205500 0.28480900
v -0.12114500 -0.08205500 0.28006400
v -0.12114500 -0.08205500 0.28006400
v -0.12565700 0.07134200 0.27885500
v -0.12565700 0.07134200 0.27885500
v 0.36846100 0.02560500 0.16474500
v 0.36846100 0.02560500 0.16474500
v -0.13160900 0.17574900 0.28184200
v -0.13160900 0.17574900 0.28184200
v -0.11476400 -0.08205500 0.27742100
v -0.11476400 -0.08205500 0.27742100
v -0.12646700 -0.20236700 0.28672100
v -0.12646700 -0.20236700 0.28672100
v -0.11022700 -0.08205500 0.28349000
v -0.11022700 -0.08205500 0.28349000
v -0.11382100 -0.20236700 0.28589200
v -0.11382100 -0.20236700 0.28589200
v -0.12348000 0.07134200 0.27975700
v -0.12348000 0.07134200 0.27975700
v -0.11663300 0.07134200 0.27885500
v -0.11663300 0.07134200 0.27885500
v 0.36846100 0.02560500 0.18580000
v 0.36846100 0.02560500 0.18580000
v 0.25361400 -0.07775700 0.14951500
v 0.25361400 -0.07775700 0.14951500
v -0.11342000 0.17574900 0.28394400
v -0.11342000 0.17574900 0.28394400
v -0.13160900 0.05844500 0.28184200
v -0.13160900 0.05844500 0.28184200
v -0.11663300 -0.08205500 0.27885500
v -0.11663300 -0.08205500 0.27885500
v -0.12646700 -0.08205500 0.28672100
v -0.12646700 -0.08205500 0.28672100
v -0.11382100 -0.08205500 0.28589200
v -0.11382100 -0.08205500 0.28589200
v -0.11880900 -0.08205500 0.27975700
v -0.11880900 -0.08205500 0.27975700
v -0.12114500 0.07134200 0.28006400
v -0.12114500 0.07134200 0.28006400
v 0.05547400 0.05113900 0.20688100
v 0.05547400 0.05113900 0.20688100
v 0.25667500 0.05113900 0.15876600
v 0.25667500 0.05113900 0.15876600
v 0.12319900 0.05113900 0.16778000
v 0.12319900 0.05113900 0.16778000
v 0.32667400 0.05113900 0.24841200
v 0.32667400 0.05113900 0.24841200
v 0.36846100 0.02770900 0.18072200
v 0.36846100 0.02770900 0.18072200
v 0.33864400 -0.03574700 0.26176600
v 0.33864400 -0.03574700 0.26176600
v 0.33864400 -0.03680700 0.26795700
v 0.33864400 -0.03680700 0.26795700
v 0.33864400 -0.01988800 0.29187400
v 0.33864400 -0.01988800 0.29187400
v 0.33864400 -0.01369700 0.29293500
v 0.33864400 -0.01369700 0.29293500
v 0.11480300 -0.07775700 0.16403700
v 0.11480300 -0.07775700 0.16403700
v 0.09321300 -0.07775700 0.22822900
v 0.09321300 -0.07775700 0.22822900
v -0.12845700 0.17574900 0.28418300
v -0.12845700 0.17574900 0.28418300
v -0.11342000 0.05844500 0.28394400
v -0.11342000 0.05844500 0.28394400
v -0.12222800 -0.20236700 0.28756400
v -0.12222800 -0.20236700 0.28756400
v -0.11791500 -0.20236700 0.28728100
v -0.11791500 -0.20236700 0.28728100
v -0.11791500 -0.08205500 0.28728100
v -0.11791500 -0.08205500 0.28728100
v -0.11880900 0.07134200 0.27975700
v -0.11880900 0.07134200 0.27975700
v 0.08933700 0.05113900 0.22643200
v 0.08933700 0.05113900 0.22643200
v 0.08933700 0.05113900 0.22643200
v 0.08933700 0.05113900 0.22643200
v 0.05547400 0.02707600 0.20688100
v 0.05547400 0.02707600 0.20688100
v 0.12319900 0.02707600 0.16778000
v 0.12319900 0.02707600 0.16778000
v 0.25667500 0.02406900 0.15876600
v 0.25667500 0.02406900 0.15876600
v 0.19173700 0.05113900 0.17799400
v 0.19173700 0.05113900 0.17799400
v 0.32667400 0.05113900 0.28149800
v 0.32667400 0.05113900 0.28149800
v 0.36846100 0.02770900 0.16982300
v 0.36846100 0.02770900 0.16982300
v 0.33864400 -0.00563900 0.24590700
v 0.33864400 -0.00563900 0.24590700
v 0.33864400 0.00006700 0.24853400
v 0.33864400 0.00006700 0.24853400
v 0.33864400 -0.03312000 0.25606000
v 0.33864400 -0.03312000 0.25606000
v 0.33864400 -0.03623000 0.27421200
v 0.33864400 -0.03623000 0.27421200
v 0.33864400 -0.02559400 0.28924700
v 0.33864400 -0.02559400 0.28924700
v 0.33864400 -0.00744200 0.29235700
v 0.33864400 -0.00744200 0.29235700
v 0.03328300 0.02128200 0.29811100
v 0.03328300 0.02128200 0.29811100
v 0.13027400 -0.07775700 0.24069400
v 0.13027400 -0.07775700 0.24069400
v 0.13027400 -0.07775700 0.24069400
v 0.13027400 -0.07775700 0.24069400
v -0.12845700 0.05844500 0.28418300
v -0.12845700 0.05844500 0.28418300
v -0.11702300 0.17574900 0.28550400
v -0.11702300 0.17574900 0.28550400
v -0.12222800 -0.08205500 0.28756400
v -0.12222800 -0.08205500 0.28756400
v 0.11046700 0.05113900 0.26614200
v 0.11046700 0.05113900 0.26614200
v 0.26777600 0.05113900 0.19625800
v 0.26777600 0.05113900 0.19625800
v 0.26777600 0.05113900 0.19625800
v 0.26777600 0.05113900 0.19625800
v 0.12319900 0.05113900 0.20688100
v 0.12319900 0.05113900 0.20688100
v 0.12319900 0.05113900 0.20688100
v 0.12319900 0.05113900 0.20688100
v 0.19173700 0.02406900 0.17799400
v 0.19173700 0.02406900 0.17799400
v 0.32667400 0.02132100 0.24841200
v 0.32667400 0.02132100 0.24841200
v 0.36846100 0.02842600 0.17527300
v 0.36846100 0.02842600 0.17527300
v 0.33864400 -0.01183000 0.24484600
v 0.33864400 -0.01183000 0.24484600
v 0.33864400 -0.02397700 0.24760100
v 0.33864400 -0.02397700 0.24760100
v 0.33864400 -0.01808500 0.24542400
v 0.33864400 -0.01808500 0.24542400
v 0.33864400 0.00489800 0.25254900
v 0.33864400 0.00489800 0.25254900
v 0.33864400 -0.02910500 0.25122900
v 0.33864400 -0.02910500 0.25122900
v 0.33864400 -0.04793900 0.19885400
v 0.33864400 -0.04793900 0.19885400
v 0.33864400 -0.03405300 0.28010400
v 0.33864400 -0.03405300 0.28010400
v 0.33864400 -0.04793900 0.29811100
v 0.33864400 -0.04793900 0.29811100
v 0.33864400 0.02132100 0.29811100
v 0.33864400 0.02132100 0.29811100
v 0.33864400 -0.00155000 0.29018000
v 0.33864400 -0.00155000 0.29018000
v 0.03328500 0.02131800 0.29811100
v 0.03328500 0.02131800 0.29811100
v 0.03328500 0.02131800 0.29811100
v 0.03328500 0.02131800 0.29811100
v 0.03328300 0.02128200 0.19885400
v 0.03328300 0.02128200 0.19885400
v 0.32729800 -0.03865600 0.16412900
v 0.32729800 -0.03865600 0.16412900
v 0.32418400 -0.03865600 0.16371900
v 0.32418400 -0.03865600 0.16371900
v 0.25361400 -0.05971000 0.14951500
v 0.25361400 -0.05971000 0.14951500
v 0.11480300 -0.04793900 0.16403700
v 0.11480300 -0.04793900 0.16403700
v 0.09321300 -0.04793900 0.22822900
v 0.09321300 -0.04793900 0.22822900
v 0.13027400 -0.04793900 0.24069400
v 0.13027400 -0.04793900 0.24069400
v 0.13027400 -0.04793900 0.24069400
v 0.13027400 -0.04793900 0.24069400
v 0.00346500 -0.04246100 0.21197300
v 0.00346500 -0.04246100 0.21197300
v 0.00346500 -0.02422700 0.18039200
v 0.00346500 -0.02422700 0.18039200
v -0.12480700 0.05844500 0.28562700
v -0.12480700 0.05844500 0.28562700
v -0.12480700 0.17574900 0.28562700
v -0.12480700 0.17574900 0.28562700
v -0.11702300 0.05844500 0.28550400
v -0.11702300 0.05844500 0.28550400
v 0.14548500 0.05113900 0.28636000
v 0.14548500 0.05113900 0.28636000
v 0.14548500 0.05113900 0.28636000
v 0.14548500 0.05113900 0.28636000
v 0.08933700 0.02707600 0.22643200
v 0.08933700 0.02707600 0.22643200
v 0.08933700 0.02707600 0.22643200
v 0.08933700 0.02707600 0.22643200
v 0.26777600 0.02406900 0.19625800
v 0.26777600 0.02406900 0.19625800
v 0.26777600 0.02406900 0.19625800
v 0.26777600 0.02406900 0.19625800
v 0.20283800 0.02406900 0.21548600
v 0.20283800 0.02406900 0.21548600
v 0.20283800 0.02406900 0.21548600
v 0.20283800 0.02406900 0.21548600
v 0.12319900 0.02707600 0.20688100
v 0.12319900 0.02707600 0.20688100
v 0.12319900 0.02707600 0.20688100
v 0.12319900 0.02707600 0.20688100
v 0.32667400 0.02132100 0.28149800
v 0.32667400 0.02132100 0.28149800
v 0.33864400 0.02132100 0.19885400
v 0.33864400 0.02132100 0.19885400
v 0.33864400 -0.03042500 0.28523300
v 0.33864400 -0.03042500 0.28523300
v 0.33864400 0.00357900 0.28655200
v 0.33864400 0.00357900 0.28655200
v 0.33864400 0.00759300 0.28172100
v 0.33864400 0.00759300 0.28172100
v 0.03332100 0.02132100 0.29811100
v 0.03332100 0.02132100 0.29811100
v 0.03328500 0.02131800 0.19885400
v 0.03328500 0.02131800 0.19885400
v 0.03328500 0.02131800 0.19885400
v 0.03328500 0.02131800 0.19885400
v 0.03332100 0.02132100 0.19885400
v 0.03332100 0.02132100 0.19885400
v 0.33020000 -0.03865600 0.16533000
v 0.33020000 -0.03865600 0.16533000
v 0.32107100 -0.03865600 0.16412900
v 0.32107100 -0.03865600 0.16412900
v 0.27166100 -0.07775700 0.18077300
v 0.27166100 -0.07775700 0.18077300
v 0.27166100 -0.07775700 0.18077300
v 0.27166100 -0.07775700 0.18077300
v 0.15186400 -0.07775700 0.17650300
v 0.15186400 -0.07775700 0.17650300
v 0.15186400 -0.07775700 0.17650300
v 0.15186400 -0.07775700 0.17650300
v 0.27166100 -0.05971000 0.18077300
v 0.27166100 -0.05971000 0.18077300
v 0.27166100 -0.05971000 0.18077300
v 0.27166100 -0.05971000 0.18077300
v 0.15186400 -0.04793900 0.17650300
v 0.15186400 -0.04793900 0.17650300
v 0.15186400 -0.04793900 0.17650300
v 0.15186400 -0.04793900 0.17650300
v 0.15959900 -0.04793900 0.21483100
v 0.15959900 -0.04793900 0.21483100
v 0.15959900 -0.04793900 0.21483100
v 0.15959900 -0.04793900 0.21483100
v 0.19240300 -0.07775700 0.27897000
v 0.19240300 -0.07775700 0.27897000
v 0.00346500 -0.04246100 0.16986400
v 0.00346500 -0.04246100 0.16986400
v 0.00346500 -0.00122700 0.16985200
v 0.00346500 -0.00122700 0.16985200
v -0.12090700 0.17574900 0.28607800
v -0.12090700 0.17574900 0.28607800
v 0.11046700 0.02132100 0.26614200
v 0.11046700 0.02132100 0.26614200
v 0.24085800 0.05113900 0.22461800
v 0.24085800 0.05113900 0.22461800
v 0.24085800 0.05113900 0.22461800
v 0.24085800 0.05113900 0.22461800
v 0.24085800 0.02406900 0.22461800
v 0.24085800 0.02406900 0.22461800
v 0.24085800 0.02406900 0.22461800
v 0.24085800 0.02406900 0.22461800
v 0.20283800 0.05113900 0.21548600
v 0.20283800 0.05113900 0.21548600
v 0.20283800 0.05113900 0.21548600
v 0.20283800 0.05113900 0.21548600
v 0.33864400 0.01128100 0.26982400
v 0.33864400 0.01128100 0.26982400
v 0.33864400 0.01070300 0.26356900
v 0.33864400 0.01070300 0.26356900
v 0.33864400 0.00852600 0.25767700
v 0.33864400 0.00852600 0.25767700
v 0.33864400 0.01022000 0.27601500
v 0.33864400 0.01022000 0.27601500
v 0.33621500 -0.03865600 0.17575000
v 0.33621500 -0.03865600 0.17575000
v 0.33580500 -0.03865600 0.17886400
v 0.33580500 -0.03865600 0.17886400
v 0.33460400 -0.03865600 0.16973400
v 0.33460400 -0.03865600 0.16973400
v 0.33269200 -0.03865600 0.16724300
v 0.33269200 -0.03865600 0.16724300
v 0.31816900 -0.03865600 0.16533000
v 0.31816900 -0.03865600 0.16533000
v 0.15959900 -0.07775700 0.21483100
v 0.15959900 -0.07775700 0.21483100
v 0.15959900 -0.07775700 0.21483100
v 0.15959900 -0.07775700 0.21483100
v 0.21752100 -0.07775700 0.21203100
v 0.21752100 -0.07775700 0.21203100
v 0.15637500 -0.04793900 0.19885400
v 0.15637500 -0.04793900 0.19885400
v 0.22729600 -0.07775700 0.28820000
v 0.22729600 -0.07775700 0.28820000
v 0.22729600 -0.07775700 0.28820000
v 0.22729600 -0.07775700 0.28820000
v 0.00346500 0.02225900 0.21198600
v 0.00346500 0.02225900 0.21198600
v 0.00346500 -0.02422700 0.20144600
v 0.00346500 -0.02422700 0.20144600
v 0.00346500 -0.06069500 0.20144600
v 0.00346500 -0.06069500 0.20144600
v 0.00346500 0.02225900 0.16985200
v 0.00346500 0.02225900 0.16985200
v 0.00346500 -0.01339100 0.19091900
v 0.00346500 -0.01339100 0.19091900
v -0.12090700 0.05844500 0.28607800
v -0.12090700 0.05844500 0.28607800
v 0.14548500 0.02132100 0.28636000
v 0.14548500 0.02132100 0.28636000
v 0.14548500 0.02132100 0.28636000
v 0.14548500 0.02132100 0.28636000
v 0.18050300 0.05113900 0.22570700
v 0.18050300 0.05113900 0.22570700
v 0.33580500 -0.03865600 0.17263600
v 0.33580500 -0.03865600 0.17263600
v 0.33460400 -0.03865600 0.18176500
v 0.33460400 -0.03865600 0.18176500
v 0.25361400 -0.05971000 0.21203100
v 0.25361400 -0.05971000 0.21203100
v 0.25361400 -0.05971000 0.21203100
v 0.25361400 -0.05971000 0.21203100
v 0.21752100 -0.05971000 0.21203100
v 0.21752100 -0.05971000 0.21203100
v 0.24328200 -0.07775700 0.22776200
v 0.24328200 -0.07775700 0.22776200
v 0.19240300 -0.04793900 0.27897000
v 0.19240300 -0.04793900 0.27897000
v 0.22729600 -0.04793900 0.28820000
v 0.22729600 -0.04793900 0.28820000
v 0.22729600 -0.04793900 0.28820000
v 0.22729600 -0.04793900 0.28820000
v 0.00346500 -0.00122700 0.21198600
v 0.00346500 -0.00122700 0.21198600
v 0.00346500 -0.06069500 0.18039200
v 0.00346500 -0.06069500 0.18039200
v 0.18050300 0.05113900 0.26614200
v 0.18050300 0.05113900 0.26614200
v 0.18050300 0.05113900 0.26614200
v 0.18050300 0.05113900 0.26614200
v 0.18050300 0.02132100 0.22570700
v 0.18050300 0.02132100 0.22570700
v 0.31215300 -0.03865600 0.17575000
v 0.31215300 -0.03865600 0.17575000
v 0.33269200 -0.03865600 0.18425700
v 0.33269200 -0.03865600 0.18425700
v 0.31376500 -0.03865600 0.18176500
v 0.31376500 -0.03865600 0.18176500
v 0.31567700 -0.03865600 0.16724300
v 0.31567700 -0.03865600 0.16724300
v 0.31256300 -0.03865600 0.17263600
v 0.31256300 -0.03865600 0.17263600
v 0.25361400 -0.07775700 0.21203100
v 0.25361400 -0.07775700 0.21203100
v 0.25361400 -0.07775700 0.21203100
v 0.25361400 -0.07775700 0.21203100
v 0.24328200 -0.04793900 0.22776200
v 0.24328200 -0.04793900 0.22776200
v 0.25273600 -0.07775700 0.26259600
v 0.25273600 -0.07775700 0.26259600
v 0.25273600 -0.07775700 0.26259600
v 0.25273600 -0.07775700 0.26259600
v 0.00346500 0.02309900 0.21198600
v 0.00346500 0.02309900 0.21198600
v 0.18050300 0.02132100 0.26614200
v 0.18050300 0.02132100 0.26614200
v 0.18050300 0.02132100 0.26614200
v 0.18050300 0.02132100 0.26614200
v 0.22230700 -0.00469500 0.19885400
v 0.22230700 -0.00469500 0.19885400
v 0.22230700 -0.00469500 0.19885400
v 0.22230700 -0.00469500 0.19885400
v 0.21328400 -0.00469500 0.19885400
v 0.21328400 -0.00469500 0.19885400
v 0.21328400 -0.00469500 0.19885400
v 0.21328400 -0.00469500 0.19885400
v 0.31256300 -0.03865600 0.17886400
v 0.31256300 -0.03865600 0.17886400
v 0.31567700 -0.03865600 0.18425700
v 0.31567700 -0.03865600 0.18425700
v 0.31376500 -0.03865600 0.16973400
v 0.31376500 -0.03865600 0.16973400
v 0.25273600 -0.04793900 0.26259600
v 0.25273600 -0.04793900 0.26259600
v 0.25273600 -0.04793900 0.26259600
v 0.25273600 -0.04793900 0.26259600
v 0.00346500 0.02309900 0.16985200
v 0.00346500 0.02309900 0.16985200
v 0.33020000 -0.03865600 0.18616900
v 0.33020000 -0.03865600 0.18616900
v 0.21328400 -0.01929500 0.19885400
v 0.21328400 -0.01929500 0.19885400
v 0.21328400 -0.01929500 0.19885400
v 0.21328400 -0.01929500 0.19885400
v 0.00346500 0.03526200 0.19091900
v 0.00346500 0.03526200 0.19091900
v 0.21328400 -0.00469500 0.24697900
v 0.21328400 -0.00469500 0.24697900
v 0.21328400 -0.00469500 0.24697900
v 0.21328400 -0.00469500 0.24697900
v 0.21328400 -0.00469500 0.24697900
v 0.21328400 -0.00469500 0.24697900
v 0.22230700 -0.01098600 0.19885400
v 0.22230700 -0.01098600 0.19885400
v 0.22230700 -0.01098600 0.19885400
v 0.22230700 -0.01098600 0.19885400
v 0.22230700 -0.01098600 0.19885400
v 0.22230700 -0.01098600 0.19885400
v 0.32729800 -0.03865600 0.18737100
v 0.32729800 -0.03865600 0.18737100
v 0.31816900 -0.03865600 0.18616900
v 0.31816900 -0.03865600 0.18616900
v 0.22230700 -0.00469500 0.24697900
v 0.22230700 -0.00469500 0.24697900
v 0.22230700 -0.00469500 0.24697900
v 0.22230700 -0.00469500 0.24697900
v 0.22230700 -0.00469500 0.24697900
v 0.22230700 -0.00469500 0.24697900
v 0.22230700 -0.01299200 0.19885400
v 0.22230700 -0.01299200 0.19885400
v 0.22230700 -0.01299200 0.19885400
v 0.22230700 -0.01299200 0.19885400
v 0.22230700 -0.01299200 0.19885400
v 0.22230700 -0.01299200 0.19885400
v 0.22230700 -0.01098600 0.24697900
v 0.22230700 -0.01098600 0.24697900
v 0.22230700 -0.01098600 0.24697900
v 0.22230700 -0.01098600 0.24697900
v 0.22230700 -0.01098600 0.24697900
v 0.22230700 -0.01098600 0.24697900
v 0.32418400 -0.03865600 0.18778100
v 0.32418400 -0.03865600 0.18778100
v 0.21328400 -0.01929500 0.24697900
v 0.21328400 -0.01929500 0.24697900
v 0.21328400 -0.01929500 0.24697900
v 0.21328400 -0.01929500 0.24697900
v 0.21328400 -0.01929500 0.24697900
v 0.21328400 -0.01929500 0.24697900
v 0.22211100 -0.01198900 0.24697900
v 0.22211100 -0.01198900 0.24697900
v 0.22211100 -0.01198900 0.24697900
v 0.22211100 -0.01198900 0.24697900
v 0.22211100 -0.01198900 0.24697900
v 0.22211100 -0.01198900 0.24697900
v 0.22230700 -0.01929500 0.19885400
v 0.22230700 -0.01929500 0.19885400
v 0.22230700 -0.01929500 0.19885400
v 0.22230700 -0.01929500 0.19885400
v 0.22221400 -0.01276700 0.19885400
v 0.22221400 -0.01276700 0.19885400
v 0.22221400 -0.01276700 0.19885400
v 0.22221400 -0.01276700 0.19885400
v 0.22221400 -0.01276700 0.19885400
v 0.22221400 -0.01276700 0.19885400
v 0.22221400 -0.01276700 0.19885400
v 0.22221400 -0.01276700 0.19885400
v 0.22221400 -0.01121100 0.19885400
v 0.22221400 -0.01121100 0.19885400
v 0.22221400 -0.01121100 0.19885400
v 0.22221400 -0.01121100 0.19885400
v 0.22221400 -0.01121100 0.19885400
v 0.22221400 -0.01121100 0.19885400
v 0.22211100 -0.01198900 0.19885400
v 0.22211100 -0.01198900 0.19885400
v 0.22211100 -0.01198900 0.19885400
v 0.22211100 -0.01198900 0.19885400
v 0.22211100 -0.01198900 0.19885400
v 0.22211100 -0.01198900 0.19885400
v 0.22221400 -0.01121100 0.21990900
v 0.22221400 -0.01121100 0.21990900
v 0.22221400 -0.01121100 0.21990900
v 0.22221400 -0.01121100 0.21990900
v 0.22221400 -0.01121100 0.21990900
v 0.22221400 -0.01121100 0.21990900
v 0.22221400 -0.01121100 0.24697900
v 0.22221400 -0.01121100 0.24697900
v 0.22221400 -0.01121100 0.24697900
v 0.22221400 -0.01121100 0.24697900
v 0.22221400 -0.01121100 0.24697900
v 0.22221400 -0.01121100 0.24697900
v 0.32107100 -0.03865600 0.18737100
v 0.32107100 -0.03865600 0.18737100
v 0.22230700 -0.01929500 0.24697900
v 0.22230700 -0.01929500 0.24697900
v 0.22230700 -0.01929500 0.24697900
v 0.22230700 -0.01929500 0.24697900
v 0.22230700 -0.01929500 0.24697900
v 0.22230700 -0.01929500 0.24697900
v 0.22211100 -0.01198900 0.21990900
v 0.22211100 -0.01198900 0.21990900
v 0.22211100 -0.01198900 0.21990900
v 0.22211100 -0.01198900 0.21990900
v 0.22211100 -0.01198900 0.21990900
v 0.22211100 -0.01198900 0.21990900
v 0.22221400 -0.01276700 0.21990900
v 0.22221400 -0.01276700 0.21990900
v 0.22221400 -0.01276700 0.24697900
v 0.22221400 -0.01276700 0.24697900
v 0.22221400 -0.01276700 0.24697900
v 0.22221400 -0.01276700 0.24697900
v 0.22221400 -0.01276700 0.24697900
v 0.22221400 -0.01276700 0.24697900
v 0.22230700 -0.01299200 0.24697900
v 0.22230700 -0.01299200 0.24697900
v 0.22230700 -0.01299200 0.24697900
v 0.22230700 -0.01299200 0.24697900
v 0.22230700 -0.01299200 0.24697900
v 0.22230700 -0.01299200 0.24697900
v 0.22251400 -0.01048500 0.21990900
v 0.22251400 -0.01048500 0.21990900
v 0.22251400 -0.01349300 0.21990900
v 0.22251400 -0.01349300 0.21990900
v 0.22251400 -0.01048500 0.19885400
v 0.22251400 -0.01048500 0.19885400
v 0.22251400 -0.01349300 0.19885400
v 0.22251400 -0.01349300 0.19885400
v 0.22299200 -0.00986200 0.19885400
v 0.22299200 -0.00986200 0.19885400
v 0.22299200 -0.01411600 0.21990900
v 0.22299200 -0.01411600 0.21990900
v 0.22299200 -0.00986200 0.21990900
v 0.22299200 -0.00986200 0.21990900
v 0.22299200 -0.01411600 0.19885400
v 0.22299200 -0.01411600 0.19885400
v 0.22361500 -0.00938400 0.21990900
v 0.22361500 -0.00938400 0.21990900
v 0.22361500 -0.01459400 0.19885400
v 0.22361500 -0.01459400 0.19885400
v 0.22361500 -0.00938400 0.19885400
v 0.22361500 -0.00938400 0.19885400
v 0.22361500 -0.01459400 0.21990900
v 0.22361500 -0.01459400 0.21990900
v 0.22434100 -0.00908400 0.21990900
v 0.22434100 -0.00908400 0.21990900
v 0.22434100 -0.01489400 0.19885400
v 0.22434100 -0.01489400 0.19885400
v 0.22434100 -0.00908400 0.19885400
v 0.22434100 -0.00908400 0.19885400
v 0.22434100 -0.01489400 0.21990900
v 0.22434100 -0.01489400 0.21990900
v 0.22511900 -0.00898100 0.21990900
v 0.22511900 -0.00898100 0.21990900
v 0.22511900 -0.01499700 0.19885400
v 0.22511900 -0.01499700 0.19885400
v 0.22511900 -0.00898100 0.19885400
v 0.22511900 -0.00898100 0.19885400
v 0.22511900 -0.01499700 0.21990900
v 0.22511900 -0.01499700 0.21990900
v 0.22589800 -0.00908400 0.21990900
v 0.22589800 -0.00908400 0.21990900
v 0.22589800 -0.01489400 0.19885400
v 0.22589800 -0.01489400 0.19885400
v 0.22589800 -0.00908400 0.19885400
v 0.22589800 -0.00908400 0.19885400
v 0.22589800 -0.01489400 0.21990900
v 0.22589800 -0.01489400 0.21990900
v 0.22662300 -0.00938400 0.21990900
v 0.22662300 -0.00938400 0.21990900
v 0.22662300 -0.01459400 0.19885400
v 0.22662300 -0.01459400 0.19885400
v 0.22662300 -0.00938400 0.19885400
v 0.22662300 -0.00938400 0.19885400
v 0.22662300 -0.01459400 0.21990900
v 0.22662300 -0.01459400 0.21990900
v 0.22724600 -0.00986200 0.21990900
v 0.22724600 -0.00986200 0.21990900
v 0.22724600 -0.01411600 0.19885400
v 0.22724600 -0.01411600 0.19885400
v 0.22724600 -0.00986200 0.19885400
v 0.22724600 -0.00986200 0.19885400
v 0.22724600 -0.01411600 0.21990900
v 0.22724600 -0.01411600 0.21990900
v 0.22772400 -0.01048500 0.19885400
v 0.22772400 -0.01048500 0.19885400
v 0.22772400 -0.01349300 0.21990900
v 0.22772400 -0.01349300 0.21990900
v 0.22772400 -0.01048500 0.21990900
v 0.22772400 -0.01048500 0.21990900
v 0.22772400 -0.01349300 0.19885400
v 0.22772400 -0.01349300 0.19885400
v 0.22802400 -0.01121100 0.19885400
v 0.22802400 -0.01121100 0.19885400
v 0.22802400 -0.01276700 0.21990900
v 0.22802400 -0.01276700 0.21990900
v 0.22802400 -0.01121100 0.21990900
v 0.22802400 -0.01121100 0.21990900
v 0.22802400 -0.01276700 0.19885400
v 0.22802400 -0.01276700 0.19885400
v 0.22812700 -0.01198900 0.19885400
v 0.22812700 -0.01198900 0.19885400
v 0.22812700 -0.01198900 0.21990900
v 0.22812700 -0.01198900 0.21990900
v 0.51352600 -0.21182300 -0.61024000
v 0.51352600 -0.21182300 -0.61024000
v 0.51352600 -0.21182300 -0.61024000
v 0.51352600 -0.21182300 -0.61024000
v 0.51352600 -0.21182300 -0.61024000
v 0.51352600 -0.21182300 -0.61024000
v -0.12771100 -0.21182300 -0.60905900
v -0.12771100 -0.21182300 -0.60905900
v -0.12771100 -0.21182300 -0.60905900
v -0.12771100 -0.21182300 -0.60905900
v -0.10969300 -0.21182300 -0.61024000
v -0.10969300 -0.21182300 -0.61024000
v -0.10969300 -0.21182300 -0.61024000
v -0.10969300 -0.21182300 -0.61024000
v -0.10969300 -0.21182300 -0.61024000
v -0.10969300 -0.21182300 -0.61024000
v 0.52919200 -0.21182300 -0.60921300
v 0.52919200 -0.21182300 -0.60921300
v 0.52919200 -0.21182300 -0.60921300
v 0.52919200 -0.21182300 -0.60921300
v -0.10969300 0.18219700 -0.61024000
v -0.10969300 0.18219700 -0.61024000
v -0.10969300 0.18219700 -0.61024000
v -0.10969300 0.18219700 -0.61024000
v -0.10969300 0.18219700 -0.61024000
v -0.10969300 0.18219700 -0.61024000
v 0.51352600 0.18219700 -0.61024000
v 0.51352600 0.18219700 -0.61024000
v 0.51352600 0.18219700 -0.61024000
v 0.51352600 0.18219700 -0.61024000
v 0.51352600 0.18219700 -0.61024000
v 0.51352600 0.18219700 -0.61024000
v 0.52919200 0.18219700 -0.60921300
v 0.52919200 0.18219700 -0.60921300
v 0.52919200 0.18219700 -0.60921300
v 0.52919200 0.18219700 -0.60921300
v 0.54459000 -0.21182300 -0.60615100
v 0.54459000 -0.21182300 -0.60615100
v 0.54459000 -0.21182300 -0.60615100
v 0.54459000 -0.21182300 -0.60615100
v -0.12771100 0.18219700 -0.60905900
v -0.12771100 0.18219700 -0.60905900
v -0.12771100 0.18219700 -0.60905900
v -0.12771100 0.18219700 -0.60905900
v 0.54459000 0.18219700 -0.60615100
v 0.54459000 0.18219700 -0.60615100
v 0.54459000 0.18219700 -0.60615100
v 0.54459000 0.18219700 -0.60615100
v -0.14542000 -0.21182300 -0.60553700
v -0.14542000 -0.21182300 -0.60553700
v -0.14542000 -0.21182300 -0.60553700
v -0.14542000 -0.21182300 -0.60553700
v 0.55945700 0.18219700 -0.60110400
v 0.55945700 0.18219700 -0.60110400
v 0.55945700 0.18219700 -0.60110400
v 0.55945700 0.18219700 -0.60110400
v 0.55945700 -0.21182300 -0.60110400
v 0.55945700 -0.21182300 -0.60110400
v 0.55945700 -0.21182300 -0.60110400
v 0.55945700 -0.21182300 -0.60110400
v -0.14542000 0.18219700 -0.60553700
v -0.14542000 0.18219700 -0.60553700
v -0.14542000 0.18219700 -0.60553700
v -0.14542000 0.18219700 -0.60553700
v -0.16251800 -0.21182300 -0.59973300
v -0.16251800 -0.21182300 -0.59973300
v -0.16251800 -0.21182300 -0.59973300
v -0.16251800 -0.21182300 -0.59973300
v 0.57353700 0.18219700 -0.59416000
v 0.57353700 0.18219700 -0.59416000
v 0.57353700 0.18219700 -0.59416000
v 0.57353700 0.18219700 -0.59416000
v -0.16251800 0.18219700 -0.59973300
v -0.16251800 0.18219700 -0.59973300
v -0.16251800 0.18219700 -0.59973300
v -0.16251800 0.18219700 -0.59973300
v 0.57353700 -0.21182300 -0.59416000
v 0.57353700 -0.21182300 -0.59416000
v 0.57353700 -0.21182300 -0.59416000
v 0.57353700 -0.21182300 -0.59416000
v -0.17871300 -0.21182300 -0.59174600
v -0.17871300 -0.21182300 -0.59174600
v -0.17871300 -0.21182300 -0.59174600
v -0.17871300 -0.21182300 -0.59174600
v 0.58659100 0.18219700 -0.58543800
v 0.58659100 0.18219700 -0.58543800
v 0.58659100 0.18219700 -0.58543800
v 0.58659100 0.18219700 -0.58543800
v -0.17871300 0.18219700 -0.59174600
v -0.17871300 0.18219700 -0.59174600
v -0.17871300 0.18219700 -0.59174600
v -0.17871300 0.18219700 -0.59174600
v 0.58659100 -0.21182300 -0.58543800
v 0.58659100 -0.21182300 -0.58543800
v 0.58659100 -0.21182300 -0.58543800
v 0.58659100 -0.21182300 -0.58543800
v -0.19372600 -0.21182300 -0.58171500
v -0.19372600 -0.21182300 -0.58171500
v -0.19372600 -0.21182300 -0.58171500
v -0.19372600 -0.21182300 -0.58171500
v 0.59839400 0.18219700 -0.57508700
v 0.59839400 0.18219700 -0.57508700
v 0.59839400 0.18219700 -0.57508700
v 0.59839400 0.18219700 -0.57508700
v -0.19372600 0.18219700 -0.58171500
v -0.19372600 0.18219700 -0.58171500
v -0.19372600 0.18219700 -0.58171500
v -0.19372600 0.18219700 -0.58171500
v 0.59839400 -0.21182300 -0.57508700
v 0.59839400 -0.21182300 -0.57508700
v 0.59839400 -0.21182300 -0.57508700
v 0.59839400 -0.21182300 -0.57508700
v -0.20730200 -0.21182300 -0.56980900
v -0.20730200 -0.21182300 -0.56980900
v -0.20730200 -0.21182300 -0.56980900
v -0.20730200 -0.21182300 -0.56980900
v 0.60874600 -0.21182300 -0.56328300
v 0.60874600 -0.21182300 -0.56328300
v 0.60874600 -0.21182300 -0.56328300
v 0.60874600 -0.21182300 -0.56328300
v -0.20730200 0.18219700 -0.56980900
v -0.20730200 0.18219700 -0.56980900
v -0.20730200 0.18219700 -0.56980900
v -0.20730200 0.18219700 -0.56980900
v 0.60874600 0.18219700 -0.56328300
v 0.60874600 0.18219700 -0.56328300
v 0.60874600 0.18219700 -0.56328300
v 0.60874600 0.18219700 -0.56328300
v -0.21920700 -0.21182300 -0.55623400
v -0.21920700 -0.21182300 -0.55623400
v -0.21920700 -0.21182300 -0.55623400
v -0.21920700 -0.21182300 -0.55623400
v -0.21920700 0.18219700 -0.55623400
v -0.21920700 0.18219700 -0.55623400
v -0.21920700 0.18219700 -0.55623400
v -0.21920700 0.18219700 -0.55623400
v 0.61746800 -0.21182300 -0.55022900
v 0.61746800 -0.21182300 -0.55022900
v 0.61746800 -0.21182300 -0.55022900
v 0.61746800 -0.21182300 -0.55022900
v 0.61746800 0.18219700 -0.55022900
v 0.61746800 0.18219700 -0.55022900
v 0.61746800 0.18219700 -0.55022900
v 0.61746800 0.18219700 -0.55022900
v -0.22923900 -0.21182300 -0.54122000
v -0.22923900 -0.21182300 -0.54122000
v -0.22923900 -0.21182300 -0.54122000
v -0.22923900 -0.21182300 -0.54122000
v -0.22923900 0.18219700 -0.54122000
v -0.22923900 0.18219700 -0.54122000
v -0.22923900 0.18219700 -0.54122000
v -0.22923900 0.18219700 -0.54122000
v 0.62441200 -0.21182300 -0.53614900
v 0.62441200 -0.21182300 -0.53614900
v 0.62441200 -0.21182300 -0.53614900
v 0.62441200 -0.21182300 -0.53614900
v 0.62441200 0.18219700 -0.53614900
v 0.62441200 0.18219700 -0.53614900
v 0.62441200 0.18219700 -0.53614900
v 0.62441200 0.18219700 -0.53614900
v -0.23722500 -0.21182300 -0.52502600
v -0.23722500 -0.21182300 -0.52502600
v -0.23722500 -0.21182300 -0.52502600
v -0.23722500 -0.21182300 -0.52502600
v -0.23722500 0.18219700 -0.52502600
v -0.23722500 0.18219700 -0.52502600
v -0.23722500 0.18219700 -0.52502600
v -0.23722500 0.18219700 -0.52502600
v 0.62945900 -0.21182300 -0.52128200
v 0.62945900 -0.21182300 -0.52128200
v 0.62945900 -0.21182300 -0.52128200
v 0.62945900 -0.21182300 -0.52128200
v 0.62945900 0.18219700 -0.52128200
v 0.62945900 0.18219700 -0.52128200
v 0.62945900 0.18219700 -0.52128200
v 0.62945900 0.18219700 -0.52128200
v -0.24302900 -0.21182300 -0.50792700
v -0.24302900 -0.21182300 -0.50792700
v -0.24302900 -0.21182300 -0.50792700
v -0.24302900 -0.21182300 -0.50792700
v -0.24302900 0.18219700 -0.50792700
v -0.24302900 0.18219700 -0.50792700
v -0.24302900 0.18219700 -0.50792700
v -0.24302900 0.18219700 -0.50792700
v 0.63252100 -0.21182300 -0.50588400
v 0.63252100 -0.21182300 -0.50588400
v 0.63252100 -0.21182300 -0.50588400
v 0.63252100 -0.21182300 -0.50588400
v 0.63252100 0.18219700 -0.50588400
v 0.63252100 0.18219700 -0.50588400
v 0.63252100 0.18219700 -0.50588400
v 0.63252100 0.18219700 -0.50588400
v -0.24655200 -0.21182300 -0.49021800
v -0.24655200 -0.21182300 -0.49021800
v -0.24655200 -0.21182300 -0.49021800
v -0.24655200 -0.21182300 -0.49021800
v -0.24655200 0.18219700 -0.49021800
v -0.24655200 0.18219700 -0.49021800
v -0.24655200 0.18219700 -0.49021800
v -0.24655200 0.18219700 -0.49021800
v 0.63354800 -0.21182300 -0.49021800
v 0.63354800 -0.21182300 -0.49021800
v 0.63354800 -0.21182300 -0.49021800
v 0.63354800 -0.21182300 -0.49021800
v 0.63354800 -0.21182300 -0.49021800
v 0.63354800 -0.21182300 -0.49021800
v 0.63354800 0.18219700 -0.49021800
v 0.63354800 0.18219700 -0.49021800
v 0.63354800 0.18219700 -0.49021800
v 0.63354800 0.18219700 -0.49021800
v 0.63354800 0.18219700 -0.49021800
v 0.63354800 0.18219700 -0.49021800
v 0.63354800 -0.21182300 0.15781100
v 0.63354800 -0.21182300 0.15781100
v 0.63354800 -0.21182300 0.15781100
v 0.63354800 -0.21182300 0.15781100
v 0.63354800 -0.21182300 0.15781100
v 0.63354800 -0.21182300 0.15781100
v -0.24773300 0.18219700 -0.47220000
v -0.24773300 0.18219700 -0.47220000
v -0.24773300 0.18219700 -0.47220000
v -0.24773300 0.18219700 -0.47220000
v -0.24773300 0.18219700 -0.47220000
v -0.24773300 0.18219700 -0.47220000
v -0.24773300 -0.21182300 -0.47220000
v -0.24773300 -0.21182300 -0.47220000
v -0.24773300 -0.21182300 -0.47220000
v -0.24773300 -0.21182300 -0.47220000
v -0.24773300 -0.21182300 -0.47220000
v -0.24773300 -0.21182300 -0.47220000
v 0.63354800 0.18219700 0.15781100
v 0.63354800 0.18219700 0.15781100
v 0.63354800 0.18219700 0.15781100
v 0.63354800 0.18219700 0.15781100
v 0.63354800 0.18219700 0.15781100
v 0.63354800 0.18219700 0.15781100
v -0.24773300 -0.21182300 0.14445300
v -0.24773300 -0.21182300 0.14445300
v -0.24773300 -0.21182300 0.14445300
v -0.24773300 -0.21182300 0.14445300
v -0.24773300 0.18219700 0.14445300
v -0.24773300 0.18219700 0.14445300
v -0.24773300 0.18219700 0.14445300
v -0.24773300 0.18219700 0.14445300
v 0.62920700 -0.21182300 0.17346600
v 0.62920700 -0.21182300 0.17346600
v 0.62920700 -0.21182300 0.17346600
v 0.62920700 -0.21182300 0.17346600
v 0.62920700 -0.21182300 0.17346600
v 0.62920700 -0.21182300 0.17346600
v -0.24665000 -0.21182300 0.16097600
v -0.24665000 -0.21182300 0.16097600
v 0.62920700 0.18219700 0.17346600
v 0.62920700 0.18219700 0.17346600
v 0.62920700 0.18219700 0.17346600
v 0.62920700 0.18219700 0.17346600
v 0.62920700 0.18219700 0.17346600
v 0.62920700 0.18219700 0.17346600
v -0.24665000 0.18219700 0.16097600
v -0.24665000 0.18219700 0.16097600
v 0.62312700 -0.21182300 0.18853100
v 0.62312700 -0.21182300 0.18853100
v 0.62312700 -0.21182300 0.18853100
v 0.62312700 -0.21182300 0.18853100
v 0.62312700 -0.21182300 0.18853100
v 0.62312700 -0.21182300 0.18853100
v -0.24341900 -0.21182300 0.17721600
v -0.24341900 -0.21182300 0.17721600
v -0.24341900 0.18219700 0.17721600
v -0.24341900 0.18219700 0.17721600
v 0.62312700 0.18219700 0.18853100
v 0.62312700 0.18219700 0.18853100
v 0.62312700 0.18219700 0.18853100
v 0.62312700 0.18219700 0.18853100
v 0.62312700 0.18219700 0.18853100
v 0.62312700 0.18219700 0.18853100
v 0.61538700 -0.21182300 0.20281300
v 0.61538700 -0.21182300 0.20281300
v 0.61538700 -0.21182300 0.20281300
v 0.61538700 -0.21182300 0.20281300
v 0.61538700 -0.21182300 0.20281300
v 0.61538700 -0.21182300 0.20281300
v -0.23809700 -0.21182300 0.19289600
v -0.23809700 -0.21182300 0.19289600
v -0.23809700 0.18219700 0.19289600
v -0.23809700 0.18219700 0.19289600
v 0.61538700 0.18219700 0.20281300
v 0.61538700 0.18219700 0.20281300
v 0.61538700 0.18219700 0.20281300
v 0.61538700 0.18219700 0.20281300
v 0.61538700 0.18219700 0.20281300
v 0.61538700 0.18219700 0.20281300
v 0.60608400 -0.21182300 0.21613200
v 0.60608400 -0.21182300 0.21613200
v 0.60608400 -0.21182300 0.21613200
v 0.60608400 -0.21182300 0.21613200
v 0.60608400 -0.21182300 0.21613200
v 0.60608400 -0.21182300 0.21613200
v -0.23077300 -0.21182300 0.20774700
v -0.23077300 -0.21182300 0.20774700
v -0.23077300 0.18219700 0.20774700
v -0.23077300 0.18219700 0.20774700
v 0.60608400 0.18219700 0.21613200
v 0.60608400 0.18219700 0.21613200
v 0.60608400 0.18219700 0.21613200
v 0.60608400 0.18219700 0.21613200
v 0.60608400 0.18219700 0.21613200
v 0.60608400 0.18219700 0.21613200
v 0.59533800 -0.21182300 0.22831600
v 0.59533800 -0.21182300 0.22831600
v 0.59533800 -0.21182300 0.22831600
v 0.59533800 -0.21182300 0.22831600
v 0.59533800 -0.21182300 0.22831600
v 0.59533800 -0.21182300 0.22831600
v -0.22157400 -0.21182300 0.22151500
v -0.22157400 -0.21182300 0.22151500
v -0.22157400 0.18219700 0.22151500
v -0.22157400 0.18219700 0.22151500
v 0.59533800 0.18219700 0.22831600
v 0.59533800 0.18219700 0.22831600
v 0.59533800 0.18219700 0.22831600
v 0.59533800 0.18219700 0.22831600
v 0.59533800 0.18219700 0.22831600
v 0.59533800 0.18219700 0.22831600
v 0.58328600 0.18219700 0.23920900
v 0.58328600 0.18219700 0.23920900
v 0.58328600 0.18219700 0.23920900
v 0.58328600 0.18219700 0.23920900
v 0.58328600 0.18219700 0.23920900
v 0.58328600 0.18219700 0.23920900
v -0.21065600 -0.21182300 0.23396400
v -0.21065600 -0.21182300 0.23396400
v -0.21065600 0.18219700 0.23396400
v -0.21065600 0.18219700 0.23396400
v 0.58328600 -0.21182300 0.23920900
v 0.58328600 -0.21182300 0.23920900
v 0.58328600 -0.21182300 0.23920900
v 0.58328600 -0.21182300 0.23920900
v 0.58328600 -0.21182300 0.23920900
v 0.58328600 -0.21182300 0.23920900
v 0.57008200 0.18219700 0.24867300
v 0.57008200 0.18219700 0.24867300
v 0.57008200 0.18219700 0.24867300
v 0.57008200 0.18219700 0.24867300
v 0.57008200 0.18219700 0.24867300
v 0.57008200 0.18219700 0.24867300
v -0.19820700 0.18219700 0.24488200
v -0.19820700 0.18219700 0.24488200
v -0.19820700 -0.21182300 0.24488200
v -0.19820700 -0.21182300 0.24488200
v 0.57008200 -0.21182300 0.24867300
v 0.57008200 -0.21182300 0.24867300
v 0.57008200 -0.21182300 0.24867300
v 0.57008200 -0.21182300 0.24867300
v 0.57008200 -0.21182300 0.24867300
v 0.57008200 -0.21182300 0.24867300
v 0.55589400 0.18219700 0.25658700
v 0.55589400 0.18219700 0.25658700
v 0.55589400 0.18219700 0.25658700
v 0.55589400 0.18219700 0.25658700
v 0.55589400 0.18219700 0.25658700
v 0.55589400 0.18219700 0.25658700
v -0.18443900 0.18219700 0.25408100
v -0.18443900 0.18219700 0.25408100
v -0.18443900 -0.21182300 0.25408100
v -0.18443900 -0.21182300 0.25408100
v 0.55589400 -0.21182300 0.25658700
v 0.55589400 -0.21182300 0.25658700
v 0.55589400 -0.21182300 0.25658700
v 0.55589400 -0.21182300 0.25658700
v 0.55589400 -0.21182300 0.25658700
v 0.55589400 -0.21182300 0.25658700
v 0.54090400 0.18219700 0.26284900
v 0.54090400 0.18219700 0.26284900
v 0.54090400 0.18219700 0.26284900
v 0.54090400 0.18219700 0.26284900
v 0.54090400 0.18219700 0.26284900
v 0.54090400 0.18219700 0.26284900
v -0.16958800 0.18219700 0.26140500
v -0.16958800 0.18219700 0.26140500
v -0.16958800 -0.21182300 0.26140500
v -0.16958800 -0.21182300 0.26140500
v 0.54090400 -0.21182300 0.26284900
v 0.54090400 -0.21182300 0.26284900
v 0.54090400 -0.21182300 0.26284900
v 0.54090400 -0.21182300 0.26284900
v 0.54090400 -0.21182300 0.26284900
v 0.54090400 -0.21182300 0.26284900
v 0.52530300 0.18219700 0.26738100
v 0.52530300 0.18219700 0.26738100
v 0.52530300 0.18219700 0.26738100
v 0.52530300 0.18219700 0.26738100
v 0.52530300 0.18219700 0.26738100
v 0.52530300 0.18219700 0.26738100
v -0.15390800 0.18219700 0.26672700
v -0.15390800 0.18219700 0.26672700
v -0.15390800 -0.21182300 0.26672700
v -0.15390800 -0.21182300 0.26672700
v 0.52530300 -0.21182300 0.26738100
v 0.52530300 -0.21182300 0.26738100
v 0.52530300 -0.21182300 0.26738100
v 0.52530300 -0.21182300 0.26738100
v 0.52530300 -0.21182300 0.26738100
v 0.52530300 -0.21182300 0.26738100
v 0.50929100 0.18219700 0.27012300
v 0.50929100 0.18219700 0.27012300
v 0.50929100 0.18219700 0.27012300
v 0.50929100 0.18219700 0.27012300
v 0.50929100 0.18219700 0.27012300
v 0.50929100 0.18219700 0.27012300
v -0.13766800 0.18219700 0.26995800
v -0.13766800 0.18219700 0.26995800
v -0.13766800 -0.21182300 0.26995800
v -0.13766800 -0.21182300 0.26995800
v 0.50929100 -0.21182300 0.27012300
v 0.50929100 -0.21182300 0.27012300
v 0.50929100 -0.21182300 0.27012300
v 0.50929100 -0.21182300 0.27012300
v 0.50929100 -0.21182300 0.27012300
v 0.50929100 -0.21182300 0.27012300
v 0.49307100 0.18219700 0.27104100
v 0.49307100 0.18219700 0.27104100
v 0.49307100 0.18219700 0.27104100
v 0.49307100 0.18219700 0.27104100
v -0.12114500 0.18219700 0.27104100
v -0.12114500 0.18219700 0.27104100
v -0.12114500 -0.21182300 0.27104100
v -0.12114500 -0.21182300 0.27104100
v 0.49307100 0.17574900 0.27104100
v 0.49307100 0.17574900 0.27104100
v 0.49307100 0.17574900 0.27104100
v 0.49307100 0.17574900 0.27104100
v 0.49307100 -0.21182300 0.27104100
v 0.49307100 -0.21182300 0.27104100
v 0.49307100 -0.21182300 0.27104100
v 0.49307100 -0.21182300 0.27104100
v 0.49307100 -0.20236700 0.27104100
v 0.49307100 -0.20236700 0.27104100
v 0.49307100 -0.20236700 0.27104100
v 0.49307100 -0.20236700 0.27104100
v -0.10613500 0.17574900 0.27104100
v -0.10613500 0.17574900 0.27104100
v 0.49307100 -0.20236700 0.12967500
v 0.49307100 -0.20236700 0.12967500
v 0.49307100 -0.20236700 0.12967500
v 0.49307100 -0.20236700 0.12967500
v -0.10668200 0.17574900 0.26691900
v -0.10668200 0.17574900 0.26691900
v -0.10610800 0.17574900 0.27080300
v -0.10610800 0.17574900 0.27080300
v -0.12114500 -0.08205500 0.27104100
v -0.12114500 -0.08205500 0.27104100
v -0.10469300 -0.20236700 0.27104100
v -0.10469300 -0.20236700 0.27104100
v 0.49307100 0.17574900 0.12967500
v 0.49307100 0.17574900 0.12967500
v 0.49307100 0.17574900 0.12967500
v 0.49307100 0.17574900 0.12967500
v -0.12006200 -0.20236700 0.25451800
v -0.12006200 -0.20236700 0.25451800
v -0.10824100 0.17574900 0.26331600
v -0.10824100 0.17574900 0.26331600
v -0.12114500 -0.08205500 0.25458900
v -0.12114500 -0.08205500 0.25458900
v -0.12114500 0.05844500 0.27104100
v -0.12114500 0.05844500 0.27104100
v -0.10490500 -0.20236700 0.26781100
v -0.10490500 -0.20236700 0.26781100
v -0.12114500 0.17574900 0.12967500
v -0.12114500 0.17574900 0.12967500
v -0.12114500 0.17574900 0.12967500
v -0.12114500 0.17574900 0.12967500
v -0.12114500 0.17574900 0.12967500
v -0.12114500 0.17574900 0.12967500
v 0.36846100 -0.05225600 0.12967500
v 0.36846100 -0.05225600 0.12967500
v -0.11582200 -0.20236700 0.25536100
v -0.11582200 -0.20236700 0.25536100
v -0.12114500 -0.20236700 0.25458900
v -0.12114500 -0.20236700 0.25458900
v -0.12114500 -0.20236700 0.25458900
v -0.12114500 -0.20236700 0.25458900
v -0.11068000 0.17574900 0.26024000
v -0.11068000 0.17574900 0.26024000
v -0.12114500 0.17574900 0.25603100
v -0.12114500 0.17574900 0.25603100
v -0.12114500 0.17574900 0.25603100
v -0.12114500 0.17574900 0.25603100
v -0.12114500 -0.08205500 0.26201800
v -0.12114500 -0.08205500 0.26201800
v -0.12114500 0.05844500 0.25603100
v -0.12114500 0.05844500 0.25603100
v -0.10629400 -0.20236700 0.26371700
v -0.10629400 -0.20236700 0.26371700
v 0.02487000 0.05015500 0.12967500
v 0.02487000 0.05015500 0.12967500
v 0.36846100 0.02450400 0.12967500
v 0.36846100 0.02450400 0.12967500
v 0.36824300 -0.05558400 0.12967500
v 0.36824300 -0.05558400 0.12967500
v -0.11194600 -0.20236700 0.25727300
v -0.11194600 -0.20236700 0.25727300
v -0.12114500 -0.20236700 0.12967500
v -0.12114500 -0.20236700 0.12967500
v -0.12114500 -0.20236700 0.12967500
v -0.12114500 -0.20236700 0.12967500
v -0.12114500 -0.20236700 0.12967500
v -0.12114500 -0.20236700 0.12967500
v -0.11383300 0.17574900 0.25789900
v -0.11383300 0.17574900 0.25789900
v -0.11748300 0.17574900 0.25645500
v -0.11748300 0.17574900 0.25645500
v -0.10869500 -0.20236700 0.26012300
v -0.10869500 -0.20236700 0.26012300
v 0.02129300 0.04894000 0.12967500
v 0.02129300 0.04894000 0.12967500
v 0.02857600 0.05089200 0.12967500
v 0.02857600 0.05089200 0.12967500
v 0.36823400 0.02798000 0.12967500
v 0.36823400 0.02798000 0.12967500
v 0.36759200 -0.05885600 0.12967500
v 0.36759200 -0.05885600 0.12967500
v 0.02962600 -0.07655400 0.12967500
v 0.02962600 -0.07655400 0.12967500
v 0.01790500 0.04726900 0.12967500
v 0.01790500 0.04726900 0.12967500
v 0.03234500 0.05113900 0.12967500
v 0.03234500 0.05113900 0.12967500
v 0.36755400 0.03139700 0.12967500
v 0.36755400 0.03139700 0.12967500
v 0.36652000 -0.06201500 0.12967500
v 0.36652000 -0.06201500 0.12967500
v 0.02525400 -0.07507000 0.12967500
v 0.02525400 -0.07507000 0.12967500
v 0.03415400 -0.07745500 0.12967500
v 0.03415400 -0.07745500 0.12967500
v 0.00819400 -0.06010900 0.12967500
v 0.00819400 -0.06010900 0.12967500
v 0.01476400 0.04517100 0.12967500
v 0.01476400 0.04517100 0.12967500
v 0.34182600 0.05113900 0.12967500
v 0.34182600 0.05113900 0.12967500
v 0.36643400 0.03469600 0.12967500
v 0.36643400 0.03469600 0.12967500
v 0.36504500 -0.06500600 0.12967500
v 0.36504500 -0.06500600 0.12967500
v 0.02111300 -0.07302800 0.12967500
v 0.02111300 -0.07302800 0.12967500
v 0.03876100 -0.07775700 0.12967500
v 0.03876100 -0.07775700 0.12967500
v 0.01075900 -0.06394800 0.12967500
v 0.01075900 -0.06394800 0.12967500
v 0.00615200 -0.05596800 0.12967500
v 0.00615200 -0.05596800 0.12967500
v 0.01192400 0.04268000 0.12967500
v 0.01192400 0.04268000 0.12967500
v 0.34530300 0.05091100 0.12967500
v 0.34530300 0.05091100 0.12967500
v 0.36489300 0.03782100 0.12967500
v 0.36489300 0.03782100 0.12967500
v 0.36319200 -0.06778000 0.12967500
v 0.36319200 -0.06778000 0.12967500
v 0.01727400 -0.07046300 0.12967500
v 0.01727400 -0.07046300 0.12967500
v 0.34296000 -0.07775700 0.12967500
v 0.34296000 -0.07775700 0.12967500
v 0.01380300 -0.06741900 0.12967500
v 0.01380300 -0.06741900 0.12967500
v 0.00466800 -0.05159600 0.12967500
v 0.00466800 -0.05159600 0.12967500
v 0.00943300 0.03984000 0.12967500
v 0.00943300 0.03984000 0.12967500
v 0.34872000 0.05023100 0.12967500
v 0.34872000 0.05023100 0.12967500
v 0.36295700 0.04071800 0.12967500
v 0.36295700 0.04071800 0.12967500
v 0.36099200 -0.07028800 0.12967500
v 0.36099200 -0.07028800 0.12967500
v 0.34628800 -0.07753900 0.12967500
v 0.34628800 -0.07753900 0.12967500
v 0.00376700 -0.04706800 0.12967500
v 0.00376700 -0.04706800 0.12967500
v 0.00733400 0.03669900 0.12967500
v 0.00733400 0.03669900 0.12967500
v 0.35201900 0.04911100 0.12967500
v 0.35201900 0.04911100 0.12967500
v 0.36066000 0.04333700 0.12967500
v 0.36066000 0.04333700 0.12967500
v 0.35848400 -0.07248700 0.12967500
v 0.35848400 -0.07248700 0.12967500
v 0.34956000 -0.07688800 0.12967500
v 0.34956000 -0.07688800 0.12967500
v 0.00346500 -0.04246100 0.12967500
v 0.00346500 -0.04246100 0.12967500
v 0.00566300 0.03331000 0.12967500
v 0.00566300 0.03331000 0.12967500
v 0.35514400 0.04757000 0.12967500
v 0.35514400 0.04757000 0.12967500
v 0.35804100 0.04563500 0.12967500
v 0.35804100 0.04563500 0.12967500
v 0.35571100 -0.07434000 0.12967500
v 0.35571100 -0.07434000 0.12967500
v 0.35271900 -0.07581600 0.12967500
v 0.35271900 -0.07581600 0.12967500
v 0.00346500 0.02225900 0.12967500
v 0.00346500 0.02225900 0.12967500
v 0.00444900 0.02973300 0.12967500
v 0.00444900 0.02973300 0.12967500
v 0.00371200 0.02602800 0.12967500
v 0.00371200 0.02602800 0.12967500
v -0.64580000 -0.19886500 0.74655000
v -0.64580000 -0.19886500 0.74655000
v -0.64580000 -0.19886500 0.74655000
v -0.64580000 -0.19886500 0.74655000
v -0.64580000 -0.19886500 0.74655000
v -0.64580000 -0.19886500 0.74655000
v -0.61820000 -0.16201700 0.72247200
v -0.61820000 -0.16201700 0.72247200
v -0.61820000 -0.16201700 0.72247200
v -0.61820000 -0.16201700 0.72247200
v -0.61820000 -0.16201700 0.72247200
v -0.61820000 -0.16201700 0.72247200
v -0.61957000 0.13934500 0.72366800
v -0.61957000 0.13934500 0.72366800
v -0.61957000 0.13934500 0.72366800
v -0.61957000 0.13934500 0.72366800
v -0.61957000 0.13934500 0.72366800
v -0.61957000 0.13934500 0.72366800
v -0.12449200 -0.19886500 0.29178400
v -0.12449200 -0.19886500 0.29178400
v -0.12449200 -0.19886500 0.29178400
v -0.12449200 -0.19886500 0.29178400
v -0.12449200 -0.19886500 0.29178400
v -0.12449200 -0.19886500 0.29178400
v -0.83174200 -0.16201700 0.47768400
v -0.83174200 -0.16201700 0.47768400
v -0.83174200 -0.16201700 0.47768400
v -0.83174200 -0.16201700 0.47768400
v -0.83174200 -0.16201700 0.47768400
v -0.83174200 -0.16201700 0.47768400
v -0.64750600 0.17619400 0.74803800
v -0.64750600 0.17619400 0.74803800
v -0.64750600 0.17619400 0.74803800
v -0.64750600 0.17619400 0.74803800
v -0.64750600 0.17619400 0.74803800
v -0.64750600 0.17619400 0.74803800
v -0.82871800 -0.19886500 0.43114100
v -0.82871800 -0.19886500 0.43114100
v -0.82871800 -0.19886500 0.43114100
v -0.82871800 -0.19886500 0.43114100
v -0.82871800 -0.19886500 0.43114100
v -0.82871800 -0.19886500 0.43114100
v -0.15226000 -0.16201700 0.31600700
v -0.15226000 -0.16201700 0.31600700
v -0.15226000 -0.16201700 0.31600700
v -0.15226000 -0.16201700 0.31600700
v -0.15226000 -0.16201700 0.31600700
v -0.15226000 -0.16201700 0.31600700
v -0.83311200 0.13934500 0.47887900
v -0.83311200 0.13934500 0.47887900
v -0.83311200 0.13934500 0.47887900
v -0.83311200 0.13934500 0.47887900
v -0.83311200 0.13934500 0.47887900
v -0.83311200 0.13934500 0.47887900
v -0.12619800 0.17619400 0.29327200
v -0.12619800 0.17619400 0.29327200
v -0.12619800 0.17619400 0.29327200
v -0.12619800 0.17619400 0.29327200
v -0.12619800 0.17619400 0.29327200
v -0.12619800 0.17619400 0.29327200
v -0.83540400 -0.19886500 0.52920300
v -0.83540400 -0.19886500 0.52920300
v -0.83540400 -0.19886500 0.52920300
v -0.83540400 -0.19886500 0.52920300
v -0.83540400 -0.19886500 0.52920300
v -0.83540400 -0.19886500 0.52920300
v -0.35978400 -0.19886500 0.02206300
v -0.35978400 -0.19886500 0.02206300
v -0.35978400 -0.19886500 0.02206300
v -0.35978400 -0.19886500 0.02206300
v -0.35978400 -0.19886500 0.02206300
v -0.35978400 -0.19886500 0.02206300
v -0.83516400 -0.19886500 0.43755300
v -0.83516400 -0.19886500 0.43755300
v -0.83516400 -0.19886500 0.43755300
v -0.83516400 -0.19886500 0.43755300
v -0.83516400 -0.19886500 0.43755300
v -0.83516400 -0.19886500 0.43755300
v -0.15226000 0.05644700 0.31600700
v -0.15226000 0.05644700 0.31600700
v -0.15226000 0.05644700 0.31600700
v -0.15226000 0.05644700 0.31600700
v -0.15226000 0.05644700 0.31600700
v -0.15226000 0.05644700 0.31600700
v -0.36698700 0.13934500 0.07225200
v -0.36698700 0.13934500 0.07225200
v -0.36698700 0.13934500 0.07225200
v -0.36698700 0.13934500 0.07225200
v -0.36698700 0.13934500 0.07225200
v -0.36698700 0.13934500 0.07225200
v -0.15344400 0.13934500 0.31704000
v -0.15344400 0.13934500 0.31704000
v -0.15344400 0.13934500 0.31704000
v -0.15344400 0.13934500 0.31704000
v -0.15344400 0.13934500 0.31704000
v -0.15344400 0.13934500 0.31704000
v -0.36580200 -0.16201700 0.07121900
v -0.36580200 -0.16201700 0.07121900
v -0.36580200 -0.16201700 0.07121900
v -0.36580200 -0.16201700 0.07121900
v -0.36580200 -0.16201700 0.07121900
v -0.36580200 -0.16201700 0.07121900
v -0.82871800 0.17619400 0.43114100
v -0.82871800 0.17619400 0.43114100
v -0.82871800 0.17619400 0.43114100
v -0.82871800 0.17619400 0.43114100
v -0.82871800 0.17619400 0.43114100
v -0.82871800 0.17619400 0.43114100
v -0.83840800 0.17619400 0.52920300
v -0.83840800 0.17619400 0.52920300
v -0.83840800 0.17619400 0.52920300
v -0.83840800 0.17619400 0.52920300
v -0.84091900 -0.19886500 0.52197600
v -0.84091900 -0.19886500 0.52197600
v -0.84091900 -0.19886500 0.52197600
v -0.84091900 -0.19886500 0.52197600
v -0.84091900 -0.19886500 0.52197600
v -0.84091900 -0.19886500 0.52197600
v -0.36149000 0.17619400 0.02355200
v -0.36149000 0.17619400 0.02355200
v -0.36149000 0.17619400 0.02355200
v -0.36149000 0.17619400 0.02355200
v -0.36149000 0.17619400 0.02355200
v -0.36149000 0.17619400 0.02355200
v -0.35978400 0.05679600 0.02206300
v -0.35978400 0.05679600 0.02206300
v -0.35978400 0.05679600 0.02206300
v -0.35978400 0.05679600 0.02206300
v -0.35978400 0.05679600 0.02206300
v -0.35978400 0.05679600 0.02206300
v -0.84071700 -0.19886500 0.44475000
v -0.84071700 -0.19886500 0.44475000
v -0.84071700 -0.19886500 0.44475000
v -0.84071700 -0.19886500 0.44475000
v -0.84071700 -0.19886500 0.44475000
v -0.84071700 -0.19886500 0.44475000
v -0.83516400 0.17619400 0.43755300
v -0.83516400 0.17619400 0.43755300
v -0.83516400 0.17619400 0.43755300
v -0.83516400 0.17619400 0.43755300
v -0.83516400 0.17619400 0.43755300
v -0.83516400 0.17619400 0.43755300
v -0.83629600 0.17619400 0.52803400
v -0.83629600 0.17619400 0.52803400
v -0.83629600 0.17619400 0.52803400
v -0.83629600 0.17619400 0.52803400
v -0.84544400 -0.19886500 0.51409100
v -0.84544400 -0.19886500 0.51409100
v -0.84544400 -0.19886500 0.51409100
v -0.84544400 -0.19886500 0.51409100
v -0.84544400 -0.19886500 0.51409100
v -0.84544400 -0.19886500 0.51409100
v -0.83540400 0.17619400 0.52920300
v -0.83540400 0.17619400 0.52920300
v -0.12449200 0.05679600 0.29178400
v -0.12449200 0.05679600 0.29178400
v -0.12449200 0.05679600 0.29178400
v -0.12449200 0.05679600 0.29178400
v -0.12449200 0.05679600 0.29178400
v -0.12449200 0.05679600 0.29178400
v -0.84528300 -0.19886500 0.45261200
v -0.84528300 -0.19886500 0.45261200
v -0.84528300 -0.19886500 0.45261200
v -0.84528300 -0.19886500 0.45261200
v -0.84528300 -0.19886500 0.45261200
v -0.84528300 -0.19886500 0.45261200
v -0.84071700 0.17619400 0.44475000
v -0.84071700 0.17619400 0.44475000
v -0.84071700 0.17619400 0.44475000
v -0.84071700 0.17619400 0.44475000
v -0.84071700 0.17619400 0.44475000
v -0.84071700 0.17619400 0.44475000
v -0.36580200 0.05644700 0.07121900
v -0.36580200 0.05644700 0.07121900
v -0.36580200 0.05644700 0.07121900
v -0.36580200 0.05644700 0.07121900
v -0.36580200 0.05644700 0.07121900
v -0.36580200 0.05644700 0.07121900
v -0.84091900 0.17619400 0.52197600
v -0.84091900 0.17619400 0.52197600
v -0.84091900 0.17619400 0.52197600
v -0.84091900 0.17619400 0.52197600
v -0.84091900 0.17619400 0.52197600
v -0.84091900 0.17619400 0.52197600
v -0.84890100 -0.19886500 0.50568300
v -0.84890100 -0.19886500 0.50568300
v -0.84890100 -0.19886500 0.50568300
v -0.84890100 -0.19886500 0.50568300
v -0.84890100 -0.19886500 0.50568300
v -0.84890100 -0.19886500 0.50568300
v -0.84878400 -0.19886500 0.46100200
v -0.84878400 -0.19886500 0.46100200
v -0.84878400 -0.19886500 0.46100200
v -0.84878400 -0.19886500 0.46100200
v -0.84878400 -0.19886500 0.46100200
v -0.84878400 -0.19886500 0.46100200
v -0.84528300 0.17619400 0.45261200
v -0.84528300 0.17619400 0.45261200
v -0.84528300 0.17619400 0.45261200
v -0.84528300 0.17619400 0.45261200
v -0.84528300 0.17619400 0.45261200
v -0.84528300 0.17619400 0.45261200
v -0.84544400 0.17619400 0.51409100
v -0.84544400 0.17619400 0.51409100
v -0.84544400 0.17619400 0.51409100
v -0.84544400 0.17619400 0.51409100
v -0.84544400 0.17619400 0.51409100
v -0.84544400 0.17619400 0.51409100
v -0.85123100 -0.19886500 0.49689500
v -0.85123100 -0.19886500 0.49689500
v -0.85123100 -0.19886500 0.49689500
v -0.85123100 -0.19886500 0.49689500
v -0.85123100 -0.19886500 0.49689500
v -0.85123100 -0.19886500 0.49689500
v -0.85116000 -0.19886500 0.46977700
v -0.85116000 -0.19886500 0.46977700
v -0.85116000 -0.19886500 0.46977700
v -0.85116000 -0.19886500 0.46977700
v -0.85116000 -0.19886500 0.46977700
v -0.85116000 -0.19886500 0.46977700
v -0.84878400 0.17619400 0.46100200
v -0.84878400 0.17619400 0.46100200
v -0.84878400 0.17619400 0.46100200
v -0.84878400 0.17619400 0.46100200
v -0.84878400 0.17619400 0.46100200
v -0.84878400 0.17619400 0.46100200
v -0.84890100 0.17619400 0.50568300
v -0.84890100 0.17619400 0.50568300
v -0.84890100 0.17619400 0.50568300
v -0.84890100 0.17619400 0.50568300
v -0.84890100 0.17619400 0.50568300
v -0.84890100 0.17619400 0.50568300
v -0.85239400 -0.19886500 0.48787900
v -0.85239400 -0.19886500 0.48787900
v -0.85239400 -0.19886500 0.48787900
v -0.85239400 -0.19886500 0.48787900
v -0.85239400 -0.19886500 0.48787900
v -0.85239400 -0.19886500 0.48787900
v -0.85237000 -0.19886500 0.47878700
v -0.85237000 -0.19886500 0.47878700
v -0.85237000 -0.19886500 0.47878700
v -0.85237000 -0.19886500 0.47878700
v -0.85237000 -0.19886500 0.47878700
v -0.85237000 -0.19886500 0.47878700
v -0.85116000 0.17619400 0.46977700
v -0.85116000 0.17619400 0.46977700
v -0.85116000 0.17619400 0.46977700
v -0.85116000 0.17619400 0.46977700
v -0.85116000 0.17619400 0.46977700
v -0.85116000 0.17619400 0.46977700
v -0.85123100 0.17619400 0.49689500
v -0.85123100 0.17619400 0.49689500
v -0.85123100 0.17619400 0.49689500
v -0.85123100 0.17619400 0.49689500
v -0.85123100 0.17619400 0.49689500
v -0.85123100 0.17619400 0.49689500
v -0.85237000 0.17619400 0.47878700
v -0.85237000 0.17619400 0.47878700
v -0.85237000 0.17619400 0.47878700
v -0.85237000 0.17619400 0.47878700
v -0.85237000 0.17619400 0.47878700
v -0.85237000 0.17619400 0.47878700
v -0.85239400 0.17619400 0.48787900
v -0.85239400 0.17619400 0.48787900
v -0.85239400 0.17619400 0.48787900
v -0.85239400 0.17619400 0.48787900
v -0.85239400 0.17619400 0.48787900
v -0.85239400 0.17619400 0.48787900
v -0.01867400 -0.01300900 0.23982000
v -0.01867400 -0.01300900 0.23982000
v -0.01867400 -0.01300900 0.23982000
v -0.01867400 -0.01300900 0.23982000
v 0.01081800 -0.01300900 0.23750800
v 0.01081800 -0.01300900 0.23750800
v 0.01081800 -0.01300900 0.23750800
v 0.01081800 -0.01300900 0.23750800
v -0.00408000 -0.01300900 0.23672300
v -0.00408000 -0.01300900 0.23672300
v -0.00408000 -0.01300900 0.23672300
v -0.00408000 -0.01300900 0.23672300
v 0.02500500 -0.01300900 0.24212300
v 0.02500500 -0.01300900 0.24212300
v 0.02500500 -0.01300900 0.24212300
v 0.02500500 -0.01300900 0.24212300
v -0.00408000 -0.03105600 0.23672300
v -0.00408000 -0.03105600 0.23672300
v -0.00408000 -0.03105600 0.23672300
v -0.00408000 -0.03105600 0.23672300
v -0.00408000 -0.03105600 0.23672300
v -0.00408000 -0.03105600 0.23672300
v 0.01081800 0.00804600 0.23750800
v 0.01081800 0.00804600 0.23750800
v 0.01081800 0.00804600 0.23750800
v 0.01081800 0.00804600 0.23750800
v 0.01081800 0.00804600 0.23750800
v 0.01081800 0.00804600 0.23750800
v -0.01867400 -0.03105600 0.23982000
v -0.01867400 -0.03105600 0.23982000
v -0.01867400 -0.03105600 0.23982000
v -0.01867400 -0.03105600 0.23982000
v -0.01867400 -0.03105600 0.23982000
v -0.01867400 -0.03105600 0.23982000
v -0.00408000 0.00804600 0.23672300
v -0.00408000 0.00804600 0.23672300
v -0.00408000 0.00804600 0.23672300
v -0.00408000 0.00804600 0.23672300
v -0.00408000 0.00804600 0.23672300
v -0.00408000 0.00804600 0.23672300
v -0.03196900 -0.01300900 0.24658900
v -0.03196900 -0.01300900 0.24658900
v -0.03196900 -0.01300900 0.24658900
v -0.03196900 -0.01300900 0.24658900
v 0.01081800 -0.03105600 0.23750800
v 0.01081800 -0.03105600 0.23750800
v 0.01081800 -0.03105600 0.23750800
v 0.01081800 -0.03105600 0.23750800
v 0.01081800 -0.03105600 0.23750800
v 0.01081800 -0.03105600 0.23750800
v 0.02500500 0.00804600 0.24212300
v 0.02500500 0.00804600 0.24212300
v 0.02500500 0.00804600 0.24212300
v 0.02500500 0.00804600 0.24212300
v 0.02500500 0.00804600 0.24212300
v 0.02500500 0.00804600 0.24212300
v -0.03196900 -0.03105600 0.24658900
v -0.03196900 -0.03105600 0.24658900
v -0.03196900 -0.03105600 0.24658900
v -0.03196900 -0.03105600 0.24658900
v -0.03196900 -0.03105600 0.24658900
v -0.03196900 -0.03105600 0.24658900
v -0.01867400 0.00804600 0.23982000
v -0.01867400 0.00804600 0.23982000
v -0.01867400 0.00804600 0.23982000
v -0.01867400 0.00804600 0.23982000
v -0.01867400 0.00804600 0.23982000
v -0.01867400 0.00804600 0.23982000
v 0.03751400 -0.01300900 0.25025200
v 0.03751400 -0.01300900 0.25025200
v 0.03751400 -0.01300900 0.25025200
v 0.03751400 -0.01300900 0.25025200
v 0.02500500 -0.03105600 0.24212300
v 0.02500500 -0.03105600 0.24212300
v 0.02500500 -0.03105600 0.24212300
v 0.02500500 -0.03105600 0.24212300
v 0.02500500 -0.03105600 0.24212300
v 0.02500500 -0.03105600 0.24212300
v 0.03751400 0.00804600 0.25025200
v 0.03751400 0.00804600 0.25025200
v 0.03751400 0.00804600 0.25025200
v 0.03751400 0.00804600 0.25025200
v 0.03751400 0.00804600 0.25025200
v 0.03751400 0.00804600 0.25025200
v -0.04305800 -0.03105600 0.25656800
v -0.04305800 -0.03105600 0.25656800
v -0.04305800 -0.03105600 0.25656800
v -0.04305800 -0.03105600 0.25656800
v -0.04305800 -0.03105600 0.25656800
v -0.04305800 -0.03105600 0.25656800
v -0.03196900 0.00804600 0.24658900
v -0.03196900 0.00804600 0.24658900
v -0.03196900 0.00804600 0.24658900
v -0.03196900 0.00804600 0.24658900
v -0.03196900 0.00804600 0.24658900
v -0.03196900 0.00804600 0.24658900
v -0.04305800 -0.01300900 0.25656800
v -0.04305800 -0.01300900 0.25656800
v -0.04305800 -0.01300900 0.25656800
v -0.04305800 -0.01300900 0.25656800
v 0.03751400 -0.03105600 0.25025200
v 0.03751400 -0.03105600 0.25025200
v 0.03751400 -0.03105600 0.25025200
v 0.03751400 -0.03105600 0.25025200
v 0.03751400 -0.03105600 0.25025200
v 0.03751400 -0.03105600 0.25025200
v 0.04749300 -0.01300900 0.26134100
v 0.04749300 -0.01300900 0.26134100
v 0.04749300 -0.01300900 0.26134100
v 0.04749300 -0.01300900 0.26134100
v -0.04305800 0.00804600 0.25656800
v -0.04305800 0.00804600 0.25656800
v -0.04305800 0.00804600 0.25656800
v -0.04305800 0.00804600 0.25656800
v -0.04305800 0.00804600 0.25656800
v -0.04305800 0.00804600 0.25656800
v -0.05118700 -0.01300900 0.26907700
v -0.05118700 -0.01300900 0.26907700
v -0.05118700 -0.01300900 0.26907700
v -0.05118700 -0.01300900 0.26907700
v 0.04749300 -0.03105600 0.26134100
v 0.04749300 -0.03105600 0.26134100
v 0.04749300 -0.03105600 0.26134100
v 0.04749300 -0.03105600 0.26134100
v 0.04749300 -0.03105600 0.26134100
v 0.04749300 -0.03105600 0.26134100
v 0.04749300 0.00804600 0.26134100
v 0.04749300 0.00804600 0.26134100
v 0.04749300 0.00804600 0.26134100
v 0.04749300 0.00804600 0.26134100
v 0.04749300 0.00804600 0.26134100
v 0.04749300 0.00804600 0.26134100
v -0.05118700 -0.03105600 0.26907700
v -0.05118700 -0.03105600 0.26907700
v -0.05118700 -0.03105600 0.26907700
v -0.05118700 -0.03105600 0.26907700
v -0.05118700 -0.03105600 0.26907700
v -0.05118700 -0.03105600 0.26907700
v -0.05118700 0.00804600 0.26907700
v -0.05118700 0.00804600 0.26907700
v -0.05118700 0.00804600 0.26907700
v -0.05118700 0.00804600 0.26907700
v -0.05118700 0.00804600 0.26907700
v -0.05118700 0.00804600 0.26907700
v 0.05426200 -0.01300900 0.27463600
v 0.05426200 -0.01300900 0.27463600
v 0.05426200 -0.01300900 0.27463600
v 0.05426200 -0.01300900 0.27463600
v 0.05426200 -0.03105600 0.27463600
v 0.05426200 -0.03105600 0.27463600
v 0.05426200 -0.03105600 0.27463600
v 0.05426200 -0.03105600 0.27463600
v 0.05426200 -0.03105600 0.27463600
v 0.05426200 -0.03105600 0.27463600
v -0.05580200 -0.01300900 0.28326400
v -0.05580200 -0.01300900 0.28326400
v -0.05580200 -0.01300900 0.28326400
v -0.05580200 -0.01300900 0.28326400
v -0.05580200 0.00804600 0.28326400
v -0.05580200 0.00804600 0.28326400
v -0.05580200 0.00804600 0.28326400
v -0.05580200 0.00804600 0.28326400
v -0.05580200 0.00804600 0.28326400
v -0.05580200 0.00804600 0.28326400
v 0.05426200 0.00804600 0.27463600
v 0.05426200 0.00804600 0.27463600
v 0.05426200 0.00804600 0.27463600
v 0.05426200 0.00804600 0.27463600
v 0.05426200 0.00804600 0.27463600
v 0.05426200 0.00804600 0.27463600
v -0.05580200 -0.03105600 0.28326400
v -0.05580200 -0.03105600 0.28326400
v -0.05580200 -0.03105600 0.28326400
v -0.05580200 -0.03105600 0.28326400
v -0.05580200 -0.03105600 0.28326400
v -0.05580200 -0.03105600 0.28326400
v 0.05735900 -0.01300900 0.28923000
v 0.05735900 -0.01300900 0.28923000
v 0.05735900 -0.01300900 0.28923000
v 0.05735900 -0.01300900 0.28923000
v 0.05735900 -0.03105600 0.28923000
v 0.05735900 -0.03105600 0.28923000
v 0.05735900 -0.03105600 0.28923000
v 0.05735900 -0.03105600 0.28923000
v 0.05735900 -0.03105600 0.28923000
v 0.05735900 -0.03105600 0.28923000
v -0.05658700 -0.01300900 0.29816200
v -0.05658700 -0.01300900 0.29816200
v -0.05658700 -0.01300900 0.29816200
v -0.05658700 -0.01300900 0.29816200
v -0.05658700 0.00804600 0.29816200
v -0.05658700 0.00804600 0.29816200
v -0.05658700 0.00804600 0.29816200
v -0.05658700 0.00804600 0.29816200
v -0.05658700 0.00804600 0.29816200
v -0.05658700 0.00804600 0.29816200
v 0.05735900 0.00804600 0.28923000
v 0.05735900 0.00804600 0.28923000
v 0.05735900 0.00804600 0.28923000
v 0.05735900 0.00804600 0.28923000
v 0.05735900 0.00804600 0.28923000
v 0.05735900 0.00804600 0.28923000
v -0.05658700 -0.03105600 0.29816200
v -0.05658700 -0.03105600 0.29816200
v -0.05658700 -0.03105600 0.29816200
v -0.05658700 -0.03105600 0.29816200
v -0.05658700 -0.03105600 0.29816200
v -0.05658700 -0.03105600 0.29816200
v 0.05657400 -0.01300900 0.30412700
v 0.05657400 -0.01300900 0.30412700
v 0.05657400 -0.01300900 0.30412700
v 0.05657400 -0.01300900 0.30412700
v 0.05657400 -0.03105600 0.30412700
v 0.05657400 -0.03105600 0.30412700
v 0.05657400 -0.03105600 0.30412700
v 0.05657400 -0.03105600 0.30412700
v 0.05657400 -0.03105600 0.30412700
v 0.05657400 -0.03105600 0.30412700
v -0.05349000 -0.01300900 0.31275600
v -0.05349000 -0.01300900 0.31275600
v -0.05349000 -0.01300900 0.31275600
v -0.05349000 -0.01300900 0.31275600
v -0.05349000 0.00804600 0.31275600
v -0.05349000 0.00804600 0.31275600
v -0.05349000 0.00804600 0.31275600
v -0.05349000 0.00804600 0.31275600
v -0.05349000 0.00804600 0.31275600
v -0.05349000 0.00804600 0.31275600
v 0.05657400 0.00804600 0.30412700
v 0.05657400 0.00804600 0.30412700
v 0.05657400 0.00804600 0.30412700
v 0.05657400 0.00804600 0.30412700
v 0.05657400 0.00804600 0.30412700
v 0.05657400 0.00804600 0.30412700
v -0.05349000 -0.03105600 0.31275600
v -0.05349000 -0.03105600 0.31275600
v -0.05349000 -0.03105600 0.31275600
v -0.05349000 -0.03105600 0.31275600
v -0.05349000 -0.03105600 0.31275600
v -0.05349000 -0.03105600 0.31275600
v 0.05195900 -0.01300900 0.31831500
v 0.05195900 -0.01300900 0.31831500
v 0.05195900 -0.01300900 0.31831500
v 0.05195900 -0.01300900 0.31831500
v 0.05195900 -0.03105600 0.31831500
v 0.05195900 -0.03105600 0.31831500
v 0.05195900 -0.03105600 0.31831500
v 0.05195900 -0.03105600 0.31831500
v 0.05195900 -0.03105600 0.31831500
v 0.05195900 -0.03105600 0.31831500
v -0.04672100 -0.01300900 0.32605000
v -0.04672100 -0.01300900 0.32605000
v -0.04672100 -0.01300900 0.32605000
v -0.04672100 -0.01300900 0.32605000
v -0.04672100 0.00804600 0.32605000
v -0.04672100 0.00804600 0.32605000
v -0.04672100 0.00804600 0.32605000
v -0.04672100 0.00804600 0.32605000
v -0.04672100 0.00804600 0.32605000
v -0.04672100 0.00804600 0.32605000
v 0.05195900 0.00804600 0.31831500
v 0.05195900 0.00804600 0.31831500
v 0.05195900 0.00804600 0.31831500
v 0.05195900 0.00804600 0.31831500
v 0.05195900 0.00804600 0.31831500
v 0.05195900 0.00804600 0.31831500
v -0.04672100 -0.03105600 0.32605000
v -0.04672100 -0.03105600 0.32605000
v -0.04672100 -0.03105600 0.32605000
v -0.04672100 -0.03105600 0.32605000
v -0.04672100 -0.03105600 0.32605000
v -0.04672100 -0.03105600 0.32605000
v 0.04383000 -0.01300900 0.33082400
v 0.04383000 -0.01300900 0.33082400
v 0.04383000 -0.01300900 0.33082400
v 0.04383000 -0.01300900 0.33082400
v 0.04383000 -0.03105600 0.33082400
v 0.04383000 -0.03105600 0.33082400
v 0.04383000 -0.03105600 0.33082400
v 0.04383000 -0.03105600 0.33082400
v 0.04383000 -0.03105600 0.33082400
v 0.04383000 -0.03105600 0.33082400
v -0.03674200 -0.01300900 0.33714000
v -0.03674200 -0.01300900 0.33714000
v -0.03674200 -0.01300900 0.33714000
v -0.03674200 -0.01300900 0.33714000
v -0.03674200 0.00804600 0.33714000
v -0.03674200 0.00804600 0.33714000
v -0.03674200 0.00804600 0.33714000
v -0.03674200 0.00804600 0.33714000
v -0.03674200 0.00804600 0.33714000
v -0.03674200 0.00804600 0.33714000
v 0.04383000 0.00804600 0.33082400
v 0.04383000 0.00804600 0.33082400
v 0.04383000 0.00804600 0.33082400
v 0.04383000 0.00804600 0.33082400
v 0.04383000 0.00804600 0.33082400
v 0.04383000 0.00804600 0.33082400
v -0.03674200 -0.03105600 0.33714000
v -0.03674200 -0.03105600 0.33714000
v -0.03674200 -0.03105600 0.33714000
v -0.03674200 -0.03105600 0.33714000
v -0.03674200 -0.03105600 0.33714000
v -0.03674200 -0.03105600 0.33714000
v 0.03274000 -0.01300900 0.34080300
v 0.03274000 -0.01300900 0.34080300
v 0.03274000 -0.01300900 0.34080300
v 0.03274000 -0.01300900 0.34080300
v 0.03274000 0.00804600 0.34080300
v 0.03274000 0.00804600 0.34080300
v 0.03274000 0.00804600 0.34080300
v 0.03274000 0.00804600 0.34080300
v 0.03274000 0.00804600 0.34080300
v 0.03274000 0.00804600 0.34080300
v -0.02423300 -0.03105600 0.34526900
v -0.02423300 -0.03105600 0.34526900
v -0.02423300 -0.03105600 0.34526900
v -0.02423300 -0.03105600 0.34526900
v -0.02423300 -0.03105600 0.34526900
v -0.02423300 -0.03105600 0.34526900
v -0.02423300 -0.01300900 0.34526900
v -0.02423300 -0.01300900 0.34526900
v -0.02423300 -0.01300900 0.34526900
v -0.02423300 -0.01300900 0.34526900
v 0.03274000 -0.03105600 0.34080300
v 0.03274000 -0.03105600 0.34080300
v 0.03274000 -0.03105600 0.34080300
v 0.03274000 -0.03105600 0.34080300
v 0.03274000 -0.03105600 0.34080300
v 0.03274000 -0.03105600 0.34080300
v -0.02423300 0.00804600 0.34526900
v -0.02423300 0.00804600 0.34526900
v -0.02423300 0.00804600 0.34526900
v -0.02423300 0.00804600 0.34526900
v -0.02423300 0.00804600 0.34526900
v -0.02423300 0.00804600 0.34526900
v 0.01944600 -0.01300900 0.34757200
v 0.01944600 -0.01300900 0.34757200
v 0.01944600 -0.01300900 0.34757200
v 0.01944600 -0.01300900 0.34757200
v 0.01944600 0.00804600 0.34757200
v 0.01944600 0.00804600 0.34757200
v 0.01944600 0.00804600 0.34757200
v 0.01944600 0.00804600 0.34757200
v 0.01944600 0.00804600 0.34757200
v 0.01944600 0.00804600 0.34757200
v -0.01004600 -0.03105600 0.34988400
v -0.01004600 -0.03105600 0.34988400
v -0.01004600 -0.03105600 0.34988400
v -0.01004600 -0.03105600 0.34988400
v -0.01004600 -0.03105600 0.34988400
v -0.01004600 -0.03105600 0.34988400
v 0.01944600 -0.03105600 0.34757200
v 0.01944600 -0.03105600 0.34757200
v 0.01944600 -0.03105600 0.34757200
v 0.01944600 -0.03105600 0.34757200
v 0.01944600 -0.03105600 0.34757200
v 0.01944600 -0.03105600 0.34757200
v -0.01004600 -0.01300900 0.34988400
v -0.01004600 -0.01300900 0.34988400
v -0.01004600 -0.01300900 0.34988400
v -0.01004600 -0.01300900 0.34988400
v -0.01004600 0.00804600 0.34988400
v -0.01004600 0.00804600 0.34988400
v -0.01004600 0.00804600 0.34988400
v -0.01004600 0.00804600 0.34988400
v -0.01004600 0.00804600 0.34988400
v -0.01004600 0.00804600 0.34988400
v 0.00485200 -0.01300900 0.35066900
v 0.00485200 -0.01300900 0.35066900
v 0.00485200 -0.01300900 0.35066900
v 0.00485200 -0.01300900 0.35066900
v 0.00485200 0.00804600 0.35066900
v 0.00485200 0.00804600 0.35066900
v 0.00485200 0.00804600 0.35066900
v 0.00485200 0.00804600 0.35066900
v 0.00485200 0.00804600 0.35066900
v 0.00485200 0.00804600 0.35066900
v 0.00485200 -0.03105600 0.35066900
v 0.00485200 -0.03105600 0.35066900
v 0.00485200 -0.03105600 0.35066900
v 0.00485200 -0.03105600 0.35066900
v 0.00485200 -0.03105600 0.35066900
v 0.00485200 -0.03105600 0.35066900
v -0.01867400 -0.01300900 0.23982000
v -0.01867400 -0.01300900 0.23982000
v 0.01081800 -0.01300900 0.23750800
v 0.01081800 -0.01300900 0.23750800
v -0.00408000 -0.01300900 0.23672300
v -0.00408000 -0.01300900 0.23672300
v 0.02500500 -0.01300900 0.24212300
v 0.02500500 -0.01300900 0.24212300
v -0.03196900 -0.01300900 0.24658900
v -0.03196900 -0.01300900 0.24658900
v 0.03751400 -0.01300900 0.25025200
v 0.03751400 -0.01300900 0.25025200
v -0.04305800 -0.01300900 0.25656800
v -0.04305800 -0.01300900 0.25656800
v 0.04749300 -0.01300900 0.26134100
v 0.04749300 -0.01300900 0.26134100
v -0.05118700 -0.01300900 0.26907700
v -0.05118700 -0.01300900 0.26907700
v 0.05426200 -0.01300900 0.27463600
v 0.05426200 -0.01300900 0.27463600
v -0.05580200 -0.01300900 0.28326400
v -0.05580200 -0.01300900 0.28326400
v 0.05735900 -0.01300900 0.28923000
v 0.05735900 -0.01300900 0.28923000
v -0.05658700 -0.01300900 0.29816200
v -0.05658700 -0.01300900 0.29816200
v 0.05657400 -0.01300900 0.30412700
v 0.05657400 -0.01300900 0.30412700
v -0.05349000 -0.01300900 0.31275600
v -0.05349000 -0.01300900 0.31275600
v 0.05195900 -0.01300900 0.31831500
v 0.05195900 -0.01300900 0.31831500
v -0.04672100 -0.01300900 0.32605000
v -0.04672100 -0.01300900 0.32605000
v 0.04383000 -0.01300900 0.33082400
v 0.04383000 -0.01300900 0.33082400
v -0.03674200 -0.01300900 0.33714000
v -0.03674200 -0.01300900 0.33714000
v 0.03274000 -0.01300900 0.34080300
v 0.03274000 -0.01300900 0.34080300
v -0.02423300 -0.01300900 0.34526900
v -0.02423300 -0.01300900 0.34526900
v 0.01944600 -0.01300900 0.34757200
v 0.01944600 -0.01300900 0.34757200
v -0.01004600 -0.01300900 0.34988400
v -0.01004600 -0.01300900 0.34988400
v 0.00485200 -0.01300900 0.35066900
v 0.00485200 -0.01300900 0.35066900
vt 0.13671279 0.24051429
vt 0.03554366 0.24051429
vt 0.03554366 0.24051429
vt 0.13671279 0.24051429
vt 0.09826304 0.24051429
vt 0.05156595 0.24051429
vt 0.09826304 0.24051429
vt 0.05156595 0.24051429
vt 0.02770504 0.24051429
vt 0.10753061 0.24051429
vt 0.02770504 0.24051429
vt 0.10753061 0.24051429
vt 0.02901832 0.24051429
vt 0.18006740 0.24051429
vt 0.02901832 0.24051429
vt 0.18006740 0.24051429
vt 0.02365419 0.24051429
vt 0.05895587 0.24051429
vt 0.02365419 0.24051429
vt 0.05895587 0.24051429
vt 0.14829291 0.24051429
vt 0.09087311 0.24051429
vt 0.14829291 0.24051429
vt 0.09087311 0.24051429
vt 0.03452037 0.24051429
vt 0.04958303 0.24051429
vt 0.04958303 0.24051429
vt 0.03452037 0.24051429
vt 0.04489427 0.20623281
vt 0.04489427 0.20623281
vt 0.13615936 0.24051429
vt 0.13615936 0.24051429
vt 0.17354224 0.24051429
vt 0.17354224 0.24051429
vt 0.13284396 0.21022915
vt 0.02901832 0.20642219
vt 0.18006740 0.20642219
vt 0.02901832 0.20642219
vt 0.18006740 0.20642219
vt 0.13284396 0.21022915
vt 0.07394697 0.24051429
vt 0.12574851 0.24051429
vt 0.07394697 0.24051429
vt 0.12574851 0.24051429
vt 0.03104411 0.24051429
vt 0.00761522 0.24051429
vt 0.03104411 0.24051429
vt 0.00761522 0.24051429
vt 0.02365419 0.20642219
vt 0.17149673 0.24245497
vt 0.05895587 0.20642219
vt 0.05895587 0.20642219
vt 0.17149673 0.24245497
vt 0.02365419 0.20642219
vt 0.17849426 0.24354903
vt 0.09826304 0.20642219
vt 0.05156595 0.20642219
vt 0.17849426 0.24354903
vt 0.05156595 0.20642219
vt 0.09826304 0.20642219
vt 0.17337331 0.24051429
vt 0.17337331 0.24051429
vt 0.14090299 0.24051429
vt 0.14090299 0.24051429
vt 0.06755273 0.24051429
vt 0.05639835 0.24051429
vt 0.06755273 0.24051429
vt 0.05639835 0.24051429
vt 0.02770504 0.20886815
vt 0.10753061 0.20886815
vt 0.02770504 0.20886815
vt 0.10753061 0.20886815
vt 0.03834903 0.21016169
vt 0.03834903 0.21016169
vt 0.05342424 0.20321808
vt 0.05342424 0.20321808
vt 0.08083870 0.24051429
vt 0.12963402 0.24051429
vt 0.08083870 0.24051429
vt 0.12963402 0.24051429
vt 0.13615936 0.20642219
vt 0.13157103 0.20728139
vt 0.13157103 0.20728139
vt 0.17354224 0.20642219
vt 0.13615936 0.20642219
vt 0.17354224 0.20642219
vt 0.13327078 0.21322827
vt 0.13327078 0.21322827
vt 0.13671279 0.20642219
vt 0.03554366 0.20642219
vt 0.03554366 0.20642219
vt 0.13671279 0.20642219
vt 0.06491558 0.24051429
vt 0.00585575 0.24051429
vt 0.06491558 0.24051429
vt 0.00585575 0.24051429
vt 0.17828264 0.24051429
vt 0.13478008 0.24051429
vt 0.17828264 0.24051429
vt 0.13478008 0.24051429
vt 0.13849809 0.24051429
vt 0.03528470 0.24051429
vt 0.13849809 0.24051429
vt 0.03528470 0.24051429
vt 0.01500515 0.24051429
vt 0.18276001 0.24051429
vt 0.01500515 0.24051429
vt 0.18276001 0.24051429
vt 0.00761522 0.20642219
vt 0.16486899 0.24094949
vt 0.03104411 0.20642219
vt 0.00761522 0.20642219
vt 0.03104411 0.20642219
vt 0.16486899 0.24094949
vt 0.00640560 0.24421308
vt 0.14829291 0.20642219
vt 0.09087311 0.20642219
vt 0.09087311 0.20642219
vt 0.14829291 0.20642219
vt 0.00640560 0.24421308
vt 0.14209719 0.24051429
vt 0.10598473 0.24051429
vt 0.10598473 0.24051429
vt 0.14209719 0.24051429
vt 0.08437503 0.24051429
vt 0.07436805 0.24051429
vt 0.07436805 0.24051429
vt 0.08437503 0.24051429
vt 0.13282495 0.22356990
vt 0.13282495 0.22356990
vt 0.03452037 0.20642219
vt 0.04958303 0.20642219
vt 0.03452037 0.20642219
vt 0.04958303 0.20642219
vt 0.02770504 0.23042536
vt 0.10753061 0.23042536
vt 0.10753061 0.23042536
vt 0.02770504 0.23042536
vt 0.10314045 0.20623281
vt 0.10314045 0.20623281
vt 0.03423451 0.21473691
vt 0.03423451 0.21473691
vt 0.03834903 0.22913182
vt 0.03834903 0.22913182
vt 0.06335751 0.20132299
vt 0.06335751 0.20132299
vt 0.04489427 0.23306070
vt 0.04489427 0.23306070
vt 0.01198368 0.24051429
vt 0.07431336 0.24051429
vt 0.07431336 0.24051429
vt 0.01198368 0.24051429
vt 0.12947351 0.20443542
vt 0.08083870 0.20642219
vt 0.12963402 0.20642219
vt 0.08083870 0.20642219
vt 0.12963402 0.20642219
vt 0.12947351 0.20443542
vt 0.13327078 0.22043747
vt 0.10753061 0.20642219
vt 0.13327078 0.22043747
vt 0.02770504 0.20642219
vt 0.02770504 0.20642219
vt 0.10753061 0.20642219
vt 0.17616091 0.24051429
vt 0.11100812 0.24051429
vt 0.17616091 0.24051429
vt 0.11100812 0.24051429
vt 0.07394697 0.20642219
vt 0.12574851 0.20642219
vt 0.00845990 0.25328626
vt 0.12574851 0.20642219
vt 0.07394697 0.20642219
vt 0.00845990 0.25328626
vt 0.00797766 0.24051429
vt 0.02632989 0.24051429
vt 0.02632989 0.24051429
vt 0.00797766 0.24051429
vt 0.13478008 0.20642219
vt 0.13478008 0.20642219
vt 0.17828264 0.20642219
vt 0.01731787 0.25247470
vt 0.17828264 0.20642219
vt 0.01731787 0.25247470
vt 0.11982521 0.24051429
vt 0.04431627 0.24051429
vt 0.04431627 0.24051429
vt 0.11982521 0.24051429
vt 0.05418624 0.24051429
vt 0.12946652 0.24051429
vt 0.05418624 0.24051429
vt 0.12946652 0.24051429
vt 0.01204609 0.24051429
vt 0.01111354 0.24051429
vt 0.01204609 0.24051429
vt 0.01111354 0.24051429
vt 0.18276001 0.20642219
vt 0.15872456 0.23905850
vt 0.01500515 0.20642219
vt 0.15872456 0.23905850
vt 0.01500515 0.20642219
vt 0.18276001 0.20642219
vt 0.06491558 0.20642219
vt 0.17924425 0.25462335
vt 0.00585575 0.20642219
vt 0.17924425 0.25462335
vt 0.00585575 0.20642219
vt 0.06491558 0.20642219
vt 0.17114415 0.19451208
vt 0.17616091 0.20642219
vt 0.17114415 0.19451208
vt 0.11100812 0.20642219
vt 0.11100812 0.20642219
vt 0.17616091 0.20642219
vt 0.14090299 0.20642219
vt 0.01377956 0.24443567
vt 0.14090299 0.20642219
vt 0.17337331 0.20642219
vt 0.01377956 0.24443567
vt 0.17337331 0.20642219
vt 0.02751961 0.24050376
vt 0.15963326 0.21008778
vt 0.15963326 0.21008778
vt 0.02751961 0.24050376
vt 0.06188820 0.19528059
vt 0.06188820 0.19528059
vt 0.04240508 0.24051429
vt 0.13528186 0.24051429
vt 0.04240508 0.24051429
vt 0.13528186 0.24051429
vt 0.10283074 0.24051429
vt 0.10283074 0.24051429
vt 0.09119036 0.24051429
vt 0.09119036 0.24051429
vt 0.05639835 0.20642219
vt 0.05639835 0.20642219
vt 0.13149535 0.22664869
vt 0.06755273 0.20642219
vt 0.06755273 0.20642219
vt 0.13149535 0.22664869
vt 0.10314045 0.23306070
vt 0.10314045 0.23306070
vt 0.09461049 0.20321808
vt 0.09461049 0.20321808
vt 0.03423451 0.22455660
vt 0.03423451 0.22455660
vt 0.07401727 0.20067659
vt 0.07401727 0.20067659
vt 0.05342424 0.23607542
vt 0.05342424 0.23607542
vt 0.00545834 0.24051429
vt 0.10704030 0.24051429
vt 0.10704030 0.24051429
vt 0.00545834 0.24051429
vt 0.01198368 0.20642219
vt 0.12658745 0.20173986
vt 0.01198368 0.20642219
vt 0.07431336 0.20642219
vt 0.12658745 0.20173986
vt 0.07431336 0.20642219
vt 0.16900718 0.23562634
vt 0.05388208 0.22116415
vt 0.05388208 0.19754856
vt 0.05388208 0.22116415
vt 0.05388208 0.19754856
vt 0.16900718 0.23562634
vt 0.03280430 0.20175832
vt 0.13327078 0.21435089
vt 0.05388208 0.19698288
vt 0.05388208 0.19698288
vt 0.13327078 0.21435089
vt 0.03280430 0.20175832
vt 0.10197656 0.24051429
vt 0.03200015 0.24051429
vt 0.03200015 0.24051429
vt 0.10197656 0.24051429
vt 0.09806415 0.24051429
vt 0.08338563 0.24051429
vt 0.09806415 0.24051429
vt 0.08338563 0.24051429
vt 0.00797766 0.20642219
vt 0.02632989 0.20642219
vt 0.02632989 0.25220261
vt 0.00797766 0.20642219
vt 0.02632989 0.20642219
vt 0.02632989 0.25220261
vt 0.12885677 0.24051429
vt 0.02296859 0.24051429
vt 0.02296859 0.24051429
vt 0.12885677 0.24051429
vt 0.03528470 0.20642219
vt 0.14587187 0.20615233
vt 0.03528470 0.20642219
vt 0.13849809 0.20642219
vt 0.14587187 0.20615233
vt 0.13849809 0.20642219
vt 0.14187732 0.20988322
vt 0.05418624 0.20642219
vt 0.12946652 0.20642219
vt 0.12946652 0.20642219
vt 0.05418624 0.20642219
vt 0.14187732 0.20988322
vt 0.15149658 0.24051429
vt 0.04515485 0.24051429
vt 0.15149658 0.24051429
vt 0.04515485 0.24051429
vt 0.01943601 0.24051429
vt 0.03244007 0.24051429
vt 0.01943601 0.24051429
vt 0.03244007 0.24051429
vt 0.01204609 0.20642219
vt 0.15316853 0.23681425
vt 0.01111354 0.20642219
vt 0.15316853 0.23681425
vt 0.01204609 0.20642219
vt 0.01111354 0.20642219
vt 0.16363461 0.19682317
vt 0.16363461 0.19682317
vt 0.10197656 0.20642219
vt 0.03200015 0.20642219
vt 0.10197656 0.20642219
vt 0.03200015 0.20642219
vt 0.12812939 0.21289572
vt 0.12812939 0.21289572
vt 0.15963326 0.21289572
vt 0.15963326 0.24531810
vt 0.15963326 0.24531810
vt 0.15963326 0.21289572
vt 0.16759239 0.19654600
vt 0.15963326 0.21479353
vt 0.15963326 0.21479353
vt 0.02751961 0.20429343
vt 0.02751961 0.20429343
vt 0.16759239 0.19654600
vt 0.08116814 0.24443567
vt 0.08116814 0.24443567
vt 0.14209719 0.20642219
vt 0.14209719 0.20642219
vt 0.10598473 0.20642219
vt 0.10598473 0.20642219
vt 0.13986033 0.24051429
vt 0.03558975 0.24051429
vt 0.13986033 0.24051429
vt 0.03558975 0.24051429
vt 0.12567247 0.24051429
vt 0.10964606 0.24051429
vt 0.12567247 0.24051429
vt 0.10964606 0.24051429
vt 0.07436805 0.20642219
vt 0.12930458 0.22962123
vt 0.08437503 0.20642219
vt 0.12930458 0.22962123
vt 0.08437503 0.20642219
vt 0.07436805 0.20642219
vt 0.08467704 0.20132299
vt 0.08467704 0.20132299
vt 0.09461049 0.23607542
vt 0.09461049 0.23607542
vt 0.03283102 0.21964672
vt 0.03283102 0.21964672
vt 0.13327078 0.25327443
vt 0.05388208 0.20869122
vt 0.03645559 0.22038171
vt 0.03645559 0.22038171
vt 0.05388208 0.20869122
vt 0.13327078 0.25327443
vt 0.13327078 0.25106544
vt 0.13327078 0.19698288
vt 0.13327078 0.25106544
vt 0.04856691 0.22133755
vt 0.04856691 0.22133755
vt 0.13327078 0.19698288
vt 0.06335751 0.23797051
vt 0.06335751 0.23797051
vt 0.10051496 0.24051429
vt 0.00570906 0.24051429
vt 0.00570906 0.24051429
vt 0.10051496 0.24051429
vt 0.00545834 0.20642219
vt 0.12296216 0.19924088
vt 0.00545834 0.20642219
vt 0.10704030 0.20642219
vt 0.10704030 0.20642219
vt 0.12296216 0.19924088
vt 0.05388208 0.19519943
vt 0.17414625 0.23048545
vt 0.17414625 0.23048545
vt 0.05388208 0.19519943
vt 0.05388208 0.21550448
vt 0.05388208 0.21550448
vt 0.05388208 0.20320823
vt 0.05388208 0.25235421
vt 0.05388208 0.25235421
vt 0.16693190 0.24120473
vt 0.16693190 0.24120473
vt 0.05388208 0.20320823
vt 0.05388208 0.19477395
vt 0.02069298 0.20080254
vt 0.02069298 0.20080254
vt 0.05388208 0.19477395
vt 0.05388208 0.25327443
vt 0.05388208 0.25327443
vt 0.04503989 0.20123781
vt 0.13327078 0.24051138
vt 0.04503989 0.20123781
vt 0.13327078 0.20869122
vt 0.13327078 0.20869122
vt 0.13327078 0.24051138
vt 0.01561399 0.22293267
vt 0.12111553 0.20642219
vt 0.15778215 0.20642219
vt 0.01561399 0.22293267
vt 0.15778215 0.20642219
vt 0.12111553 0.20642219
vt 0.10458931 0.24051429
vt 0.11881626 0.24051429
vt 0.10458931 0.24051429
vt 0.11881626 0.24051429
vt 0.08794616 0.19643901
vt 0.08794616 0.25220261
vt 0.08794616 0.25220261
vt 0.08794616 0.19643901
vt 0.11771549 0.23282646
vt 0.08682782 0.21601929
vt 0.08682782 0.21601929
vt 0.08682782 0.19723830
vt 0.08682782 0.19723830
vt 0.11771549 0.23282646
vt 0.14665969 0.20642219
vt 0.06350456 0.20642219
vt 0.01792779 0.21908365
vt 0.06350456 0.20642219
vt 0.14665969 0.20642219
vt 0.01792779 0.21908365
vt 0.04431627 0.20642219
vt 0.11982521 0.20642219
vt 0.04431627 0.20642219
vt 0.11982521 0.20642219
vt 0.15088952 0.20269354
vt 0.15088952 0.20269354
vt 0.13897422 0.21382232
vt 0.13897422 0.21382232
vt 0.04515485 0.20642219
vt 0.04515485 0.20642219
vt 0.15149658 0.20642219
vt 0.15149658 0.20642219
vt 0.07315933 0.24051429
vt 0.07315933 0.24051429
vt 0.14246501 0.24051429
vt 0.14246501 0.24051429
vt 0.03982981 0.24051429
vt 0.06455655 0.24051429
vt 0.03982981 0.24051429
vt 0.06455655 0.24051429
vt 0.02296859 0.20642219
vt 0.12885677 0.20642219
vt 0.15684439 0.19956600
vt 0.02296859 0.20642219
vt 0.12885677 0.20642219
vt 0.15684439 0.19956600
vt 0.01403547 0.21751975
vt 0.01403547 0.21751975
vt 0.12812939 0.24812604
vt 0.12812939 0.24812604
vt 0.15963326 0.24812604
vt 0.15963326 0.24812604
vt 0.11256333 0.21008778
vt 0.11256333 0.21008778
vt 0.07458953 0.24050376
vt 0.07458953 0.24050376
vt 0.02751961 0.23952375
vt 0.09321902 0.20477392
vt 0.09321902 0.20477392
vt 0.02751961 0.23952375
vt 0.02751961 0.21378292
vt 0.17498375 0.21289572
vt 0.17498375 0.21289572
vt 0.02751961 0.21378292
vt 0.08796894 0.24423037
vt 0.13528186 0.20642219
vt 0.04240508 0.20642219
vt 0.13528186 0.20642219
vt 0.04240508 0.20642219
vt 0.08796894 0.24423037
vt 0.02751961 0.22302430
vt 0.02751961 0.22302430
vt 0.13562494 0.22359468
vt 0.13562494 0.22359468
vt 0.07412200 0.24051429
vt 0.07412200 0.24051429
vt 0.13304500 0.24051429
vt 0.13304500 0.24051429
vt 0.15557810 0.24051429
vt 0.13248780 0.24051429
vt 0.13248780 0.24051429
vt 0.15557810 0.24051429
vt 0.12629029 0.23243660
vt 0.12629029 0.23243660
vt 0.10283074 0.20642219
vt 0.09119036 0.20642219
vt 0.10283074 0.20642219
vt 0.09119036 0.20642219
vt 0.05388208 0.25376992
vt 0.05388208 0.24051138
vt 0.05388208 0.25376992
vt 0.05388208 0.24051138
vt 0.01269386 0.22286372
vt 0.01269386 0.22286372
vt 0.07401727 0.23861691
vt 0.07401727 0.23861691
vt 0.13327078 0.21517800
vt 0.13327078 0.21517800
vt 0.13327078 0.19477395
vt 0.13327078 0.19477395
vt 0.05972827 0.22370458
vt 0.05972827 0.22370458
vt 0.17852027 0.24051429
vt 0.06532842 0.24051429
vt 0.06532842 0.24051429
vt 0.17852027 0.24051429
vt 0.10051496 0.20642219
vt 0.11865970 0.19698121
vt 0.11865970 0.19698121
vt 0.00570906 0.20642219
vt 0.10051496 0.20642219
vt 0.00570906 0.20642219
vt 0.18199904 0.22613233
vt 0.18199904 0.22613233
vt 0.05388208 0.19747843
vt 0.05388208 0.25149092
vt 0.05388208 0.19747843
vt 0.05388208 0.25149092
vt 0.11221111 0.22116415
vt 0.11221111 0.19754856
vt 0.11221111 0.22116415
vt 0.11221111 0.19754856
vt 0.11221111 0.20320823
vt 0.11221111 0.25235421
vt 0.11221111 0.25235421
vt 0.11221111 0.20320823
vt 0.16806207 0.24684037
vt 0.05388208 0.25228414
vt 0.05388208 0.19606266
vt 0.05388208 0.25228414
vt 0.05388208 0.19606266
vt 0.16806207 0.24684037
vt 0.01110691 0.19876955
vt 0.05388208 0.25186417
vt 0.05388208 0.25186417
vt 0.01110691 0.19876955
vt 0.11221111 0.19477395
vt 0.11221111 0.25327443
vt 0.11221111 0.19477395
vt 0.11221111 0.25327443
vt 0.07494175 0.21435089
vt 0.07494175 0.21435089
vt 0.11221111 0.19698288
vt 0.11221111 0.19698288
vt 0.13327078 0.19747843
vt 0.13327078 0.23485177
vt 0.13327078 0.23485177
vt 0.13327078 0.19747843
vt 0.05656621 0.19927637
vt 0.05656621 0.19927637
vt 0.11781664 0.20642219
vt 0.01582974 0.22141648
vt 0.11781664 0.20642219
vt 0.04086476 0.20642219
vt 0.04086476 0.20642219
vt 0.01582974 0.22141648
vt 0.11913548 0.24051429
vt 0.12534160 0.24051429
vt 0.11913548 0.24051429
vt 0.12534160 0.24051429
vt 0.11881626 0.20642219
vt 0.10458931 0.20642219
vt 0.10458931 0.20642219
vt 0.11881626 0.20642219
vt 0.08989699 0.25239918
vt 0.08989699 0.25239918
vt 0.13329840 0.22008069
vt 0.05274867 0.20960592
vt 0.05274867 0.20960592
vt 0.13329840 0.22008069
vt 0.01734118 0.19643901
vt 0.01734118 0.25220261
vt 0.01734118 0.19643901
vt 0.08682782 0.20488618
vt 0.08682782 0.20488618
vt 0.01734118 0.25220261
vt 0.08682782 0.22395914
vt 0.17508185 0.20952372
vt 0.17508185 0.20952372
vt 0.08682782 0.22395914
vt 0.13284665 0.20540935
vt 0.13284665 0.20540935
vt 0.08682782 0.25124962
vt 0.08682782 0.25124962
vt 0.01715808 0.21961413
vt 0.01715808 0.21961413
vt 0.05247788 0.20642219
vt 0.14804507 0.20642219
vt 0.05247788 0.20642219
vt 0.14804507 0.20642219
vt 0.16036118 0.20642219
vt 0.01884115 0.21860390
vt 0.06211919 0.20642219
vt 0.01884115 0.21860390
vt 0.06211919 0.20642219
vt 0.16036118 0.20642219
vt 0.14829596 0.23425524
vt 0.14829596 0.23425524
vt 0.01943601 0.20642219
vt 0.03244007 0.20642219
vt 0.01943601 0.20642219
vt 0.03244007 0.20642219
vt 0.14419041 0.23142512
vt 0.06455655 0.20642219
vt 0.03982981 0.20642219
vt 0.06455655 0.20642219
vt 0.03982981 0.20642219
vt 0.14419041 0.23142512
vt 0.14092200 0.22837242
vt 0.10784606 0.20642219
vt 0.07194629 0.20642219
vt 0.14092200 0.22837242
vt 0.10784606 0.20642219
vt 0.07194629 0.20642219
vt 0.07315933 0.20642219
vt 0.07315933 0.20642219
vt 0.13721224 0.21790224
vt 0.13721224 0.21790224
vt 0.14246501 0.20642219
vt 0.14246501 0.20642219
vt 0.06412776 0.24051429
vt 0.03128012 0.24051429
vt 0.06412776 0.24051429
vt 0.03128012 0.24051429
vt 0.10784606 0.24051429
vt 0.07194629 0.24051429
vt 0.10784606 0.24051429
vt 0.07194629 0.24051429
vt 0.01572249 0.21829674
vt 0.01572249 0.21829674
vt 0.06188820 0.20379007
vt 0.06188820 0.20379007
vt 0.11256333 0.24812604
vt 0.11256333 0.24812604
vt 0.11256333 0.24531810
vt 0.11256333 0.21289572
vt 0.11256333 0.24531810
vt 0.11256333 0.21289572
vt 0.07458953 0.21378292
vt 0.07458953 0.21378292
vt 0.08047339 0.23952375
vt 0.08047339 0.23952375
vt 0.15963326 0.25002385
vt 0.04091300 0.22209862
vt 0.04091300 0.22209862
vt 0.15963326 0.25002385
vt 0.08147624 0.21711750
vt 0.08147624 0.21711750
vt 0.13562494 0.25340496
vt 0.13562494 0.25340496
vt 0.09465335 0.24361798
vt 0.09465335 0.24361798
vt 0.03558975 0.20642219
vt 0.03558975 0.20642219
vt 0.13986033 0.20642219
vt 0.13986033 0.20642219
vt 0.06730650 0.24051429
vt 0.02258301 0.24051429
vt 0.06730650 0.24051429
vt 0.02258301 0.24051429
vt 0.16239343 0.24051429
vt 0.01576769 0.24051429
vt 0.16239343 0.24051429
vt 0.01576769 0.24051429
vt 0.12250396 0.23504666
vt 0.12250396 0.23504666
vt 0.10964606 0.20642219
vt 0.12567247 0.20642219
vt 0.10964606 0.20642219
vt 0.12567247 0.20642219
vt 0.08467704 0.23797051
vt 0.08467704 0.23797051
vt 0.05388208 0.23485177
vt 0.05388208 0.23485177
vt 0.05388208 0.21435089
vt 0.05388208 0.21435089
vt 0.02422000 0.22090228
vt 0.02422000 0.22090228
vt 0.02383191 0.22096832
vt 0.02383191 0.22096832
vt 0.05388208 0.23504227
vt 0.05388208 0.23504227
vt 0.07494175 0.19698288
vt 0.07494175 0.25106544
vt 0.07494175 0.19698288
vt 0.07494175 0.25106544
vt 0.13327078 0.19734331
vt 0.06917931 0.22732154
vt 0.13327078 0.22083767
vt 0.13327078 0.19734331
vt 0.06917931 0.22732154
vt 0.13327078 0.22083767
vt 0.07494175 0.21517800
vt 0.07494175 0.21517800
vt 0.07494175 0.19477395
vt 0.07494175 0.19477395
vt 0.10554159 0.24051429
vt 0.05880308 0.24051429
vt 0.10554159 0.24051429
vt 0.05880308 0.24051429
vt 0.11221111 0.19519943
vt 0.11221111 0.19519943
vt 0.11221111 0.21550448
vt 0.11221111 0.21550448
vt 0.11221111 0.19606266
vt 0.11221111 0.25228414
vt 0.11221111 0.19606266
vt 0.11221111 0.25228414
vt 0.17232060 0.25214934
vt 0.17232060 0.25214934
vt 0.05388208 0.19599265
vt 0.05388208 0.19734331
vt 0.05388208 0.19599265
vt 0.05388208 0.19734331
vt 0.05388208 0.25106544
vt 0.05388208 0.22083767
vt 0.05388208 0.22083767
vt 0.00953162 0.19843545
vt 0.05388208 0.25106544
vt 0.00953162 0.19843545
vt 0.11221111 0.25106544
vt 0.11221111 0.22083767
vt 0.11221111 0.22083767
vt 0.11221111 0.25106544
vt 0.07494175 0.20869122
vt 0.07494175 0.24051138
vt 0.07494175 0.24051138
vt 0.07494175 0.20869122
vt 0.13327078 0.19519943
vt 0.06659740 0.19600771
vt 0.13327078 0.25376992
vt 0.13327078 0.19519943
vt 0.13327078 0.25376992
vt 0.06659740 0.19600771
vt 0.10122926 0.20642219
vt 0.01561399 0.21753505
vt 0.10122926 0.20642219
vt 0.01561399 0.21753505
vt 0.13817492 0.20642219
vt 0.03947938 0.20642219
vt 0.03947938 0.20642219
vt 0.01610000 0.22079065
vt 0.01610000 0.22079065
vt 0.13817492 0.20642219
vt 0.01561399 0.22293267
vt 0.15778215 0.24089368
vt 0.15778215 0.24089368
vt 0.12111553 0.24089368
vt 0.01561399 0.22293267
vt 0.12111553 0.24089368
vt 0.09901643 0.24051429
vt 0.12566082 0.24051429
vt 0.12566082 0.24051429
vt 0.09901643 0.24051429
vt 0.12534160 0.20642219
vt 0.11913548 0.20642219
vt 0.11913548 0.20642219
vt 0.12534160 0.20642219
vt 0.09629697 0.25298555
vt 0.09629697 0.25298555
vt 0.09806415 0.20642219
vt 0.08338563 0.20642219
vt 0.08338563 0.25220261
vt 0.09806415 0.20642219
vt 0.08338563 0.20642219
vt 0.08338563 0.25220261
vt 0.05842486 0.21068889
vt 0.13945987 0.22008069
vt 0.13945987 0.22008069
vt 0.05842486 0.21068889
vt 0.12713712 0.22008069
vt 0.04665733 0.20923657
vt 0.12713712 0.22008069
vt 0.04665733 0.20923657
vt 0.12213022 0.20488618
vt 0.01734118 0.20651159
vt 0.01734118 0.20651159
vt 0.12213022 0.20488618
vt 0.14515667 0.21601929
vt 0.11771549 0.23282646
vt 0.14515667 0.21601929
vt 0.14515667 0.19723830
vt 0.14515667 0.19723830
vt 0.11771549 0.23282646
vt 0.02600780 0.21664079
vt 0.02600780 0.21664079
vt 0.01654529 0.22018644
vt 0.05386325 0.20642219
vt 0.01654529 0.22018644
vt 0.05386325 0.20642219
vt 0.13678973 0.20642219
vt 0.13678973 0.20642219
vt 0.01715808 0.21961413
vt 0.05247788 0.24089368
vt 0.01715808 0.21961413
vt 0.14804507 0.24089368
vt 0.05247788 0.24089368
vt 0.14804507 0.24089368
vt 0.08135321 0.20642219
vt 0.15897581 0.20642219
vt 0.08135321 0.20642219
vt 0.15897581 0.20642219
vt 0.01988274 0.21818319
vt 0.01988274 0.21818319
vt 0.06350456 0.24089368
vt 0.14665969 0.24089368
vt 0.06350456 0.24089368
vt 0.01792779 0.21908365
vt 0.01792779 0.21908365
vt 0.14665969 0.24089368
vt 0.11523598 0.20642219
vt 0.16156794 0.20642219
vt 0.11523598 0.20642219
vt 0.13854669 0.22514935
vt 0.16156794 0.20642219
vt 0.13854669 0.22514935
vt 0.06412776 0.20642219
vt 0.03128012 0.20642219
vt 0.06412776 0.20642219
vt 0.13662169 0.22205321
vt 0.03128012 0.20642219
vt 0.13662169 0.22205321
vt 0.05285646 0.24051429
vt 0.08401421 0.24051429
vt 0.05285646 0.24051429
vt 0.08401421 0.24051429
vt 0.11523598 0.24051429
vt 0.16156794 0.24051429
vt 0.16156794 0.24051429
vt 0.11523598 0.24051429
vt 0.01428672 0.21754274
vt 0.01428672 0.21754274
vt 0.01452955 0.21758071
vt 0.01452955 0.21758071
vt 0.02055346 0.23956947
vt 0.15963326 0.23956947
vt 0.15963326 0.23956947
vt 0.02055346 0.23956947
vt 0.07150279 0.23855452
vt 0.07150279 0.23855452
vt 0.08047339 0.20429343
vt 0.10667948 0.21479353
vt 0.08047339 0.20429343
vt 0.10667948 0.21479353
vt 0.17498375 0.24812604
vt 0.17498375 0.24812604
vt 0.10667948 0.25002385
vt 0.10667948 0.25002385
vt 0.08033906 0.21753704
vt 0.08033906 0.21753704
vt 0.08226729 0.21714135
vt 0.08226729 0.21714135
vt 0.08584864 0.22302430
vt 0.08584864 0.22302430
vt 0.05152793 0.22359468
vt 0.05152793 0.22359468
vt 0.01233859 0.20635894
vt 0.01233859 0.20635894
vt 0.07412200 0.20642219
vt 0.13304500 0.20642219
vt 0.07412200 0.20642219
vt 0.10110695 0.24260892
vt 0.13304500 0.20642219
vt 0.10110695 0.24260892
vt 0.01576769 0.20642219
vt 0.01576769 0.20642219
vt 0.16239343 0.20642219
vt 0.11288614 0.23947654
vt 0.16239343 0.20642219
vt 0.11288614 0.23947654
vt 0.15557810 0.20642219
vt 0.11801032 0.23740676
vt 0.15557810 0.20642219
vt 0.11801032 0.23740676
vt 0.13248780 0.20642219
vt 0.13248780 0.20642219
vt 0.13327078 0.19606266
vt 0.13327078 0.19754856
vt 0.13327078 0.19606266
vt 0.13327078 0.19754856
vt 0.08166454 0.24288652
vt 0.08166454 0.24288652
vt 0.11221111 0.20869122
vt 0.07494175 0.25327443
vt 0.11221111 0.20869122
vt 0.07494175 0.25327443
vt 0.11221111 0.25376992
vt 0.11221111 0.25376992
vt 0.11221111 0.24051138
vt 0.11221111 0.24051138
vt 0.11221111 0.23485177
vt 0.11221111 0.21435089
vt 0.11221111 0.21435089
vt 0.11221111 0.23485177
vt 0.07627584 0.23194192
vt 0.13327078 0.25228414
vt 0.13327078 0.20300298
vt 0.13327078 0.25228414
vt 0.13327078 0.20300298
vt 0.07627584 0.23194192
vt 0.07494175 0.19734331
vt 0.07494175 0.22083767
vt 0.07494175 0.19734331
vt 0.07494175 0.22083767
vt 0.17852027 0.20642219
vt 0.11375377 0.19499951
vt 0.06532842 0.20642219
vt 0.17852027 0.20642219
vt 0.11375377 0.19499951
vt 0.06532842 0.20642219
vt 0.11221111 0.19747843
vt 0.11221111 0.25149092
vt 0.11221111 0.19747843
vt 0.11221111 0.25149092
vt 0.07494175 0.21711750
vt 0.07494175 0.21711750
vt 0.11221111 0.24089368
vt 0.11221111 0.24089368
vt 0.05388208 0.20300298
vt 0.05388208 0.20300298
vt 0.05388208 0.21517800
vt 0.17941713 0.19481855
vt 0.05388208 0.21517800
vt 0.17941713 0.19481855
vt 0.11221111 0.19599265
vt 0.11221111 0.19734331
vt 0.11221111 0.19734331
vt 0.11221111 0.19599265
vt 0.07494175 0.21711750
vt 0.11221111 0.20642219
vt 0.07494175 0.21711750
vt 0.11221111 0.20642219
vt 0.07494175 0.20642219
vt 0.07494175 0.21756962
vt 0.07494175 0.21756962
vt 0.07494175 0.20642219
vt 0.07494175 0.23485177
vt 0.07494175 0.19747843
vt 0.07494175 0.19747843
vt 0.07494175 0.23485177
vt 0.13327078 0.25149092
vt 0.13327078 0.22116415
vt 0.13327078 0.25149092
vt 0.07445019 0.25360581
vt 0.13327078 0.22116415
vt 0.07445019 0.25360581
vt 0.01561866 0.21756752
vt 0.01561866 0.21756752
vt 0.01475946 0.21763294
vt 0.01475946 0.21763294
vt 0.01497251 0.21769854
vt 0.01497251 0.21769854
vt 0.01561399 0.21753505
vt 0.01561399 0.21753505
vt 0.10122926 0.24089368
vt 0.10122926 0.24089368
vt 0.01582974 0.22141648
vt 0.04086476 0.24089368
vt 0.01582974 0.22141648
vt 0.11781664 0.24089368
vt 0.04086476 0.24089368
vt 0.11781664 0.24089368
vt 0.12566082 0.20642219
vt 0.09901643 0.20642219
vt 0.12566082 0.20642219
vt 0.09901643 0.20642219
vt 0.10247583 0.25395162
vt 0.10247583 0.25395162
vt 0.07019238 0.22007666
vt 0.01623109 0.22008069
vt 0.01623109 0.22008069
vt 0.07019238 0.22007666
vt 0.14562133 0.22008069
vt 0.06329904 0.21241157
vt 0.14562133 0.22008069
vt 0.06329904 0.21241157
vt 0.13329840 0.19360185
vt 0.13329840 0.19360185
vt 0.12713712 0.19360185
vt 0.12713712 0.19360185
vt 0.12097565 0.22008069
vt 0.12097565 0.22008069
vt 0.04056598 0.20960592
vt 0.04056598 0.20960592
vt 0.08682782 0.23740645
vt 0.08682782 0.20668307
vt 0.16137515 0.22460244
vt 0.08682782 0.20668307
vt 0.08682782 0.23740645
vt 0.16137515 0.22460244
vt 0.08794616 0.20651159
vt 0.08794616 0.20651159
vt 0.14515667 0.22395914
vt 0.14515667 0.22395914
vt 0.17508185 0.20952372
vt 0.17508185 0.20952372
vt 0.05430621 0.20540935
vt 0.13284665 0.20540935
vt 0.13284665 0.20540935
vt 0.14515667 0.25124962
vt 0.05430621 0.20540935
vt 0.14515667 0.25124962
vt 0.16114506 0.21664079
vt 0.16114506 0.21664079
vt 0.02600780 0.21664079
vt 0.02600780 0.21664079
vt 0.08682782 0.23255493
vt 0.08682782 0.21812458
vt 0.12904992 0.21974244
vt 0.12904992 0.21974244
vt 0.08682782 0.21812458
vt 0.08682782 0.23255493
vt 0.05386325 0.24089368
vt 0.01654529 0.22018644
vt 0.05386325 0.24089368
vt 0.13678973 0.24089368
vt 0.13678973 0.24089368
vt 0.01654529 0.22018644
vt 0.00716886 0.20642219
vt 0.07996784 0.20642219
vt 0.02103462 0.21782864
vt 0.07996784 0.20642219
vt 0.00716886 0.20642219
vt 0.02103462 0.21782864
vt 0.15897581 0.24089368
vt 0.08135321 0.24089368
vt 0.15897581 0.24089368
vt 0.01988274 0.21818319
vt 0.01988274 0.21818319
vt 0.08135321 0.24089368
vt 0.06211919 0.24089368
vt 0.01884115 0.21860390
vt 0.16036118 0.24089368
vt 0.06211919 0.24089368
vt 0.01884115 0.21860390
vt 0.16036118 0.24089368
vt 0.04546653 0.20642219
vt 0.16895786 0.20642219
vt 0.13710500 0.22181098
vt 0.13710500 0.22181098
vt 0.04546653 0.20642219
vt 0.16895786 0.20642219
vt 0.13662169 0.21841457
vt 0.13662169 0.21841457
vt 0.08401421 0.20642219
vt 0.05285646 0.20642219
vt 0.08401421 0.20642219
vt 0.05285646 0.20642219
vt 0.03128012 0.25271421
vt 0.06412776 0.25271421
vt 0.03128012 0.25271421
vt 0.06412776 0.25271421
vt 0.16895786 0.24051429
vt 0.04546653 0.24051429
vt 0.16895786 0.24051429
vt 0.04546653 0.24051429
vt 0.17494842 0.22425892
vt 0.17494842 0.22425892
vt 0.07487091 0.22005566
vt 0.07487091 0.22005566
vt 0.13138883 0.19583449
vt 0.13138883 0.19583449
vt 0.15963326 0.20313705
vt 0.02055346 0.20313705
vt 0.02055346 0.20313705
vt 0.15963326 0.22850375
vt 0.15963326 0.20313705
vt 0.15963326 0.22850375
vt 0.01233859 0.20868954
vt 0.15963326 0.20883538
vt 0.01233859 0.20868954
vt 0.02751961 0.25506902
vt 0.02751961 0.25506902
vt 0.15963326 0.20883538
vt 0.15963326 0.25402249
vt 0.13138883 0.24687203
vt 0.13138883 0.24687203
vt 0.15963326 0.25402249
vt 0.02751961 0.24816055
vt 0.02751961 0.24816055
vt 0.07925874 0.21756962
vt 0.07925874 0.21756962
vt 0.07952434 0.21761169
vt 0.07952434 0.21761169
vt 0.08116796 0.21704062
vt 0.08116796 0.21704062
vt 0.05152793 0.25340496
vt 0.05152793 0.25340496
vt 0.10721946 0.24122053
vt 0.06730650 0.20642219
vt 0.06730650 0.20642219
vt 0.10721946 0.24122053
vt 0.02258301 0.20642219
vt 0.02258301 0.20642219
vt 0.07958926 0.24846485
vt 0.13327078 0.20320823
vt 0.13327078 0.21550448
vt 0.13327078 0.20320823
vt 0.13327078 0.21550448
vt 0.07958926 0.24846485
vt 0.13327078 0.19599265
vt 0.13327078 0.25235421
vt 0.08053436 0.23725082
vt 0.08053436 0.23725082
vt 0.13327078 0.19599265
vt 0.13327078 0.25235421
vt 0.07494175 0.24089368
vt 0.07494175 0.21756962
vt 0.07494175 0.21756962
vt 0.07494175 0.24089368
vt 0.10832830 0.25506902
vt 0.10554159 0.20642219
vt 0.05880308 0.20642219
vt 0.10554159 0.20642219
vt 0.05880308 0.20642219
vt 0.10832830 0.25506902
vt 0.11221111 0.20300298
vt 0.11221111 0.21517800
vt 0.11221111 0.20300298
vt 0.11221111 0.21517800
vt 0.07494175 0.25376992
vt 0.07494175 0.19519943
vt 0.07494175 0.19519943
vt 0.07494175 0.25376992
vt 0.07494175 0.22116415
vt 0.07494175 0.25149092
vt 0.07494175 0.22116415
vt 0.07494175 0.25149092
vt 0.01516529 0.21777635
vt 0.01516529 0.21777635
vt 0.01533423 0.21786513
vt 0.01533423 0.21786513
vt 0.01547662 0.21796326
vt 0.01547662 0.21796326
vt 0.01558996 0.21806920
vt 0.01558996 0.21806920
vt 0.01568914 0.20642219
vt 0.01568914 0.21756962
vt 0.01568914 0.21756962
vt 0.01568914 0.20642219
vt 0.01561866 0.21756752
vt 0.01561866 0.21756752
vt 0.01568914 0.21756962
vt 0.01568914 0.21756962
vt 0.01568914 0.24089368
vt 0.01568914 0.24089368
vt 0.16659941 0.20313705
vt 0.10130422 0.20313705
vt 0.16659941 0.20313705
vt 0.10130422 0.22850375
vt 0.10130422 0.20313705
vt 0.10130422 0.22850375
vt 0.03947938 0.24089368
vt 0.13817492 0.24089368
vt 0.01610000 0.22079065
vt 0.03947938 0.24089368
vt 0.13817492 0.24089368
vt 0.01610000 0.22079065
vt 0.06939039 0.21727102
vt 0.06939039 0.21727102
vt 0.01006962 0.22008069
vt 0.01006962 0.22008069
vt 0.06939039 0.22288231
vt 0.02239256 0.22008069
vt 0.02239256 0.22008069
vt 0.06939039 0.22288231
vt 0.00439285 0.22008069
vt 0.15178280 0.22008069
vt 0.00439285 0.22008069
vt 0.06703929 0.21465662
vt 0.15178280 0.22008069
vt 0.06703929 0.21465662
vt 0.13945987 0.19360185
vt 0.13945987 0.19360185
vt 0.12097565 0.19360185
vt 0.12097565 0.19360185
vt 0.12324856 0.22460244
vt 0.12324856 0.22460244
vt 0.06824299 0.22075515
vt 0.06824299 0.22075515
vt 0.12213022 0.23740645
vt 0.12213022 0.20668307
vt 0.12213022 0.20668307
vt 0.12213022 0.23740645
vt 0.06824299 0.22075515
vt 0.06824299 0.22075515
vt 0.12125021 0.24089368
vt 0.06590265 0.24089368
vt 0.12125021 0.21711750
vt 0.14515667 0.22424920
vt 0.14515667 0.22424920
vt 0.06590265 0.24089368
vt 0.12125021 0.24089368
vt 0.12125021 0.21711750
vt 0.10377853 0.25506902
vt 0.10377853 0.25506902
vt 0.08337434 0.25506902
vt 0.08337434 0.25506902
vt 0.08682782 0.24755541
vt 0.10032505 0.22405039
vt 0.08682782 0.24755541
vt 0.10032505 0.22405039
vt 0.17881438 0.19667331
vt 0.17881438 0.19667331
vt 0.14754310 0.25112745
vt 0.08682782 0.20312410
vt 0.14754310 0.25112745
vt 0.08682782 0.20312410
vt 0.05742900 0.19488243
vt 0.05742900 0.19488243
vt 0.02227706 0.21754645
vt 0.11841437 0.20642219
vt 0.00578366 0.20642219
vt 0.00578366 0.20642219
vt 0.11841437 0.20642219
vt 0.02227706 0.21754645
vt 0.07996784 0.24089368
vt 0.02103462 0.21782864
vt 0.02103462 0.21782864
vt 0.00716886 0.24089368
vt 0.00716886 0.24089368
vt 0.07996784 0.24089368
vt 0.03128012 0.21477383
vt 0.06412776 0.21477383
vt 0.06412776 0.21477383
vt 0.03128012 0.21477383
vt 0.12995700 0.21476249
vt 0.12995700 0.21476249
vt 0.07503303 0.21968030
vt 0.07503303 0.21968030
vt 0.10130422 0.23956947
vt 0.16659941 0.23956947
vt 0.10130422 0.23956947
vt 0.16659941 0.23956947
vt 0.12415995 0.20215599
vt 0.12415995 0.20215599
vt 0.01919678 0.19392807
vt 0.01919678 0.19392807
vt 0.07873759 0.21773472
vt 0.07873759 0.21773472
vt 0.08010647 0.21687472
vt 0.08010647 0.21687472
vt 0.10130422 0.20883538
vt 0.17481428 0.20868954
vt 0.08584864 0.25506902
vt 0.17481428 0.20868954
vt 0.08584864 0.25506902
vt 0.10130422 0.20883538
vt 0.07494175 0.19606266
vt 0.07494175 0.19754856
vt 0.07494175 0.19606266
vt 0.07494175 0.19754856
vt 0.07494175 0.25235421
vt 0.07494175 0.25235421
vt 0.07494175 0.19599265
vt 0.07494175 0.19599265
vt 0.07494175 0.25228414
vt 0.07494175 0.25228414
vt 0.07494175 0.20300298
vt 0.07494175 0.20300298
vt 0.12023804 0.22544783
vt 0.17642866 0.19360185
vt 0.12023804 0.22544783
vt 0.17642866 0.19360185
vt 0.07494175 0.20320823
vt 0.07494175 0.20320823
vt 0.07494175 0.21550448
vt 0.07494175 0.21550448
vt 0.01567246 0.21818096
vt 0.01567246 0.21818096
vt 0.10130422 0.25402249
vt 0.05576404 0.24687203
vt 0.05576404 0.24687203
vt 0.10130422 0.25402249
vt 0.08584864 0.24816055
vt 0.08584864 0.24816055
vt 0.01623109 0.19360185
vt 0.01623109 0.19360185
vt 0.02855402 0.22008069
vt 0.06703929 0.22549671
vt 0.02855402 0.22008069
vt 0.06703929 0.22549671
vt 0.02239256 0.19360185
vt 0.02239256 0.19360185
vt 0.00439285 0.19360185
vt 0.15178280 0.19360185
vt 0.15178280 0.19360185
vt 0.00439285 0.19360185
vt 0.14562133 0.19360185
vt 0.14562133 0.19360185
vt 0.11481418 0.22008069
vt 0.03488980 0.21068889
vt 0.11481418 0.22008069
vt 0.03488980 0.21068889
vt 0.11481418 0.19360185
vt 0.11481418 0.19360185
vt 0.08337434 0.25506902
vt 0.08337434 0.25506902
vt 0.01734118 0.25276581
vt 0.08682782 0.23920340
vt 0.08682782 0.23920340
vt 0.01734118 0.25276581
vt 0.07706689 0.24089368
vt 0.11008598 0.24089368
vt 0.07706689 0.21711750
vt 0.07706689 0.24089368
vt 0.11008598 0.24089368
vt 0.07706689 0.21711750
vt 0.15891340 0.20642219
vt 0.02823947 0.21711750
vt 0.15891340 0.20642219
vt 0.18108478 0.20642219
vt 0.02823947 0.21711750
vt 0.18108478 0.20642219
vt 0.04199619 0.22405039
vt 0.00833849 0.19667331
vt 0.14515667 0.24755541
vt 0.00833849 0.19667331
vt 0.14515667 0.24755541
vt 0.04199619 0.22405039
vt 0.14515667 0.21812458
vt 0.14515667 0.21812458
vt 0.05810295 0.21974244
vt 0.14515667 0.23255493
vt 0.05810295 0.21974244
vt 0.14515667 0.23255493
vt 0.03646402 0.19749212
vt 0.03646402 0.19749212
vt 0.02358891 0.21734133
vt 0.11702899 0.20642219
vt 0.05758126 0.20642219
vt 0.05758126 0.20642219
vt 0.11702899 0.20642219
vt 0.02358891 0.21734133
vt 0.02227706 0.21754645
vt 0.00578366 0.24089368
vt 0.11841437 0.24089368
vt 0.11841437 0.24089368
vt 0.02227706 0.21754645
vt 0.00578366 0.24089368
vt 0.08401421 0.25272554
vt 0.05285646 0.25272554
vt 0.05285646 0.25272554
vt 0.08401421 0.25272554
vt 0.17494842 0.24322911
vt 0.17494842 0.24322911
vt 0.05285646 0.21476249
vt 0.08401421 0.21476249
vt 0.05285646 0.21476249
vt 0.08401421 0.21476249
vt 0.15375012 0.23374402
vt 0.15375012 0.23374402
vt 0.07494175 0.21955801
vt 0.07494175 0.21955801
vt 0.07530007 0.21931795
vt 0.07530007 0.21931795
vt 0.15963326 0.25340496
vt 0.15963326 0.25340496
vt 0.06838879 0.25340496
vt 0.06838879 0.25340496
vt 0.05576404 0.19583449
vt 0.05576404 0.19583449
vt 0.06288747 0.20313705
vt 0.02751961 0.22264175
vt 0.02751961 0.22264175
vt 0.06288747 0.20313705
vt 0.07799245 0.21790397
vt 0.07799245 0.21790397
vt 0.07910110 0.21664636
vt 0.07910110 0.21664636
vt 0.17481428 0.20635894
vt 0.17481428 0.20635894
vt 0.15963326 0.22359468
vt 0.06838879 0.22359468
vt 0.06838879 0.22359468
vt 0.15963326 0.22359468
vt 0.15963326 0.23864559
vt 0.15963326 0.23864559
vt 0.03619986 0.19393810
vt 0.03619986 0.19393810
vt 0.12184185 0.21983660
vt 0.00941487 0.19360185
vt 0.00941487 0.19360185
vt 0.12184185 0.21983660
vt 0.16410573 0.19360185
vt 0.12184185 0.23105905
vt 0.12184185 0.23105905
vt 0.16410573 0.19360185
vt 0.01006962 0.19360185
vt 0.01006962 0.19360185
vt 0.06329904 0.22774175
vt 0.03471531 0.22008069
vt 0.03471531 0.22008069
vt 0.06329904 0.22774175
vt 0.02855402 0.19360185
vt 0.02855402 0.19360185
vt 0.10865272 0.22008069
vt 0.03001562 0.21241157
vt 0.10865272 0.22008069
vt 0.03001562 0.21241157
vt 0.12213022 0.23920340
vt 0.12213022 0.23920340
vt 0.15156885 0.23515341
vt 0.15156885 0.23515341
vt 0.02823947 0.21711750
vt 0.18108478 0.24089368
vt 0.15891340 0.24089368
vt 0.15891340 0.24089368
vt 0.02823947 0.21711750
vt 0.18108478 0.24089368
vt 0.10032505 0.19461951
vt 0.06773547 0.20498914
vt 0.10032505 0.19461951
vt 0.06773547 0.20498914
vt 0.14515667 0.20312410
vt 0.14515667 0.20312410
vt 0.03960976 0.25112745
vt 0.03960976 0.25112745
vt 0.15068885 0.19749212
vt 0.15068885 0.19749212
vt 0.05619588 0.20642219
vt 0.02494756 0.21721687
vt 0.00504713 0.20642219
vt 0.00504713 0.20642219
vt 0.05619588 0.20642219
vt 0.02494756 0.21721687
vt 0.11702899 0.24089368
vt 0.05758126 0.24089368
vt 0.11702899 0.24089368
vt 0.05758126 0.24089368
vt 0.02358891 0.21734133
vt 0.02358891 0.21734133
vt 0.12995700 0.25272554
vt 0.12995700 0.25272554
vt 0.07566753 0.21897474
vt 0.07566753 0.21897474
vt 0.06288747 0.23956947
vt 0.06288747 0.23956947
vt 0.08584864 0.22264175
vt 0.12426540 0.20313705
vt 0.12426540 0.20313705
vt 0.08584864 0.22264175
vt 0.07730164 0.21811653
vt 0.07730164 0.21811653
vt 0.07816927 0.21635953
vt 0.07816927 0.21635953
vt 0.10130422 0.23864559
vt 0.10130422 0.22359468
vt 0.10130422 0.22359468
vt 0.10130422 0.23864559
vt 0.11876407 0.22359468
vt 0.11876407 0.22359468
vt 0.03619986 0.23420908
vt 0.03619986 0.23420908
vt 0.10374535 0.19393810
vt 0.10374535 0.19393810
vt 0.12654423 0.21460774
vt 0.02173780 0.19360185
vt 0.12654423 0.21460774
vt 0.02173780 0.19360185
vt 0.00941487 0.22022590
vt 0.06531102 0.21983660
vt 0.00941487 0.22022590
vt 0.06531102 0.21983660
vt 0.17642866 0.22022590
vt 0.17642866 0.22022590
vt 0.06691483 0.22544783
vt 0.06691483 0.22544783
vt 0.12654423 0.23628792
vt 0.12654423 0.23628792
vt 0.15178280 0.19360185
vt 0.15178280 0.19360185
vt 0.15156885 0.19488243
vt 0.15156885 0.19488243
vt 0.09016832 0.19360185
vt 0.09016832 0.19360185
vt 0.05842486 0.22946449
vt 0.04087677 0.22008069
vt 0.04087677 0.22008069
vt 0.05842486 0.22946449
vt 0.03471531 0.19360185
vt 0.03471531 0.19360185
vt 0.07784557 0.19360185
vt 0.07784557 0.19360185
vt 0.10865272 0.19360185
vt 0.10865272 0.19360185
vt 0.09632979 0.19360185
vt 0.09632979 0.19360185
vt 0.02627537 0.21465662
vt 0.10249125 0.22008069
vt 0.02627537 0.21465662
vt 0.10249125 0.22008069
vt 0.08794616 0.25276581
vt 0.08794616 0.25276581
vt 0.05742900 0.23515341
vt 0.05742900 0.23515341
vt 0.16730796 0.20376765
vt 0.16730796 0.20376765
vt 0.07102935 0.19360185
vt 0.07102935 0.19360185
vt 0.07102935 0.22022590
vt 0.07102935 0.22022590
vt 0.01984490 0.20376765
vt 0.01984490 0.20376765
vt 0.04199619 0.19461951
vt 0.04199619 0.19461951
vt 0.11941739 0.20498914
vt 0.11941739 0.20498914
vt 0.08622848 0.23637409
vt 0.08622848 0.23637409
vt 0.10249125 0.22022590
vt 0.01984490 0.24712801
vt 0.01984490 0.24712801
vt 0.10249125 0.22022590
vt 0.00504713 0.24089368
vt 0.02494756 0.21721687
vt 0.02494756 0.21721687
vt 0.05619588 0.24089368
vt 0.00504713 0.24089368
vt 0.05619588 0.24089368
vt 0.07612914 0.21865656
vt 0.07612914 0.21865656
vt 0.12426540 0.23956947
vt 0.12426540 0.23956947
vt 0.07667701 0.21836885
vt 0.07667701 0.21836885
vt 0.07732639 0.21601911
vt 0.07732639 0.21601911
vt 0.10130422 0.25340496
vt 0.11876407 0.25340496
vt 0.11876407 0.25340496
vt 0.10130422 0.25340496
vt 0.12221756 0.23420908
vt 0.12221756 0.23420908
vt 0.02670417 0.19412941
vt 0.02670417 0.19412941
vt 0.03406073 0.19360185
vt 0.13402454 0.21011758
vt 0.03406073 0.19360185
vt 0.13402454 0.21011758
vt 0.02173780 0.22022590
vt 0.06060864 0.21460774
vt 0.06060864 0.21460774
vt 0.02173780 0.22022590
vt 0.06531102 0.23105905
vt 0.06531102 0.23105905
vt 0.16410573 0.22022590
vt 0.16410573 0.22022590
vt 0.13402454 0.24077801
vt 0.13945987 0.19360185
vt 0.13402454 0.24077801
vt 0.13945987 0.19360185
vt 0.00905297 0.19412941
vt 0.00905297 0.19412941
vt 0.08400686 0.19360185
vt 0.08400686 0.19360185
vt 0.04703824 0.22008069
vt 0.05274867 0.23054740
vt 0.04703824 0.22008069
vt 0.05274867 0.23054740
vt 0.07168410 0.19360185
vt 0.07168410 0.19360185
vt 0.10249125 0.19360185
vt 0.10249125 0.19360185
vt 0.09632979 0.22008069
vt 0.09632979 0.22008069
vt 0.02392427 0.21727102
vt 0.02392427 0.21727102
vt 0.02627537 0.22549671
vt 0.02627537 0.22549671
vt 0.07784557 0.22008069
vt 0.07784557 0.22008069
vt 0.07079226 0.22967630
vt 0.07079226 0.22967630
vt 0.05870641 0.19360185
vt 0.05870641 0.19360185
vt 0.15512527 0.20450635
vt 0.15512527 0.20450635
vt 0.03202759 0.20450635
vt 0.03202759 0.20450635
vt 0.05870641 0.22022590
vt 0.05870641 0.22022590
vt 0.10092439 0.23637409
vt 0.10092439 0.23637409
vt 0.00766239 0.20450635
vt 0.08335228 0.22022590
vt 0.08335228 0.22022590
vt 0.00766239 0.20450635
vt 0.16589802 0.24077801
vt 0.06552264 0.22022590
vt 0.16589802 0.24077801
vt 0.06552264 0.22022590
vt 0.03202759 0.24638930
vt 0.03202759 0.24638930
vt 0.11481418 0.22022590
vt 0.11481418 0.22022590
vt 0.09016832 0.22022590
vt 0.00766239 0.24638930
vt 0.00766239 0.24638930
vt 0.09016832 0.22022590
vt 0.07488992 0.21374346
vt 0.07488992 0.21374346
vt 0.07658734 0.21563098
vt 0.07658734 0.21563098
vt 0.11300934 0.23190103
vt 0.11300934 0.23190103
vt 0.03352649 0.23908043
vt 0.03352649 0.23908043
vt 0.10374535 0.23420908
vt 0.10374535 0.23420908
vt 0.04638366 0.19360185
vt 0.04638366 0.19360185
vt 0.14377291 0.20667223
vt 0.14377291 0.20667223
vt 0.05312833 0.21011758
vt 0.05312833 0.21011758
vt 0.03406073 0.22022590
vt 0.03406073 0.22022590
vt 0.04665733 0.23091675
vt 0.05319971 0.22008069
vt 0.05319971 0.22008069
vt 0.04665733 0.23091675
vt 0.06060864 0.23628792
vt 0.15178280 0.22022590
vt 0.06060864 0.23628792
vt 0.15178280 0.22022590
vt 0.12713712 0.19360185
vt 0.12713712 0.19360185
vt 0.14377291 0.24422343
vt 0.14377291 0.24422343
vt 0.02312228 0.22007666
vt 0.09016832 0.22008069
vt 0.02312228 0.22007666
vt 0.09016832 0.22008069
vt 0.08400686 0.22008069
vt 0.02392427 0.22288231
vt 0.02392427 0.22288231
vt 0.08400686 0.22008069
vt 0.04087677 0.19360185
vt 0.04087677 0.19360185
vt 0.03001562 0.22774175
vt 0.07168410 0.22008069
vt 0.03001562 0.22774175
vt 0.07168410 0.22008069
vt 0.06040276 0.23100348
vt 0.06040276 0.23100348
vt 0.08150081 0.22909780
vt 0.08150081 0.22909780
vt 0.00905297 0.24292586
vt 0.00905297 0.24292586
vt 0.17949048 0.20450635
vt 0.08335228 0.19360185
vt 0.17949048 0.20450635
vt 0.08335228 0.19360185
vt 0.01150629 0.20667223
vt 0.09567521 0.19360185
vt 0.09567521 0.19360185
vt 0.01150629 0.20667223
vt 0.09567521 0.22022590
vt 0.17564658 0.20667223
vt 0.17564658 0.20667223
vt 0.09567521 0.22022590
vt 0.02125485 0.24077801
vt 0.06552264 0.19360185
vt 0.06552264 0.19360185
vt 0.02125485 0.24077801
vt 0.05319971 0.22022590
vt 0.15841771 0.23628792
vt 0.05319971 0.22022590
vt 0.15841771 0.23628792
vt 0.07784557 0.22022590
vt 0.07784557 0.22022590
vt 0.17564658 0.24422343
vt 0.17564658 0.24422343
vt 0.12713712 0.22022590
vt 0.12713712 0.22022590
vt 0.04337995 0.24422343
vt 0.04337995 0.24422343
vt 0.11481418 0.19360185
vt 0.11481418 0.19360185
vt 0.15512527 0.24638930
vt 0.15512527 0.24638930
vt 0.16730796 0.24712801
vt 0.16730796 0.24712801
vt 0.10249125 0.19360185
vt 0.10249125 0.19360185
vt 0.07510871 0.21424978
vt 0.07510871 0.21424978
vt 0.07596469 0.21520166
vt 0.07596469 0.21520166
vt 0.10286140 0.23022346
vt 0.10286140 0.23022346
vt 0.02670417 0.25041229
vt 0.02670417 0.25041229
vt 0.04154731 0.23576170
vt 0.04154731 0.23576170
vt 0.13945987 0.22022590
vt 0.13945987 0.22022590
vt 0.05312833 0.24077801
vt 0.05312833 0.24077801
vt 0.04703824 0.19360185
vt 0.04703824 0.19360185
vt 0.06552264 0.19360185
vt 0.06552264 0.19360185
vt 0.06552264 0.22008069
vt 0.06552264 0.22008069
vt 0.03488980 0.22946449
vt 0.03488980 0.22946449
vt 0.05057709 0.23304806
vt 0.05057709 0.23304806
vt 0.09227517 0.22928161
vt 0.09227517 0.22928161
vt 0.04337995 0.20667223
vt 0.04638366 0.22022590
vt 0.04337995 0.20667223
vt 0.04638366 0.22022590
vt 0.02125485 0.21011758
vt 0.02125485 0.21011758
vt 0.10799796 0.19360185
vt 0.10799796 0.19360185
vt 0.02873515 0.23628792
vt 0.05319971 0.19360185
vt 0.05319971 0.19360185
vt 0.02873515 0.23628792
vt 0.07784557 0.19360185
vt 0.01150629 0.24422343
vt 0.07784557 0.19360185
vt 0.01150629 0.24422343
vt 0.04087677 0.22022590
vt 0.15371533 0.23105905
vt 0.15371533 0.23105905
vt 0.04087677 0.22022590
vt 0.17949048 0.24638930
vt 0.17949048 0.24638930
vt 0.09016832 0.19360185
vt 0.09016832 0.19360185
vt 0.07546900 0.21473864
vt 0.07546900 0.21473864
vt 0.07494175 0.21410773
vt 0.07494175 0.21410773
vt 0.02670417 0.24860474
vt 0.02670417 0.24860474
vt 0.05319971 0.19360185
vt 0.05319971 0.19360185
vt 0.04056598 0.23054740
vt 0.05936117 0.22008069
vt 0.04056598 0.23054740
vt 0.05936117 0.22008069
vt 0.16589802 0.21011758
vt 0.16589802 0.21011758
vt 0.10799796 0.22022590
vt 0.10799796 0.22022590
vt 0.02873515 0.21460774
vt 0.02873515 0.21460774
vt 0.12032089 0.19360185
vt 0.00439285 0.19360185
vt 0.12032089 0.19360185
vt 0.00439285 0.19360185
vt 0.04087677 0.19360185
vt 0.04087677 0.19360185
vt 0.03343754 0.23105905
vt 0.03343754 0.23105905
vt 0.02855402 0.22022590
vt 0.15211152 0.22544783
vt 0.15211152 0.22544783
vt 0.02855402 0.22022590
vt 0.02670417 0.24292586
vt 0.02670417 0.24292586
vt 0.05936117 0.19360185
vt 0.05936117 0.19360185
vt 0.12032089 0.22022590
vt 0.15841771 0.21460774
vt 0.15841771 0.21460774
vt 0.00439285 0.22022590
vt 0.00439285 0.22022590
vt 0.12032089 0.22022590
vt 0.01623109 0.19360185
vt 0.01623109 0.19360185
vt 0.03343754 0.21983660
vt 0.03343754 0.21983660
vt 0.03504134 0.22544783
vt 0.02855402 0.19360185
vt 0.03504134 0.22544783
vt 0.02855402 0.19360185
vt 0.15371533 0.21983660
vt 0.01623109 0.22022590
vt 0.01623109 0.22022590
vt 0.15371533 0.21983660
vt 0.10487339 0.26171540
vt 0.10487339 0.26171540
vt 0.10487339 0.25805497
vt 0.10487339 0.25805497
vt 0.05458715 0.30976417
vt 0.05458715 0.30976417
vt 0.12243262 0.25805497
vt 0.12243262 0.25805497
vt 0.12243262 0.26171540
vt 0.12243262 0.26171540
vt 0.09718435 0.26363732
vt 0.09718435 0.26337086
vt 0.09718435 0.26363732
vt 0.09718435 0.26337086
vt 0.07241091 0.26171540
vt 0.07241091 0.26171540
vt 0.03441317 0.25859548
vt 0.03441317 0.25859548
vt 0.01621053 0.25805497
vt 0.01621053 0.25805497
vt 0.09718435 0.25859548
vt 0.09718435 0.25859548
vt 0.09718435 0.26380297
vt 0.09718435 0.26380297
vt 0.09718435 0.26958766
vt 0.09718435 0.26841270
vt 0.09718435 0.26958766
vt 0.09718435 0.26841270
vt 0.09718435 0.28234514
vt 0.09718435 0.28234514
vt 0.09718435 0.25902759
vt 0.09718435 0.25902759
vt 0.06802113 0.26171540
vt 0.06802113 0.26171540
vt 0.03960455 0.30976417
vt 0.03960455 0.30976417
vt 0.11189822 0.25859548
vt 0.11189822 0.25859548
vt 0.09718435 0.29614129
vt 0.09718435 0.29614129
vt 0.01969930 0.29614129
vt 0.01969930 0.29614129
vt 0.01621053 0.26171540
vt 0.01621053 0.26171540
vt 0.09718435 0.28026284
vt 0.09718435 0.27436298
vt 0.09718435 0.27436298
vt 0.09718435 0.28026284
vt 0.09474772 0.26363732
vt 0.09474772 0.26337086
vt 0.09474772 0.26363732
vt 0.09474772 0.26337086
vt 0.09474772 0.26841270
vt 0.09474772 0.26841270
vt 0.09474772 0.26958766
vt 0.09474772 0.26958766
vt 0.09718435 0.27689201
vt 0.09718435 0.27756982
vt 0.09718435 0.27689201
vt 0.09718435 0.27756982
vt 0.07241091 0.25805497
vt 0.07241091 0.25805497
vt 0.09474772 0.29614129
vt 0.09474772 0.29614129
vt 0.03684980 0.25859548
vt 0.03684980 0.25859548
vt 0.00439168 0.30976417
vt 0.00439168 0.30976417
vt 0.03960455 0.25805497
vt 0.03960455 0.25805497
vt 0.03441317 0.26337086
vt 0.03441317 0.25902759
vt 0.03441317 0.26337086
vt 0.03441317 0.25902759
vt 0.05046190 0.26171540
vt 0.05046190 0.26171540
vt 0.03376976 0.25805497
vt 0.03376976 0.25805497
vt 0.09718435 0.28503816
vt 0.09718435 0.30760089
vt 0.09718435 0.28503816
vt 0.09718435 0.30760089
vt 0.09474772 0.26380297
vt 0.09474772 0.25859548
vt 0.09474772 0.26380297
vt 0.09474772 0.25859548
vt 0.09474772 0.28026284
vt 0.09474772 0.28026284
vt 0.09474772 0.27436298
vt 0.09474772 0.27436298
vt 0.09718435 0.27314638
vt 0.09718435 0.27211669
vt 0.09718435 0.27314638
vt 0.09718435 0.27211669
vt 0.09474772 0.25902759
vt 0.09474772 0.28234514
vt 0.09474772 0.28234514
vt 0.09474772 0.25902759
vt 0.09718435 0.26837107
vt 0.09718435 0.30091661
vt 0.09718435 0.26837107
vt 0.09718435 0.30091661
vt 0.06802113 0.25805497
vt 0.06802113 0.25805497
vt 0.09474772 0.26837107
vt 0.09474772 0.30091661
vt 0.09474772 0.30091661
vt 0.09474772 0.26837107
vt 0.02365683 0.30976417
vt 0.02365683 0.30976417
vt 0.05458715 0.25805497
vt 0.05458715 0.25805497
vt 0.02365683 0.25805497
vt 0.02365683 0.25805497
vt 0.03684980 0.25902759
vt 0.03684980 0.25902759
vt 0.03684980 0.26337086
vt 0.03684980 0.26337086
vt 0.03290279 0.26171540
vt 0.03290279 0.26171540
vt 0.03376976 0.26171540
vt 0.03376976 0.26171540
vt 0.09718435 0.31237628
vt 0.09718435 0.30889710
vt 0.09718435 0.31237628
vt 0.09718435 0.30889710
vt 0.09474772 0.28503816
vt 0.09474772 0.30760089
vt 0.09474772 0.28503816
vt 0.09474772 0.30760089
vt 0.09474772 0.27314638
vt 0.09474772 0.27314638
vt 0.09474772 0.27211669
vt 0.09474772 0.27211669
vt 0.09474772 0.27689201
vt 0.09474772 0.27689201
vt 0.09474772 0.27756982
vt 0.09474772 0.27756982
vt 0.00439168 0.25805497
vt 0.00439168 0.25805497
vt 0.01985588 0.30976417
vt 0.01985588 0.30976417
vt 0.03441317 0.27756982
vt 0.03441317 0.26380297
vt 0.03441317 0.27756982
vt 0.03441317 0.26380297
vt 0.05046190 0.25805497
vt 0.05046190 0.25805497
vt 0.05132886 0.26171540
vt 0.05132886 0.26171540
vt 0.09718435 0.31367248
vt 0.09718435 0.31367248
vt 0.09718435 0.30939432
vt 0.09718435 0.30939432
vt 0.03684980 0.28234514
vt 0.03684980 0.27211669
vt 0.03684980 0.28234514
vt 0.03684980 0.27211669
vt 0.03684980 0.27756982
vt 0.03684980 0.26380297
vt 0.03684980 0.26380297
vt 0.03684980 0.27756982
vt 0.00770898 0.30976417
vt 0.00770898 0.30976417
vt 0.00770898 0.25805497
vt 0.00770898 0.25805497
vt 0.01985588 0.25805497
vt 0.01985588 0.25805497
vt 0.03290279 0.25805497
vt 0.03290279 0.25805497
vt 0.01534356 0.26171540
vt 0.01534356 0.26171540
vt 0.05132886 0.25805497
vt 0.05132886 0.25805497
vt 0.09718435 0.31416964
vt 0.09718435 0.31416964
vt 0.03441317 0.30091661
vt 0.03441317 0.30091661
vt 0.09474772 0.31237628
vt 0.09474772 0.30889710
vt 0.09474772 0.31237628
vt 0.09474772 0.30889710
vt 0.03580373 0.30976417
vt 0.03580373 0.30976417
vt 0.03441317 0.28234514
vt 0.03441317 0.28234514
vt 0.03441317 0.27211669
vt 0.03441317 0.27211669
vt 0.06888809 0.26171540
vt 0.06888809 0.26171540
vt 0.01534356 0.25805497
vt 0.01534356 0.25805497
vt 0.12156566 0.26171540
vt 0.12156566 0.26171540
vt 0.09474772 0.30939432
vt 0.09474772 0.31367248
vt 0.09474772 0.31367248
vt 0.09474772 0.30939432
vt 0.03684980 0.27689201
vt 0.03684980 0.26837107
vt 0.03684980 0.27689201
vt 0.03684980 0.26837107
vt 0.11554247 0.30976417
vt 0.11554247 0.30976417
vt 0.03580373 0.25805497
vt 0.03580373 0.25805497
vt 0.03441317 0.27689201
vt 0.03441317 0.27689201
vt 0.03441317 0.26837107
vt 0.03441317 0.26837107
vt 0.06888809 0.25805497
vt 0.06888809 0.25805497
vt 0.12156566 0.25805497
vt 0.12156566 0.25805497
vt 0.03441317 0.27314638
vt 0.03441317 0.29614129
vt 0.03441317 0.29614129
vt 0.03441317 0.27314638
vt 0.03684980 0.30091661
vt 0.09474772 0.31416964
vt 0.09474772 0.31416964
vt 0.03684980 0.30091661
vt 0.05175145 0.30976417
vt 0.05175145 0.30976417
vt 0.11554247 0.25805497
vt 0.11554247 0.25805497
vt 0.08644732 0.26171540
vt 0.08644732 0.26171540
vt 0.10400643 0.26171540
vt 0.10400643 0.26171540
vt 0.10400643 0.25805497
vt 0.10400643 0.25805497
vt 0.03684980 0.27314638
vt 0.03684980 0.29614129
vt 0.03684980 0.29614129
vt 0.03684980 0.27314638
vt 0.05175145 0.25805497
vt 0.05175145 0.25805497
vt 0.09959474 0.30976417
vt 0.09959474 0.30976417
vt 0.08644732 0.25805497
vt 0.08644732 0.25805497
vt 0.06769917 0.25805497
vt 0.06769917 0.25805497
vt 0.06769917 0.30976417
vt 0.06769917 0.30976417
vt 0.09959474 0.25805497
vt 0.09959474 0.25805497
vt 0.08364690 0.30976417
vt 0.08364690 0.30976417
vt 0.08364690 0.25805497
vt 0.08364690 0.25805497
vt 0.13330174 0.25805688
vt 0.13330174 0.25805688
vt 0.13330174 0.25805688
vt 0.13330174 0.25805688
vt 0.13330174 0.25805688
vt 0.13330174 0.25805688
vt 0.13330174 0.25805688
vt 0.13330174 0.25805688
vt 0.13330174 0.25805688
vt 0.13330174 0.25805688
vt 0.13330174 0.25805688
vt 0.13330174 0.25805688
vt 0.13330174 0.25805688
vt 0.13330174 0.25805688
vt 0.13330174 0.25805688
vt 0.13330174 0.25805688
vt 0.13330174 0.25805688
vt 0.13330174 0.25805688
vt 0.13330174 0.25805688
vt 0.13330174 0.25805688
vt 0.13330174 0.25805688
vt 0.13330174 0.25805688
vt 0.13330174 0.25805688
vt 0.13330174 0.25805688
vt 0.13330174 0.25805688
vt 0.13330174 0.25805688
vt 0.13330174 0.25805688
vt 0.13330174 0.25805688
vt 0.13330174 0.25805688
vt 0.13330174 0.25805688
vt 0.13330174 0.25805688
vt 0.13330174 0.25805688
vt 0.13330174 0.25805688
vt 0.13330174 0.25805688
vt 0.13330174 0.25805688
vt 0.13330174 0.25805688
vt 0.13330174 0.25805688
vt 0.13330174 0.25805688
vt 0.13330174 0.25805688
vt 0.13330174 0.25805688
vt 0.13330174 0.25805688
vt 0.13330174 0.25805688
vt 0.13330174 0.25805688
vt 0.13330174 0.25805688
vt 0.13330174 0.25805688
vt 0.13330174 0.25805688
vt 0.13330174 0.25805688
vt 0.13330174 0.25805688
vt 0.13330174 0.25805688
vt 0.13330174 0.25805688
vt 0.13330174 0.25805688
vt 0.13330174 0.25805688
vt 0.13330174 0.25805688
vt 0.13330174 0.25805688
vt 0.13330174 0.25805688
vt 0.13330174 0.25805688
vt 0.13330174 0.25805688
vt 0.13330174 0.25805688
vt 0.13330174 0.25805688
vt 0.13330174 0.25805688
vt 0.13330174 0.25805688
vt 0.13330174 0.25805688
vt 0.13330174 0.25805688
vt 0.13330174 0.25805688
vt 0.13330174 0.25805688
vt 0.13330174 0.25805688
vt 0.13330174 0.25805688
vt 0.13330174 0.25805688
vt 0.13330174 0.25805688
vt 0.13330174 0.25805688
vt 0.13330174 0.25805688
vt 0.13330174 0.25805688
vt 0.13330174 0.25805688
vt 0.13330174 0.25805688
vt 0.13330174 0.25805688
vt 0.13330174 0.25805688
vt 0.13330174 0.25805688
vt 0.13330174 0.25805688
vt 0.13330174 0.25805688
vt 0.13330174 0.25805688
vt 0.13330174 0.25805688
vt 0.13330174 0.25805688
vt 0.13330174 0.25805688
vt 0.13330174 0.25805688
vt 0.13330174 0.25805688
vt 0.13330174 0.25805688
vt 0.13330174 0.25805688
vt 0.13330174 0.25805688
vt 0.13330174 0.25805688
vt 0.13330174 0.25805688
vt 0.13330174 0.25805688
vt 0.13330174 0.25805688
vt 0.13330174 0.25805688
vt 0.13330174 0.25805688
vt 0.13330174 0.25805688
vt 0.13330174 0.25805688
vt 0.13330174 0.25805688
vt 0.13330174 0.25805688
vt 0.13330174 0.25805688
vt 0.13330174 0.25805688
vt 0.13330174 0.25805688
vt 0.13330174 0.25805688
vt 0.13330174 0.25805688
vt 0.13330174 0.25805688
vt 0.13330174 0.25805688
vt 0.13330174 0.25805688
vt 0.13330174 0.25805688
vt 0.13330174 0.25805688
vt 0.13330174 0.25805688
vt 0.13330174 0.25805688
vt 0.13330174 0.25805688
vt 0.13330174 0.25805688
vt 0.13330174 0.25805688
vt 0.13330174 0.25805688
vt 0.13330174 0.25805688
vt 0.13330174 0.25805688
vt 0.13330174 0.25805688
vt 0.13330174 0.25805688
vt 0.13330174 0.25805688
vt 0.13330174 0.25805688
vt 0.13330174 0.25805688
vt 0.13330174 0.25805688
vt 0.13330174 0.25805688
vt 0.13330174 0.25805688
vt 0.13330174 0.25805688
vt 0.13330174 0.25805688
vt 0.13330174 0.25805688
vt 0.13330174 0.25805688
vt 0.13330174 0.25805688
vt 0.13330174 0.25805688
vt 0.13330174 0.25805688
vt 0.13330174 0.25805688
vt 0.13330174 0.25805688
vt 0.13330174 0.25805688
vt 0.13330174 0.25805688
vt 0.13330174 0.25805688
vt 0.13330174 0.25805688
vt 0.13330174 0.25805688
vt 0.13330174 0.25805688
vt 0.13330174 0.25805688
vt 0.13330174 0.25805688
vt 0.13330174 0.25805688
vt 0.13330174 0.25805688
vt 0.13330174 0.25805688
vt 0.13330174 0.25805688
vt 0.13330174 0.25805688
vt 0.13330174 0.25805688
vt 0.13330174 0.25805688
vt 0.13330174 0.25805688
vt 0.13330174 0.25805688
vt 0.13330174 0.25805688
vt 0.13330174 0.25805688
vt 0.13330174 0.25805688
vt 0.13330174 0.25805688
vt 0.13330174 0.25805688
vt 0.13330174 0.25805688
vt 0.13330174 0.25805688
vt 0.13330174 0.25805688
vt 0.13330174 0.25805688
vt 0.13330174 0.25805688
vt 0.13330174 0.25805688
vt 0.13330174 0.25805688
vt 0.13330174 0.25805688
vt 0.13330174 0.25805688
vt 0.13330174 0.25805688
vt 0.13330174 0.25805688
vt 0.13330174 0.25805688
vt 0.13330174 0.25805688
vt 0.13330174 0.25805688
vt 0.13330174 0.25805688
vt 0.13330174 0.25805688
vt 0.13330174 0.25805688
vt 0.13330174 0.25805688
vt 0.13330174 0.25805688
vt 0.13330174 0.25805688
vt 0.13330174 0.25805688
vt 0.13330174 0.25805688
vt 0.13330174 0.25805688
vt 0.13330174 0.25805688
vt 0.13330174 0.25805688
vt 0.13330174 0.25805688
vt 0.13330174 0.25805688
vt 0.13330174 0.25805688
vt 0.13330174 0.25805688
vt 0.13330174 0.25805688
vt 0.13330174 0.25805688
vt 0.13330174 0.25805688
vt 0.13330174 0.25805688
vt 0.13330174 0.25805688
vt 0.13330174 0.25805688
vt 0.13330174 0.25805688
vt 0.13330174 0.25805688
vt 0.13330174 0.25805688
vt 0.13330174 0.25805688
vt 0.13330174 0.25805688
vt 0.13330174 0.25805688
vt 0.13330174 0.25805688
vt 0.13330174 0.25805688
vt 0.13330174 0.25805688
vt 0.13330174 0.25805688
vt 0.13330174 0.25805688
vt 0.13330174 0.25805688
vt 0.13330174 0.25805688
vt 0.13330174 0.25805688
vt 0.13330174 0.25805688
vt 0.13330174 0.25805688
vt 0.13330174 0.25805688
vt 0.13330174 0.25805688
vt 0.13330174 0.25805688
vt 0.13330174 0.25805688
vt 0.13330174 0.25805688
vt 0.13330174 0.25805688
vt 0.13330174 0.25805688
vt 0.13330174 0.25805688
vt 0.13330174 0.25805688
vt 0.13330174 0.25805688
vt 0.13330174 0.25805688
vt 0.13330174 0.25805688
vt 0.13330174 0.25805688
vt 0.13330174 0.25805688
vt 0.13330174 0.25805688
vt 0.13330174 0.25805688
vt 0.13330174 0.25805688
vt 0.13330174 0.25805688
vt 0.13330174 0.25805688
vt 0.13330174 0.25805688
vt 0.13330174 0.25805688
vt 0.13330174 0.25805688
vt 0.13330174 0.25805688
vt 0.13330174 0.25805688
vt 0.13330174 0.25805688
vt 0.13330174 0.25805688
vt 0.13330174 0.25805688
vt 0.13330174 0.25805688
vt 0.13330174 0.25805688
vt 0.13330174 0.25805688
vt 0.13330174 0.25805688
vt 0.13330174 0.25805688
vt 0.13330174 0.25805688
vt 0.13330174 0.25805688
vt 0.13330174 0.25805688
vt 0.13330174 0.25805688
vt 0.13330174 0.25805688
vt 0.13330174 0.25805688
vt 0.13330174 0.25805688
vt 0.13330174 0.25805688
vt 0.13330174 0.25805688
vt 0.13330174 0.25805688
vt 0.13330174 0.25805688
vt 0.13330174 0.25805688
vt 0.13330174 0.25805688
vt 0.13330174 0.25805688
vt 0.13330174 0.25805688
vt 0.13330174 0.25805688
vt 0.13330174 0.25805688
vt 0.13330174 0.25805688
vt 0.13330174 0.25805688
vt 0.13330174 0.25805688
vt 0.13330174 0.25805688
vt 0.13330174 0.25805688
vt 0.13330174 0.25805688
vt 0.13330174 0.25805688
vt 0.13330174 0.25805688
vt 0.13330174 0.25805688
vt 0.13330174 0.25805688
vt 0.13330174 0.25805688
vt 0.13330174 0.25805688
vt 0.13330174 0.25805688
vt 0.13330174 0.25805688
vt 0.13330174 0.25805688
vt 0.13330174 0.25805688
vt 0.13330174 0.25805688
vt 0.13330174 0.25805688
vt 0.13330174 0.25805688
vt 0.13330174 0.25805688
vt 0.13330174 0.25805688
vt 0.13330174 0.25805688
vt 0.13330174 0.25805688
vt 0.13330174 0.25805688
vt 0.13330174 0.25805688
vt 0.13330174 0.25805688
vt 0.13330174 0.25805688
vt 0.13330174 0.25805688
vt 0.13330174 0.25805688
vt 0.13330174 0.25805688
vt 0.13330174 0.25805688
vt 0.13330174 0.25805688
vt 0.13330174 0.25805688
vt 0.13330174 0.25805688
vt 0.13330174 0.25805688
vt 0.13330174 0.25805688
vt 0.13330174 0.25805688
vt 0.13330174 0.25805688
vt 0.13330174 0.25805688
vt 0.13330174 0.25805688
vt 0.13330174 0.25805688
vt 0.13330174 0.25805688
vt 0.13330174 0.25805688
vt 0.13330174 0.25805688
vt 0.13330174 0.25805688
vt 0.13330174 0.25805688
vt 0.13330174 0.25805688
vt 0.13330174 0.25805688
vt 0.13330174 0.25805688
vt 0.13330174 0.25805688
vt 0.13330174 0.25805688
vt 0.13330174 0.25805688
vt 0.13330174 0.25805688
vt 0.13330174 0.25805688
vt 0.13330174 0.25805688
vt 0.13330174 0.25805688
vt 0.13330174 0.25805688
vt 0.13330174 0.25805688
vt 0.13330174 0.25805688
vt 0.13330174 0.25805688
vt 0.13330174 0.25805688
vt 0.13330174 0.25805688
vt 0.13330174 0.25805688
vt 0.13330174 0.25805688
vt 0.13330174 0.25805688
vt 0.13330174 0.25805688
vt 0.13330174 0.25805688
vt 0.13330174 0.25805688
vt 0.13330174 0.25805688
vt 0.13330174 0.25805688
vt 0.13330174 0.25805688
vt 0.13330174 0.25805688
vt 0.13330174 0.25805688
vt 0.13330174 0.25805688
vt 0.13330174 0.25805688
vt 0.13330174 0.25805688
vt 0.13330174 0.25805688
vt 0.13330174 0.25805688
vt 0.13330174 0.25805688
vt 0.13330174 0.25805688
vt 0.13330174 0.25805688
vt 0.13330174 0.25805688
vt 0.13330174 0.25805688
vt 0.13330174 0.25805688
vt 0.13330174 0.25805688
vt 0.13330174 0.25805688
vt 0.13330174 0.25805688
vt 0.13330174 0.25805688
vt 0.13330174 0.25805688
vt 0.13330174 0.25805688
vt 0.13330174 0.25805688
vt 0.13330174 0.25805688
vt 0.13330174 0.25805688
vt 0.13330174 0.25805688
vt 0.13330174 0.25805688
vt 0.13330174 0.25805688
vt 0.13330174 0.25805688
vt 0.13330174 0.25805688
vt 0.13330174 0.25805688
vt 0.13330174 0.25805688
vt 0.13330174 0.25805688
vt 0.13330174 0.25805688
vt 0.13330174 0.25805688
vt 0.13330174 0.25805688
vt 0.13330174 0.25805688
vt 0.13330174 0.25805688
vt 0.13330174 0.25805688
vt 0.13330174 0.25805688
vt 0.13330174 0.25805688
vt 0.13330174 0.25805688
vt 0.13330174 0.25805688
vt 0.13330174 0.25805688
vt 0.13330174 0.25805688
vt 0.13330174 0.25805688
vt 0.13330174 0.25805688
vt 0.13330174 0.25805688
vt 0.13330174 0.25805688
vt 0.13330174 0.25805688
vt 0.13330174 0.25805688
vt 0.13330174 0.25805688
vt 0.13330174 0.25805688
vt 0.13330174 0.25805688
vt 0.13330174 0.25805688
vt 0.13330174 0.25805688
vt 0.13330174 0.25805688
vt 0.13330174 0.25805688
vt 0.13330174 0.25805688
vt 0.13330174 0.25805688
vt 0.13330174 0.25805688
vt 0.13330174 0.25805688
vt 0.13330174 0.25805688
vt 0.13330174 0.25805688
vt 0.13330174 0.25805688
vt 0.13330174 0.25805688
vt 0.13330174 0.25805688
vt 0.13330174 0.25805688
vt 0.13330174 0.25805688
vt 0.13330174 0.25805688
vt 0.13330174 0.25805688
vt 0.13330174 0.25805688
vt 0.13330174 0.25805688
vt 0.13330174 0.25805688
vt 0.13330174 0.25805688
vt 0.13330174 0.25805688
vt 0.13330174 0.25805688
vt 0.13330174 0.25805688
vt 0.13330174 0.25805688
vt 0.13330174 0.25805688
vt 0.13330174 0.25805688
vt 0.13330174 0.25805688
vt 0.13330174 0.25805688
vt 0.13330174 0.25805688
vt 0.13330174 0.25805688
vt 0.13330174 0.25805688
vt 0.13330174 0.25805688
vt 0.13330174 0.25805688
vt 0.13330174 0.25805688
vt 0.13330174 0.25805688
vt 0.13330174 0.25805688
vt 0.13330174 0.25805688
vt 0.13330174 0.25805688
vt 0.13330174 0.25805688
vt 0.13330174 0.25805688
vt 0.13330174 0.25805688
vt 0.13330174 0.25805688
vt 0.13330174 0.25805688
vt 0.13330174 0.25805688
vt 0.13330174 0.25805688
vt 0.13330174 0.25805688
vt 0.13330174 0.25805688
vt 0.13330174 0.25805688
vt 0.13330174 0.25805688
vt 0.13330174 0.25805688
vt 0.13330174 0.25805688
vt 0.13330174 0.25805688
vt 0.13330174 0.25805688
vt 0.13330174 0.25805688
vt 0.13330174 0.25805688
vt 0.13330174 0.25805688
vt 0.13330174 0.25805688
vt 0.13330174 0.25805688
vt 0.13330174 0.25805688
vt 0.13330174 0.25805688
vt 0.13330174 0.25805688
vt 0.13330174 0.25805688
vt 0.13330174 0.25805688
vt 0.13330174 0.25805688
vt 0.13330174 0.25805688
vt 0.13330174 0.25805688
vt 0.13330174 0.25805688
vt 0.13330174 0.25805688
vt 0.13330174 0.25805688
vt 0.13330174 0.25805688
vt 0.13330174 0.25805688
vt 0.13330174 0.25805688
vt 0.13330174 0.25805688
vt 0.13330174 0.25805688
vt 0.13330174 0.25805688
vt 0.13330174 0.25805688
vt 0.13330174 0.25805688
vt 0.13330174 0.25805688
vt 0.13330174 0.25805688
vt 0.13330174 0.25805688
vt 0.13330174 0.25805688
vt 0.13330174 0.25805688
vt 0.13330174 0.25805688
vt 0.13330174 0.25805688
vt 0.13330174 0.25805688
vt 0.13330174 0.25805688
vt 0.13330174 0.25805688
vt 0.13330174 0.25805688
vt 0.13330174 0.25805688
vt 0.13330174 0.25805688
vt 0.13330174 0.25805688
vt 0.13330174 0.25805688
vt 0.13330174 0.25805688
vt 0.13330174 0.25805688
vt 0.13330174 0.25805688
vt 0.13330174 0.25805688
vt 0.13330174 0.25805688
vt 0.13330174 0.25805688
vt 0.13330174 0.25805688
vt 0.13330174 0.25805688
vt 0.13330174 0.25805688
vt 0.13330174 0.25805688
vt 0.13330174 0.25805688
vt 0.13330174 0.25805688
vt 0.13330174 0.25805688
vt 0.13330174 0.25805688
vt 0.13330174 0.25805688
vt 0.13330174 0.25805688
vt 0.13330174 0.25805688
vt 0.13330174 0.25805688
vt 0.13330174 0.25805688
vt 0.13330174 0.25805688
vt 0.13330174 0.25805688
vt 0.13330174 0.25805688
vt 0.13330174 0.25805688
vt 0.13330174 0.25805688
vt 0.13330174 0.25805688
vt 0.13330174 0.25805688
vt 0.13330174 0.25805688
vt 0.13330174 0.25805688
vt 0.13330174 0.25805688
vt 0.13330174 0.25805688
vt 0.13330174 0.25805688
vt 0.13330174 0.25805688
vt 0.13330174 0.25805688
vt 0.13330174 0.25805688
vt 0.13330174 0.25805688
vt 0.13330174 0.25805688
vt 0.13330174 0.25805688
vt 0.13330174 0.25805688
vt 0.13330174 0.25805688
vt 0.13330174 0.25805688
vt 0.13330174 0.25805688
vt 0.13330174 0.25805688
vt 0.13330174 0.25805688
vt 0.13330174 0.25805688
vt 0.13330174 0.25805688
vt 0.13330174 0.25805688
vt 0.13330174 0.25805688
vt 0.13330174 0.25805688
vt 0.13330174 0.25805688
vt 0.13330174 0.25805688
vt 0.13330174 0.25805688
vt 0.13330174 0.25805688
vt 0.13330174 0.25805688
vt 0.13330174 0.25805688
vt 0.13330174 0.25805688
vt 0.13330174 0.25805688
vt 0.13330174 0.25805688
vt 0.13330174 0.25805688
vt 0.13330174 0.25805688
vt 0.13330174 0.25805688
vt 0.13330174 0.25805688
vt 0.13330174 0.25805688
vt 0.13330174 0.25805688
vt 0.13330174 0.25805688
vt 0.13330174 0.25805688
vt 0.13330174 0.25805688
vt 0.13330174 0.25805688
vt 0.13330174 0.25805688
vt 0.13330174 0.25805688
vt 0.13330174 0.25805688
vt 0.13330174 0.25805688
vt 0.13330174 0.25805688
vt 0.13330174 0.25805688
vt 0.13330174 0.25805688
vt 0.13330174 0.25805688
vt 0.13330174 0.25805688
vt 0.13330174 0.25805688
vt 0.13330174 0.25805688
vt 0.13330174 0.25805688
vt 0.13330174 0.25805688
vt 0.13330174 0.25805688
vt 0.13330174 0.25805688
vt 0.13330174 0.25805688
vt 0.13330174 0.25805688
vt 0.13330174 0.25805688
vt 0.13330174 0.25805688
vt 0.13330174 0.25805688
vt 0.13330174 0.25805688
vt 0.13330174 0.25805688
vt 0.13330174 0.25805688
vt 0.13330174 0.25805688
vt 0.13330174 0.25805688
vt 0.13330174 0.25805688
vt 0.13330174 0.25805688
vt 0.13330174 0.25805688
vt 0.13330174 0.25805688
vt 0.13330174 0.25805688
vt 0.13330174 0.25805688
vt 0.13330174 0.25805688
vt 0.13330174 0.25805688
vt 0.13330174 0.25805688
vt 0.13330174 0.25805688
vt 0.13330174 0.25805688
vt 0.13330174 0.25805688
vt 0.13330174 0.25805688
vt 0.13330174 0.25805688
vt 0.13330174 0.25805688
vt 0.13330174 0.25805688
vt 0.13330174 0.25805688
vt 0.13330174 0.25805688
vt 0.13330174 0.25805688
vt 0.13330174 0.25805688
vt 0.13330174 0.25805688
vt 0.13330174 0.25805688
vt 0.13330174 0.25805688
vt 0.13330174 0.25805688
vt 0.13330174 0.25805688
vt 0.13330174 0.25805688
vt 0.13330174 0.25805688
vt 0.13330174 0.25805688
vt 0.13330174 0.25805688
vt 0.13330174 0.25805688
vt 0.13330174 0.25805688
vt 0.13330174 0.25805688
vt 0.13330174 0.25805688
vt 0.13330174 0.25805688
vt 0.13330174 0.25805688
vt 0.13330174 0.25805688
vt 0.13330174 0.25805688
vt 0.13330174 0.25805688
vt 0.13330174 0.25805688
vt 0.13330174 0.25805688
vt 0.13330174 0.25805688
vt 0.13330174 0.25805688
vt 0.13330174 0.25805688
vt 0.13330174 0.25805688
vt 0.13330174 0.25805688
vt 0.13330174 0.25805688
vt 0.13330174 0.25805688
vt 0.13330174 0.25805688
vt 0.13330174 0.25805688
vt 0.13330174 0.25805688
vt 0.13330174 0.25805688
vt 0.13330174 0.25805688
vt 0.13330174 0.25805688
vt 0.13330174 0.25805688
vt 0.13330174 0.25805688
vt 0.13330174 0.25805688
vt 0.13330174 0.25805688
vt 0.13330174 0.25805688
vt 0.13330174 0.25805688
vt 0.13330174 0.25805688
vt 0.13330174 0.25805688
vt 0.13330174 0.25805688
vt 0.13330174 0.25805688
vt 0.13330174 0.25805688
vt 0.13330174 0.25805688
vt 0.13330174 0.25805688
vt 0.13330174 0.25805688
vt 0.13330174 0.25805688
vt 0.13330174 0.25805688
vt 0.13330174 0.25805688
vt 0.13330174 0.25805688
vt 0.13330174 0.25805688
vt 0.13330174 0.25805688
vt 0.13330174 0.25805688
vt 0.13330174 0.25805688
vt 0.13330174 0.25805688
vt 0.13330174 0.25805688
vt 0.13330174 0.25805688
vt 0.13330174 0.25805688
vt 0.13330174 0.25805688
vt 0.13330174 0.25805688
vt 0.13330174 0.25805688
vt 0.13330174 0.25805688
vt 0.13330174 0.25805688
vt 0.13330174 0.25805688
vt 0.13330174 0.25805688
vt 0.13330174 0.25805688
vt 0.13330174 0.25805688
vt 0.13330174 0.25805688
vt 0.13330174 0.25805688
vt 0.13330174 0.25805688
vt 0.13330174 0.25805688
vt 0.13330174 0.25805688
vt 0.13330174 0.25805688
vt 0.13330174 0.25805688
vt 0.13330174 0.25805688
vt 0.13330174 0.25805688
vt 0.13330174 0.25805688
vt 0.13330174 0.25805688
vt 0.13330174 0.25805688
vt 0.13330174 0.25805688
vt 0.13330174 0.25805688
vt 0.13330174 0.25805688
vt 0.13330174 0.25805688
vt 0.13330174 0.25805688
vt 0.13330174 0.25805688
vt 0.13330174 0.25805688
vt 0.13330174 0.25805688
vt 0.13330174 0.25805688
vt 0.13330174 0.25805688
vt 0.13330174 0.25805688
vt 0.13330174 0.25805688
vt 0.13330174 0.25805688
vt 0.13330174 0.25805688
vt 0.13330174 0.25805688
vt 0.13330174 0.25805688
vt 0.13330174 0.25805688
vt 0.13330174 0.25805688
vt 0.13330174 0.25805688
vt 0.13330174 0.25805688
vt 0.13330174 0.25805688
vt 0.13330174 0.25805688
vt 0.13330174 0.25805688
vt 0.13330174 0.25805688
vt 0.13330174 0.25805688
vt 0.13330174 0.25805688
vt 0.13330174 0.25805688
vt 0.13330174 0.25805688
vt 0.13330174 0.25805688
vt 0.13330174 0.25805688
vt 0.13330174 0.25805688
vt 0.13330174 0.25805688
vt 0.13330174 0.25805688
vt 0.13330174 0.25805688
vt 0.13330174 0.25805688
vt 0.13330174 0.25805688
vt 0.13330174 0.25805688
vt 0.13330174 0.25805688
vt 0.13330174 0.25805688
vt 0.13330174 0.25805688
vt 0.13330174 0.25805688
vt 0.13330174 0.25805688
vt 0.13330174 0.25805688
vt 0.13330174 0.25805688
vt 0.13330174 0.25805688
vt 0.13330174 0.25805688
vt 0.13330174 0.25805688
vt 0.13330174 0.25805688
vt 0.13330174 0.25805688
vt 0.13330174 0.25805688
vt 0.13330174 0.25805688
vt 0.13330174 0.25805688
vt 0.13330174 0.25805688
vt 0.13330174 0.25805688
vt 0.13330174 0.25805688
vt 0.13330174 0.25805688
vt 0.13330174 0.25805688
vt 0.13330174 0.25805688
vt 0.13330174 0.25805688
vt 0.13330174 0.25805688
vt 0.13330174 0.25805688
vt 0.13330174 0.25805688
vt 0.13330174 0.25805688
vt 0.13330174 0.25805688
vt 0.13330174 0.25805688
vt 0.13330174 0.25805688
vt 0.13330174 0.25805688
vt 0.13330174 0.25805688
vt 0.13330174 0.25805688
vt 0.13330174 0.25805688
vt 0.13330174 0.25805688
vt 0.13330174 0.25805688
vt 0.13330174 0.25805688
vt 0.13330174 0.25805688
vt 0.13330174 0.25805688
vt 0.13330174 0.25805688
vt 0.13330174 0.25805688
vt 0.13330174 0.25805688
vt 0.13330174 0.25805688
vt 0.13330174 0.25805688
vt 0.13330174 0.25805688
vt 0.13330174 0.25805688
vt 0.13330174 0.25805688
vt 0.13330174 0.25805688
vt 0.13330174 0.25805688
vt 0.13330174 0.25805688
vt 0.13330174 0.25805688
vt 0.13330174 0.25805688
vt 0.13330174 0.25805688
vt 0.13330174 0.25805688
vt 0.13330174 0.25805688
vt 0.13330174 0.25805688
vt 0.13330174 0.25805688
vt 0.13330174 0.25805688
vt 0.13330174 0.25805688
vt 0.13330174 0.25805688
vt 0.13330174 0.25805688
vt 0.13330174 0.25805688
vt 0.13330174 0.25805688
vt 0.13330174 0.25805688
vt 0.13330174 0.25805688
vt 0.13330174 0.25805688
vt 0.13330174 0.25805688
vt 0.13330174 0.25805688
vt 0.13330174 0.25805688
vt 0.13330174 0.25805688
vt 0.13330174 0.25805688
vt 0.13330174 0.25805688
vt 0.13330174 0.25805688
vt 0.13330174 0.25805688
vt 0.13330174 0.25805688
vt 0.13330174 0.25805688
vt 0.13330174 0.25805688
vt 0.13330174 0.25805688
vt 0.13330174 0.25805688
vt 0.13330174 0.25805688
vt 0.13330174 0.25805688
vt 0.13330174 0.25805688
vt 0.13330174 0.25805688
vt 0.13330174 0.25805688
vt 0.13330174 0.25805688
vt 0.13330174 0.25805688
vt 0.13330174 0.25805688
vt 0.13330174 0.25805688
vt 0.13330174 0.25805688
vt 0.13330174 0.25805688
vt 0.13330174 0.25805688
vt 0.13330174 0.25805688
vt 0.13330174 0.25805688
vt 0.13330174 0.25805688
vt 0.13330174 0.25805688
vt 0.13330174 0.25805688
vt 0.13330174 0.25805688
vt 0.13330174 0.25805688
vt 0.13330174 0.25805688
vt 0.13330174 0.25805688
vt 0.13330174 0.25805688
vt 0.13330174 0.25805688
vt 0.13330174 0.25805688
vt 0.13330174 0.25805688
vt 0.13330174 0.25805688
vt 0.13330174 0.25805688
vt 0.13330174 0.25805688
vt 0.13330174 0.25805688
vt 0.13330174 0.25805688
vt 0.13330174 0.25805688
vt 0.13330174 0.25805688
vt 0.13330174 0.25805688
vt 0.13330174 0.25805688
vt 0.13330174 0.25805688
vt 0.13330174 0.25805688
vt 0.13330174 0.25805688
vt 0.13330174 0.25805688
vt 0.13330174 0.25805688
vt 0.13330174 0.25805688
vt 0.13330174 0.25805688
vt 0.13330174 0.25805688
vt 0.13330174 0.25805688
vt 0.13330174 0.25805688
vt 0.13330174 0.25805688
vt 0.13330174 0.25805688
vt 0.13330174 0.25805688
vt 0.13330174 0.25805688
vt 0.13330174 0.25805688
vt 0.13330174 0.25805688
vt 0.13330174 0.25805688
vt 0.13330174 0.25805688
vt 0.13330174 0.25805688
vt 0.13330174 0.25805688
vt 0.13330174 0.25805688
vt 0.13330174 0.25805688
vt 0.13330174 0.25805688
vt 0.13330174 0.25805688
vt 0.13330174 0.25805688
vt 0.13330174 0.25805688
vt 0.13330174 0.25805688
vt 0.13330174 0.25805688
vt 0.13330174 0.25805688
vt 0.13330174 0.25805688
vt 0.13330174 0.25805688
vt 0.13330174 0.25805688
vt 0.13330174 0.25805688
vt 0.13330174 0.25805688
vt 0.13330174 0.25805688
vt 0.13330174 0.25805688
vt 0.13330174 0.25805688
vt 0.13330174 0.25805688
vt 0.13330174 0.25805688
vt 0.13330174 0.25805688
vt 0.13330174 0.25805688
vt 0.13330174 0.25805688
vt 0.13330174 0.25805688
vt 0.13330174 0.25805688
vt 0.13330174 0.25805688
vt 0.13330174 0.25805688
vt 0.13330174 0.25805688
vt 0.13330174 0.25805688
vt 0.13330174 0.25805688
vt 0.13330174 0.25805688
vt 0.13330174 0.25805688
vt 0.13330174 0.25805688
vt 0.13330174 0.25805688
vt 0.13330174 0.25805688
vt 0.13330174 0.25805688
vt 0.13330174 0.25805688
vt 0.13330174 0.25805688
vt 0.13330174 0.25805688
vt 0.13330174 0.25805688
vt 0.13330174 0.25805688
vt 0.13330174 0.25805688
vt 0.13330174 0.25805688
vt 0.13330174 0.25805688
vt 0.13330174 0.25805688
vt 0.13330174 0.25805688
vt 0.13330174 0.25805688
vt 0.13330174 0.25805688
vt 0.13330174 0.25805688
vt 0.13330174 0.25805688
vt 0.13330174 0.25805688
vt 0.13330174 0.25805688
vt 0.13330174 0.25805688
vt 0.13330174 0.25805688
vt 0.13330174 0.25805688
vt 0.13330174 0.25805688
vt 0.13330174 0.25805688
vt 0.13330174 0.25805688
vt 0.13330174 0.25805688
vt 0.13330174 0.25805688
vt 0.13330174 0.25805688
vt 0.13330174 0.25805688
vt 0.13330174 0.25805688
vt 0.13330174 0.25805688
vt 0.13330174 0.25805688
vt 0.13330174 0.25805688
vt 0.13330174 0.25805688
vt 0.13330174 0.25805688
vt 0.13330174 0.25805688
vt 0.13330174 0.25805688
vt 0.13330174 0.25805688
vt 0.13330174 0.25805688
vt 0.13330174 0.25805688
vt 0.13330174 0.25805688
vt 0.13330174 0.25805688
vt 0.13330174 0.25805688
vt 0.13330174 0.25805688
vt 0.13330174 0.25805688
vt 0.13330174 0.25805688
vt 0.13330174 0.25805688
vt 0.13330174 0.25805688
vt 0.13330174 0.25805688
vt 0.13330174 0.25805688
vt 0.13330174 0.25805688
vt 0.13330174 0.25805688
vt 0.13330174 0.25805688
vt 0.13330174 0.25805688
vt 0.13330174 0.25805688
vt 0.13330174 0.25805688
vt 0.13330174 0.25805688
vt 0.13330174 0.25805688
vt 0.13330174 0.25805688
vt 0.13330174 0.25805688
vt 0.13330174 0.25805688
vt 0.13330174 0.25805688
vt 0.13330174 0.25805688
vt 0.13330174 0.25805688
vt 0.13330174 0.25805688
vt 0.13330174 0.25805688
vt 0.13330174 0.25805688
vt 0.13330174 0.25805688
vt 0.13330174 0.25805688
vt 0.13330174 0.25805688
vt 0.13330174 0.25805688
vt 0.13330174 0.25805688
vt 0.13330174 0.25805688
vt 0.13330174 0.25805688
vt 0.13330174 0.25805688
vt 0.13330174 0.25805688
vt 0.13330174 0.25805688
vt 0.13330174 0.25805688
vt 0.13330174 0.25805688
vt 0.13330174 0.25805688
vt 0.13330174 0.25805688
vt 0.13330174 0.25805688
vt 0.13330174 0.25805688
vt 0.13330174 0.25805688
vt 0.13330174 0.25805688
vt 0.13330174 0.25805688
vt 0.13330174 0.25805688
vt 0.13330174 0.25805688
vt 0.13330174 0.25805688
vt 0.13330174 0.25805688
vt 0.13330174 0.25805688
vt 0.13330174 0.25805688
vt 0.13330174 0.25805688
vt 0.13330174 0.25805688
vt 0.13330174 0.25805688
vt 0.13330174 0.25805688
vt 0.13330174 0.25805688
vt 0.13330174 0.25805688
vt 0.13330174 0.25805688
vt 0.13330174 0.25805688
vt 0.13330174 0.25805688
vt 0.13330174 0.25805688
vt 0.13330174 0.25805688
vt 0.13330174 0.25805688
vt 0.13330174 0.25805688
vt 0.13330174 0.25805688
vt 0.13330174 0.25805688
vt 0.13330174 0.25805688
vt 0.13330174 0.25805688
vt 0.13330174 0.25805688
vt 0.13330174 0.25805688
vt 0.13330174 0.25805688
vt 0.13330174 0.25805688
vt 0.13330174 0.25805688
vt 0.13330174 0.25805688
vt 0.13330174 0.25805688
vt 0.13330174 0.25805688
vt 0.13330174 0.25805688
vt 0.13330174 0.25805688
vt 0.13330174 0.25805688
vt 0.13330174 0.25805688
vt 0.13330174 0.25805688
vt 0.13330174 0.25805688
vt 0.13330174 0.25805688
vt 0.13330174 0.25805688
vt 0.13330174 0.25805688
vt 0.13330174 0.25805688
vt 0.13330174 0.25805688
vt 0.13330174 0.25805688
vt 0.13330174 0.25805688
vt 0.13330174 0.25805688
vt 0.13330174 0.25805688
vt 0.13330174 0.25805688
vt 0.13330174 0.25805688
vt 0.13330174 0.25805688
vt 0.13330174 0.25805688
vt 0.13330174 0.25805688
vt 0.13330174 0.25805688
vt 0.13330174 0.25805688
vt 0.13330174 0.25805688
vt 0.13330174 0.25805688
vt 0.13330174 0.25805688
vt 0.13330174 0.25805688
vt 0.13330174 0.25805688
vt 0.13330174 0.25805688
vt 0.13330174 0.25805688
vt 0.13330174 0.25805688
vt 0.13330174 0.25805688
vt 0.13330174 0.25805688
vt 0.13330174 0.25805688
vt 0.13330174 0.25805688
vt 0.13330174 0.25805688
vt 0.13330174 0.25805688
vt 0.13330174 0.25805688
vt 0.13330174 0.25805688
vt 0.13330174 0.25805688
vt 0.13330174 0.25805688
vt 0.13330174 0.25805688
vt 0.13330174 0.25805688
vt 0.13330174 0.25805688
vt 0.13330174 0.25805688
vt 0.13330174 0.25805688
vt 0.13330174 0.25805688
vt 0.13330174 0.25805688
vt 0.13330174 0.25805688
vt 0.13330174 0.25805688
vt 0.13330174 0.25805688
vt 0.13330174 0.25805688
vt 0.13330174 0.25805688
vt 0.13330174 0.25805688
vt 0.13330174 0.25805688
vt 0.13330174 0.25805688
vt 0.13330174 0.25805688
vt 0.13330174 0.25805688
vt 0.13330174 0.25805688
vt 0.13330174 0.25805688
vt 0.13330174 0.25805688
vt 0.13330174 0.25805688
vt 0.13330174 0.25805688
vt 0.13330174 0.25805688
vt 0.13330174 0.25805688
vt 0.13330174 0.25805688
vt 0.13330174 0.25805688
vt 0.13330174 0.25805688
vt 0.13330174 0.25805688
vt 0.13330174 0.25805688
vt 0.13330174 0.25805688
vt 0.13330174 0.25805688
vt 0.13330174 0.25805688
vt 0.13330174 0.25805688
vt 0.13330174 0.25805688
vt 0.13330174 0.25805688
vt 0.13330174 0.25805688
vt 0.18919005 0.06664968
vt 0.11134626 0.07841684
vt 0.11134626 0.07841684
vt 0.06716333 0.06664968
vt 0.06716333 0.06664968
vt 0.18919005 0.06664968
vt 0.07230531 0.06674358
vt 0.11717768 0.17878674
vt 0.11717768 0.17878674
vt 0.07230531 0.06674358
vt 0.12747507 0.17878674
vt 0.12747507 0.17878674
vt 0.08257312 0.06664968
vt 0.17378026 0.06664968
vt 0.08257312 0.06664968
vt 0.17378026 0.06664968
vt 0.10239321 0.07841684
vt 0.19811775 0.06669954
vt 0.10239321 0.07841684
vt 0.19811775 0.06669954
vt 0.17378026 0.06664968
vt 0.17378026 0.17878674
vt 0.17378026 0.17878674
vt 0.17378026 0.06664968
vt 0.12747507 0.06664968
vt 0.12747507 0.06664968
vt 0.06716333 0.17878674
vt 0.06716333 0.17878674
vt 0.11134626 0.06664968
vt 0.06716333 0.06664968
vt 0.06716333 0.06664968
vt 0.11134626 0.06664968
vt 0.05823563 0.06669954
vt 0.10239321 0.06664968
vt 0.05823563 0.06669954
vt 0.10239321 0.06664968
vt 0.09343991 0.07841684
vt 0.09343991 0.07841684
vt 0.20689260 0.06757313
vt 0.20689260 0.06757313
vt 0.11717768 0.06664968
vt 0.18404807 0.06674358
vt 0.18404807 0.06674358
vt 0.11717768 0.06664968
vt 0.04946078 0.06757313
vt 0.04946078 0.06757313
vt 0.09343991 0.06664968
vt 0.09343991 0.06664968
vt 0.10688054 0.17878674
vt 0.10688054 0.17878674
vt 0.06221321 0.06774827
vt 0.06221321 0.06774827
vt 0.04098865 0.06901245
vt 0.04098865 0.06901245
vt 0.08448686 0.06664968
vt 0.08448686 0.06664968
vt 0.21536474 0.06901245
vt 0.21536474 0.06901245
vt 0.08448686 0.07841684
vt 0.08448686 0.07841684
vt 0.10688054 0.06664968
vt 0.19414017 0.06774827
vt 0.10688054 0.06664968
vt 0.19414017 0.06774827
vt 0.09658316 0.17878674
vt 0.05246932 0.06940366
vt 0.05246932 0.06940366
vt 0.09658316 0.17878674
vt 0.03296463 0.07099299
vt 0.03296463 0.07099299
vt 0.07553356 0.06664968
vt 0.07553356 0.06664968
vt 0.20388406 0.06940366
vt 0.09658316 0.06664968
vt 0.20388406 0.06940366
vt 0.09658316 0.06664968
vt 0.07553356 0.07841684
vt 0.22338875 0.07099299
vt 0.07553356 0.07841684
vt 0.22338875 0.07099299
vt 0.04324064 0.07168149
vt 0.04324064 0.07168149
vt 0.08628602 0.17878674
vt 0.08628602 0.17878674
vt 0.02552566 0.07348067
vt 0.02552566 0.07348067
vt 0.06658051 0.06664968
vt 0.06658051 0.06664968
vt 0.08628602 0.06664968
vt 0.21311274 0.07168149
vt 0.21311274 0.07168149
vt 0.08628602 0.06664968
vt 0.23082772 0.07348067
vt 0.23082772 0.07348067
vt 0.06658051 0.07841684
vt 0.06658051 0.07841684
vt 0.03468500 0.07454259
vt 0.07598888 0.17878674
vt 0.07598888 0.17878674
vt 0.03468500 0.07454259
vt 0.05762721 0.06664968
vt 0.01879901 0.07643307
vt 0.05762721 0.06664968
vt 0.01879901 0.07643307
vt 0.07598888 0.06664968
vt 0.22166838 0.07454259
vt 0.07598888 0.06664968
vt 0.22166838 0.07454259
vt 0.23755437 0.07643307
vt 0.23755437 0.07643307
vt 0.05762721 0.07841684
vt 0.05762721 0.07841684
vt 0.02694854 0.07793819
vt 0.02694854 0.07793819
vt 0.06569149 0.17878674
vt 0.06569149 0.17878674
vt 0.24345340 0.07979969
vt 0.04867416 0.07841684
vt 0.04867416 0.07841684
vt 0.24345340 0.07979969
vt 0.22940484 0.07793819
vt 0.22940484 0.07793819
vt 0.06569149 0.06664968
vt 0.06569149 0.06664968
vt 0.01289998 0.07979969
vt 0.04867416 0.06664968
vt 0.01289998 0.07979969
vt 0.04867416 0.06664968
vt 0.05539435 0.17878674
vt 0.02016397 0.08181021
vt 0.02016397 0.08181021
vt 0.05539435 0.17878674
vt 0.23618941 0.08181021
vt 0.05539435 0.06664968
vt 0.05539435 0.06664968
vt 0.23618941 0.08181021
vt 0.24842389 0.08352281
vt 0.24842389 0.08352281
vt 0.03972086 0.07841684
vt 0.03972086 0.07841684
vt 0.00792949 0.08352281
vt 0.03972086 0.06664968
vt 0.03972086 0.06664968
vt 0.00792949 0.08352281
vt 0.01444737 0.08609221
vt 0.04509721 0.17878674
vt 0.04509721 0.17878674
vt 0.01444737 0.08609221
vt 0.04509721 0.06664968
vt 0.24190601 0.08609221
vt 0.24190601 0.08609221
vt 0.04509721 0.06664968
vt 0.25195980 0.08753874
vt 0.03076781 0.07841684
vt 0.25195980 0.08753874
vt 0.03076781 0.07841684
vt 0.03076781 0.06664968
vt 0.00439358 0.08753874
vt 0.03076781 0.06664968
vt 0.00439358 0.08753874
vt 0.03479982 0.17878674
vt 0.00989616 0.09071106
vt 0.00989616 0.09071106
vt 0.03479982 0.17878674
vt 0.24645722 0.09071106
vt 0.24645722 0.09071106
vt 0.03479982 0.06664968
vt 0.03479982 0.06664968
vt 0.00671961 0.09177883
vt 0.00671961 0.09177883
vt 0.02181451 0.07841684
vt 0.02181451 0.07841684
vt 0.24963377 0.09177883
vt 0.02181451 0.06664968
vt 0.24963377 0.09177883
vt 0.02181451 0.06664968
vt 0.02450269 0.17878674
vt 0.02450269 0.17878674
vt 0.00658863 0.09558778
vt 0.00658863 0.09558778
vt 0.02450269 0.06664968
vt 0.02450269 0.06664968
vt 0.24976475 0.09558778
vt 0.24976475 0.09558778
vt 0.01286146 0.07841684
vt 0.01286146 0.07841684
vt 0.00846509 0.09617067
vt 0.00846509 0.09617067
vt 0.01286146 0.06664968
vt 0.01286146 0.06664968
vt 0.24788830 0.09617067
vt 0.24788830 0.09617067
vt 0.01420530 0.17878674
vt 0.01420530 0.17878674
vt 0.00458120 0.10063877
vt 0.00458120 0.10063877
vt 0.01420530 0.06664968
vt 0.01420530 0.06664968
vt 0.25177218 0.10063877
vt 0.25177218 0.10063877
vt 0.00439358 0.07841684
vt 0.00439358 0.10063877
vt 0.00905039 0.10063877
vt 0.00439358 0.07841684
vt 0.00439358 0.10063877
vt 0.00905039 0.10063877
vt 0.22844847 0.10063877
vt 0.24730299 0.10063877
vt 0.00439358 0.06664968
vt 0.00439358 0.06664968
vt 0.22844847 0.10063877
vt 0.24730299 0.10063877
vt 0.00905039 0.16107557
vt 0.00905039 0.16107557
vt 0.00439358 0.08594406
vt 0.00439358 0.08594406
vt 0.00439358 0.16107557
vt 0.00439358 0.16107557
vt 0.00439358 0.06664968
vt 0.02790491 0.10577769
vt 0.02790491 0.10577769
vt 0.00439358 0.10577769
vt 0.00439358 0.10577769
vt 0.00439358 0.06664968
vt 0.00439358 0.10577769
vt 0.00439358 0.10577769
vt 0.00439358 0.10577769
vt 0.00439358 0.10577769
vt 0.00439358 0.17878674
vt 0.00439358 0.17878674
vt 0.24730299 0.16107557
vt 0.22844847 0.16107557
vt 0.22844847 0.08594406
vt 0.22844847 0.08594406
vt 0.24730299 0.16107557
vt 0.22844847 0.16107557
vt 0.00439358 0.15726575
vt 0.00439358 0.15726575
vt 0.00439358 0.15726575
vt 0.00439358 0.15726575
vt 0.00439358 0.15726575
vt 0.02790491 0.15726575
vt 0.02790491 0.15726575
vt 0.00439358 0.15726575
vt 0.00439358 0.18008599
vt 0.00439358 0.09057747
vt 0.00439358 0.09057747
vt 0.00439358 0.18008599
vt 0.00657645 0.16554056
vt 0.00657645 0.16554056
vt 0.00452528 0.16197840
vt 0.00452528 0.16197840
vt 0.22844847 0.18008599
vt 0.22844847 0.18008599
vt 0.22844847 0.09057747
vt 0.22844847 0.09057747
vt 0.24977693 0.16554056
vt 0.24977693 0.16554056
vt 0.25182811 0.16197840
vt 0.25182811 0.16197840
vt 0.00439358 0.18471940
vt 0.00439358 0.14835631
vt 0.00439358 0.18471940
vt 0.00439358 0.14835631
vt 0.25164891 0.16983737
vt 0.25164891 0.16983737
vt 0.00636619 0.16661031
vt 0.00636619 0.16661031
vt 0.24998719 0.16661031
vt 0.24998719 0.16661031
vt 0.00470447 0.16983737
vt 0.22844847 0.18471940
vt 0.22844847 0.14835631
vt 0.22844847 0.14835631
vt 0.00470447 0.16983737
vt 0.22844847 0.18471940
vt 0.24723763 0.17391102
vt 0.00439358 0.11555053
vt 0.00439358 0.15298984
vt 0.00439358 0.15298984
vt 0.00439358 0.11555053
vt 0.24723763 0.17391102
vt 0.00939934 0.17108239
vt 0.00939934 0.17108239
vt 0.24695404 0.17108239
vt 0.24695404 0.17108239
vt 0.00911576 0.17391102
vt 0.00911576 0.17391102
vt 0.22844847 0.11555053
vt 0.22844847 0.15298984
vt 0.22844847 0.11555053
vt 0.22844847 0.15298984
vt 0.00439358 0.12018406
vt 0.00439358 0.08208760
vt 0.00439358 0.08208760
vt 0.24193633 0.17770964
vt 0.24193633 0.17770964
vt 0.00439358 0.12018406
vt 0.01357302 0.17531812
vt 0.01357302 0.17531812
vt 0.24278036 0.17531812
vt 0.24278036 0.17531812
vt 0.22844847 0.12018406
vt 0.22844847 0.08208760
vt 0.01441705 0.17770964
vt 0.22844847 0.12018406
vt 0.22844847 0.08208760
vt 0.01441705 0.17770964
vt 0.00439358 0.08672100
vt 0.00439358 0.17278491
vt 0.00439358 0.08672100
vt 0.23581263 0.18118461
vt 0.23581263 0.18118461
vt 0.00439358 0.17278491
vt 0.01881541 0.17924487
vt 0.01881541 0.17924487
vt 0.23753797 0.17924487
vt 0.23753797 0.17924487
vt 0.22844847 0.17278491
vt 0.22844847 0.08672100
vt 0.22844847 0.17278491
vt 0.02054076 0.18118461
vt 0.02054076 0.18118461
vt 0.22844847 0.08672100
vt 0.22844847 0.17741832
vt 0.22844847 0.13929250
vt 0.02740883 0.18429150
vt 0.22844847 0.13929250
vt 0.22844847 0.17741832
vt 0.02740883 0.18429150
vt 0.02503704 0.18279558
vt 0.02503704 0.18279558
vt 0.23131634 0.18279558
vt 0.23131634 0.18279558
vt 0.00439358 0.13929250
vt 0.22894455 0.18429150
vt 0.00439358 0.17741832
vt 0.00439358 0.13929250
vt 0.00439358 0.17741832
vt 0.22894455 0.18429150
vt 0.22844847 0.10642825
vt 0.22844847 0.14392591
vt 0.22844847 0.10642825
vt 0.03493354 0.18699089
vt 0.22844847 0.14392591
vt 0.03493354 0.18699089
vt 0.22422160 0.18590956
vt 0.22422160 0.18590956
vt 0.03213178 0.18590956
vt 0.03213178 0.18590956
vt 0.00439358 0.10642825
vt 0.22141984 0.18699089
vt 0.00439358 0.14392591
vt 0.00439358 0.10642825
vt 0.22141984 0.18699089
vt 0.00439358 0.14392591
vt 0.22844847 0.07461187
vt 0.04301870 0.18924795
vt 0.22844847 0.11106179
vt 0.22844847 0.07461187
vt 0.04301870 0.18924795
vt 0.22844847 0.11106179
vt 0.21637578 0.18853333
vt 0.21637578 0.18853333
vt 0.03997760 0.18853333
vt 0.03997760 0.18853333
vt 0.00439358 0.07461187
vt 0.21333468 0.18924795
vt 0.00439358 0.07461187
vt 0.00439358 0.11106179
vt 0.00439358 0.11106179
vt 0.21333468 0.18924795
vt 0.05156116 0.06664968
vt 0.22844847 0.16863999
vt 0.22844847 0.07924541
vt 0.22844847 0.16863999
vt 0.22844847 0.07924541
vt 0.05156116 0.06664968
vt 0.20791260 0.19055390
vt 0.20791260 0.19055390
vt 0.04844078 0.19055390
vt 0.04844078 0.19055390
vt 0.20479222 0.06664968
vt 0.00439358 0.16863999
vt 0.00439358 0.07924541
vt 0.00439358 0.07924541
vt 0.00439358 0.16863999
vt 0.20479222 0.06664968
vt 0.22844847 0.14011982
vt 0.22844847 0.17327339
vt 0.22844847 0.14011982
vt 0.06045158 0.06793635
vt 0.22844847 0.17327339
vt 0.06045158 0.06793635
vt 0.19897720 0.06775002
vt 0.19897720 0.06775002
vt 0.05737619 0.06775002
vt 0.05737619 0.06775002
vt 0.00439358 0.17327339
vt 0.00439358 0.14011982
vt 0.00439358 0.14011982
vt 0.19590180 0.06793635
vt 0.00439358 0.17327339
vt 0.19590180 0.06793635
vt 0.22844847 0.11380583
vt 0.22844847 0.11380583
vt 0.22844847 0.14475323
vt 0.22844847 0.14475323
vt 0.06957662 0.06871852
vt 0.06957662 0.06871852
vt 0.18972242 0.06867137
vt 0.18972242 0.06867137
vt 0.06663096 0.06867137
vt 0.06663096 0.06867137
vt 0.00439358 0.14475323
vt 0.00439358 0.14475323
vt 0.00439358 0.11380583
vt 0.18677676 0.06871852
vt 0.18677676 0.06871852
vt 0.00439358 0.11380583
vt 0.22844847 0.11843924
vt 0.07881972 0.06898036
vt 0.07881972 0.06898036
vt 0.22844847 0.11843924
vt 0.18030635 0.06898036
vt 0.18030635 0.06898036
vt 0.07604704 0.06898036
vt 0.07604704 0.06898036
vt 0.22477385 0.11843924
vt 0.17753367 0.06898036
vt 0.22477385 0.11843924
vt 0.17753367 0.06898036
vt 0.00439358 0.11843924
vt 0.00439358 0.11843924
vt 0.17753367 0.06898036
vt 0.17753367 0.06898036
vt 0.07881972 0.06898036
vt 0.00929694 0.11843924
vt 0.00929694 0.11843924
vt 0.07881972 0.06898036
vt 0.08460044 0.06898036
vt 0.08460044 0.06898036
vt 0.17753367 0.06910375
vt 0.07881972 0.15305092
vt 0.17753367 0.06910375
vt 0.07881972 0.15305092
vt 0.08428902 0.06780462
vt 0.08428902 0.06780462
vt 0.08461610 0.06891232
vt 0.08461610 0.06891232
vt 0.07785887 0.06898036
vt 0.07785887 0.06898036
vt 0.17093078 0.06898036
vt 0.17093078 0.06898036
vt 0.17753367 0.17694763
vt 0.17753367 0.15305092
vt 0.17753367 0.15305092
vt 0.17753367 0.17694763
vt 0.17968923 0.18865784
vt 0.17968923 0.18865784
vt 0.08340025 0.06677704
vt 0.08340025 0.06677704
vt 0.07785887 0.18867812
vt 0.07785887 0.18867812
vt 0.15792608 0.06898036
vt 0.15792608 0.06898036
vt 0.17105157 0.06805900
vt 0.17105157 0.06805900
vt 0.22477385 0.15305092
vt 0.07604704 0.17694763
vt 0.22477385 0.15305092
vt 0.07604704 0.17694763
vt 0.07604704 0.15305092
vt 0.07604704 0.15305092
vt 0.10652215 0.11191759
vt 0.10652215 0.11191759
vt 0.17727320 0.18889841
vt 0.17727320 0.18889841
vt 0.00929694 0.18867812
vt 0.18030635 0.18867812
vt 0.00929694 0.18867812
vt 0.18030635 0.18867812
vt 0.08201019 0.19028971
vt 0.08201019 0.19028971
vt 0.07604704 0.18908947
vt 0.22477385 0.18908947
vt 0.07604704 0.18908947
vt 0.22477385 0.18908947
vt 0.07785887 0.06664968
vt 0.07785887 0.06664968
vt 0.15792608 0.18908947
vt 0.15792608 0.18908947
vt 0.17184341 0.06689148
vt 0.17184341 0.06689148
vt 0.15925700 0.14112638
vt 0.15925700 0.14112638
vt 0.10652215 0.13381050
vt 0.10652215 0.13381050
vt 0.10639789 0.11096825
vt 0.10639789 0.11096825
vt 0.17506395 0.18944361
vt 0.17506395 0.18944361
vt 0.18030635 0.15305092
vt 0.07604704 0.06910375
vt 0.07604704 0.06910375
vt 0.00929694 0.15305092
vt 0.00929694 0.15305092
vt 0.18030635 0.15305092
vt 0.08021401 0.18962224
vt 0.08021401 0.18962224
vt 0.07813375 0.18921026
vt 0.07813375 0.18921026
vt 0.17321186 0.19025650
vt 0.17321186 0.19025650
vt 0.15721825 0.14078008
vt 0.15721825 0.14078008
vt 0.16136832 0.14133660
vt 0.16136832 0.14133660
vt 0.10639217 0.13480202
vt 0.10639217 0.13480202
vt 0.10602707 0.11003507
vt 0.10602707 0.11003507
vt 0.16196680 0.10498732
vt 0.16196680 0.10498732
vt 0.15528761 0.14030354
vt 0.15528761 0.14030354
vt 0.16351642 0.14140713
vt 0.16351642 0.14140713
vt 0.10600495 0.13577661
vt 0.10600495 0.13577661
vt 0.10541592 0.10913424
vt 0.10541592 0.10913424
vt 0.15947546 0.10541049
vt 0.15947546 0.10541049
vt 0.16454736 0.10473033
vt 0.16454736 0.10473033
vt 0.14975344 0.10967770
vt 0.14975344 0.10967770
vt 0.15349765 0.13970498
vt 0.15349765 0.13970498
vt 0.09134375 0.14140713
vt 0.09134375 0.14140713
vt 0.10536670 0.13671750
vt 0.10536670 0.13671750
vt 0.10457511 0.10828092
vt 0.10457511 0.10828092
vt 0.15711560 0.10599301
vt 0.15711560 0.10599301
vt 0.16717265 0.10464425
vt 0.16717265 0.10464425
vt 0.15121508 0.10858282
vt 0.15121508 0.10858282
vt 0.14858979 0.11085866
vt 0.14858979 0.11085866
vt 0.15187893 0.13899458
vt 0.15187893 0.13899458
vt 0.09332484 0.14134208
vt 0.09332484 0.14134208
vt 0.10448862 0.13760875
vt 0.10448862 0.13760875
vt 0.10351908 0.10748992
vt 0.10351908 0.10748992
vt 0.15492798 0.10672455
vt 0.15492798 0.10672455
vt 0.09198969 0.10464425
vt 0.09198969 0.10464425
vt 0.15294987 0.10759280
vt 0.15294987 0.10759280
vt 0.14774401 0.11210567
vt 0.14774401 0.11210567
vt 0.15045953 0.13818443
vt 0.15045953 0.13818443
vt 0.09527212 0.14114828
vt 0.09527212 0.14114828
vt 0.10338562 0.13843495
vt 0.10338562 0.13843495
vt 0.10226571 0.10677456
vt 0.10226571 0.10677456
vt 0.09388653 0.10470645
vt 0.09388653 0.10470645
vt 0.14723054 0.11339721
vt 0.14723054 0.11339721
vt 0.14926357 0.13728857
vt 0.14926357 0.13728857
vt 0.09715231 0.14082884
vt 0.09715231 0.14082884
vt 0.10207657 0.13918204
vt 0.10207657 0.13918204
vt 0.10083637 0.10614726
vt 0.10083637 0.10614726
vt 0.09575105 0.10489204
vt 0.09575105 0.10489204
vt 0.14705855 0.11471114
vt 0.14705855 0.11471114
vt 0.14831142 0.13632231
vt 0.14831142 0.13632231
vt 0.09893283 0.14038937
vt 0.09893283 0.14038937
vt 0.10058386 0.13983733
vt 0.10058386 0.13983733
vt 0.09925592 0.10561872
vt 0.09925592 0.10561872
vt 0.09755096 0.10519791
vt 0.09755096 0.10519791
vt 0.14705855 0.13317002
vt 0.14705855 0.13317002
vt 0.14761925 0.13530194
vt 0.14761925 0.13530194
vt 0.14719947 0.13424525
vt 0.14719947 0.13424525
vt 0.00935352 0.84650399
vt 0.02368781 0.76907040
vt 0.00935352 0.84650399
vt 0.24175962 0.84795529
vt 0.02368781 0.76907040
vt 0.24175962 0.84795529
vt 0.03039376 0.83604724
vt 0.03208712 0.84801033
vt 0.03039376 0.83604724
vt 0.21348625 0.76219635
vt 0.21348625 0.76219635
vt 0.03208712 0.84801033
vt 0.20416132 0.84846330
vt 0.20246721 0.83656658
vt 0.20416132 0.84846330
vt 0.03866482 0.76253776
vt 0.03866482 0.76253776
vt 0.20246721 0.83656658
vt 0.00935352 0.77351447
vt 0.00935352 0.84792790
vt 0.00935352 0.77351447
vt 0.07232383 0.76374964
vt 0.00935352 0.84792790
vt 0.07232383 0.76374964
vt 0.08639241 0.81682276
vt 0.03306354 0.87952012
vt 0.08639241 0.81682276
vt 0.03306354 0.87952012
vt 0.03039376 0.83604724
vt 0.03039376 0.83604724
vt 0.02760495 0.84851896
vt 0.02760495 0.84851896
vt 0.22350745 0.84715033
vt 0.22350745 0.84715033
vt 0.23021988 0.76949523
vt 0.23021988 0.76949523
vt 0.24357999 0.83349737
vt 0.24357999 0.82666192
vt 0.24357999 0.82666192
vt 0.16826733 0.80353512
vt 0.24357999 0.83349737
vt 0.16826733 0.80353512
vt 0.19646475 0.77066527
vt 0.03039376 0.78403446
vt 0.19646475 0.77066527
vt 0.22253975 0.84792790
vt 0.22253975 0.84792790
vt 0.03039376 0.78403446
vt 0.20513774 0.75572486
vt 0.20246721 0.83656658
vt 0.16575842 0.81716417
vt 0.20513774 0.75572486
vt 0.20246721 0.83656658
vt 0.16575842 0.81716417
vt 0.18158361 0.76417447
vt 0.22350745 0.77416068
vt 0.22169182 0.84977453
vt 0.22169182 0.84977453
vt 0.18158361 0.76417447
vt 0.22350745 0.77416068
vt 0.24089252 0.76561308
vt 0.24357999 0.78755105
vt 0.24089252 0.76561308
vt 0.24357999 0.78755105
vt 0.16445030 0.83153120
vt 0.16445030 0.83153120
vt 0.24357999 0.77351447
vt 0.18699887 0.81125808
vt 0.18699887 0.81125808
vt 0.00935352 0.87025422
vt 0.00935352 0.87025422
vt 0.24357999 0.77351447
vt 0.24357999 0.84551399
vt 0.24357999 0.83609281
vt 0.24357999 0.84551399
vt 0.24357999 0.83609281
vt 0.16458726 0.80536556
vt 0.16458726 0.80536556
vt 0.09921960 0.84921249
vt 0.09921960 0.84921249
vt 0.09780017 0.84792790
vt 0.09780017 0.84792790
vt 0.15513333 0.78403446
vt 0.15513333 0.78403446
vt 0.18288625 0.82558664
vt 0.20246721 0.78448320
vt 0.20246721 0.78448320
vt 0.04881701 0.75687671
vt 0.18288625 0.82558664
vt 0.04881701 0.75687671
vt 0.05579241 0.77096024
vt 0.05579241 0.77096024
vt 0.20246721 0.78448320
vt 0.05188374 0.84960383
vt 0.20246721 0.78448320
vt 0.05188374 0.84960383
vt 0.22253975 0.87952012
vt 0.03039376 0.78403446
vt 0.03039376 0.78403446
vt 0.06937091 0.82529167
vt 0.22253975 0.87952012
vt 0.06937091 0.82529167
vt 0.02942605 0.83349737
vt 0.08466618 0.80353512
vt 0.02942605 0.82666192
vt 0.08466618 0.80353512
vt 0.02942605 0.83349737
vt 0.02942605 0.82666192
vt 0.09019848 0.83153120
vt 0.09019848 0.83153120
vt 0.02673212 0.76561308
vt 0.02673212 0.76561308
vt 0.24357999 0.82680486
vt 0.16130090 0.82946792
vt 0.16130090 0.82946792
vt 0.24357999 0.78495560
vt 0.24357999 0.78495560
vt 0.24357999 0.82680486
vt 0.02942605 0.77416068
vt 0.22507107 0.87211468
vt 0.06690856 0.81168291
vt 0.06690856 0.81168291
vt 0.02942605 0.77416068
vt 0.22507107 0.87211468
vt 0.15689368 0.87155101
vt 0.09760070 0.77351447
vt 0.15689368 0.87155101
vt 0.15533280 0.87025422
vt 0.09760070 0.77351447
vt 0.15533280 0.87025422
vt 0.24357999 0.85170322
vt 0.24357999 0.84810944
vt 0.24357999 0.85170322
vt 0.16141645 0.80742063
vt 0.16141645 0.80742063
vt 0.24357999 0.84810944
vt 0.08834625 0.80536556
vt 0.02942605 0.84551399
vt 0.02942605 0.83609281
vt 0.02942605 0.83609281
vt 0.02942605 0.84551399
vt 0.08834625 0.80536556
vt 0.08899271 0.83119739
vt 0.02942605 0.78713119
vt 0.08899271 0.83119739
vt 0.02942605 0.78713119
vt 0.24357999 0.82420941
vt 0.24357999 0.86272624
vt 0.24357999 0.86272624
vt 0.24357999 0.82420941
vt 0.15871728 0.82721675
vt 0.15871728 0.82721675
vt 0.02942605 0.78755105
vt 0.02942605 0.78755105
vt 0.15533280 0.84792790
vt 0.15533280 0.84792790
vt 0.15351443 0.84921075
vt 0.15533280 0.77351447
vt 0.15351443 0.84921075
vt 0.15533280 0.77351447
vt 0.24357999 0.85195897
vt 0.15880917 0.80966495
vt 0.24357999 0.85195897
vt 0.24357999 0.85429867
vt 0.15880917 0.80966495
vt 0.24357999 0.85429867
vt 0.02942605 0.85170322
vt 0.09151706 0.80742063
vt 0.02942605 0.84810944
vt 0.02942605 0.85170322
vt 0.09151706 0.80742063
vt 0.02942605 0.84810944
vt 0.15513333 0.78403446
vt 0.15513333 0.78403446
vt 0.09780017 0.87952012
vt 0.09615288 0.75648537
vt 0.09780017 0.87952012
vt 0.09615288 0.75648537
vt 0.02942605 0.78495560
vt 0.09163261 0.82946792
vt 0.02942605 0.78495560
vt 0.02942605 0.82680486
vt 0.09163261 0.82946792
vt 0.02942605 0.82680486
vt 0.15674327 0.82481628
vt 0.24357999 0.77018876
vt 0.24357999 0.86013080
vt 0.24357999 0.77018876
vt 0.24357999 0.86013080
vt 0.15674327 0.82481628
vt 0.15681026 0.81206018
vt 0.24357999 0.85455454
vt 0.24357999 0.84627712
vt 0.24357999 0.85455454
vt 0.24357999 0.84627712
vt 0.15681026 0.81206018
vt 0.02942605 0.85429867
vt 0.02942605 0.85429867
vt 0.02942605 0.85195897
vt 0.02942605 0.85195897
vt 0.09412434 0.80966495
vt 0.09412434 0.80966495
vt 0.09421623 0.82721675
vt 0.02942605 0.86272624
vt 0.02942605 0.82420941
vt 0.09421623 0.82721675
vt 0.02942605 0.86272624
vt 0.02942605 0.82420941
vt 0.15541299 0.82230750
vt 0.24357999 0.79766862
vt 0.24357999 0.76759319
vt 0.15541299 0.82230750
vt 0.24357999 0.79766862
vt 0.24357999 0.76759319
vt 0.15545358 0.81456548
vt 0.24357999 0.84887257
vt 0.15545358 0.81456548
vt 0.24357999 0.83475456
vt 0.24357999 0.84887257
vt 0.24357999 0.83475456
vt 0.09612325 0.81206018
vt 0.09612325 0.81206018
vt 0.02942605 0.84627712
vt 0.02942605 0.85455454
vt 0.02942605 0.84627712
vt 0.02942605 0.85455454
vt 0.02942605 0.86013080
vt 0.02942605 0.77018876
vt 0.02942605 0.86013080
vt 0.09619023 0.82481628
vt 0.02942605 0.77018876
vt 0.09619023 0.82481628
vt 0.24357999 0.82018420
vt 0.24357999 0.79507317
vt 0.15474884 0.81973334
vt 0.15474884 0.81973334
vt 0.24357999 0.82018420
vt 0.24357999 0.79507317
vt 0.24357999 0.83735001
vt 0.24357999 0.81758875
vt 0.24357999 0.83735001
vt 0.15476254 0.81713790
vt 0.24357999 0.81758875
vt 0.15476254 0.81713790
vt 0.02942605 0.84887257
vt 0.09747993 0.81456548
vt 0.02942605 0.83475456
vt 0.02942605 0.84887257
vt 0.09747993 0.81456548
vt 0.02942605 0.83475456
vt 0.09752052 0.82230750
vt 0.02942605 0.79766862
vt 0.02942605 0.76759319
vt 0.02942605 0.79766862
vt 0.02942605 0.76759319
vt 0.09752052 0.82230750
vt 0.09817097 0.81713790
vt 0.09817097 0.81713790
vt 0.02942605 0.83735001
vt 0.02942605 0.81758875
vt 0.02942605 0.83735001
vt 0.02942605 0.81758875
vt 0.02942605 0.82018420
vt 0.02942605 0.79507317
vt 0.09818466 0.81973334
vt 0.02942605 0.82018420
vt 0.02942605 0.79507317
vt 0.09818466 0.81973334
vt 0.10859705 0.55101684
vt 0.10859705 0.55094277
vt 0.10859705 0.55094277
vt 0.10859705 0.55101684
vt 0.15947508 0.58499620
vt 0.15947508 0.62391276
vt 0.15947508 0.62391276
vt 0.15947508 0.58499620
vt 0.15947508 0.59964622
vt 0.15947508 0.59964622
vt 0.10859705 0.52675030
vt 0.10859705 0.52675030
vt 0.15947508 0.51319770
vt 0.15947508 0.60926274
vt 0.15947508 0.51319770
vt 0.15947508 0.60926274
vt 0.10076565 0.59964622
vt 0.10076565 0.59964622
vt 0.16730648 0.52675030
vt 0.05680640 0.51486749
vt 0.05680640 0.51486749
vt 0.16730648 0.52675030
vt 0.22796966 0.62391276
vt 0.22796966 0.58499620
vt 0.22796966 0.58499620
vt 0.22796966 0.62391276
vt 0.16279976 0.51614497
vt 0.16279976 0.51614497
vt 0.16730648 0.55101684
vt 0.16730648 0.55094277
vt 0.16730648 0.55101684
vt 0.25781917 0.51990559
vt 0.16730648 0.55094277
vt 0.25781917 0.51990559
vt 0.21126573 0.51486749
vt 0.22796966 0.59964622
vt 0.04010248 0.52675030
vt 0.22796966 0.59964622
vt 0.21126573 0.51486749
vt 0.04010248 0.52675030
vt 0.10859705 0.57520931
vt 0.10859705 0.55418233
vt 0.10859705 0.57520931
vt 0.10859705 0.55418233
vt 0.10076565 0.58499620
vt 0.10076565 0.62391276
vt 0.10076565 0.58499620
vt 0.10527237 0.51614497
vt 0.10076565 0.62391276
vt 0.10527237 0.51614497
vt 0.11664667 0.52365092
vt 0.11664667 0.52365092
vt 0.22796966 0.60926274
vt 0.22796966 0.51319770
vt 0.22796966 0.60926274
vt 0.22796966 0.51319770
vt 0.16730648 0.57520931
vt 0.16730648 0.57520931
vt 0.21461750 0.53091565
vt 0.16730648 0.55418233
vt 0.16730648 0.55418233
vt 0.21461750 0.53091565
vt 0.04010248 0.55094277
vt 0.01025296 0.51990559
vt 0.04010248 0.55094277
vt 0.04010248 0.55101684
vt 0.04010248 0.55101684
vt 0.01025296 0.51990559
vt 0.15947508 0.53746423
vt 0.15947508 0.61227476
vt 0.15947508 0.53746423
vt 0.15947508 0.61227476
vt 0.10076565 0.60926274
vt 0.10076565 0.51319770
vt 0.10076565 0.51319770
vt 0.15142546 0.52365092
vt 0.15142546 0.52365092
vt 0.10076565 0.60926274
vt 0.22796966 0.53746423
vt 0.22796966 0.61227476
vt 0.07595146 0.53687371
vt 0.22796966 0.53746423
vt 0.22796966 0.61227476
vt 0.07595146 0.53687371
vt 0.17854036 0.54714773
vt 0.16730648 0.57844887
vt 0.16730648 0.51084194
vt 0.17854036 0.54714773
vt 0.16730648 0.57844887
vt 0.16730648 0.51084194
vt 0.04010248 0.55418233
vt 0.04010248 0.57520931
vt 0.04010248 0.55418233
vt 0.05345463 0.53091565
vt 0.05345463 0.53091565
vt 0.04010248 0.57520931
vt 0.10859705 0.51084194
vt 0.10859705 0.51084194
vt 0.10859705 0.57844887
vt 0.10859705 0.57844887
vt 0.10076565 0.61227476
vt 0.10076565 0.53746423
vt 0.19212067 0.53687371
vt 0.19212067 0.53687371
vt 0.10076565 0.53746423
vt 0.10076565 0.61227476
vt 0.15947508 0.61846955
vt 0.15947508 0.51227277
vt 0.15947508 0.61846955
vt 0.15947508 0.51227277
vt 0.04010248 0.57844887
vt 0.04010248 0.51084194
vt 0.08953178 0.54714773
vt 0.04010248 0.57844887
vt 0.04010248 0.51084194
vt 0.08953178 0.54714773
vt 0.10859705 0.53510860
vt 0.10859705 0.53510860
vt 0.10859705 0.52273779
vt 0.10859705 0.52273779
vt 0.22458458 0.55491228
vt 0.10076565 0.51227277
vt 0.10076565 0.61846955
vt 0.22458458 0.55491228
vt 0.10076565 0.61846955
vt 0.10076565 0.51227277
vt 0.22796966 0.51227277
vt 0.04348755 0.55491228
vt 0.22796966 0.61846955
vt 0.22796966 0.51227277
vt 0.22796966 0.61846955
vt 0.04348755 0.55491228
vt 0.16730648 0.53510860
vt 0.15209502 0.56749534
vt 0.16730648 0.52273779
vt 0.16730648 0.53510860
vt 0.15209502 0.56749534
vt 0.16730648 0.52273779
vt 0.04010248 0.52273779
vt 0.04010248 0.53510860
vt 0.04010248 0.52273779
vt 0.04010248 0.53510860
vt 0.11597711 0.56749534
vt 0.11597711 0.56749534
vt 0.15947508 0.51846755
vt 0.15947508 0.52289126
vt 0.15947508 0.51846755
vt 0.15947508 0.52289126
vt 0.24660496 0.57653737
vt 0.10076565 0.51846755
vt 0.24660496 0.57653737
vt 0.10076565 0.52289126
vt 0.10076565 0.52289126
vt 0.10076565 0.51846755
vt 0.10859705 0.54700445
vt 0.10859705 0.54700445
vt 0.10859705 0.57212186
vt 0.10859705 0.57212186
vt 0.04010248 0.54700445
vt 0.04010248 0.57212186
vt 0.04010248 0.54700445
vt 0.13098900 0.59057188
vt 0.13098900 0.59057188
vt 0.04010248 0.57212186
vt 0.22796966 0.51846755
vt 0.02146717 0.57653737
vt 0.22796966 0.52289126
vt 0.22796966 0.51846755
vt 0.02146717 0.57653737
vt 0.22796966 0.52289126
vt 0.16730648 0.57212186
vt 0.13708313 0.59057188
vt 0.16730648 0.54700445
vt 0.13708313 0.59057188
vt 0.16730648 0.54700445
vt 0.16730648 0.57212186
vt 0.15947508 0.57212186
vt 0.15947508 0.54715792
vt 0.15947508 0.57212186
vt 0.15947508 0.54715792
vt 0.10076565 0.57212186
vt 0.10076565 0.54715792
vt 0.10076565 0.54715792
vt 0.10076565 0.57212186
vt 0.25668091 0.60027514
vt 0.25668091 0.60027514
vt 0.10859705 0.59638839
vt 0.10859705 0.52289126
vt 0.10859705 0.52289126
vt 0.10859705 0.59638839
vt 0.13354396 0.61480487
vt 0.04010248 0.59638839
vt 0.04010248 0.52289126
vt 0.04010248 0.52289126
vt 0.04010248 0.59638839
vt 0.13354396 0.61480487
vt 0.22796966 0.54715792
vt 0.01139123 0.60027514
vt 0.01139123 0.60027514
vt 0.22796966 0.57212186
vt 0.22796966 0.54715792
vt 0.22796966 0.57212186
vt 0.13452817 0.61480487
vt 0.16730648 0.59638839
vt 0.16730648 0.52289126
vt 0.16730648 0.59638839
vt 0.13452817 0.61480487
vt 0.16730648 0.52289126
vt 0.15947508 0.52273779
vt 0.15947508 0.59638839
vt 0.15947508 0.52273779
vt 0.15947508 0.59638839
vt 0.10076565 0.59638839
vt 0.25412594 0.62450813
vt 0.10076565 0.52273779
vt 0.10076565 0.59638839
vt 0.25412594 0.62450813
vt 0.10076565 0.52273779
vt 0.10859705 0.61846955
vt 0.10859705 0.54715792
vt 0.10859705 0.61846955
vt 0.10859705 0.54715792
vt 0.04010248 0.54715792
vt 0.12346777 0.51427411
vt 0.04010248 0.61846955
vt 0.12346777 0.51427411
vt 0.04010248 0.61846955
vt 0.04010248 0.54715792
vt 0.01394619 0.62450813
vt 0.22796966 0.52273779
vt 0.22796966 0.52273779
vt 0.22796966 0.59638839
vt 0.01394619 0.62450813
vt 0.22796966 0.59638839
vt 0.16730648 0.54715792
vt 0.16730648 0.61846955
vt 0.14460436 0.51427411
vt 0.16730648 0.54715792
vt 0.14460436 0.51427411
vt 0.16730648 0.61846955
vt 0.15947508 0.54700445
vt 0.15947508 0.54700445
vt 0.15947508 0.51084194
vt 0.15947508 0.51084194
vt 0.10076565 0.54700445
vt 0.10076565 0.54700445
vt 0.10076565 0.51084194
vt 0.23911431 0.52331614
vt 0.23911431 0.52331614
vt 0.10076565 0.51084194
vt 0.10859705 0.61227476
vt 0.10859705 0.51846755
vt 0.10859705 0.51846755
vt 0.10859705 0.61227476
vt 0.10144764 0.53589920
vt 0.10144764 0.53589920
vt 0.04010248 0.51846755
vt 0.04010248 0.61227476
vt 0.04010248 0.61227476
vt 0.04010248 0.51846755
vt 0.22796966 0.54700445
vt 0.22796966 0.51084194
vt 0.22796966 0.54700445
vt 0.02895783 0.52331614
vt 0.22796966 0.51084194
vt 0.02895783 0.52331614
vt 0.16730648 0.51846755
vt 0.16730648 0.61227476
vt 0.16662449 0.53589920
vt 0.16730648 0.51846755
vt 0.16730648 0.61227476
vt 0.16662449 0.53589920
vt 0.15947508 0.55418233
vt 0.15947508 0.53510860
vt 0.15947508 0.55418233
vt 0.15947508 0.53510860
vt 0.10076565 0.55418233
vt 0.21266872 0.54366374
vt 0.10076565 0.53510860
vt 0.10076565 0.55418233
vt 0.21266872 0.54366374
vt 0.10076565 0.53510860
vt 0.10859705 0.51319770
vt 0.10859705 0.51227277
vt 0.10859705 0.51319770
vt 0.10859705 0.51227277
vt 0.04010248 0.51227277
vt 0.04010248 0.51319770
vt 0.04010248 0.51227277
vt 0.06898373 0.55393777
vt 0.04010248 0.51319770
vt 0.06898373 0.55393777
vt 0.22796966 0.53510860
vt 0.05540341 0.54366374
vt 0.22796966 0.55418233
vt 0.22796966 0.53510860
vt 0.05540341 0.54366374
vt 0.22796966 0.55418233
vt 0.19908841 0.55393777
vt 0.16730648 0.51227277
vt 0.16730648 0.51319770
vt 0.16730648 0.51319770
vt 0.16730648 0.51227277
vt 0.19908841 0.55393777
vt 0.15947508 0.55094277
vt 0.15947508 0.57844887
vt 0.15947508 0.55094277
vt 0.15947508 0.57844887
vt 0.22796966 0.55094277
vt 0.09148056 0.55989570
vt 0.22796966 0.57844887
vt 0.22796966 0.57844887
vt 0.09148056 0.55989570
vt 0.22796966 0.55094277
vt 0.23978362 0.56716056
vt 0.16730648 0.53746423
vt 0.16730648 0.58499620
vt 0.16730648 0.58499620
vt 0.16730648 0.53746423
vt 0.23978362 0.56716056
vt 0.10859705 0.53746423
vt 0.10859705 0.58499620
vt 0.10859705 0.53746423
vt 0.10859705 0.58499620
vt 0.10076565 0.57844887
vt 0.17659158 0.55989570
vt 0.10076565 0.55094277
vt 0.10076565 0.55094277
vt 0.17659158 0.55989570
vt 0.10076565 0.57844887
vt 0.04010248 0.58499620
vt 0.04010248 0.53746423
vt 0.02828852 0.56716056
vt 0.04010248 0.58499620
vt 0.02828852 0.56716056
vt 0.04010248 0.53746423
vt 0.15947508 0.52675030
vt 0.15947508 0.57520931
vt 0.15947508 0.57520931
vt 0.15947508 0.52675030
vt 0.22796966 0.52675030
vt 0.13473073 0.57090589
vt 0.22796966 0.57520931
vt 0.22796966 0.52675030
vt 0.22796966 0.57520931
vt 0.13473073 0.57090589
vt 0.16730648 0.60926274
vt 0.16730648 0.60926274
vt 0.03739988 0.57466650
vt 0.16730648 0.59964622
vt 0.03739988 0.57466650
vt 0.16730648 0.59964622
vt 0.10076565 0.57520931
vt 0.13334140 0.57090589
vt 0.10076565 0.52675030
vt 0.10076565 0.57520931
vt 0.13334140 0.57090589
vt 0.10076565 0.52675030
vt 0.10859705 0.59964622
vt 0.10859705 0.60926274
vt 0.10859705 0.60926274
vt 0.10859705 0.59964622
vt 0.04010248 0.60926274
vt 0.04010248 0.59964622
vt 0.23067225 0.57466650
vt 0.04010248 0.60926274
vt 0.23067225 0.57466650
vt 0.04010248 0.59964622
vt 0.10859705 0.62391276
vt 0.15947508 0.55101684
vt 0.10859705 0.62391276
vt 0.15947508 0.55101684
vt 0.04010248 0.62391276
vt 0.18220628 0.57594398
vt 0.22796966 0.55101684
vt 0.22796966 0.55101684
vt 0.18220628 0.57594398
vt 0.04010248 0.62391276
vt 0.08586586 0.57594398
vt 0.08586586 0.57594398
vt 0.16730648 0.62391276
vt 0.16730648 0.62391276
vt 0.10076565 0.55101684
vt 0.10076565 0.55101684
vt 0.00439549 0.50732529
vt 0.00439549 0.50732529
vt 0.00439549 0.50732529
vt 0.00439549 0.50732529
vt 0.00439549 0.50732529
vt 0.00439549 0.50732529
vt 0.00439549 0.50732529
vt 0.00439549 0.50732529
vt 0.00439549 0.50732529
vt 0.00439549 0.50732529
vt 0.00439549 0.50732529
vt 0.00439549 0.50732529
vt 0.00439549 0.50732529
vt 0.00439549 0.50732529
vt 0.00439549 0.50732529
vt 0.00439549 0.50732529
vt 0.00439549 0.50732529
vt 0.00439549 0.50732529
vt 0.00439549 0.50732529
vt 0.00439549 0.50732529
vt 0.00439549 0.50732529
vt 0.00439549 0.50732529
vt 0.00439549 0.50732529
vt 0.00439549 0.50732529
vt 0.00439549 0.50732529
vt 0.00439549 0.50732529
vt 0.00439549 0.50732529
vt 0.00439549 0.50732529
vt 0.00439549 0.50732529
vt 0.00439549 0.50732529
vt 0.00439549 0.50732529
vt 0.00439549 0.50732529
vt 0.00439549 0.50732529
vt 0.00439549 0.50732529
vt 0.00439549 0.50732529
vt 0.00439549 0.50732529
vt 0.00439549 0.50732529
vt 0.00439549 0.50732529
vt 0.00439549 0.50732529
vt 0.00439549 0.50732529
vt 0.00439549 0.50732529
vt 0.00439549 0.50732529
vt 0.00439549 0.50732529
vt 0.00439549 0.50732529
vt 0.00439549 0.50732529
vt 0.00439549 0.50732529
vt 0.00439549 0.50732529
vt 0.00439549 0.50732529
f 30/30 1/1 12/12
f 10/10 4/4 29/29
f 2/2 36/36 15/15
f 13/13 38/38 3/3
f 51/51 6/6 18/18
f 20/20 8/8 52/52
f 56/56 24/24 5/5
f 7/7 22/22 60/60
f 28/28 71/71 9/9
f 11/11 69/69 25/25
f 74/74 1/1 30/30
f 29/29 4/4 73/73
f 30/30 12/12 76/76
f 75/75 10/10 29/29
f 16/16 84/84 34/34
f 33/33 86/86 14/14
f 36/36 2/2 91/91
f 90/90 3/3 38/38
f 84/84 16/16 37/37
f 39/39 14/14 86/86
f 113/113 17/17 45/45
f 47/47 19/19 111/111
f 6/6 51/51 57/57
f 59/59 52/52 8/8
f 17/17 113/113 49/49
f 54/54 111/111 19/19
f 24/24 56/56 118/118
f 117/117 60/60 22/22
f 116/116 64/64 21/21
f 23/23 63/63 119/119
f 68/68 134/134 27/27
f 26/26 132/132 66/66
f 71/71 28/28 135/135
f 138/138 25/25 69/69
f 139/139 12/12 72/72
f 70/70 10/10 140/140
f 141/141 1/1 74/74
f 73/73 4/4 142/142
f 143/143 74/74 30/30
f 29/29 73/73 144/144
f 76/76 12/12 146/146
f 145/145 10/10 75/75
f 148/148 30/30 76/76
f 75/75 29/29 147/147
f 32/32 155/155 80/80
f 78/78 157/157 31/31
f 155/155 32/32 85/85
f 81/81 31/31 157/157
f 1/1 141/141 92/92
f 89/89 142/142 4/4
f 159/159 40/40 88/88
f 87/87 35/35 161/161
f 129/129 83/83 40/40
f 35/35 82/82 130/130
f 173/173 95/95 43/43
f 41/41 93/93 169/169
f 180/180 44/44 98/98
f 100/100 42/42 179/179
f 201/201 48/48 107/107
f 105/105 46/46 199/199
f 48/48 201/201 109/109
f 112/112 199/199 46/46
f 53/53 206/206 58/58
f 55/55 204/204 50/50
f 114/114 209/209 53/53
f 50/50 211/211 110/110
f 58/58 206/206 120/120
f 115/115 204/204 55/55
f 64/64 116/116 215/215
f 217/217 119/119 63/63
f 61/61 226/226 122/122
f 123/123 225/225 62/62
f 126/126 239/239 65/65
f 67/67 238/238 127/127
f 134/134 68/68 235/235
f 236/236 66/66 132/132
f 162/162 28/28 131/131
f 133/133 25/25 163/163
f 135/135 28/28 162/162
f 163/163 25/25 138/138
f 241/241 72/72 137/137
f 136/136 70/70 242/242
f 244/244 12/12 139/139
f 140/140 10/10 243/243
f 241/241 139/139 72/72
f 70/70 140/140 242/242
f 246/246 141/141 74/74
f 73/73 142/142 245/245
f 246/246 74/74 143/143
f 144/144 73/73 245/245
f 143/143 30/30 148/148
f 147/147 29/29 144/144
f 146/146 12/12 248/248
f 247/247 10/10 145/145
f 249/249 76/76 146/146
f 145/145 75/75 250/250
f 148/148 76/76 249/249
f 250/250 75/75 147/147
f 77/77 258/258 151/151
f 150/150 260/260 79/79
f 258/258 77/77 156/156
f 154/154 79/79 260/260
f 237/237 153/153 83/83
f 82/82 158/158 240/240
f 92/92 141/141 266/266
f 261/261 142/142 89/89
f 129/129 40/40 159/159
f 161/161 35/35 130/130
f 92/92 272/272 160/160
f 164/164 267/267 89/89
f 237/237 83/83 129/129
f 130/130 82/82 240/240
f 205/205 167/167 96/96
f 94/94 165/165 207/207
f 95/95 173/173 203/203
f 208/208 169/169 93/93
f 44/44 180/180 170/170
f 172/172 179/179 42/42
f 281/281 97/97 178/178
f 175/175 99/99 284/284
f 97/97 281/281 181/181
f 183/183 284/284 99/99
f 187/187 291/291 102/102
f 104/104 293/293 186/186
f 103/103 300/300 190/190
f 192/192 299/299 101/101
f 313/313 108/108 194/194
f 196/196 106/106 316/316
f 108/108 313/313 197/197
f 202/202 316/316 106/106
f 198/198 317/317 114/114
f 110/110 318/318 200/200
f 53/53 209/209 206/206
f 204/204 211/211 50/50
f 114/114 317/317 209/209
f 211/211 318/318 110/110
f 120/120 206/206 174/174
f 171/171 204/204 115/115
f 120/120 174/174 219/219
f 216/216 171/171 115/115
f 323/323 61/61 218/218
f 220/220 62/62 324/324
f 226/226 61/61 323/323
f 324/324 62/62 225/225
f 329/329 122/122 226/226
f 225/225 123/123 334/334
f 337/337 230/230 124/124
f 121/121 228/228 338/338
f 234/234 351/351 125/125
f 128/128 353/353 233/233
f 239/239 126/126 354/354
f 349/349 127/127 238/238
f 160/160 241/241 137/137
f 136/136 242/242 164/164
f 355/355 12/12 244/244
f 243/243 10/10 356/356
f 357/357 244/244 139/139
f 140/140 243/243 358/358
f 357/357 139/139 241/241
f 242/242 140/140 358/358
f 141/141 246/246 359/359
f 360/360 245/245 142/142
f 364/364 246/246 143/143
f 144/144 245/245 363/363
f 370/370 143/143 148/148
f 147/147 144/144 371/371
f 248/248 12/12 355/355
f 356/356 10/10 247/247
f 373/373 146/146 248/248
f 247/247 145/145 374/374
f 249/249 146/146 373/373
f 374/374 145/145 250/250
f 370/370 148/148 249/249
f 250/250 147/147 371/371
f 152/152 381/381 251/251
f 254/254 379/379 149/149
f 381/381 152/152 257/257
f 255/255 149/149 379/379
f 350/350 256/256 153/153
f 158/158 259/259 352/352
f 350/350 153/153 237/237
f 240/240 158/158 352/352
f 266/266 141/141 387/387
f 386/386 142/142 261/261
f 92/92 266/266 394/394
f 395/395 261/261 89/89
f 272/272 92/92 398/398
f 399/399 89/89 267/267
f 160/160 272/272 405/405
f 403/403 267/267 164/164
f 213/213 273/273 168/168
f 166/166 276/276 212/212
f 167/167 205/205 210/210
f 214/214 207/207 165/165
f 409/409 174/174 182/182
f 184/184 171/171 412/412
f 280/280 422/422 176/176
f 177/177 419/419 278/278
f 176/176 428/428 282/282
f 285/285 423/423 177/177
f 434/434 182/182 286/286
f 283/283 184/184 431/431
f 287/287 438/438 185/185
f 188/188 436/436 290/290
f 291/291 187/187 435/435
f 437/437 186/186 293/293
f 300/300 103/103 296/296
f 294/294 101/101 299/299
f 443/443 191/191 301/301
f 298/298 189/189 444/444
f 191/191 443/443 306/306
f 304/304 444/444 189/189
f 309/309 311/311 193/193
f 195/195 315/315 307/307
f 314/314 457/457 198/198
f 200/200 460/460 312/312
f 198/198 457/457 317/317
f 318/318 460/460 200/200
f 273/273 213/213 319/319
f 321/321 212/212 276/276
f 219/219 174/174 462/462
f 461/461 171/171 216/216
f 323/323 218/218 464/464
f 463/463 220/220 324/324
f 327/327 468/468 222/222
f 223/223 467/467 326/326
f 473/473 122/122 329/329
f 334/334 123/123 472/472
f 477/477 329/329 226/226
f 225/225 334/334 476/476
f 230/230 337/337 482/482
f 480/480 338/338 228/228
f 122/122 487/487 339/339
f 340/340 488/488 123/123
f 483/483 342/342 227/227
f 229/229 344/344 481/481
f 346/346 501/501 232/232
f 231/231 499/499 348/348
f 351/351 234/234 502/502
f 500/500 233/233 353/353
f 160/160 357/357 241/241
f 242/242 358/358 164/164
f 357/357 355/355 244/244
f 243/243 356/356 358/358
f 364/364 359/359 246/246
f 245/245 360/360 363/363
f 508/508 141/141 359/359
f 360/360 142/142 507/507
f 364/364 143/143 370/370
f 371/371 144/144 363/363
f 510/510 248/248 355/355
f 356/356 247/247 509/509
f 373/373 248/248 510/510
f 509/509 247/247 374/374
f 515/515 249/249 373/373
f 374/374 250/250 516/516
f 370/370 249/249 515/515
f 516/516 250/250 371/371
f 253/253 525/525 375/375
f 378/378 521/521 252/252
f 525/525 253/253 382/382
f 383/383 252/252 521/521
f 498/498 384/384 256/256
f 259/259 380/380 497/497
f 498/498 256/256 350/350
f 352/352 259/259 497/497
f 387/387 141/141 527/527
f 528/528 142/142 386/386
f 389/389 533/533 262/262
f 264/264 535/535 390/390
f 263/263 540/540 396/396
f 391/391 537/537 265/265
f 541/541 92/92 394/394
f 395/395 89/89 546/546
f 398/398 92/92 547/547
f 550/550 89/89 399/399
f 552/552 270/270 401/401
f 402/402 269/269 554/554
f 555/555 406/406 271/271
f 268/268 407/407 556/556
f 160/160 405/405 564/564
f 563/563 403/403 164/164
f 320/320 288/288 274/274
f 275/275 289/289 322/322
f 462/462 174/174 409/409
f 412/412 171/171 461/461
f 409/409 182/182 570/570
f 566/566 184/184 412/412
f 576/576 277/277 417/417
f 415/415 279/279 577/577
f 422/422 280/280 583/583
f 582/582 278/278 419/419
f 587/587 176/176 422/422
f 419/419 177/177 585/585
f 428/428 176/176 593/593
f 592/592 177/177 423/423
f 282/282 428/428 595/595
f 596/596 423/423 285/285
f 599/599 182/182 434/434
f 431/431 184/184 600/600
f 434/434 286/286 606/606
f 608/608 283/283 431/431
f 438/438 287/287 456/456
f 459/459 290/290 436/436
f 611/611 292/292 440/440
f 439/439 295/295 612/612
f 622/622 302/302 292/292
f 295/295 297/297 617/617
f 626/626 441/441 302/302
f 297/297 442/442 623/623
f 634/634 305/305 445/445
f 446/446 303/303 633/633
f 305/305 634/634 450/450
f 449/449 633/633 303/303
f 451/451 616/616 310/310
f 308/308 614/614 453/453
f 311/311 309/309 613/613
f 615/615 307/307 315/315
f 314/314 440/440 457/457
f 460/460 439/439 312/312
f 288/288 320/320 458/458
f 455/455 322/322 289/289
f 644/644 219/219 462/462
f 461/461 216/216 643/643
f 464/464 218/218 646/646
f 645/645 220/220 463/463
f 648/648 328/328 465/465
f 466/466 325/325 647/647
f 468/468 327/327 649/649
f 651/651 326/326 467/467
f 654/654 224/224 470/470
f 469/469 221/221 653/653
f 487/487 122/122 473/473
f 472/472 123/123 488/488
f 332/332 655/655 471/471
f 474/474 656/656 333/333
f 329/329 477/477 658/658
f 659/659 476/476 334/334
f 224/224 654/654 475/475
f 478/478 653/653 221/221
f 336/336 661/661 479/479
f 484/484 662/662 335/335
f 339/339 487/487 664/664
f 663/663 488/488 340/340
f 342/342 483/483 667/667
f 668/668 481/481 344/344
f 670/670 492/492 343/343
f 341/341 491/491 669/669
f 495/495 684/684 345/345
f 347/347 682/682 494/494
f 501/501 346/346 681/681
f 683/683 348/348 499/499
f 160/160 685/685 357/357
f 358/358 686/686 164/164
f 685/685 355/355 357/357
f 358/358 356/356 686/686
f 359/359 364/364 692/692
f 691/691 363/363 360/360
f 527/527 141/141 508/508
f 507/507 142/142 528/528
f 508/508 359/359 694/694
f 693/693 360/360 507/507
f 699/699 366/366 372/372
f 368/368 361/361 697/697
f 510/510 355/355 685/685
f 686/686 356/356 509/509
f 702/702 373/373 510/510
f 509/509 374/374 705/705
f 515/515 373/373 702/702
f 705/705 374/374 516/516
f 710/710 369/369 513/513
f 514/514 367/367 709/709
f 524/524 520/520 376/376
f 377/377 517/517 526/526
f 679/679 523/523 384/384
f 380/380 522/522 680/680
f 679/679 384/384 498/498
f 497/497 380/380 680/680
f 532/532 715/715 388/388
f 385/385 716/716 530/530
f 533/533 389/389 718/718
f 717/717 390/390 535/535
f 540/540 263/263 534/534
f 536/536 265/265 537/537
f 721/721 392/392 539/539
f 538/538 393/393 719/719
f 724/724 92/92 541/541
f 546/546 89/89 723/723
f 392/392 721/721 545/545
f 543/543 719/719 393/393
f 547/547 92/92 732/732
f 734/734 89/89 550/550
f 733/733 397/397 549/549
f 548/548 400/400 729/729
f 270/270 552/552 557/557
f 558/558 554/554 269/269
f 397/397 738/738 551/551
f 553/553 735/735 400/400
f 406/406 555/555 739/739
f 742/742 556/556 407/407
f 741/741 561/561 404/404
f 408/408 560/560 740/740
f 160/160 564/564 744/744
f 748/748 563/563 164/164
f 752/752 462/462 409/409
f 412/412 461/461 750/750
f 570/570 182/182 756/756
f 757/757 184/184 566/566
f 565/565 762/762 410/410
f 414/414 764/764 567/567
f 769/769 418/418 574/574
f 572/572 416/416 772/772
f 277/277 576/576 778/778
f 775/775 577/577 279/279
f 418/418 769/769 575/575
f 578/578 772/772 416/416
f 583/583 280/280 784/784
f 781/781 278/278 582/582
f 422/422 583/583 786/786
f 788/788 582/582 419/419
f 593/593 176/176 587/587
f 585/585 177/177 592/592
f 421/421 790/790 590/590
f 586/586 791/791 420/420
f 594/594 796/796 426/426
f 427/427 797/797 591/591
f 795/795 598/598 425/425
f 424/424 597/597 793/793
f 282/282 595/595 800/800
f 799/799 596/596 285/285
f 801/801 182/182 599/599
f 600/600 184/184 803/803
f 429/429 810/810 602/602
f 604/604 812/812 433/433
f 606/606 286/286 818/818
f 817/817 283/283 608/608
f 609/609 819/819 430/430
f 432/432 821/821 607/607
f 622/622 292/292 611/611
f 612/612 295/295 617/617
f 611/611 440/440 314/314
f 312/312 439/439 612/612
f 626/626 302/302 622/622
f 617/617 297/297 623/623
f 830/830 441/441 626/626
f 623/623 442/442 828/828
f 830/830 631/631 441/441
f 442/442 632/632 828/828
f 831/831 447/447 629/629
f 630/630 448/448 833/833
f 447/447 831/831 637/637
f 635/635 833/833 448/448
f 640/640 620/620 454/454
f 452/452 618/618 642/642
f 616/616 451/451 621/621
f 619/619 453/453 614/614
f 219/219 644/644 336/336
f 335/335 643/643 216/216
f 644/644 462/462 846/846
f 845/845 461/461 643/643
f 644/644 846/846 848/848
f 847/847 845/845 643/643
f 646/646 218/218 849/849
f 852/852 220/220 645/645
f 328/328 648/648 650/650
f 652/652 647/647 325/325
f 487/487 473/473 853/853
f 854/854 472/472 488/488
f 655/655 332/332 855/855
f 857/857 333/333 656/656
f 658/658 477/477 860/860
f 859/859 476/476 659/659
f 862/862 331/331 657/657
f 660/660 330/330 861/861
f 863/863 661/661 336/336
f 335/335 662/662 864/864
f 479/479 661/661 865/865
f 866/866 662/662 484/484
f 339/339 664/664 872/872
f 871/871 663/663 340/340
f 479/479 579/579 666/666
f 665/665 580/580 484/484
f 492/492 670/670 874/874
f 877/877 669/669 491/491
f 873/873 673/673 490/490
f 489/489 671/671 875/875
f 881/881 496/496 677/677
f 675/675 493/493 883/883
f 684/684 495/495 890/890
f 889/889 494/494 682/682
f 160/160 896/896 685/685
f 686/686 895/895 164/164
f 897/897 689/689 365/365
f 362/362 690/690 899/899
f 694/694 359/359 692/692
f 691/691 360/360 693/693
f 901/901 529/529 503/503
f 505/505 531/531 902/902
f 905/905 504/504 687/687
f 688/688 506/506 908/908
f 687/687 504/504 695/695
f 696/696 506/506 688/688
f 366/366 699/699 900/900
f 898/898 697/697 361/361
f 369/369 710/710 698/698
f 700/700 709/709 367/367
f 914/914 510/510 685/685
f 686/686 509/509 909/909
f 702/702 510/510 914/914
f 909/909 509/509 705/705
f 916/916 512/512 706/706
f 703/703 511/511 918/918
f 512/512 916/916 707/707
f 708/708 918/918 511/511
f 921/921 714/714 519/519
f 518/518 712/712 924/924
f 520/520 524/524 919/919
f 922/922 526/526 517/517
f 888/888 523/523 679/679
f 680/680 522/522 886/886
f 715/715 532/532 926/926
f 928/928 530/530 716/716
f 938/938 92/92 724/724
f 723/723 89/89 936/936
f 544/544 939/939 725/725
f 727/727 942/942 542/542
f 939/939 544/544 720/720
f 722/722 542/542 942/942
f 732/732 92/92 938/938
f 936/936 89/89 734/734
f 738/738 397/397 733/733
f 729/729 400/400 735/735
f 561/561 741/741 954/954
f 951/951 740/740 560/560
f 953/953 745/745 559/559
f 562/562 747/747 952/952
f 160/160 744/744 958/958
f 960/960 748/748 164/164
f 848/848 961/961 963/963
f 964/964 962/962 847/847
f 963/963 961/961 965/965
f 966/966 962/962 964/964
f 462/462 752/752 961/961
f 962/962 750/750 461/461
f 411/411 970/970 751/751
f 749/749 969/969 413/413
f 756/756 182/182 801/801
f 803/803 184/184 757/757
f 754/754 975/975 568/568
f 569/569 972/972 755/755
f 762/762 565/565 976/976
f 974/974 567/567 764/764
f 970/970 411/411 760/760
f 761/761 413/413 969/969
f 979/979 573/573 766/766
f 767/767 571/571 977/977
f 573/573 979/979 771/771
f 770/770 977/977 571/571
f 479/479 777/777 579/579
f 580/580 780/780 484/484
f 983/983 280/280 779/779
f 776/776 278/278 986/986
f 666/666 579/579 773/773
f 774/774 580/580 665/665
f 784/784 280/280 988/988
f 990/990 278/278 781/781
f 782/782 991/991 581/581
f 584/584 992/992 783/783
f 581/581 993/993 787/787
f 785/785 994/994 584/584
f 997/997 422/422 786/786
f 788/788 419/419 998/998
f 1004/1004 593/593 587/587
f 585/585 592/592 1001/1001
f 790/790 421/421 1005/1005
f 1006/1006 420/420 791/791
f 792/792 999/999 589/589
f 588/588 1003/1003 789/789
f 796/796 594/594 1008/1008
f 1007/1007 591/591 797/797
f 598/598 795/795 1016/1016
f 1014/1014 793/793 597/597
f 282/282 800/800 1023/1023
f 1024/1024 799/799 285/285
f 603/603 1027/1027 802/802
f 804/804 1029/1029 601/601
f 810/810 429/429 824/824
f 820/820 433/433 812/812
f 1027/1027 603/603 811/811
f 808/808 601/601 1029/1029
f 818/818 286/286 1035/1035
f 1038/1038 283/283 817/817
f 1039/1039 610/610 814/814
f 816/816 605/605 1041/1041
f 819/819 609/609 1048/1048
f 1045/1045 607/607 821/821
f 620/620 640/640 625/625
f 628/628 642/642 618/618
f 624/624 844/844 827/827
f 825/825 841/841 627/627
f 1054/1054 631/631 830/830
f 828/828 632/632 1053/1053
f 631/631 1057/1057 834/834
f 836/836 1058/1058 632/632
f 637/637 831/831 1064/1064
f 1066/1066 833/833 635/635
f 636/636 1072/1072 838/838
f 840/840 1071/1071 638/638
f 844/844 624/624 639/639
f 641/641 627/627 841/841
f 336/336 644/644 1073/1073
f 1074/1074 643/643 335/335
f 339/339 872/872 218/218
f 220/220 871/871 340/340
f 846/846 961/961 848/848
f 847/847 962/962 845/845
f 644/644 848/848 963/963
f 964/964 847/847 643/643
f 849/849 218/218 1076/1076
f 1075/1075 220/220 852/852
f 1078/1078 646/646 849/849
f 852/852 645/645 1079/1079
f 487/487 853/853 1085/1085
f 1083/1083 854/854 488/488
f 331/331 862/862 858/858
f 856/856 861/861 330/330
f 658/658 860/860 1090/1090
f 1091/1091 859/859 659/659
f 1095/1095 661/661 863/863
f 864/864 662/662 1096/1096
f 336/336 1098/1098 863/863
f 864/864 1097/1097 335/335
f 661/661 1100/1100 865/865
f 866/866 1099/1099 662/662
f 1100/1100 777/777 865/865
f 866/866 780/780 1099/1099
f 479/479 865/865 777/777
f 780/780 866/866 484/484
f 1086/1086 868/868 486/486
f 485/485 867/867 1087/1087
f 666/666 773/773 878/878
f 876/876 774/774 665/665
f 673/673 873/873 1104/1104
f 1105/1105 875/875 671/671
f 1107/1107 678/678 672/672
f 674/674 676/676 1108/1108
f 496/496 881/881 885/885
f 887/887 883/883 493/493
f 678/678 1107/1107 880/880
f 879/879 1108/1108 676/676
f 160/160 1114/1114 896/896
f 895/895 1109/1109 164/164
f 1118/1118 685/685 896/896
f 895/895 686/686 1117/1117
f 689/689 897/897 907/907
f 906/906 899/899 690/690
f 529/529 901/901 925/925
f 927/927 902/902 531/531
f 504/504 905/905 904/904
f 903/903 908/908 506/506
f 914/914 685/685 1118/1118
f 1117/1117 686/686 909/909
f 911/911 915/915 704/704
f 701/701 917/917 913/913
f 1128/1128 768/768 713/713
f 711/711 765/765 1126/1126
f 714/714 921/921 1127/1127
f 1129/1129 924/924 712/712
f 888/888 923/923 523/523
f 522/522 920/920 886/886
f 726/726 1131/1131 934/934
f 933/933 1133/1133 728/728
f 1131/1131 726/726 940/940
f 941/941 728/728 1133/1133
f 1134/1134 731/731 937/937
f 935/935 730/730 1132/1132
f 731/731 1134/1134 736/736
f 737/737 1132/1132 730/730
f 745/745 953/953 1138/1138
f 1135/1135 952/952 747/747
f 746/746 1140/1140 955/955
f 957/957 1142/1142 743/743
f 160/160 958/958 1114/1114
f 1109/1109 960/960 164/164
f 965/965 961/961 1144/1144
f 1143/1143 962/962 966/966
f 961/961 846/846 462/462
f 461/461 845/845 962/962
f 1144/1144 961/961 1146/1146
f 1145/1145 962/962 1143/1143
f 1146/1146 961/961 1148/1148
f 1147/1147 962/962 1145/1145
f 1148/1148 961/961 1150/1150
f 1149/1149 962/962 1147/1147
f 1153/1153 644/644 961/961
f 962/962 643/643 1152/1152
f 1160/1160 1161/1161 1154/1154
f 1151/1151 1163/1163 1159/1159
f 805/805 1171/1171 758/758
f 753/753 1168/1168 806/806
f 975/975 754/754 1170/1170
f 1167/1167 755/755 972/972
f 971/971 968/968 763/763
f 759/759 967/967 973/973
f 768/768 1128/1128 980/980
f 978/978 1126/1126 765/765
f 878/878 773/773 982/982
f 981/981 774/774 876/876
f 1174/1174 280/280 983/983
f 986/986 278/278 1173/1173
f 983/983 779/779 1180/1180
f 1177/1177 776/776 986/986
f 988/988 280/280 1186/1186
f 1184/1184 278/278 990/990
f 989/989 1187/1187 782/782
f 783/783 1188/1188 987/987
f 991/991 782/782 1187/1187
f 1188/1188 783/783 992/992
f 993/993 581/581 991/991
f 992/992 584/584 994/994
f 1189/1189 787/787 993/993
f 994/994 785/785 1190/1190
f 422/422 997/997 1191/1191
f 1192/1192 998/998 419/419
f 787/787 1189/1189 995/995
f 996/996 1190/1190 785/785
f 593/593 1004/1004 1193/1193
f 1194/1194 1001/1001 592/592
f 999/999 792/792 1198/1198
f 1195/1195 789/789 1003/1003
f 1199/1199 798/798 1010/1010
f 1009/1009 794/794 1200/1200
f 1016/1016 795/795 1205/1205
f 1204/1204 793/793 1014/1014
f 800/800 1218/1218 1023/1023
f 1024/1024 1217/1217 799/799
f 282/282 1023/1023 1221/1221
f 1219/1219 1024/1024 285/285
f 1171/1171 805/805 1031/1031
f 1030/1030 806/806 1168/1168
f 1223/1223 809/809 823/823
f 822/822 807/807 1224/1224
f 1223/1223 1028/1028 809/809
f 807/807 1032/1032 1224/1224
f 1035/1035 286/286 1230/1230
f 1225/1225 283/283 1038/1038
f 1231/1231 813/813 1034/1034
f 1036/1036 815/815 1236/1236
f 610/610 1039/1039 1047/1047
f 1050/1050 1041/1041 605/605
f 813/813 1231/1231 1044/1044
f 1040/1040 1236/1236 815/815
f 1223/1223 823/823 1049/1049
f 1046/1046 822/822 1224/1224
f 1069/1069 829/829 843/843
f 842/842 826/826 1067/1067
f 1057/1057 631/631 1054/1054
f 1053/1053 632/632 1058/1058
f 829/829 1069/1069 1052/1052
f 1056/1056 1067/1067 826/826
f 1059/1059 1063/1063 832/832
f 835/835 1065/1065 1061/1061
f 637/637 1064/1064 1238/1238
f 1239/1239 1066/1066 635/635
f 837/837 1051/1051 1070/1070
f 1068/1068 1055/1055 839/839
f 1072/1072 636/636 1237/1237
f 1240/1240 638/638 1071/1071
f 838/838 1072/1072 1241/1241
f 1242/1242 1071/1071 840/840
f 644/644 949/949 1073/1073
f 1074/1074 948/948 643/643
f 336/336 1073/1073 1243/1243
f 1244/1244 1074/1074 335/335
f 1076/1076 218/218 872/872
f 871/871 220/220 1075/1075
f 1078/1078 860/860 646/646
f 645/645 859/859 1079/1079
f 1247/1247 1077/1077 851/851
f 850/850 1081/1081 1245/1245
f 1085/1085 853/853 1250/1250
f 1249/1249 854/854 1083/1083
f 1090/1090 860/860 1078/1078
f 1079/1079 859/859 1091/1091
f 1090/1090 1252/1252 658/658
f 659/659 1251/1251 1091/1091
f 1095/1095 945/945 661/661
f 662/662 943/943 1096/1096
f 1098/1098 1095/1095 863/863
f 864/864 1096/1096 1097/1097
f 336/336 1254/1254 1098/1098
f 1097/1097 1253/1253 335/335
f 661/661 1256/1256 1100/1100
f 1099/1099 1255/1255 662/662
f 1256/1256 777/777 1100/1100
f 1099/1099 780/780 1255/1255
f 869/869 950/950 1101/1101
f 1102/1102 947/947 870/870
f 868/868 1086/1086 1259/1259
f 1261/1261 1087/1087 867/867
f 878/878 982/982 1106/1106
f 1103/1103 981/981 876/876
f 884/884 923/923 888/888
f 886/886 920/920 882/882
f 1106/1106 1125/1125 884/884
f 882/882 1130/1130 1103/1103
f 1110/1110 1264/1264 892/892
f 894/894 1266/1266 1112/1112
f 891/891 1268/1268 1120/1120
f 1116/1116 1267/1267 893/893
f 1119/1119 1272/1272 912/912
f 910/910 1271/1271 1115/1115
f 915/915 911/911 1273/1273
f 1274/1274 913/913 917/917
f 884/884 1125/1125 923/923
f 920/920 1130/1130 882/882
f 932/932 1275/1275 946/946
f 944/944 1277/1277 931/931
f 945/945 1095/1095 949/949
f 948/948 1096/1096 943/943
f 1140/1140 746/746 1136/1136
f 1137/1137 743/743 1142/1142
f 1282/1282 956/956 1139/1139
f 1141/1141 959/959 1281/1281
f 956/956 1282/1282 1113/1113
f 1111/1111 1281/1281 959/959
f 1150/1150 961/961 1283/1283
f 1284/1284 962/962 1149/1149
f 644/644 1146/1146 1148/1148
f 1147/1147 1145/1145 643/643
f 644/644 1148/1148 1150/1150
f 1149/1149 1147/1147 643/643
f 1283/1283 961/961 644/644
f 643/643 962/962 1284/1284
f 644/644 965/965 1144/1144
f 1143/1143 966/966 643/643
f 644/644 1144/1144 1146/1146
f 1145/1145 1143/1143 643/643
f 644/644 1153/1153 949/949
f 948/948 1152/1152 643/643
f 1161/1161 1160/1160 1286/1286
f 1287/1287 1159/1159 1163/1163
f 1154/1154 1161/1161 1248/1248
f 1246/1246 1163/1163 1151/1151
f 968/968 971/971 1155/1155
f 1156/1156 973/973 967/967
f 1155/1155 971/971 1157/1157
f 1158/1158 973/973 1156/1156
f 1223/1223 971/971 1172/1172
f 1169/1169 973/973 1224/1224
f 1157/1157 971/971 1223/1223
f 1224/1224 973/973 1158/1158
f 1106/1106 982/982 1125/1125
f 1130/1130 981/981 1103/1103
f 1186/1186 280/280 1174/1174
f 1173/1173 278/278 1184/1184
f 1291/1291 1175/1175 984/984
f 985/985 1176/1176 1292/1292
f 1180/1180 779/779 1296/1296
f 1294/1294 776/776 1177/1177
f 1297/1297 984/984 1178/1178
f 1179/1179 985/985 1298/1298
f 1301/1301 989/989 1182/1182
f 1185/1185 987/987 1300/1300
f 1187/1187 989/989 1304/1304
f 1303/1303 987/987 1188/1188
f 1191/1191 997/997 1306/1306
f 1308/1308 998/998 1192/1192
f 1309/1309 995/995 1189/1189
f 1190/1190 996/996 1310/1310
f 1193/1193 1004/1004 1312/1312
f 1311/1311 1001/1001 1194/1194
f 1196/1196 1314/1314 1002/1002
f 1000/1000 1315/1315 1197/1197
f 798/798 1199/1199 1317/1317
f 1320/1320 1200/1200 794/794
f 798/798 1317/1317 1207/1207
f 1201/1201 1320/1320 794/794
f 1202/1202 1325/1325 1015/1015
f 1011/1011 1323/1323 1206/1206
f 1207/1207 1211/1211 1012/1012
f 1013/1013 1212/1212 1201/1201
f 1015/1015 1325/1325 1018/1018
f 1017/1017 1323/1323 1011/1011
f 1012/1012 1211/1211 1019/1019
f 1020/1020 1212/1212 1013/1013
f 1018/1018 1332/1332 1210/1210
f 1209/1209 1330/1330 1017/1017
f 1218/1218 800/800 1312/1312
f 1311/1311 799/799 1217/1217
f 1331/1331 1022/1022 1215/1215
f 1213/1213 1025/1025 1333/1333
f 1340/1340 1222/1222 1026/1026
f 1021/1021 1220/1220 1338/1338
f 282/282 1221/1221 1341/1341
f 1342/1342 1219/1219 285/285
f 1223/1223 1172/1172 1028/1028
f 1032/1032 1169/1169 1224/1224
f 1230/1230 286/286 1348/1348
f 1343/1343 283/283 1225/1225
f 1350/1350 1033/1033 1228/1228
f 1227/1227 1037/1037 1354/1354
f 1033/1033 1350/1350 1234/1234
f 1235/1235 1354/1354 1037/1037
f 1223/1223 1049/1049 1042/1042
f 1043/1043 1046/1046 1224/1224
f 1223/1223 1042/1042 1232/1232
f 1233/1233 1043/1043 1224/1224
f 1051/1051 1356/1356 1060/1060
f 1062/1062 1357/1357 1055/1055
f 1063/1063 1059/1059 1360/1360
f 1359/1359 1061/1061 1065/1065
f 1361/1361 1051/1051 837/837
f 839/839 1055/1055 1363/1363
f 1241/1241 1072/1072 1365/1365
f 1366/1366 1071/1071 1242/1242
f 838/838 1241/1241 1362/1362
f 1364/1364 1242/1242 840/840
f 1073/1073 949/949 1368/1368
f 1367/1367 948/948 1074/1074
f 1243/1243 1073/1073 1368/1368
f 1367/1367 1074/1074 1244/1244
f 336/336 1243/1243 1370/1370
f 1369/1369 1244/1244 335/335
f 1374/1374 1076/1076 872/872
f 871/871 1075/1075 1373/1373
f 1077/1077 1247/1247 1162/1162
f 1165/1165 1245/1245 1081/1081
f 1085/1085 1250/1250 1377/1377
f 1380/1380 1249/1249 1083/1083
f 1082/1082 1288/1288 1089/1089
f 1092/1092 1285/1285 1080/1080
f 1252/1252 1090/1090 1377/1377
f 1380/1380 1091/1091 1251/1251
f 945/945 1256/1256 661/661
f 662/662 1255/1255 943/943
f 1254/1254 1095/1095 1098/1098
f 1097/1097 1096/1096 1253/1253
f 336/336 1382/1382 1254/1254
f 1253/1253 1381/1381 335/335
f 1384/1384 777/777 1256/1256
f 1255/1255 780/780 1383/1383
f 869/869 1121/1121 950/950
f 947/947 1124/1124 870/870
f 1101/1101 950/950 1386/1386
f 1385/1385 947/947 1102/1102
f 1392/1392 1262/1262 1084/1084
f 1088/1088 1257/1257 1391/1391
f 1260/1260 1121/1121 869/869
f 870/870 1124/1124 1258/1258
f 1264/1264 1110/1110 1279/1279
f 1280/1280 1112/1112 1266/1266
f 1268/1268 891/891 1263/1263
f 1265/1265 893/893 1267/1267
f 1272/1272 1119/1119 1269/1269
f 1270/1270 1115/1115 1271/1271
f 1393/1393 929/929 1123/1123
f 1122/1122 930/930 1394/1394
f 932/932 1395/1395 1275/1275
f 1277/1277 1398/1398 931/931
f 946/946 1275/1275 1400/1400
f 1401/1401 1277/1277 944/944
f 1382/1382 949/949 1095/1095
f 1096/1096 948/948 1381/1381
f 644/644 1150/1150 1283/1283
f 1284/1284 1149/1149 643/643
f 644/644 963/963 965/965
f 966/966 964/964 643/643
f 1154/1154 1386/1386 950/950
f 947/947 1385/1385 1151/1151
f 1121/1121 1286/1286 1160/1160
f 1159/1159 1287/1287 1124/1124
f 1288/1288 1082/1082 1166/1166
f 1164/1164 1080/1080 1285/1285
f 1154/1154 1248/1248 1376/1376
f 1375/1375 1246/1246 1151/1151
f 1157/1157 1223/1223 1123/1123
f 1122/1122 1224/1224 1158/1158
f 1404/1404 1181/1181 1175/1175
f 1176/1176 1183/1183 1403/1403
f 1175/1175 1291/1291 1404/1404
f 1403/1403 1292/1292 1176/1176
f 984/984 1297/1297 1291/1291
f 1292/1292 1298/1298 985/985
f 1296/1296 779/779 1408/1408
f 1405/1405 776/776 1294/1294
f 1409/1409 1178/1178 1295/1295
f 1293/1293 1179/1179 1410/1410
f 1178/1178 1409/1409 1297/1297
f 1298/1298 1410/1410 1179/1179
f 989/989 1301/1301 1304/1304
f 1303/1303 1300/1300 987/987
f 1181/1181 1404/1404 1302/1302
f 1299/1299 1403/1403 1183/1183
f 995/995 1309/1309 1305/1305
f 1307/1307 1310/1310 996/996
f 1191/1191 1306/1306 1414/1414
f 1412/1412 1308/1308 1192/1192
f 1312/1312 1004/1004 1313/1313
f 1316/1316 1001/1001 1311/1311
f 1314/1314 1196/1196 1415/1415
f 1416/1416 1197/1197 1315/1315
f 1417/1417 1208/1208 1319/1319
f 1322/1322 1203/1203 1418/1418
f 1211/1211 1207/1207 1317/1317
f 1320/1320 1201/1201 1212/1212
f 1325/1325 1202/1202 1421/1421
f 1422/1422 1206/1206 1323/1323
f 1018/1018 1325/1325 1337/1337
f 1339/1339 1323/1323 1017/1017
f 1332/1332 1018/1018 1337/1337
f 1339/1339 1017/1017 1330/1330
f 932/932 1210/1210 1332/1332
f 1330/1330 1209/1209 931/931
f 1313/1313 1218/1218 1312/1312
f 1311/1311 1217/1217 1316/1316
f 1022/1022 1331/1331 1336/1336
f 1335/1335 1333/1333 1025/1025
f 1425/1425 1329/1329 1216/1216
f 1214/1214 1334/1334 1427/1427
f 1222/1222 1340/1340 1430/1430
f 1429/1429 1338/1338 1220/1220
f 282/282 1341/1341 779/779
f 776/776 1342/1342 285/285
f 1348/1348 286/286 1440/1440
f 1436/1436 283/283 1343/1343
f 1441/1441 1226/1226 1347/1347
f 1344/1344 1229/1229 1443/1443
f 1226/1226 1441/1441 1352/1352
f 1351/1351 1443/1443 1229/1229
f 1223/1223 1232/1232 1353/1353
f 1349/1349 1233/1233 1224/1224
f 1356/1356 1051/1051 1361/1361
f 1363/1363 1055/1055 1357/1357
f 1447/1447 1059/1059 1358/1358
f 1355/1355 1061/1061 1448/1448
f 1360/1360 1059/1059 1072/1072
f 1071/1071 1061/1061 1359/1359
f 1072/1072 1059/1059 1365/1365
f 1366/1366 1061/1061 1071/1071
f 949/949 1449/1449 1368/1368
f 1367/1367 1450/1450 948/948
f 1368/1368 1370/1370 1243/1243
f 1244/1244 1369/1369 1367/1367
f 1368/1368 1449/1449 1370/1370
f 1369/1369 1450/1450 1367/1367
f 336/336 1370/1370 1449/1449
f 1450/1450 1369/1369 335/335
f 1374/1374 1452/1452 1076/1076
f 1075/1075 1451/1451 1373/1373
f 1252/1252 1377/1377 1250/1250
f 1249/1249 1380/1380 1251/1251
f 1452/1452 1085/1085 1377/1377
f 1380/1380 1083/1083 1451/1451
f 1456/1456 1093/1093 1290/1290
f 1289/1289 1094/1094 1453/1453
f 1093/1093 1456/1456 1378/1378
f 1379/1379 1453/1453 1094/1094
f 945/945 1384/1384 1256/1256
f 1255/1255 1383/1383 943/943
f 1382/1382 1095/1095 1254/1254
f 1253/1253 1096/1096 1381/1381
f 336/336 1458/1458 1382/1382
f 1381/1381 1457/1457 335/335
f 1460/1460 777/777 1384/1384
f 1383/1383 780/780 1459/1459
f 1262/1262 1392/1392 1461/1461
f 1464/1464 1391/1391 1257/1257
f 1085/1085 1452/1452 1389/1389
f 1388/1388 1451/1451 1083/1083
f 1286/1286 1121/1121 1260/1260
f 1258/1258 1124/1124 1287/1287
f 1467/1467 929/929 1393/1393
f 1394/1394 930/930 1468/1468
f 1123/1123 1469/1469 1393/1393
f 1394/1394 1470/1470 1122/1122
f 932/932 1473/1473 1395/1395
f 1398/1398 1471/1471 931/931
f 1477/1477 1276/1276 1397/1397
f 1396/1396 1278/1278 1475/1475
f 1480/1480 1399/1399 1276/1276
f 1278/1278 1402/1402 1479/1479
f 946/946 1400/1400 1484/1484
f 1483/1483 1401/1401 944/944
f 1458/1458 949/949 1382/1382
f 1381/1381 948/948 1457/1457
f 1154/1154 1376/1376 1386/1386
f 1385/1385 1375/1375 1151/1151
f 1123/1123 1223/1223 1487/1487
f 1488/1488 1224/1224 1122/1122
f 1408/1408 779/779 1494/1494
f 1491/1491 776/776 1405/1405
f 1496/1496 1295/1295 1407/1407
f 1406/1406 1293/1293 1495/1495
f 1295/1295 1496/1496 1409/1409
f 1410/1410 1495/1495 1293/1293
f 1499/1499 1305/1305 1309/1309
f 1310/1310 1307/1307 1500/1500
f 1305/1305 1499/1499 1411/1411
f 1413/1413 1500/1500 1307/1307
f 1191/1191 1414/1414 1505/1505
f 1503/1503 1412/1412 1192/1192
f 1210/1210 932/932 1318/1318
f 1321/1321 931/931 1209/1209
f 1510/1510 1208/1208 1417/1417
f 1418/1418 1203/1203 1509/1509
f 1417/1417 1319/1319 1487/1487
f 1488/1488 1322/1322 1418/1418
f 1208/1208 1510/1510 1419/1419
f 1423/1423 1509/1509 1203/1203
f 1424/1424 1438/1438 1328/1328
f 1326/1326 1437/1437 1420/1420
f 1337/1337 1325/1325 1431/1431
f 1432/1432 1323/1323 1339/1339
f 932/932 1332/1332 1511/1511
f 1512/1512 1330/1330 931/931
f 1313/1313 1517/1517 1218/1218
f 1217/1217 1518/1518 1316/1316
f 1329/1329 1425/1425 1519/1519
f 1520/1520 1427/1427 1334/1334
f 1517/1517 1428/1428 1218/1218
f 1217/1217 1426/1426 1518/1518
f 1527/1527 779/779 1341/1341
f 1342/1342 776/776 1526/1526
f 1324/1324 286/286 777/777
f 780/780 283/283 1327/1327
f 1440/1440 286/286 1324/1324
f 1327/1327 283/283 1436/1436
f 1534/1534 1346/1346 1439/1439
f 1435/1435 1345/1345 1532/1532
f 1346/1346 1534/1534 1442/1442
f 1444/1444 1532/1532 1345/1345
f 1223/1223 1353/1353 1445/1445
f 1446/1446 1349/1349 1224/1224
f 1365/1365 1059/1059 1447/1447
f 1448/1448 1061/1061 1366/1366
f 1449/1449 949/949 1535/1535
f 1536/1536 948/948 1450/1450
f 336/336 1449/1449 1535/1535
f 1536/1536 1450/1450 335/335
f 1389/1389 1452/1452 1374/1374
f 1373/1373 1451/1451 1388/1388
f 1286/1286 1260/1260 1454/1454
f 1455/1455 1258/1258 1287/1287
f 945/945 1460/1460 1384/1384
f 1383/1383 1459/1459 943/943
f 336/336 1539/1539 1458/1458
f 1457/1457 1540/1540 335/335
f 1542/1542 777/777 1460/1460
f 1459/1459 780/780 1541/1541
f 1390/1390 1543/1543 1462/1462
f 1463/1463 1546/1546 1387/1387
f 1537/1537 1260/1260 1465/1465
f 1466/1466 1258/1258 1538/1538
f 1548/1548 929/929 1467/1467
f 1468/1468 930/930 1547/1547
f 1393/1393 1548/1548 1467/1467
f 1468/1468 1547/1547 1394/1394
f 1123/1123 1550/1550 1469/1469
f 1470/1470 1549/1549 1122/1122
f 1469/1469 1548/1548 1393/1393
f 1394/1394 1547/1547 1470/1470
f 932/932 1554/1554 1473/1473
f 1471/1471 1552/1552 931/931
f 1558/1558 1397/1397 1472/1472
f 1474/1474 1396/1396 1555/1555
f 1276/1276 1477/1477 1480/1480
f 1479/1479 1475/1475 1278/1278
f 1397/1397 1558/1558 1477/1477
f 1475/1475 1555/1555 1396/1396
f 1399/1399 1480/1480 1562/1562
f 1561/1561 1479/1479 1402/1402
f 1562/1562 1486/1486 1399/1399
f 1402/1402 1485/1485 1561/1561
f 946/946 1484/1484 1565/1565
f 1563/1563 1483/1483 944/944
f 1539/1539 949/949 1458/1458
f 1457/1457 948/948 1540/1540
f 1376/1376 1545/1545 1386/1386
f 1385/1385 1544/1544 1375/1375
f 1223/1223 1417/1417 1487/1487
f 1488/1488 1418/1418 1224/1224
f 1123/1123 1487/1487 1567/1567
f 1568/1568 1488/1488 1122/1122
f 1494/1494 779/779 1572/1572
f 1574/1574 776/776 1491/1491
f 1493/1493 1496/1496 1407/1407
f 1406/1406 1495/1495 1492/1492
f 1499/1499 1504/1504 1411/1411
f 1413/1413 1506/1506 1500/1500
f 1191/1191 1505/1505 1582/1582
f 1581/1581 1503/1503 1192/1192
f 1191/1191 1583/1583 1507/1507
f 1508/1508 1584/1584 1192/1192
f 1587/1587 1319/1319 929/929
f 930/930 1322/1322 1588/1588
f 1417/1417 1223/1223 1510/1510
f 1509/1509 1224/1224 1418/1418
f 1567/1567 1487/1487 1319/1319
f 1322/1322 1488/1488 1568/1568
f 1223/1223 1419/1419 1510/1510
f 1509/1509 1423/1423 1224/1224
f 1438/1438 1424/1424 1529/1529
f 1533/1533 1420/1420 1437/1437
f 1431/1431 1325/1325 1433/1433
f 1434/1434 1323/1323 1432/1432
f 1521/1521 1511/1511 1332/1332
f 1330/1330 1512/1512 1522/1522
f 932/932 1511/1511 1591/1591
f 1592/1592 1512/1512 931/931
f 1313/1313 1593/1593 1517/1517
f 1518/1518 1594/1594 1316/1316
f 1428/1428 1517/1517 1599/1599
f 1602/1602 1518/1518 1426/1426
f 1523/1523 1605/1605 1341/1341
f 1342/1342 1603/1603 1524/1524
f 1608/1608 779/779 1527/1527
f 1526/1526 776/776 1607/1607
f 1341/1341 1613/1613 1527/1527
f 1526/1526 1612/1612 1342/1342
f 1324/1324 777/777 1615/1615
f 1616/1616 780/780 1327/1327
f 1223/1223 1445/1445 1531/1531
f 1530/1530 1446/1446 1224/1224
f 1535/1535 949/949 1539/1539
f 1540/1540 948/948 1536/1536
f 336/336 1535/1535 1539/1539
f 1540/1540 1536/1536 335/335
f 1543/1543 1390/1390 1371/1371
f 1372/1372 1387/1387 1546/1546
f 1537/1537 1545/1545 1376/1376
f 1375/1375 1544/1544 1538/1538
f 1260/1260 1537/1537 1454/1454
f 1455/1455 1538/1538 1258/1258
f 945/945 1542/1542 1460/1460
f 1459/1459 1541/1541 943/943
f 1617/1617 777/777 1542/1542
f 1541/1541 780/780 1618/1618
f 1537/1537 1465/1465 1545/1545
f 1544/1544 1466/1466 1538/1538
f 1619/1619 929/929 1548/1548
f 1547/1547 930/930 1620/1620
f 1123/1123 1567/1567 1550/1550
f 1549/1549 1568/1568 1122/1122
f 1469/1469 1550/1550 1622/1622
f 1621/1621 1549/1549 1470/1470
f 1548/1548 1469/1469 1624/1624
f 1623/1623 1470/1470 1547/1547
f 932/932 1627/1627 1554/1554
f 1552/1552 1628/1628 931/931
f 1632/1632 1472/1472 1551/1551
f 1553/1553 1474/1474 1631/1631
f 1472/1472 1632/1632 1558/1558
f 1555/1555 1631/1631 1474/1474
f 1478/1478 779/779 1482/1482
f 1481/1481 776/776 1476/1476
f 1633/1633 1478/1478 1556/1556
f 1557/1557 1476/1476 1636/1636
f 1482/1482 779/779 1560/1560
f 1559/1559 776/776 1481/1481
f 1486/1486 1562/1562 1638/1638
f 1640/1640 1561/1561 1485/1485
f 1638/1638 1566/1566 1486/1486
f 1485/1485 1564/1564 1640/1640
f 946/946 1565/1565 1644/1644
f 1643/1643 1563/1563 944/944
f 1646/1646 1501/1501 1490/1490
f 1489/1489 1502/1502 1648/1648
f 1652/1652 1490/1490 1569/1569
f 1570/1570 1489/1489 1649/1649
f 1572/1572 779/779 1633/1633
f 1636/1636 776/776 1574/1574
f 1571/1571 1654/1654 1493/1493
f 1492/1492 1653/1653 1573/1573
f 1496/1496 1493/1493 1654/1654
f 1653/1653 1492/1492 1495/1495
f 1585/1585 1569/1569 1498/1498
f 1497/1497 1570/1570 1586/1586
f 1656/1656 1498/1498 1575/1575
f 1576/1576 1497/1497 1658/1658
f 1504/1504 1499/1499 1578/1578
f 1577/1577 1500/1500 1506/1506
f 1580/1580 1578/1578 1501/1501
f 1502/1502 1577/1577 1579/1579
f 1578/1578 1580/1580 1504/1504
f 1506/1506 1579/1579 1577/1577
f 1191/1191 1582/1582 1647/1647
f 1645/1645 1581/1581 1192/1192
f 1191/1191 1650/1650 1583/1583
f 1584/1584 1651/1651 1192/1192
f 1507/1507 1583/1583 1655/1655
f 1657/1657 1584/1584 1508/1508
f 1507/1507 1593/1593 1313/1313
f 1316/1316 1594/1594 1508/1508
f 1660/1660 1319/1319 1587/1587
f 1588/1588 1322/1322 1659/1659
f 1587/1587 929/929 1662/1662
f 1661/1661 930/930 1588/1588
f 1567/1567 1319/1319 1663/1663
f 1664/1664 1322/1322 1568/1568
f 1223/1223 1531/1531 1419/1419
f 1423/1423 1530/1530 1224/1224
f 946/946 1433/1433 1325/1325
f 1323/1323 1434/1434 944/944
f 1511/1511 1521/1521 1665/1665
f 1667/1667 1522/1522 1512/1512
f 1513/1513 1596/1596 1589/1589
f 1590/1590 1595/1595 1514/1514
f 932/932 1591/1591 1627/1627
f 1628/1628 1592/1592 931/931
f 1596/1596 1513/1513 1516/1516
f 1515/1515 1514/1514 1595/1595
f 1669/1669 1521/1521 1598/1598
f 1597/1597 1522/1522 1672/1672
f 1516/1516 1666/1666 1600/1600
f 1601/1601 1668/1668 1515/1515
f 1428/1428 1599/1599 1675/1675
f 1674/1674 1602/1602 1426/1426
f 1677/1677 1598/1598 1433/1433
f 1434/1434 1597/1597 1680/1680
f 1523/1523 1684/1684 1605/1605
f 1603/1603 1682/1682 1524/1524
f 1341/1341 1605/1605 1687/1687
f 1688/1688 1603/1603 1342/1342
f 1691/1691 779/779 1608/1608
f 1607/1607 776/776 1692/1692
f 1528/1528 1694/1694 1610/1610
f 1609/1609 1693/1693 1525/1525
f 1341/1341 1687/1687 1613/1613
f 1612/1612 1688/1688 1342/1342
f 1614/1614 1700/1700 1528/1528
f 1525/1525 1699/1699 1611/1611
f 1615/1615 777/777 1701/1701
f 1702/1702 780/780 1616/1616
f 1615/1615 945/945 1324/1324
f 1327/1327 943/943 1616/1616
f 945/945 1617/1617 1542/1542
f 1541/1541 1618/1618 943/943
f 1703/1703 777/777 1617/1617
f 1618/1618 780/780 1704/1704
f 1706/1706 929/929 1619/1619
f 1620/1620 930/930 1705/1705
f 1624/1624 1619/1619 1548/1548
f 1547/1547 1620/1620 1623/1623
f 1707/1707 1622/1622 1550/1550
f 1549/1549 1621/1621 1708/1708
f 1469/1469 1622/1622 1710/1710
f 1709/1709 1621/1621 1470/1470
f 1469/1469 1706/1706 1624/1624
f 1623/1623 1705/1705 1470/1470
f 1626/1626 1632/1632 1551/1551
f 1553/1553 1631/1631 1625/1625
f 1633/1633 1556/1556 1630/1630
f 1629/1629 1557/1557 1636/1636
f 1633/1633 779/779 1478/1478
f 1476/1476 776/776 1636/1636
f 1560/1560 779/779 1637/1637
f 1639/1639 776/776 1559/1559
f 1566/1566 1638/1638 1712/1712
f 1711/1711 1640/1640 1564/1564
f 1566/1566 1690/1690 1641/1641
f 1642/1642 1689/1689 1564/1564
f 946/946 1644/1644 1695/1695
f 1696/1696 1643/1643 944/944
f 1501/1501 1646/1646 1580/1580
f 1579/1579 1648/1648 1502/1502
f 1490/1490 1652/1652 1646/1646
f 1648/1648 1649/1649 1489/1489
f 1569/1569 1585/1585 1652/1652
f 1649/1649 1586/1586 1570/1570
f 1635/1635 1716/1716 1571/1571
f 1573/1573 1715/1715 1634/1634
f 1654/1654 1571/1571 1716/1716
f 1715/1715 1573/1573 1653/1653
f 1498/1498 1656/1656 1585/1585
f 1586/1586 1658/1658 1497/1497
f 1717/1717 1656/1656 1575/1575
f 1576/1576 1658/1658 1718/1718
f 1191/1191 1647/1647 1650/1650
f 1651/1651 1645/1645 1192/1192
f 1507/1507 1655/1655 1722/1722
f 1721/1721 1657/1657 1508/1508
f 1633/1633 1593/1593 1507/1507
f 1508/1508 1594/1594 1636/1636
f 1723/1723 1319/1319 1660/1660
f 1659/1659 1322/1322 1724/1724
f 1469/1469 1660/1660 1587/1587
f 1588/1588 1659/1659 1470/1470
f 1662/1662 929/929 1725/1725
f 1726/1726 930/930 1661/1661
f 1469/1469 1587/1587 1662/1662
f 1661/1661 1588/1588 1470/1470
f 1319/1319 1723/1723 1663/1663
f 1664/1664 1724/1724 1322/1322
f 946/946 1698/1698 1433/1433
f 1434/1434 1697/1697 944/944
f 1665/1665 1521/1521 1669/1669
f 1672/1672 1522/1522 1667/1667
f 1666/1666 1516/1516 1513/1513
f 1514/1514 1515/1515 1668/1668
f 1728/1728 1589/1589 1596/1596
f 1595/1595 1590/1590 1730/1730
f 1589/1589 1728/1728 1626/1626
f 1625/1625 1730/1730 1590/1590
f 1428/1428 1675/1675 1523/1523
f 1524/1524 1674/1674 1426/1426
f 1669/1669 1598/1598 1731/1731
f 1732/1732 1597/1597 1672/1672
f 1670/1670 1600/1600 1666/1666
f 1668/1668 1601/1601 1671/1671
f 1600/1600 1670/1670 1676/1676
f 1673/1673 1671/1671 1601/1601
f 1735/1735 1598/1598 1677/1677
f 1680/1680 1597/1597 1738/1738
f 1677/1677 1433/1433 1740/1740
f 1742/1742 1434/1434 1680/1680
f 1523/1523 1744/1744 1684/1684
f 1682/1682 1745/1745 1524/1524
f 1736/1736 1606/1606 1683/1683
f 1681/1681 1604/1604 1737/1737
f 1606/1606 1739/1739 1686/1686
f 1685/1685 1741/1741 1604/1604
f 1713/1713 779/779 1691/1691
f 1692/1692 776/776 1714/1714
f 1610/1610 1641/1641 1690/1690
f 1689/1689 1642/1642 1609/1609
f 1694/1694 1528/1528 1700/1700
f 1699/1699 1525/1525 1693/1693
f 1641/1641 1610/1610 1694/1694
f 1693/1693 1609/1609 1642/1642
f 1686/1686 1750/1750 1614/1614
f 1611/1611 1749/1749 1685/1685
f 1700/1700 1614/1614 1750/1750
f 1749/1749 1611/1611 1699/1699
f 1701/1701 777/777 1752/1752
f 1751/1751 780/780 1702/1702
f 1701/1701 1754/1754 1615/1615
f 1616/1616 1753/1753 1702/1702
f 945/945 1615/1615 1754/1754
f 1753/1753 1616/1616 943/943
f 945/945 1703/1703 1617/1617
f 1618/1618 1704/1704 943/943
f 1752/1752 777/777 1703/1703
f 1704/1704 780/780 1751/1751
f 1725/1725 929/929 1706/1706
f 1705/1705 930/930 1726/1726
f 1619/1619 1624/1624 1706/1706
f 1705/1705 1623/1623 1620/1620
f 1755/1755 1622/1622 1707/1707
f 1708/1708 1621/1621 1756/1756
f 1663/1663 1710/1710 1622/1622
f 1621/1621 1709/1709 1664/1664
f 1469/1469 1710/1710 1723/1723
f 1724/1724 1709/1709 1470/1470
f 1469/1469 1725/1725 1706/1706
f 1705/1705 1726/1726 1470/1470
f 1632/1632 1626/1626 1728/1728
f 1730/1730 1625/1625 1631/1631
f 1633/1633 1630/1630 1729/1729
f 1727/1727 1629/1629 1636/1636
f 1637/1637 779/779 1713/1713
f 1714/1714 776/776 1639/1639
f 1690/1690 1566/1566 1712/1712
f 1711/1711 1564/1564 1689/1689
f 946/946 1695/1695 1698/1698
f 1697/1697 1696/1696 944/944
f 1716/1716 1635/1635 1758/1758
f 1757/1757 1634/1634 1715/1715
f 1656/1656 1717/1717 1719/1719
f 1720/1720 1718/1718 1658/1658
f 1507/1507 1722/1722 1761/1761
f 1759/1759 1721/1721 1508/1508
f 1633/1633 1729/1729 1593/1593
f 1594/1594 1727/1727 1636/1636
f 1507/1507 1761/1761 1633/1633
f 1636/1636 1759/1759 1508/1508
f 1469/1469 1723/1723 1660/1660
f 1659/1659 1724/1724 1470/1470
f 1469/1469 1662/1662 1725/1725
f 1726/1726 1661/1661 1470/1470
f 1663/1663 1723/1723 1710/1710
f 1709/1709 1724/1724 1664/1664
f 1747/1747 1433/1433 1698/1698
f 1697/1697 1434/1434 1748/1748
f 1523/1523 1675/1675 1764/1764
f 1763/1763 1674/1674 1524/1524
f 1731/1731 1598/1598 1768/1768
f 1767/1767 1597/1597 1732/1732
f 1734/1734 1676/1676 1670/1670
f 1671/1671 1673/1673 1733/1733
f 1775/1775 1598/1598 1735/1735
f 1738/1738 1597/1597 1776/1776
f 1606/1606 1736/1736 1679/1679
f 1678/1678 1737/1737 1604/1604
f 1740/1740 1433/1433 1747/1747
f 1748/1748 1434/1434 1742/1742
f 1739/1739 1606/1606 1679/1679
f 1678/1678 1604/1604 1741/1741
f 1523/1523 1779/1779 1744/1744
f 1745/1745 1778/1778 1524/1524
f 1774/1774 1683/1683 1746/1746
f 1743/1743 1681/1681 1773/1773
f 1683/1683 1774/1774 1736/1736
f 1737/1737 1773/1773 1681/1681
f 1750/1750 1686/1686 1739/1739
f 1741/1741 1685/1685 1749/1749
f 945/945 1701/1701 1752/1752
f 1751/1751 1702/1702 943/943
f 1754/1754 1701/1701 945/945
f 943/943 1702/1702 1753/1753
f 945/945 1752/1752 1703/1703
f 1704/1704 1751/1751 943/943
f 1622/1622 1755/1755 1782/1782
f 1781/1781 1756/1756 1621/1621
f 1663/1663 1622/1622 1782/1782
f 1781/1781 1621/1621 1664/1664
f 1762/1762 1758/1758 1635/1635
f 1634/1634 1757/1757 1760/1760
f 1783/1783 1719/1719 1717/1717
f 1718/1718 1720/1720 1784/1784
f 1719/1719 1783/1783 1762/1762
f 1760/1760 1784/1784 1720/1720
f 1676/1676 1734/1734 1766/1766
f 1765/1765 1733/1733 1673/1673
f 1523/1523 1764/1764 1786/1786
f 1787/1787 1763/1763 1524/1524
f 1768/1768 1598/1598 1793/1793
f 1794/1794 1597/1597 1767/1767
f 1790/1790 1734/1734 1769/1769
f 1771/1771 1733/1733 1785/1785
f 1797/1797 1598/1598 1775/1775
f 1776/1776 1597/1597 1795/1795
f 1523/1523 1802/1802 1779/1779
f 1778/1778 1799/1799 1524/1524
f 1798/1798 1746/1746 1780/1780
f 1777/1777 1743/1743 1796/1796
f 1746/1746 1798/1798 1774/1774
f 1773/1773 1796/1796 1743/1743
f 1758/1758 1762/1762 1783/1783
f 1784/1784 1760/1760 1757/1757
f 1734/1734 1790/1790 1766/1766
f 1765/1765 1785/1785 1733/1733
f 1523/1523 1786/1786 1802/1802
f 1799/1799 1787/1787 1524/1524
f 1793/1793 1598/1598 1797/1797
f 1795/1795 1597/1597 1794/1794
f 1800/1800 1772/1772 1791/1791
f 1792/1792 1770/1770 1801/1801
f 1772/1772 1800/1800 1788/1788
f 1789/1789 1801/1801 1770/1770
f 1791/1791 1780/1780 1800/1800
f 1801/1801 1777/1777 1792/1792
f 1780/1780 1791/1791 1798/1798
f 1796/1796 1792/1792 1777/1777
f 1803/1803 1810/1810 1806/1806
f 1805/1805 1809/1809 1804/1804
f 1810/1810 1803/1803 1812/1812
f 1811/1811 1804/1804 1809/1809
f 1812/1812 1821/1821 1810/1810
f 1809/1809 1822/1822 1811/1811
f 1821/1821 1812/1812 1846/1846
f 1845/1845 1811/1811 1822/1822
f 1852/1852 1824/1824 1814/1814
f 1816/1816 1823/1823 1854/1854
f 1855/1855 1815/1815 1828/1828
f 1830/1830 1813/1813 1856/1856
f 1863/1863 1835/1835 1818/1818
f 1817/1817 1836/1836 1864/1864
f 1872/1872 1808/1808 1838/1838
f 1837/1837 1807/1807 1871/1871
f 1839/1839 1875/1875 1820/1820
f 1819/1819 1873/1873 1840/1840
f 1846/1846 1879/1879 1821/1821
f 1822/1822 1880/1880 1845/1845
f 1885/1885 1834/1834 1826/1826
f 1825/1825 1833/1833 1887/1887
f 1824/1824 1852/1852 1886/1886
f 1888/1888 1854/1854 1823/1823
f 1815/1815 1855/1855 1853/1853
f 1851/1851 1856/1856 1813/1813
f 1892/1892 1827/1827 1848/1848
f 1849/1849 1829/1829 1891/1891
f 1827/1827 1892/1892 1858/1858
f 1857/1857 1891/1891 1829/1829
f 1899/1899 1860/1860 1831/1831
f 1832/1832 1862/1862 1898/1898
f 1835/1835 1863/1863 1905/1905
f 1906/1906 1864/1864 1836/1836
f 1808/1808 1872/1872 1914/1914
f 1913/1913 1871/1871 1807/1807
f 1838/1838 1916/1916 1872/1872
f 1871/1871 1915/1915 1837/1837
f 1875/1875 1839/1839 1920/1920
f 1919/1919 1840/1840 1873/1873
f 1841/1841 1866/1866 1843/1843
f 1844/1844 1865/1865 1842/1842
f 1905/1905 1877/1877 1835/1835
f 1836/1836 1878/1878 1906/1906
f 1879/1879 1846/1846 1924/1924
f 1923/1923 1845/1845 1880/1880
f 1931/1931 1847/1847 1881/1881
f 1883/1883 1850/1850 1929/1929
f 1834/1834 1885/1885 1900/1900
f 1897/1897 1887/1887 1833/1833
f 1847/1847 1931/1931 1890/1890
f 1889/1889 1929/1929 1850/1850
f 1859/1859 1936/1936 1896/1896
f 1894/1894 1935/1935 1861/1861
f 1860/1860 1899/1899 1940/1940
f 1939/1939 1898/1898 1862/1862
f 1866/1866 1902/1902 1909/1909
f 1908/1908 1904/1904 1865/1865
f 1920/1920 1839/1839 1868/1868
f 1867/1867 1840/1840 1919/1919
f 1916/1916 1838/1838 1912/1912
f 1911/1911 1837/1837 1915/1915
f 1917/1917 1946/1946 1876/1876
f 1874/1874 1948/1948 1918/1918
f 1902/1902 1866/1866 1841/1841
f 1842/1842 1865/1865 1904/1904
f 1877/1877 1905/1905 1949/1949
f 1950/1950 1906/1906 1878/1878
f 1949/1949 1922/1922 1877/1877
f 1878/1878 1921/1921 1950/1950
f 1951/1951 1879/1879 1924/1924
f 1923/1923 1880/1880 1952/1952
f 1927/1927 1932/1932 1882/1882
f 1884/1884 1930/1930 1925/1925
f 1895/1895 1910/1910 1901/1901
f 1903/1903 1907/1907 1893/1893
f 1936/1936 1859/1859 1938/1938
f 1937/1937 1861/1861 1935/1935
f 1910/1910 1895/1895 1933/1933
f 1934/1934 1893/1893 1907/1907
f 1941/1941 1943/1943 1869/1869
f 1870/1870 1944/1944 1942/1942
f 1912/1912 1968/1968 1916/1916
f 1915/1915 1967/1967 1911/1911
f 1946/1946 1917/1917 1963/1963
f 1962/1962 1918/1918 1948/1948
f 1922/1922 1949/1949 1971/1971
f 1972/1972 1950/1950 1921/1921
f 1879/1879 1951/1951 1975/1975
f 1976/1976 1952/1952 1880/1880
f 1954/1954 1982/1982 1928/1928
f 1926/1926 1984/1984 1953/1953
f 1932/1932 1927/1927 1981/1981
f 1983/1983 1925/1925 1930/1930
f 1943/1943 1941/1941 1969/1969
f 1970/1970 1942/1942 1944/1944
f 1968/1968 1912/1912 1966/1966
f 1965/1965 1911/1911 1967/1967
f 1964/1964 1987/1987 1947/1947
f 1945/1945 1988/1988 1961/1961
f 1971/1971 1974/1974 1922/1922
f 1921/1921 1973/1973 1972/1972
f 1992/1992 1975/1975 1951/1951
f 1952/1952 1976/1976 1991/1991
f 1978/1978 1997/1997 1956/1956
f 1955/1955 2000/2000 1977/1977
f 1982/1982 1954/1954 1998/1998
f 1999/1999 1953/1953 1984/1984
f 1987/1987 1964/1964 1959/1959
f 1957/1957 1961/1961 1988/1988
f 1969/1969 1985/1985 1943/1943
f 1944/1944 1986/1986 1970/1970
f 2006/2006 1968/1968 1966/1966
f 1965/1965 1967/1967 2005/2005
f 1974/1974 1971/1971 1994/1994
f 1993/1993 1972/1972 1973/1973
f 1975/1975 1992/1992 2014/2014
f 2013/2013 1991/1991 1976/1976
f 1974/1974 2015/2015 1996/1996
f 1995/1995 2016/2016 1973/1973
f 1997/1997 1978/1978 2022/2022
f 2023/2023 1977/1977 2000/2000
f 2003/2003 1990/1990 1960/1960
f 1958/1958 1989/1989 2001/2001
f 1985/1985 1969/1969 2008/2008
f 2007/2007 1970/1970 1986/1986
f 1968/1968 2006/2006 2027/2027
f 2028/2028 2005/2005 1967/1967
f 1990/1990 2003/2003 2009/2009
f 2010/2010 2001/2001 1989/1989
f 2015/2015 1974/1974 1994/1994
f 1993/1993 1973/1973 2016/2016
f 2029/2029 2014/2014 1992/1992
f 1991/1991 2013/2013 2030/2030
f 2034/2034 1996/1996 2015/2015
f 2016/2016 1995/1995 2033/2033
f 2018/2018 2021/2021 1980/1980
f 1979/1979 2024/2024 2019/2019
f 2040/2040 1985/1985 2008/2008
f 2007/2007 1986/1986 2039/2039
f 1985/1985 2040/2040 2026/2026
f 2025/2025 2039/2039 1986/1986
f 2041/2041 2027/2027 2006/2006
f 2005/2005 2028/2028 2042/2042
f 2035/2035 2011/2011 2004/2004
f 2002/2002 2012/2012 2038/2038
f 2011/2011 2035/2035 2020/2020
f 2017/2017 2038/2038 2012/2012
f 2014/2014 2029/2029 2044/2044
f 2043/2043 2030/2030 2013/2013
f 1996/1996 2034/2034 2032/2032
f 2031/2031 2033/2033 1995/1995
f 2021/2021 2018/2018 2036/2036
f 2037/2037 2019/2019 2024/2024
f 2045/2045 2026/2026 2040/2040
f 2039/2039 2025/2025 2046/2046
f 2027/2027 2041/2041 2050/2050
f 2049/2049 2042/2042 2028/2028
f 2032/2032 2044/2044 2029/2029
f 2030/2030 2043/2043 2031/2031
f 2044/2044 2032/2032 2034/2034
f 2033/2033 2031/2031 2043/2043
f 2026/2026 2045/2045 2047/2047
f 2048/2048 2046/2046 2025/2025
f 2052/2052 2050/2050 2041/2041
f 2042/2042 2049/2049 2051/2051
f 2054/2054 2047/2047 2045/2045
f 2046/2046 2048/2048 2053/2053
f 2047/2047 2054/2054 2052/2052
f 2051/2051 2053/2053 2048/2048
f 2050/2050 2052/2052 2054/2054
f 2053/2053 2051/2051 2049/2049
f 2061/2061 2055/2055 2060/2060
f 2059/2059 2056/2056 2062/2062
f 2055/2055 2061/2061 2057/2057
f 2058/2058 2062/2062 2056/2056
f 2060/2060 2065/2065 2061/2061
f 2062/2062 2066/2066 2059/2059
f 2065/2065 2060/2060 2064/2064
f 2063/2063 2059/2059 2066/2066
f 2064/2064 2069/2069 2065/2065
f 2066/2066 2070/2070 2063/2063
f 2069/2069 2064/2064 2067/2067
f 2068/2068 2063/2063 2070/2070
f 2067/2067 2074/2074 2069/2069
f 2070/2070 2073/2073 2068/2068
f 2074/2074 2067/2067 2072/2072
f 2071/2071 2068/2068 2073/2073
f 2072/2072 2077/2077 2074/2074
f 2073/2073 2078/2078 2071/2071
f 2077/2077 2072/2072 2075/2075
f 2076/2076 2071/2071 2078/2078
f 2075/2075 2081/2081 2077/2077
f 2078/2078 2082/2082 2076/2076
f 2081/2081 2075/2075 2079/2079
f 2080/2080 2076/2076 2082/2082
f 2085/2085 2081/2081 2079/2079
f 2080/2080 2082/2082 2086/2086
f 2081/2081 2085/2085 2083/2083
f 2084/2084 2086/2086 2082/2082
f 2089/2089 2083/2083 2085/2085
f 2086/2086 2084/2084 2090/2090
f 2083/2083 2089/2089 2087/2087
f 2088/2088 2090/2090 2084/2084
f 2093/2093 2087/2087 2089/2089
f 2090/2090 2088/2088 2094/2094
f 2087/2087 2093/2093 2091/2091
f 2092/2092 2094/2094 2088/2088
f 2098/2098 2091/2091 2093/2093
f 2094/2094 2092/2092 2097/2097
f 2091/2091 2098/2098 2096/2096
f 2095/2095 2097/2097 2092/2092
f 2101/2101 2096/2096 2098/2098
f 2097/2097 2095/2095 2102/2102
f 2096/2096 2101/2101 2099/2099
f 2100/2100 2102/2102 2095/2095
f 2099/2099 2101/2101 2109/2109
f 2110/2110 2102/2102 2100/2100
f 2099/2099 2115/2115 2108/2108
f 2105/2105 2113/2113 2100/2100
f 2115/2115 2109/2109 2101/2101
f 2102/2102 2110/2110 2113/2113
f 2099/2099 2109/2109 2121/2121
f 2124/2124 2110/2110 2100/2100
f 2103/2103 2133/2133 2119/2119
f 2118/2118 2132/2132 2104/2104
f 2106/2106 2133/2133 2103/2103
f 2104/2104 2132/2132 2107/2107
f 2121/2121 2115/2115 2099/2099
f 2100/2100 2113/2113 2124/2124
f 2108/2108 2115/2115 2139/2139
f 2136/2136 2113/2113 2105/2105
f 2109/2109 2115/2115 2121/2121
f 2124/2124 2113/2113 2110/2110
f 2121/2121 2146/2146 2109/2109
f 2110/2110 2147/2147 2124/2124
f 2125/2125 2138/2138 2116/2116
f 2114/2114 2142/2142 2126/2126
f 2120/2120 2150/2150 2129/2129
f 2128/2128 2149/2149 2117/2117
f 2133/2133 2106/2106 2155/2155
f 2158/2158 2107/2107 2132/2132
f 2108/2108 2139/2139 2164/2164
f 2163/2163 2136/2136 2105/2105
f 2173/2173 2122/2122 2143/2143
f 2144/2144 2123/2123 2174/2174
f 2146/2146 2121/2121 2178/2178
f 2177/2177 2124/2124 2147/2147
f 2145/2145 2137/2137 2112/2112
f 2111/2111 2141/2141 2148/2148
f 2180/2180 2125/2125 2130/2130
f 2127/2127 2126/2126 2182/2182
f 2138/2138 2125/2125 2180/2180
f 2182/2182 2126/2126 2142/2142
f 2150/2150 2120/2120 2183/2183
f 2184/2184 2117/2117 2149/2149
f 2162/2162 2152/2152 2154/2154
f 2153/2153 2151/2151 2157/2157
f 2162/2162 2154/2154 2131/2131
f 2134/2134 2153/2153 2157/2157
f 2108/2108 2190/2190 2160/2160
f 2159/2159 2196/2196 2105/2105
f 2157/2157 2200/2200 2134/2134
f 2131/2131 2199/2199 2162/2162
f 2132/2132 2194/2194 2158/2158
f 2155/2155 2192/2192 2133/2133
f 2205/2205 2142/2142 2165/2165
f 2169/2169 2138/2138 2202/2202
f 2140/2140 2210/2210 2168/2168
f 2166/2166 2212/2212 2135/2135
f 2108/2108 2164/2164 2215/2215
f 2218/2218 2163/2163 2105/2105
f 2112/2112 2137/2137 2171/2171
f 2172/2172 2141/2141 2111/2111
f 2224/2224 2122/2122 2173/2173
f 2174/2174 2123/2123 2223/2223
f 2173/2173 2143/2143 2226/2226
f 2225/2225 2144/2144 2174/2174
f 2227/2227 2176/2176 2122/2122
f 2123/2123 2175/2175 2228/2228
f 2178/2178 2231/2231 2146/2146
f 2147/2147 2232/2232 2177/2177
f 2230/2230 2137/2137 2145/2145
f 2148/2148 2141/2141 2229/2229
f 2233/2233 2141/2141 2179/2179
f 2181/2181 2137/2137 2234/2234
f 2235/2235 2137/2137 2181/2181
f 2179/2179 2141/2141 2236/2236
f 2142/2142 2205/2205 2182/2182
f 2180/2180 2202/2202 2138/2138
f 2162/2162 2187/2187 2152/2152
f 2151/2151 2188/2188 2157/2157
f 2108/2108 2251/2251 2190/2190
f 2196/2196 2247/2247 2105/2105
f 2193/2193 2259/2259 2156/2156
f 2161/2161 2256/2256 2195/2195
f 2157/2157 2262/2262 2200/2200
f 2199/2199 2264/2264 2162/2162
f 2134/2134 2200/2200 2266/2266
f 2265/2265 2199/2199 2131/2131
f 2194/2194 2132/2132 2249/2249
f 2250/2250 2133/2133 2192/2192
f 2170/2170 2269/2269 2201/2201
f 2204/2204 2270/2270 2167/2167
f 2165/2165 2273/2273 2205/2205
f 2202/2202 2274/2274 2169/2169
f 2210/2210 2140/2140 2241/2241
f 2244/2244 2135/2135 2212/2212
f 2168/2168 2210/2210 2277/2277
f 2278/2278 2212/2212 2166/2166
f 2168/2168 2289/2289 2214/2214
f 2213/2213 2291/2291 2166/2166
f 2220/2220 2273/2273 2165/2165
f 2169/2169 2274/2274 2217/2217
f 2108/2108 2215/2215 2251/2251
f 2247/2247 2218/2218 2105/2105
f 2171/2171 2137/2137 2235/2235
f 2236/2236 2141/2141 2172/2172
f 2298/2298 2143/2143 2222/2222
f 2221/2221 2144/2144 2297/2297
f 2227/2227 2122/2122 2224/2224
f 2223/2223 2123/2123 2228/2228
f 2226/2226 2143/2143 2298/2298
f 2297/2297 2144/2144 2225/2225
f 2303/2303 2176/2176 2227/2227
f 2228/2228 2175/2175 2304/2304
f 2231/2231 2178/2178 2306/2306
f 2305/2305 2177/2177 2232/2232
f 2309/2309 2137/2137 2230/2230
f 2229/2229 2141/2141 2312/2312
f 2314/2314 2141/2141 2233/2233
f 2234/2234 2137/2137 2313/2313
f 2182/2182 2205/2205 2317/2317
f 2316/2316 2202/2202 2180/2180
f 2240/2240 2238/2238 2185/2185
f 2186/2186 2237/2237 2243/2243
f 2162/2162 2246/2246 2187/2187
f 2188/2188 2245/2245 2157/2157
f 2252/2252 2259/2259 2193/2193
f 2195/2195 2256/2256 2253/2253
f 2252/2252 2326/2326 2193/2193
f 2195/2195 2323/2323 2253/2253
f 2330/2330 2249/2249 2194/2194
f 2192/2192 2250/2250 2327/2327
f 2332/2332 2162/2162 2258/2258
f 2257/2257 2157/2157 2331/2331
f 2257/2257 2335/2335 2157/2157
f 2162/2162 2333/2333 2258/2258
f 2157/2157 2338/2338 2262/2262
f 2264/2264 2339/2339 2162/2162
f 2342/2342 2198/2198 2263/2263
f 2261/2261 2197/2197 2343/2343
f 2266/2266 2200/2200 2347/2347
f 2348/2348 2199/2199 2265/2265
f 2249/2249 2132/2132 2220/2220
f 2217/2217 2133/2133 2250/2250
f 2170/2170 2351/2351 2269/2269
f 2270/2270 2352/2352 2167/2167
f 2355/2355 2203/2203 2267/2267
f 2268/2268 2206/2206 2356/2356
f 2203/2203 2355/2355 2272/2272
f 2271/2271 2356/2356 2206/2206
f 2238/2238 2240/2240 2141/2141
f 2137/2137 2243/2243 2237/2237
f 2137/2137 2363/2363 2243/2243
f 2240/2240 2364/2364 2141/2141
f 2361/2361 2209/2209 2239/2239
f 2242/2242 2208/2208 2362/2362
f 2367/2367 2281/2281 2207/2207
f 2211/2211 2282/2282 2366/2366
f 2372/2372 2170/2170 2282/2282
f 2281/2281 2167/2167 2370/2370
f 2289/2289 2168/2168 2277/2277
f 2278/2278 2166/2166 2291/2291
f 2374/2374 2288/2288 2216/2216
f 2219/2219 2286/2286 2375/2375
f 2259/2259 2214/2214 2287/2287
f 2285/2285 2213/2213 2256/2256
f 2214/2214 2289/2289 2252/2252
f 2253/2253 2291/2291 2213/2213
f 2273/2273 2220/2220 2249/2249
f 2250/2250 2217/2217 2274/2274
f 2214/2214 2259/2259 2252/2252
f 2253/2253 2256/2256 2213/2213
f 2171/2171 2235/2235 2377/2377
f 2378/2378 2236/2236 2172/2172
f 2171/2171 2377/2377 2296/2296
f 2295/2295 2378/2378 2172/2172
f 2298/2298 2222/2222 2381/2381
f 2382/2382 2221/2221 2297/2297
f 2387/2387 2176/2176 2303/2303
f 2304/2304 2175/2175 2388/2388
f 2391/2391 2307/2307 2176/2176
f 2175/2175 2308/2308 2392/2392
f 2306/2306 2311/2311 2231/2231
f 2232/2232 2310/2310 2305/2305
f 2394/2394 2137/2137 2309/2309
f 2312/2312 2141/2141 2393/2393
f 2397/2397 2141/2141 2314/2314
f 2313/2313 2137/2137 2398/2398
f 2359/2359 2318/2318 2204/2204
f 2201/2201 2315/2315 2360/2360
f 2238/2238 2141/2141 2320/2320
f 2319/2319 2137/2137 2237/2237
f 2162/2162 2322/2322 2246/2246
f 2245/2245 2321/2321 2157/2157
f 2326/2326 2252/2252 2289/2289
f 2291/2291 2253/2253 2323/2323
f 2401/2401 2189/2189 2324/2324
f 2325/2325 2191/2191 2402/2402
f 2249/2249 2330/2330 2273/2273
f 2274/2274 2327/2327 2250/2250
f 2189/2189 2302/2302 2329/2329
f 2328/2328 2301/2301 2191/2191
f 2162/2162 2332/2332 2322/2322
f 2321/2321 2331/2331 2157/2157
f 2335/2335 2257/2257 2404/2404
f 2405/2405 2258/2258 2333/2333
f 2406/2406 2373/2373 2334/2334
f 2336/2336 2376/2376 2403/2403
f 2157/2157 2335/2335 2410/2410
f 2408/2408 2333/2333 2162/2162
f 2157/2157 2414/2414 2338/2338
f 2339/2339 2411/2411 2162/2162
f 2415/2415 2263/2263 2340/2340
f 2337/2337 2261/2261 2418/2418
f 2198/2198 2342/2342 2420/2420
f 2421/2421 2343/2343 2197/2197
f 2263/2263 2415/2415 2342/2342
f 2343/2343 2418/2418 2261/2261
f 2420/2420 2345/2345 2198/2198
f 2197/2197 2346/2346 2421/2421
f 2266/2266 2347/2347 2424/2424
f 2423/2423 2348/2348 2265/2265
f 2220/2220 2132/2132 2426/2426
f 2425/2425 2133/2133 2217/2217
f 2170/2170 2434/2434 2351/2351
f 2352/2352 2433/2433 2167/2167
f 2435/2435 2267/2267 2353/2353
f 2354/2354 2268/2268 2437/2437
f 2267/2267 2435/2435 2355/2355
f 2356/2356 2437/2437 2268/2268
f 2357/2357 2248/2248 2275/2275
f 2276/2276 2254/2254 2358/2358
f 2363/2363 2137/2137 2394/2394
f 2393/2393 2141/2141 2364/2364
f 2209/2209 2361/2361 2368/2368
f 2365/2365 2362/2362 2208/2208
f 2281/2281 2367/2367 2441/2441
f 2443/2443 2366/2366 2282/2282
f 2170/2170 2372/2372 2448/2448
f 2447/2447 2370/2370 2167/2167
f 2279/2279 2450/2450 2371/2371
f 2369/2369 2451/2451 2280/2280
f 2450/2450 2279/2279 2292/2292
f 2290/2290 2280/2280 2451/2451
f 2288/2288 2374/2374 2455/2455
f 2456/2456 2375/2375 2286/2286
f 2373/2373 2406/2406 2453/2453
f 2454/2454 2403/2403 2376/2376
f 2374/2374 2216/2216 2458/2458
f 2457/2457 2219/2219 2375/2375
f 2260/2260 2453/2453 2406/2406
f 2403/2403 2454/2454 2255/2255
f 2453/2453 2260/2260 2283/2283
f 2284/2284 2255/2255 2454/2454
f 2248/2248 2449/2449 2293/2293
f 2294/2294 2452/2452 2254/2254
f 2296/2296 2377/2377 2461/2461
f 2462/2462 2378/2378 2295/2295
f 2466/2466 2222/2222 2380/2380
f 2379/2379 2221/2221 2465/2465
f 2381/2381 2222/2222 2466/2466
f 2465/2465 2221/2221 2382/2382
f 2189/2189 2383/2383 2300/2300
f 2299/2299 2384/2384 2191/2191
f 2189/2189 2300/2300 2302/2302
f 2301/2301 2299/2299 2191/2191
f 2439/2439 2302/2302 2386/2386
f 2385/2385 2301/2301 2440/2440
f 2391/2391 2176/2176 2387/2387
f 2388/2388 2175/2175 2392/2392
f 2281/2281 2307/2307 2391/2391
f 2392/2392 2308/2308 2282/2282
f 2311/2311 2306/2306 2476/2476
f 2475/2475 2305/2305 2310/2310
f 2311/2311 2444/2444 2395/2395
f 2396/2396 2442/2442 2310/2310
f 2320/2320 2141/2141 2397/2397
f 2398/2398 2137/2137 2319/2319
f 2318/2318 2359/2359 2400/2400
f 2399/2399 2360/2360 2315/2315
f 2189/2189 2401/2401 2470/2470
f 2469/2469 2402/2402 2191/2191
f 2329/2329 2302/2302 2439/2439
f 2440/2440 2301/2301 2328/2328
f 2459/2459 2334/2334 2373/2373
f 2376/2376 2336/2336 2460/2460
f 2334/2334 2459/2459 2407/2407
f 2409/2409 2460/2460 2336/2336
f 2157/2157 2410/2410 2414/2414
f 2411/2411 2408/2408 2162/2162
f 2480/2480 2340/2340 2413/2413
f 2412/2412 2337/2337 2479/2479
f 2340/2340 2480/2480 2415/2415
f 2418/2418 2479/2479 2337/2337
f 2344/2344 2216/2216 2422/2422
f 2419/2419 2219/2219 2341/2341
f 2416/2416 2216/2216 2344/2344
f 2341/2341 2219/2219 2417/2417
f 2345/2345 2420/2420 2485/2485
f 2486/2486 2421/2421 2346/2346
f 2424/2424 2347/2347 2487/2487
f 2488/2488 2348/2348 2423/2423
f 2349/2349 2216/2216 2428/2428
f 2427/2427 2219/2219 2350/2350
f 2483/2483 2349/2349 2430/2430
f 2429/2429 2350/2350 2484/2484
f 2170/2170 2448/2448 2434/2434
f 2433/2433 2447/2447 2167/2167
f 2491/2491 2353/2353 2432/2432
f 2431/2431 2354/2354 2489/2489
f 2353/2353 2491/2491 2435/2435
f 2437/2437 2489/2489 2354/2354
f 2436/2436 2248/2248 2357/2357
f 2358/2358 2254/2254 2438/2438
f 2395/2395 2368/2368 2361/2361
f 2362/2362 2365/2365 2396/2396
f 2368/2368 2395/2395 2444/2444
f 2442/2442 2396/2396 2365/2365
f 2281/2281 2441/2441 2473/2473
f 2474/2474 2443/2443 2282/2282
f 2371/2371 2496/2496 2446/2446
f 2445/2445 2495/2495 2369/2369
f 2496/2496 2371/2371 2450/2450
f 2451/2451 2369/2369 2495/2495
f 2458/2458 2216/2216 2482/2482
f 2481/2481 2219/2219 2457/2457
f 2449/2449 2248/2248 2498/2498
f 2497/2497 2254/2254 2452/2452
f 2296/2296 2461/2461 2464/2464
f 2463/2463 2462/2462 2295/2295
f 2466/2466 2380/2380 2503/2503
f 2504/2504 2379/2379 2465/2465
f 2189/2189 2390/2390 2383/2383
f 2384/2384 2389/2389 2191/2191
f 2505/2505 2386/2386 2467/2467
f 2468/2468 2385/2385 2506/2506
f 2439/2439 2386/2386 2508/2508
f 2507/2507 2385/2385 2440/2440
f 2189/2189 2472/2472 2390/2390
f 2389/2389 2471/2471 2191/2191
f 2281/2281 2473/2473 2307/2307
f 2308/2308 2474/2474 2282/2282
f 2444/2444 2311/2311 2476/2476
f 2475/2475 2310/2310 2442/2442
f 2400/2400 2359/2359 2500/2500
f 2499/2499 2360/2360 2399/2399
f 2189/2189 2470/2470 2472/2472
f 2471/2471 2469/2469 2191/2191
f 2480/2480 2407/2407 2459/2459
f 2460/2460 2409/2409 2479/2479
f 2407/2407 2480/2480 2413/2413
f 2412/2412 2479/2479 2409/2409
f 2482/2482 2216/2216 2416/2416
f 2417/2417 2219/2219 2481/2481
f 2216/2216 2349/2349 2422/2422
f 2419/2419 2350/2350 2219/2219
f 2422/2422 2349/2349 2483/2483
f 2484/2484 2350/2350 2419/2419
f 2424/2424 2487/2487 2511/2511
f 2512/2512 2488/2488 2423/2423
f 2483/2483 2430/2430 2516/2516
f 2515/2515 2429/2429 2484/2484
f 2446/2446 2491/2491 2432/2432
f 2431/2431 2489/2489 2445/2445
f 2490/2490 2248/2248 2436/2436
f 2438/2438 2254/2254 2492/2492
f 2500/2500 2359/2359 2493/2493
f 2494/2494 2360/2360 2499/2499
f 2491/2491 2446/2446 2496/2496
f 2495/2495 2445/2445 2489/2489
f 2498/2498 2248/2248 2490/2490
f 2492/2492 2254/2254 2497/2497
f 2464/2464 2461/2461 2520/2520
f 2519/2519 2462/2462 2463/2463
f 2464/2464 2520/2520 2502/2502
f 2501/2501 2519/2519 2463/2463
f 2503/2503 2380/2380 2523/2523
f 2524/2524 2379/2379 2504/2504
f 2508/2508 2386/2386 2505/2505
f 2506/2506 2385/2385 2507/2507
f 2505/2505 2467/2467 2525/2525
f 2526/2526 2468/2468 2506/2506
f 2528/2528 2509/2509 2477/2477
f 2478/2478 2510/2510 2527/2527
f 2511/2511 2487/2487 2529/2529
f 2530/2530 2488/2488 2512/2512
f 2516/2516 2430/2430 2513/2513
f 2514/2514 2429/2429 2515/2515
f 2500/2500 2493/2493 2531/2531
f 2532/2532 2494/2494 2499/2499
f 2500/2500 2531/2531 2518/2518
f 2517/2517 2532/2532 2499/2499
f 2535/2535 2380/2380 2521/2521
f 2522/2522 2379/2379 2536/2536
f 2502/2502 2520/2520 2538/2538
f 2537/2537 2519/2519 2501/2501
f 2523/2523 2380/2380 2518/2518
f 2517/2517 2379/2379 2524/2524
f 2505/2505 2525/2525 2541/2541
f 2542/2542 2526/2526 2506/2506
f 2509/2509 2528/2528 2544/2544
f 2543/2543 2527/2527 2510/2510
f 2511/2511 2529/2529 2548/2548
f 2547/2547 2530/2530 2512/2512
f 2516/2516 2513/2513 2549/2549
f 2550/2550 2514/2514 2515/2515
f 2518/2518 2531/2531 2552/2552
f 2551/2551 2532/2532 2517/2517
f 2502/2502 2538/2538 2533/2533
f 2534/2534 2537/2537 2501/2501
f 2518/2518 2380/2380 2535/2535
f 2536/2536 2379/2379 2517/2517
f 2535/2535 2521/2521 2556/2556
f 2555/2555 2522/2522 2536/2536
f 2518/2518 2557/2557 2523/2523
f 2524/2524 2558/2558 2517/2517
f 2541/2541 2525/2525 2539/2539
f 2540/2540 2526/2526 2542/2542
f 2544/2544 2528/2528 2569/2569
f 2570/2570 2527/2527 2543/2543
f 2548/2548 2529/2529 2584/2584
f 2583/2583 2530/2530 2547/2547
f 2549/2549 2513/2513 2586/2586
f 2585/2585 2514/2514 2550/2550
f 2518/2518 2552/2552 2557/2557
f 2558/2558 2551/2551 2517/2517
f 2556/2556 2521/2521 2554/2554
f 2553/2553 2522/2522 2555/2555
f 2533/2533 2538/2538 2589/2589
f 2590/2590 2537/2537 2534/2534
f 2594/2594 2539/2539 2559/2559
f 2560/2560 2540/2540 2593/2593
f 2541/2541 2539/2539 2594/2594
f 2593/2593 2540/2540 2542/2542
f 2569/2569 2528/2528 2609/2609
f 2610/2610 2527/2527 2570/2570
f 2548/2548 2584/2584 2631/2631
f 2632/2632 2583/2583 2547/2547
f 2549/2549 2586/2586 2630/2630
f 2629/2629 2585/2585 2550/2550
f 2533/2533 2589/2589 2588/2588
f 2587/2587 2590/2590 2534/2534
f 2556/2556 2554/2554 2592/2592
f 2591/2591 2553/2553 2555/2555
f 2597/2597 2600/2600 2561/2561
f 2562/2562 2599/2599 2596/2596
f 2604/2604 2639/2639 2564/2564
f 2563/2563 2637/2637 2603/2603
f 2602/2602 2643/2643 2565/2565
f 2566/2566 2641/2641 2601/2601
f 2647/2647 2607/2607 2567/2567
f 2568/2568 2608/2608 2648/2648
f 2569/2569 2609/2609 2650/2650
f 2649/2649 2610/2610 2570/2570
f 2616/2616 2661/2661 2572/2572
f 2571/2571 2662/2662 2615/2615
f 2572/2572 2661/2661 2574/2574
f 2573/2573 2662/2662 2571/2571
f 2661/2661 2618/2618 2574/2574
f 2573/2573 2617/2617 2662/2662
f 2576/2576 2666/2666 2578/2578
f 2577/2577 2665/2665 2575/2575
f 2619/2619 2666/2666 2576/2576
f 2575/2575 2665/2665 2620/2620
f 2578/2578 2667/2667 2621/2621
f 2622/2622 2668/2668 2577/2577
f 2582/2582 2688/2688 2625/2625
f 2626/2626 2687/2687 2581/2581
f 2631/2631 2584/2584 2697/2697
f 2698/2698 2583/2583 2632/2632
f 2630/2630 2586/2586 2700/2700
f 2699/2699 2585/2585 2629/2629
f 2592/2592 2554/2554 2633/2633
f 2634/2634 2553/2553 2591/2591
f 2600/2600 2597/2597 2708/2708
f 2707/2707 2596/2596 2599/2599
f 2639/2639 2604/2604 2712/2712
f 2710/2710 2603/2603 2637/2637
f 2606/2606 2715/2715 2645/2645
f 2646/2646 2716/2716 2605/2605
f 2643/2643 2602/2602 2720/2720
f 2718/2718 2601/2601 2641/2641
f 2607/2607 2647/2647 2721/2721
f 2722/2722 2648/2648 2608/2608
f 2723/2723 2651/2651 2612/2612
f 2611/2611 2652/2652 2724/2724
f 2723/2723 2612/2612 2613/2613
f 2614/2614 2611/2611 2724/2724
f 2723/2723 2613/2613 2657/2657
f 2658/2658 2614/2614 2724/2724
f 2659/2659 2661/2661 2616/2616
f 2615/2615 2662/2662 2660/2660
f 2666/2666 2618/2618 2661/2661
f 2662/2662 2617/2617 2665/2665
f 2618/2618 2666/2666 2664/2664
f 2663/2663 2665/2665 2617/2617
f 2578/2578 2666/2666 2667/2667
f 2668/2668 2665/2665 2577/2577
f 2725/2725 2666/2666 2619/2619
f 2620/2620 2665/2665 2726/2726
f 2621/2621 2667/2667 2670/2670
f 2669/2669 2668/2668 2622/2622
f 2736/2736 2732/2732 2674/2674
f 2673/2673 2731/2731 2735/2735
f 2624/2624 2734/2734 2671/2671
f 2672/2672 2733/2733 2623/2623
f 2732/2732 2736/2736 2737/2737
f 2738/2738 2735/2735 2731/2731
f 2734/2734 2624/2624 2676/2676
f 2675/2675 2623/2623 2733/2733
f 2545/2545 2751/2751 2682/2682
f 2681/2681 2754/2754 2546/2546
f 2749/2749 2683/2683 2579/2579
f 2580/2580 2684/2684 2750/2750
f 2688/2688 2582/2582 2685/2685
f 2686/2686 2581/2581 2687/2687
f 2762/2762 2627/2627 2689/2689
f 2690/2690 2628/2628 2761/2761
f 2630/2630 2700/2700 2695/2695
f 2696/2696 2699/2699 2629/2629
f 2631/2631 2697/2697 2769/2769
f 2770/2770 2698/2698 2632/2632
f 2704/2704 2772/2772 2635/2635
f 2636/2636 2771/2771 2702/2702
f 2642/2642 2705/2705 2598/2598
f 2595/2595 2706/2706 2644/2644
f 2777/2777 2640/2640 2711/2711
f 2709/2709 2638/2638 2779/2779
f 2715/2715 2606/2606 2781/2781
f 2783/2783 2605/2605 2716/2716
f 2705/2705 2642/2642 2719/2719
f 2717/2717 2644/2644 2706/2706
f 2723/2723 2655/2655 2651/2651
f 2652/2652 2656/2656 2724/2724
f 2723/2723 2659/2659 2653/2653
f 2654/2654 2660/2660 2724/2724
f 2723/2723 2653/2653 2655/2655
f 2656/2656 2654/2654 2724/2724
f 2723/2723 2657/2657 2789/2789
f 2790/2790 2658/2658 2724/2724
f 2661/2661 2659/2659 2723/2723
f 2724/2724 2660/2660 2662/2662
f 2664/2664 2666/2666 2725/2725
f 2726/2726 2665/2665 2663/2663
f 2670/2670 2667/2667 2727/2727
f 2728/2728 2668/2668 2669/2669
f 2742/2742 2678/2678 2739/2739
f 2740/2740 2677/2677 2741/2741
f 2678/2678 2742/2742 2680/2680
f 2679/2679 2741/2741 2677/2677
f 2751/2751 2545/2545 2743/2743
f 2746/2746 2546/2546 2754/2754
f 2683/2683 2749/2749 2757/2757
f 2758/2758 2750/2750 2684/2684
f 2627/2627 2762/2762 2805/2805
f 2803/2803 2761/2761 2628/2628
f 2817/2817 2766/2766 2691/2691
f 2692/2692 2765/2765 2818/2818
f 2766/2766 2820/2820 2691/2691
f 2692/2692 2819/2819 2765/2765
f 2766/2766 2817/2817 2693/2693
f 2694/2694 2818/2818 2765/2765
f 2695/2695 2700/2700 2826/2826
f 2825/2825 2699/2699 2696/2696
f 2772/2772 2704/2704 2830/2830
f 2827/2827 2702/2702 2771/2771
f 2640/2640 2777/2777 2774/2774
f 2776/2776 2779/2779 2638/2638
f 2773/2773 2714/2714 2782/2782
f 2784/2784 2713/2713 2775/2775
f 2723/2723 2789/2789 2787/2787
f 2788/2788 2790/2790 2724/2724
f 2727/2727 2667/2667 2729/2729
f 2730/2730 2668/2668 2728/2728
f 2729/2729 2667/2667 2791/2791
f 2792/2792 2668/2668 2730/2730
f 2802/2802 2739/2739 2799/2799
f 2800/2800 2740/2740 2801/2801
f 2742/2742 2739/2739 2802/2802
f 2801/2801 2740/2740 2741/2741
f 2744/2744 2839/2839 2753/2753
f 2752/2752 2837/2837 2745/2745
f 2759/2759 2748/2748 2804/2804
f 2806/2806 2747/2747 2760/2760
f 2748/2748 2759/2759 2755/2755
f 2756/2756 2760/2760 2747/2747
f 2755/2755 2759/2759 2809/2809
f 2810/2810 2760/2760 2756/2756
f 2763/2763 2850/2850 2813/2813
f 2811/2811 2849/2849 2764/2764
f 2820/2820 2766/2766 2853/2853
f 2854/2854 2765/2765 2819/2819
f 2852/2852 2767/2767 2823/2823
f 2824/2824 2768/2768 2851/2851
f 2767/2767 2815/2815 2822/2822
f 2821/2821 2816/2816 2768/2768
f 2858/2858 2828/2828 2701/2701
f 2703/2703 2829/2829 2857/2857
f 2714/2714 2773/2773 2780/2780
f 2778/2778 2775/2775 2713/2713
f 2723/2723 2785/2785 2667/2667
f 2668/2668 2786/2786 2724/2724
f 2791/2791 2667/2667 2785/2785
f 2786/2786 2668/2668 2792/2792
f 2723/2723 2787/2787 2785/2785
f 2786/2786 2788/2788 2724/2724
f 2862/2862 2833/2833 2793/2793
f 2794/2794 2834/2834 2861/2861
f 2862/2862 2793/2793 2796/2796
f 2795/2795 2794/2794 2861/2861
f 2865/2865 2796/2796 2836/2836
f 2835/2835 2795/2795 2866/2866
f 2867/2867 2799/2799 2797/2797
f 2798/2798 2800/2800 2868/2868
f 2869/2869 2797/2797 2833/2833
f 2834/2834 2798/2798 2870/2870
f 2802/2802 2799/2799 2867/2867
f 2868/2868 2800/2800 2801/2801
f 2839/2839 2744/2744 2872/2872
f 2873/2873 2745/2745 2837/2837
f 2838/2838 2808/2808 2841/2841
f 2842/2842 2807/2807 2840/2840
f 2850/2850 2763/2763 2846/2846
f 2845/2845 2764/2764 2849/2849
f 2848/2848 2877/2877 2812/2812
f 2814/2814 2879/2879 2847/2847
f 2882/2882 2822/2822 2815/2815
f 2816/2816 2821/2821 2881/2881
f 2767/2767 2852/2852 2815/2815
f 2816/2816 2851/2851 2768/2768
f 2828/2828 2858/2858 2885/2885
f 2884/2884 2857/2857 2829/2829
f 2859/2859 2856/2856 2831/2831
f 2832/2832 2855/2855 2860/2860
f 2869/2869 2833/2833 2862/2862
f 2861/2861 2834/2834 2870/2870
f 2862/2862 2796/2796 2895/2895
f 2896/2896 2795/2795 2861/2861
f 2898/2898 2836/2836 2863/2863
f 2864/2864 2835/2835 2897/2897
f 2895/2895 2796/2796 2865/2865
f 2866/2866 2795/2795 2896/2896
f 2865/2865 2836/2836 2898/2898
f 2897/2897 2835/2835 2866/2866
f 2867/2867 2797/2797 2900/2900
f 2899/2899 2798/2798 2868/2868
f 2900/2900 2797/2797 2869/2869
f 2870/2870 2798/2798 2899/2899
f 2808/2808 2838/2838 2874/2874
f 2871/2871 2840/2840 2807/2807
f 2844/2844 2901/2901 2876/2876
f 2875/2875 2903/2903 2843/2843
f 2877/2877 2848/2848 2902/2902
f 2904/2904 2847/2847 2879/2879
f 2822/2822 2882/2882 2905/2905
f 2906/2906 2881/2881 2821/2821
f 2856/2856 2859/2859 2886/2886
f 2883/2883 2860/2860 2855/2855
f 2898/2898 2863/2863 2908/2908
f 2907/2907 2864/2864 2897/2897
f 2901/2901 2844/2844 2880/2880
f 2878/2878 2843/2843 2903/2903
f 2905/2905 2882/2882 2913/2913
f 2914/2914 2881/2881 2906/2906
f 2917/2917 2888/2888 2891/2891
f 2892/2892 2890/2890 2918/2918
f 2898/2898 2908/2908 2930/2930
f 2929/2929 2907/2907 2897/2897
f 2910/2910 2919/2919 2893/2893
f 2894/2894 2915/2915 2912/2912
f 2888/2888 2917/2917 2932/2932
f 2936/2936 2918/2918 2890/2890
f 2887/2887 2946/2946 2925/2925
f 2923/2923 2943/2943 2889/2889
f 2930/2930 2908/2908 2927/2927
f 2928/2928 2907/2907 2929/2929
f 2919/2919 2910/2910 2953/2953
f 2955/2955 2912/2912 2915/2915
f 2960/2960 2934/2934 2916/2916
f 2920/2920 2935/2935 2962/2962
f 2946/2946 2887/2887 2933/2933
f 2931/2931 2889/2889 2943/2943
f 2974/2974 2976/2976 2982/2982
f 2985/2985 2978/2978 2969/2969
f 2976/2976 2974/2974 2939/2939
f 2942/2942 2969/2969 2978/2978
f 2976/2976 2939/2939 2924/2924
f 2921/2921 2942/2942 2978/2978
f 2990/2990 2926/2926 2994/2994
f 2996/2996 2922/2922 2988/2988
f 2994/2994 2926/2926 2944/2944
f 2945/2945 2922/2922 2996/2996
f 2999/2999 2927/2927 2949/2949
f 2950/2950 2928/2928 3000/3000
f 2930/2930 2927/2927 2999/2999
f 3000/3000 2928/2928 2929/2929
f 2911/2911 3005/3005 2951/2951
f 2956/2956 3004/3004 2909/2909
f 3006/3006 2916/2916 2952/2952
f 2954/2954 2920/2920 3001/3001
f 2934/2934 2960/2960 2997/2997
f 2998/2998 2962/2962 2935/2935
f 2916/2916 3006/3006 2960/2960
f 2962/2962 3001/3001 2920/2920
f 2934/2934 2997/2997 2948/2948
f 2947/2947 2998/2998 2935/2935
f 2938/2938 3003/3003 2965/2965
f 2964/2964 3002/3002 2937/2937
f 2979/2979 3011/3011 2986/2986
f 2984/2984 3009/3009 2977/2977
f 2983/2983 3013/3013 2971/2971
f 2973/2973 3014/3014 2981/2981
f 2983/2983 3015/3015 2972/2972
f 2968/2968 3019/3019 2981/2981
f 3013/3013 2941/2941 2971/2971
f 2973/2973 2940/2940 3014/3014
f 2970/2970 3021/3021 2941/2941
f 2940/2940 3022/3022 2967/2967
f 2926/2926 2992/2992 2980/2980
f 2975/2975 2991/2991 2922/2922
f 2926/2926 2990/2990 2980/2980
f 2975/2975 2988/2988 2922/2922
f 2992/2992 2926/2926 3027/3027
f 3028/3028 2922/2922 2991/2991
f 3011/3011 2979/2979 2989/2989
f 2987/2987 2977/2977 3009/3009
f 2957/2957 2989/2989 2993/2993
f 2995/2995 2987/2987 2961/2961
f 3005/3005 2911/2911 2963/2963
f 2966/2966 2909/2909 3004/3004
f 2960/2960 3006/3006 3018/3018
f 3017/3017 3001/3001 2962/2962
f 3003/3003 2938/2938 3024/3024
f 3023/3023 2937/2937 3002/3002
f 3013/3013 2983/2983 3012/3012
f 3010/3010 2981/2981 3014/3014
f 2958/2958 2983/2983 3007/3007
f 3008/3008 2981/2981 2959/2959
f 3030/3030 2941/2941 3013/3013
f 3014/3014 2940/2940 3029/3029
f 3015/3015 2983/2983 2958/2958
f 2959/2959 2981/2981 3019/3019
f 3021/3021 2970/2970 3020/3020
f 3016/3016 2967/2967 3022/3022
f 3027/3027 2926/2926 3032/3032
f 3031/3031 2922/2922 3028/3028
f 3013/3013 2992/2992 3027/3027
f 3028/3028 2991/2991 3014/3014
f 2992/2992 3013/3013 3012/3012
f 3010/3010 3014/3014 2991/2991
f 2989/2989 2957/2957 3011/3011
f 3009/3009 2961/2961 2987/2987
f 3018/3018 3006/3006 3026/3026
f 3025/3025 3001/3001 3017/3017
f 2941/2941 3030/3030 3034/3034
f 3033/3033 3029/3029 2940/2940
f 3013/3013 3027/3027 3030/3030
f 3029/3029 3028/3028 3014/3014
f 3035/3035 3027/3027 3032/3032
f 3031/3031 3028/3028 3036/3036
f 3038/3038 3034/3034 3030/3030
f 3029/3029 3033/3033 3037/3037
f 3030/3030 3027/3027 3040/3040
f 3039/3039 3028/3028 3029/3029
f 3027/3027 3035/3035 3040/3040
f 3039/3039 3036/3036 3028/3028
f 3034/3034 3038/3038 3041/3041
f 3042/3042 3037/3037 3033/3033
f 3030/3030 3040/3040 3038/3038
f 3037/3037 3039/3039 3029/3029
f 3035/3035 3043/3043 3040/3040
f 3039/3039 3044/3044 3036/3036
f 3038/3038 3046/3046 3041/3041
f 3042/3042 3045/3045 3037/3037
f 3038/3038 3040/3040 3043/3043
f 3044/3044 3039/3039 3037/3037
f 3043/3043 3035/3035 3047/3047
f 3048/3048 3036/3036 3044/3044
f 3046/3046 3038/3038 3050/3050
f 3049/3049 3037/3037 3045/3045
f 3038/3038 3043/3043 3050/3050
f 3049/3049 3044/3044 3037/3037
f 3047/3047 3051/3051 3043/3043
f 3044/3044 3052/3052 3048/3048
f 3050/3050 3053/3053 3046/3046
f 3045/3045 3054/3054 3049/3049
f 3050/3050 3043/3043 3051/3051
f 3052/3052 3044/3044 3049/3049
f 3051/3051 3047/3047 3056/3056
f 3055/3055 3048/3048 3052/3052
f 3053/3053 3050/3050 3058/3058
f 3057/3057 3049/3049 3054/3054
f 3050/3050 3051/3051 3058/3058
f 3057/3057 3052/3052 3049/3049
f 3056/3056 3059/3059 3051/3051
f 3052/3052 3060/3060 3055/3055
f 3058/3058 3061/3061 3053/3053
f 3054/3054 3062/3062 3057/3057
f 3058/3058 3051/3051 3059/3059
f 3060/3060 3052/3052 3057/3057
f 3059/3059 3056/3056 3064/3064
f 3063/3063 3055/3055 3060/3060
f 3061/3061 3058/3058 3065/3065
f 3066/3066 3057/3057 3062/3062
f 3058/3058 3059/3059 3065/3065
f 3066/3066 3060/3060 3057/3057
f 3064/3064 3067/3067 3059/3059
f 3060/3060 3068/3068 3063/3063
f 3065/3065 3070/3070 3061/3061
f 3062/3062 3069/3069 3066/3066
f 3065/3065 3059/3059 3067/3067
f 3068/3068 3060/3060 3066/3066
f 3067/3067 3064/3064 3072/3072
f 3071/3071 3063/3063 3068/3068
f 3070/3070 3065/3065 3074/3074
f 3073/3073 3066/3066 3069/3069
f 3065/3065 3067/3067 3074/3074
f 3073/3073 3068/3068 3066/3066
f 3072/3072 3076/3076 3067/3067
f 3068/3068 3075/3075 3071/3071
f 3074/3074 3078/3078 3070/3070
f 3069/3069 3077/3077 3073/3073
f 3074/3074 3067/3067 3076/3076
f 3075/3075 3068/3068 3073/3073
f 3076/3076 3072/3072 3080/3080
f 3079/3079 3071/3071 3075/3075
f 3078/3078 3074/3074 3081/3081
f 3082/3082 3073/3073 3077/3077
f 3074/3074 3076/3076 3081/3081
f 3082/3082 3075/3075 3073/3073
f 3080/3080 3083/3083 3076/3076
f 3075/3075 3084/3084 3079/3079
f 3081/3081 3086/3086 3078/3078
f 3077/3077 3085/3085 3082/3082
f 3081/3081 3076/3076 3083/3083
f 3084/3084 3075/3075 3082/3082
f 3083/3083 3080/3080 3088/3088
f 3087/3087 3079/3079 3084/3084
f 3086/3086 3081/3081 3090/3090
f 3089/3089 3082/3082 3085/3085
f 3081/3081 3083/3083 3090/3090
f 3089/3089 3084/3084 3082/3082
f 3092/3092 3083/3083 3088/3088
f 3087/3087 3084/3084 3091/3091
f 3094/3094 3086/3086 3090/3090
f 3089/3089 3085/3085 3093/3093
f 3090/3090 3083/3083 3096/3096
f 3095/3095 3084/3084 3089/3089
f 3083/3083 3092/3092 3096/3096
f 3095/3095 3091/3091 3084/3084
f 3086/3086 3094/3094 3098/3098
f 3097/3097 3093/3093 3085/3085
f 3090/3090 3096/3096 3094/3094
f 3093/3093 3095/3095 3089/3089
f 3100/3100 3096/3096 3092/3092
f 3091/3091 3095/3095 3099/3099
f 3101/3101 3098/3098 3094/3094
f 3093/3093 3097/3097 3102/3102
f 3094/3094 3096/3096 3103/3103
f 3104/3104 3095/3095 3093/3093
f 3096/3096 3100/3100 3103/3103
f 3104/3104 3099/3099 3095/3095
f 3098/3098 3101/3101 3105/3105
f 3106/3106 3102/3102 3097/3097
f 3094/3094 3103/3103 3101/3101
f 3102/3102 3104/3104 3093/3093
f 3108/3108 3103/3103 3100/3100
f 3099/3099 3104/3104 3107/3107
f 3109/3109 3105/3105 3101/3101
f 3102/3102 3106/3106 3110/3110
f 3101/3101 3103/3103 3109/3109
f 3110/3110 3104/3104 3102/3102
f 3103/3103 3108/3108 3109/3109
f 3110/3110 3107/3107 3104/3104
f 3105/3105 3109/3109 3108/3108
f 3107/3107 3110/3110 3106/3106
f 3111/3111 3117/3117 3125/3125
f 3123/3123 3120/3120 3116/3116
f 3117/3117 3111/3111 3128/3128
f 3130/3130 3116/3116 3120/3120
f 3119/3119 3135/3135 3121/3121
f 3122/3122 3136/3136 3118/3118
f 3126/3126 3138/3138 3115/3115
f 3114/3114 3137/3137 3124/3124
f 3113/3113 3146/3146 3129/3129
f 3127/3127 3144/3144 3112/3112
f 3117/3117 3128/3128 3150/3150
f 3149/3149 3130/3130 3120/3120
f 3135/3135 3119/3119 3151/3151
f 3154/3154 3118/3118 3136/3136
f 3138/3138 3126/3126 3132/3132
f 3133/3133 3124/3124 3137/3137
f 3146/3146 3113/3113 3142/3142
f 3139/3139 3112/3112 3144/3144
f 3157/3157 3129/3129 3146/3146
f 3144/3144 3127/3127 3158/3158
f 3129/3129 3157/3157 3147/3147
f 3148/3148 3158/3158 3127/3127
f 3117/3117 3150/3150 3162/3162
f 3161/3161 3149/3149 3120/3120
f 3159/3159 3151/3151 3119/3119
f 3118/3118 3154/3154 3160/3160
f 3152/3152 3140/3140 3131/3131
f 3134/3134 3141/3141 3153/3153
f 3140/3140 3152/3152 3143/3143
f 3145/3145 3153/3153 3141/3141
f 3143/3143 3152/3152 3155/3155
f 3156/3156 3153/3153 3145/3145
f 3165/3165 3147/3147 3157/3157
f 3158/3158 3148/3148 3166/3166
f 3162/3162 3150/3150 3167/3167
f 3168/3168 3149/3149 3161/3161
f 3151/3151 3159/3159 3173/3173
f 3171/3171 3160/3160 3154/3154
f 3155/3155 3152/3152 3172/3172
f 3174/3174 3153/3153 3156/3156
f 3147/3147 3165/3165 3169/3169
f 3170/3170 3166/3166 3148/3148
f 3155/3155 3172/3172 3163/3163
f 3164/3164 3174/3174 3156/3156
f 3162/3162 3167/3167 3176/3176
f 3177/3177 3168/3168 3161/3161
f 3178/3178 3173/3173 3159/3159
f 3160/3160 3171/3171 3175/3175
f 3181/3181 3169/3169 3165/3165
f 3166/3166 3170/3170 3182/3182
f 3163/3163 3172/3172 3183/3183
f 3185/3185 3174/3174 3164/3164
f 3176/3176 3167/3167 3188/3188
f 3190/3190 3168/3168 3177/3177
f 3173/3173 3178/3178 3184/3184
f 3186/3186 3175/3175 3171/3171
f 3169/3169 3181/3181 3187/3187
f 3189/3189 3182/3182 3170/3170
f 3163/3163 3183/3183 3180/3180
f 3179/3179 3185/3185 3164/3164
f 3176/3176 3188/3188 3191/3191
f 3192/3192 3190/3190 3177/3177
f 3194/3194 3184/3184 3178/3178
f 3175/3175 3186/3186 3193/3193
f 3197/3197 3187/3187 3181/3181
f 3182/3182 3189/3189 3198/3198
f 3180/3180 3183/3183 3201/3201
f 3200/3200 3185/3185 3179/3179
f 3191/3191 3188/3188 3204/3204
f 3203/3203 3190/3190 3192/3192
f 3184/3184 3194/3194 3202/3202
f 3199/3199 3193/3193 3186/3186
f 3187/3187 3197/3197 3205/3205
f 3206/3206 3198/3198 3189/3189
f 3180/3180 3201/3201 3195/3195
f 3196/3196 3200/3200 3179/3179
f 3191/3191 3204/3204 3210/3210
f 3207/3207 3203/3203 3192/3192
f 3209/3209 3202/3202 3194/3194
f 3193/3193 3199/3199 3208/3208
f 3211/3211 3205/3205 3197/3197
f 3198/3198 3206/3206 3213/3213
f 3195/3195 3201/3201 3218/3218
f 3216/3216 3200/3200 3196/3196
f 3210/3210 3204/3204 3219/3219
f 3220/3220 3203/3203 3207/3207
f 3202/3202 3209/3209 3217/3217
f 3215/3215 3208/3208 3199/3199
f 3205/3205 3211/3211 3222/3222
f 3221/3221 3213/3213 3206/3206
f 3195/3195 3218/3218 3212/3212
f 3214/3214 3216/3216 3196/3196
f 3210/3210 3219/3219 3224/3224
f 3223/3223 3220/3220 3207/3207
f 3226/3226 3217/3217 3209/3209
f 3208/3208 3215/3215 3225/3225
f 3211/3211 3229/3229 3222/3222
f 3221/3221 3228/3228 3213/3213
f 3212/3212 3218/3218 3232/3232
f 3231/3231 3216/3216 3214/3214
f 3224/3224 3219/3219 3227/3227
f 3230/3230 3220/3220 3223/3223
f 3217/3217 3226/3226 3234/3234
f 3233/3233 3225/3225 3215/3215
f 3229/3229 3211/3211 3238/3238
f 3236/3236 3213/3213 3228/3228
f 3212/3212 3232/3232 3235/3235
f 3237/3237 3231/3231 3214/3214
f 3224/3224 3227/3227 3241/3241
f 3240/3240 3230/3230 3223/3223
f 3226/3226 3245/3245 3234/3234
f 3233/3233 3244/3244 3225/3225
f 3238/3238 3249/3249 3229/3229
f 3228/3228 3250/3250 3236/3236
f 3235/3235 3232/3232 3243/3243
f 3246/3246 3231/3231 3237/3237
f 3241/3241 3227/3227 3248/3248
f 3247/3247 3230/3230 3240/3240
f 3245/3245 3226/3226 3239/3239
f 3242/3242 3225/3225 3244/3244
f 3249/3249 3238/3238 3252/3252
f 3253/3253 3236/3236 3250/3250
f 3235/3235 3243/3243 3254/3254
f 3251/3251 3246/3246 3237/3237
f 3241/3241 3248/3248 3258/3258
f 3255/3255 3247/3247 3240/3240
f 3239/3239 3262/3262 3245/3245
f 3244/3244 3259/3259 3242/3242
f 3252/3252 3264/3264 3249/3249
f 3250/3250 3266/3266 3253/3253
f 3254/3254 3243/3243 3261/3261
f 3260/3260 3246/3246 3251/3251
f 3258/3258 3248/3248 3263/3263
f 3265/3265 3247/3247 3255/3255
f 3262/3262 3239/3239 3256/3256
f 3257/3257 3242/3242 3259/3259
f 3264/3264 3252/3252 3269/3269
f 3267/3267 3253/3253 3266/3266
f 3254/3254 3261/3261 3268/3268
f 3270/3270 3260/3260 3251/3251
f 3258/3258 3263/3263 3272/3272
f 3273/3273 3265/3265 3255/3255
f 3256/3256 3277/3277 3262/3262
f 3259/3259 3278/3278 3257/3257
f 3269/3269 3281/3281 3264/3264
f 3266/3266 3282/3282 3267/3267
f 3268/3268 3261/3261 3276/3276
f 3275/3275 3260/3260 3270/3270
f 3272/3272 3263/3263 3279/3279
f 3280/3280 3265/3265 3273/3273
f 3277/3277 3256/3256 3274/3274
f 3271/3271 3257/3257 3278/3278
f 3281/3281 3269/3269 3284/3284
f 3286/3286 3267/3267 3282/3282
f 3268/3268 3276/3276 3285/3285
f 3283/3283 3275/3275 3270/3270
f 3272/3272 3279/3279 3289/3289
f 3290/3290 3280/3280 3273/3273
f 3274/3274 3292/3292 3277/3277
f 3278/3278 3291/3291 3271/3271
f 3284/3284 3295/3295 3281/3281
f 3282/3282 3296/3296 3286/3286
f 3285/3285 3276/3276 3294/3294
f 3293/3293 3275/3275 3283/3283
f 3289/3289 3279/3279 3297/3297
f 3298/3298 3280/3280 3290/3290
f 3292/3292 3274/3274 3287/3287
f 3288/3288 3271/3271 3291/3291
f 3295/3295 3284/3284 3300/3300
f 3299/3299 3286/3286 3296/3296
f 3285/3285 3294/3294 3301/3301
f 3302/3302 3293/3293 3283/3283
f 3289/3289 3297/3297 3305/3305
f 3306/3306 3298/3298 3290/3290
f 3287/3287 3307/3307 3292/3292
f 3291/3291 3308/3308 3288/3288
f 3300/3300 3314/3314 3295/3295
f 3296/3296 3311/3311 3299/3299
f 3301/3301 3294/3294 3310/3310
f 3309/3309 3293/3293 3302/3302
f 3305/3305 3297/3297 3313/3313
f 3316/3316 3298/3298 3306/3306
f 3307/3307 3287/3287 3303/3303
f 3304/3304 3288/3288 3308/3308
f 3314/3314 3300/3300 3320/3320
f 3319/3319 3299/3299 3311/3311
f 3301/3301 3310/3310 3322/3322
f 3318/3318 3309/3309 3302/3302
f 3305/3305 3313/3313 3324/3324
f 3323/3323 3316/3316 3306/3306
f 3303/3303 3329/3329 3307/3307
f 3308/3308 3334/3334 3304/3304
f 3321/3321 3328/3328 3315/3315
f 3312/3312 3327/3327 3317/3317
f 3322/3322 3310/3310 3333/3333
f 3332/3332 3309/3309 3318/3318
f 3305/3305 3324/3324 3337/3337
f 3335/3335 3323/3323 3306/3306
f 3329/3329 3303/3303 3340/3340
f 3339/3339 3304/3304 3334/3334
f 3328/3328 3321/3321 3346/3346
f 3342/3342 3317/3317 3327/3327
f 3322/3322 3333/3333 3341/3341
f 3345/3345 3332/3332 3318/3318
f 3337/3337 3324/3324 3349/3349
f 3350/3350 3323/3323 3335/3335
f 3336/3336 3352/3352 3331/3331
f 3330/3330 3353/3353 3338/3338
f 3343/3343 3357/3357 3326/3326
f 3325/3325 3356/3356 3344/3344
f 3341/3341 3333/3333 3354/3354
f 3351/3351 3332/3332 3345/3345
f 3349/3349 3324/3324 3362/3362
f 3361/3361 3323/3323 3350/3350
f 3352/3352 3336/3336 3347/3347
f 3348/3348 3338/3338 3353/3353
f 3357/3357 3343/3343 3366/3366
f 3365/3365 3344/3344 3356/3356
f 3362/3362 3324/3324 3359/3359
f 3360/3360 3323/3323 3361/3361
f 3341/3341 3354/3354 3369/3369
f 3370/3370 3351/3351 3345/3345
f 3341/3341 3369/3369 3367/3367
f 3368/3368 3370/3370 3345/3345
f 3363/3363 3373/3373 3358/3358
f 3355/3355 3371/3371 3364/3364
f 3362/3362 3359/3359 3378/3378
f 3377/3377 3360/3360 3361/3361
f 3367/3367 3369/3369 3379/3379
f 3380/3380 3370/3370 3368/3368
f 3373/3373 3363/3363 3386/3386
f 3382/3382 3364/3364 3371/3371
f 3378/3378 3359/3359 3375/3375
f 3376/3376 3360/3360 3377/3377
f 3367/3367 3379/3379 3381/3381
f 3385/3385 3380/3380 3368/3368
f 3384/3384 3390/3390 3372/3372
f 3374/3374 3389/3389 3383/3383
f 3378/3378 3375/3375 3393/3393
f 3394/3394 3376/3376 3377/3377
f 3381/3381 3379/3379 3396/3396
f 3395/3395 3380/3380 3385/3385
f 3390/3390 3384/3384 3400/3400
f 3402/3402 3383/3383 3389/3389
f 3393/3393 3375/3375 3392/3392
f 3387/3387 3376/3376 3394/3394
f 3381/3381 3396/3396 3398/3398
f 3397/3397 3395/3395 3385/3385
f 3401/3401 3408/3408 3391/3391
f 3388/3388 3403/3403 3399/3399
f 3393/3393 3392/3392 3409/3409
f 3410/3410 3387/3387 3394/3394
f 3398/3398 3396/3396 3411/3411
f 3412/3412 3395/3395 3397/3397
f 3408/3408 3401/3401 3416/3416
f 3413/3413 3399/3399 3403/3403
f 3409/3409 3392/3392 3406/3406
f 3407/3407 3387/3387 3410/3410
f 3398/3398 3411/3411 3415/3415
f 3418/3418 3412/3412 3397/3397
f 3414/3414 3421/3421 3404/3404
f 3405/3405 3419/3419 3417/3417
f 3409/3409 3406/3406 3425/3425
f 3426/3426 3407/3407 3410/3410
f 3415/3415 3411/3411 3427/3427
f 3428/3428 3412/3412 3418/3418
f 3421/3421 3414/3414 3434/3434
f 3430/3430 3417/3417 3419/3419
f 3425/3425 3406/3406 3422/3422
f 3423/3423 3407/3407 3426/3426
f 3415/3415 3427/3427 3433/3433
f 3432/3432 3428/3428 3418/3418
f 3439/3439 3424/3424 3429/3429
f 3431/3431 3420/3420 3435/3435
f 3425/3425 3422/3422 3442/3442
f 3441/3441 3423/3423 3426/3426
f 3433/3433 3427/3427 3443/3443
f 3444/3444 3428/3428 3432/3432
f 3424/3424 3439/3439 3447/3447
f 3449/3449 3435/3435 3420/3420
f 3433/3433 3443/3443 3440/3440
f 3437/3437 3444/3444 3432/3432
f 3442/3442 3422/3422 3446/3446
f 3450/3450 3423/3423 3441/3441
f 3455/3455 3448/3448 3438/3438
f 3436/3436 3445/3445 3452/3452
f 3440/3440 3443/3443 3457/3457
f 3458/3458 3444/3444 3437/3437
f 3442/3442 3446/3446 3460/3460
f 3459/3459 3450/3450 3441/3441
f 3448/3448 3455/3455 3466/3466
f 3463/3463 3452/3452 3445/3445
f 3440/3440 3457/3457 3456/3456
f 3454/3454 3458/3458 3437/3437
f 3460/3460 3446/3446 3465/3465
f 3462/3462 3450/3450 3459/3459
f 3469/3469 3461/3461 3451/3451
f 3453/3453 3464/3464 3472/3472
f 3456/3456 3457/3457 3474/3474
f 3473/3473 3458/3458 3454/3454
f 3460/3460 3465/3465 3475/3475
f 3476/3476 3462/3462 3459/3459
f 3461/3461 3469/3469 3480/3480
f 3481/3481 3472/3472 3464/3464
f 3456/3456 3474/3474 3468/3468
f 3471/3471 3473/3473 3454/3454
f 3475/3475 3465/3465 3478/3478
f 3482/3482 3462/3462 3476/3476
f 3485/3485 3479/3479 3467/3467
f 3470/3470 3477/3477 3487/3487
f 3468/3468 3474/3474 3489/3489
f 3490/3490 3473/3473 3471/3471
f 3475/3475 3478/3478 3491/3491
f 3492/3492 3482/3482 3476/3476
f 3479/3479 3485/3485 3496/3496
f 3495/3495 3487/3487 3477/3477
f 3468/3468 3489/3489 3483/3483
f 3488/3488 3490/3490 3471/3471
f 3491/3491 3478/3478 3498/3498
f 3493/3493 3482/3482 3492/3492
f 3503/3503 3497/3497 3486/3486
f 3484/3484 3494/3494 3500/3500
f 3483/3483 3489/3489 3506/3506
f 3505/3505 3490/3490 3488/3488
f 3491/3491 3498/3498 3508/3508
f 3507/3507 3493/3493 3492/3492
f 3497/3497 3503/3503 3509/3509
f 3513/3513 3500/3500 3494/3494
f 3483/3483 3506/3506 3502/3502
f 3504/3504 3505/3505 3488/3488
f 3508/3508 3498/3498 3514/3514
f 3512/3512 3493/3493 3507/3507
f 3517/3517 3510/3510 3499/3499
f 3501/3501 3511/3511 3518/3518
f 3502/3502 3506/3506 3521/3521
f 3522/3522 3505/3505 3504/3504
f 3508/3508 3514/3514 3524/3524
f 3523/3523 3512/3512 3507/3507
f 3510/3510 3517/3517 3526/3526
f 3525/3525 3518/3518 3511/3511
f 3502/3502 3521/3521 3520/3520
f 3519/3519 3522/3522 3504/3504
f 3524/3524 3514/3514 3529/3529
f 3528/3528 3512/3512 3523/3523
f 3534/3534 3527/3527 3516/3516
f 3515/3515 3530/3530 3531/3531
f 3520/3520 3521/3521 3536/3536
f 3535/3535 3522/3522 3519/3519
f 3524/3524 3529/3529 3537/3537
f 3538/3538 3528/3528 3523/3523
f 3539/3539 3527/3527 3534/3534
f 3531/3531 3530/3530 3541/3541
f 3520/3520 3536/3536 3533/3533
f 3532/3532 3535/3535 3519/3519
f 3537/3537 3529/3529 3545/3545
f 3546/3546 3528/3528 3538/3538
f 3548/3548 3527/3527 3539/3539
f 3541/3541 3530/3530 3549/3549
f 3527/3527 3548/3548 3543/3543
f 3544/3544 3549/3549 3530/3530
f 3558/3558 3540/3540 3559/3559
f 3560/3560 3542/3542 3557/3557
f 3559/3559 3540/3540 3551/3551
f 3552/3552 3542/3542 3560/3560
f 3570/3570 3550/3550 3556/3556
f 3554/3554 3547/3547 3569/3569
f 3572/3572 3540/3540 3558/3558
f 3557/3557 3542/3542 3571/3571
f 3550/3550 3578/3578 3564/3564
f 3563/3563 3577/3577 3547/3547
f 3540/3540 3583/3583 3567/3567
f 3566/3566 3584/3584 3542/3542
f 3565/3565 3586/3586 3553/3553
f 3555/3555 3585/3585 3568/3568
f 3550/3550 3570/3570 3588/3588
f 3587/3587 3569/3569 3547/3547
f 3556/3556 3592/3592 3570/3570
f 3569/3569 3590/3590 3554/3554
f 3593/3593 3540/3540 3572/3572
f 3571/3571 3542/3542 3594/3594
f 3575/3575 3561/3561 3602/3602
f 3601/3601 3562/3562 3576/3576
f 3550/3550 3603/3603 3578/3578
f 3577/3577 3604/3604 3547/3547
f 3583/3583 3540/3540 3595/3595
f 3597/3597 3542/3542 3584/3584
f 3580/3580 3606/3606 3565/3565
f 3568/3568 3605/3605 3582/3582
f 3565/3565 3607/3607 3586/3586
f 3585/3585 3608/3608 3568/3568
f 3609/3609 3553/3553 3586/3586
f 3585/3585 3555/3555 3610/3610
f 3550/3550 3588/3588 3612/3612
f 3611/3611 3587/3587 3547/3547
f 3592/3592 3556/3556 3618/3618
f 3613/3613 3554/3554 3590/3590
f 3620/3620 3540/3540 3593/3593
f 3594/3594 3542/3542 3619/3619
f 3589/3589 3579/3579 3573/3573
f 3574/3574 3581/3581 3591/3591
f 3573/3573 3579/3579 3600/3600
f 3599/3599 3581/3581 3574/3574
f 3600/3600 3579/3579 3561/3561
f 3562/3562 3581/3581 3599/3599
f 3561/3561 3579/3579 3602/3602
f 3601/3601 3581/3581 3562/3562
f 3550/3550 3624/3624 3603/3603
f 3604/3604 3623/3623 3547/3547
f 3595/3595 3540/3540 3622/3622
f 3621/3621 3542/3542 3597/3597
f 3602/3602 3579/3579 3598/3598
f 3596/3596 3581/3581 3601/3601
f 3606/3606 3580/3580 3625/3625
f 3626/3626 3582/3582 3605/3605
f 3565/3565 3606/3606 3628/3628
f 3627/3627 3605/3605 3568/3568
f 3565/3565 3630/3630 3607/3607
f 3608/3608 3629/3629 3568/3568
f 3631/3631 3553/3553 3609/3609
f 3610/3610 3555/3555 3632/3632
f 3550/3550 3612/3612 3624/3624
f 3623/3623 3611/3611 3547/3547
f 3633/3633 3615/3615 3553/3553
f 3555/3555 3614/3614 3634/3634
f 3579/3579 3589/3589 3616/3616
f 3617/3617 3591/3591 3581/3581
f 3622/3622 3540/3540 3620/3620
f 3619/3619 3542/3542 3621/3621
f 3625/3625 3580/3580 3636/3636
f 3635/3635 3582/3582 3626/3626
f 3565/3565 3628/3628 3638/3638
f 3637/3637 3627/3627 3568/3568
f 3565/3565 3640/3640 3630/3630
f 3629/3629 3639/3639 3568/3568
f 3641/3641 3553/3553 3631/3631
f 3632/3632 3555/3555 3642/3642
f 3644/3644 3615/3615 3633/3633
f 3634/3634 3614/3614 3643/3643
f 3633/3633 3553/3553 3645/3645
f 3646/3646 3555/3555 3634/3634
f 3615/3615 3647/3647 3580/3580
f 3582/3582 3648/3648 3614/3614
f 3636/3636 3580/3580 3649/3649
f 3650/3650 3582/3582 3635/3635
f 3565/3565 3638/3638 3651/3651
f 3652/3652 3637/3637 3568/3568
f 3565/3565 3653/3653 3640/3640
f 3639/3639 3654/3654 3568/3568
f 3656/3656 3553/3553 3641/3641
f 3642/3642 3555/3555 3655/3655
f 3657/3657 3615/3615 3644/3644
f 3643/3643 3614/3614 3658/3658
f 3645/3645 3553/3553 3660/3660
f 3659/3659 3555/3555 3646/3646
f 3647/3647 3615/3615 3662/3662
f 3661/3661 3614/3614 3648/3648
f 3580/3580 3647/3647 3664/3664
f 3663/3663 3648/3648 3582/3582
f 3649/3649 3580/3580 3666/3666
f 3665/3665 3582/3582 3650/3650
f 3565/3565 3651/3651 3668/3668
f 3667/3667 3652/3652 3568/3568
f 3565/3565 3669/3669 3653/3653
f 3654/3654 3670/3670 3568/3568
f 3672/3672 3553/3553 3656/3656
f 3655/3655 3555/3555 3671/3671
f 3673/3673 3615/3615 3657/3657
f 3658/3658 3614/3614 3674/3674
f 3660/3660 3553/3553 3676/3676
f 3675/3675 3555/3555 3659/3659
f 3662/3662 3615/3615 3678/3678
f 3677/3677 3614/3614 3661/3661
f 3580/3580 3664/3664 3679/3679
f 3680/3680 3663/3663 3582/3582
f 3666/3666 3580/3580 3681/3681
f 3682/3682 3582/3582 3665/3665
f 3565/3565 3668/3668 3684/3684
f 3683/3683 3667/3667 3568/3568
f 3565/3565 3685/3685 3669/3669
f 3670/3670 3686/3686 3568/3568
f 3688/3688 3553/3553 3672/3672
f 3671/3671 3555/3555 3687/3687
f 3678/3678 3615/3615 3673/3673
f 3674/3674 3614/3614 3677/3677
f 3676/3676 3553/3553 3689/3689
f 3690/3690 3555/3555 3675/3675
f 3580/3580 3679/3679 3692/3692
f 3691/3691 3680/3680 3582/3582
f 3681/3681 3580/3580 3693/3693
f 3694/3694 3582/3582 3682/3682
f 3565/3565 3684/3684 3696/3696
f 3695/3695 3683/3683 3568/3568
f 3565/3565 3697/3697 3685/3685
f 3686/3686 3698/3698 3568/3568
f 3699/3699 3553/3553 3688/3688
f 3687/3687 3555/3555 3700/3700
f 3689/3689 3553/3553 3702/3702
f 3701/3701 3555/3555 3690/3690
f 3580/3580 3692/3692 3703/3703
f 3704/3704 3691/3691 3582/3582
f 3693/3693 3580/3580 3705/3705
f 3706/3706 3582/3582 3694/3694
f 3565/3565 3696/3696 3707/3707
f 3708/3708 3695/3695 3568/3568
f 3565/3565 3709/3709 3697/3697
f 3698/3698 3710/3710 3568/3568
f 3711/3711 3553/3553 3699/3699
f 3700/3700 3555/3555 3712/3712
f 3702/3702 3553/3553 3714/3714
f 3713/3713 3555/3555 3701/3701
f 3716/3716 3580/3580 3703/3703
f 3704/3704 3582/3582 3715/3715
f 3705/3705 3580/3580 3718/3718
f 3717/3717 3582/3582 3706/3706
f 3565/3565 3707/3707 3709/3709
f 3710/3710 3708/3708 3568/3568
f 3714/3714 3553/3553 3711/3711
f 3712/3712 3555/3555 3713/3713
f 3720/3720 3580/3580 3716/3716
f 3715/3715 3582/3582 3719/3719
f 3718/3718 3580/3580 3720/3720
f 3719/3719 3582/3582 3717/3717
f 3721/3721 3727/3727 3738/3738
f 3734/3734 3729/3729 3723/3723
f 3727/3727 3721/3721 3741/3741
f 3739/3739 3723/3723 3729/3729
f 3748/3748 3733/3733 3728/3728
f 3732/3732 3735/3735 3746/3746
f 3738/3738 3754/3754 3721/3721
f 3723/3723 3753/3753 3734/3734
f 3762/3762 3744/3744 3725/3725
f 3722/3722 3742/3742 3760/3760
f 3727/3727 3741/3741 3764/3764
f 3768/3768 3739/3739 3729/3729
f 3733/3733 3748/3748 3769/3769
f 3772/3772 3746/3746 3735/3735
f 3765/3765 3747/3747 3730/3730
f 3731/3731 3745/3745 3763/3763
f 3754/3754 3738/3738 3776/3776
f 3780/3780 3734/3734 3753/3753
f 3751/3751 3781/3781 3726/3726
f 3724/3724 3783/3783 3752/3752
f 3744/3744 3762/3762 3788/3788
f 3789/3789 3760/3760 3742/3742
f 3762/3762 3725/3725 3797/3797
f 3798/3798 3722/3722 3760/3760
f 3764/3764 3741/3741 3803/3803
f 3804/3804 3739/3739 3768/3768
f 3750/3750 3806/3806 3770/3770
f 3773/3773 3807/3807 3749/3749
f 3771/3771 3811/3811 3737/3737
f 3736/3736 3812/3812 3774/3774
f 3747/3747 3765/3765 3822/3822
f 3820/3820 3763/3763 3745/3745
f 3776/3776 3738/3738 3813/3813
f 3815/3815 3734/3734 3780/3780
f 3779/3779 3826/3826 3755/3755
f 3756/3756 3824/3824 3775/3775
f 3781/3781 3751/3751 3831/3831
f 3832/3832 3752/3752 3783/3783
f 3835/3835 3725/3725 3786/3786
f 3785/3785 3722/3722 3834/3834
f 3759/3759 3843/3843 3792/3792
f 3787/3787 3839/3839 3758/3758
f 3848/3848 3743/3743 3791/3791
f 3790/3790 3740/3740 3850/3850
f 3797/3797 3725/3725 3854/3854
f 3855/3855 3722/3722 3798/3798
f 3796/3796 3827/3827 3757/3757
f 3761/3761 3823/3823 3794/3794
f 3803/3803 3741/3741 3776/3776
f 3780/3780 3739/3739 3804/3804
f 3802/3802 3817/3817 3766/3766
f 3767/3767 3821/3821 3801/3801
f 3806/3806 3750/3750 3818/3818
f 3819/3819 3749/3749 3807/3807
f 3811/3811 3771/3771 3809/3809
f 3805/3805 3774/3774 3812/3812
f 3776/3776 3813/3813 3803/3803
f 3804/3804 3815/3815 3780/3780
f 3826/3826 3779/3779 3842/3842
f 3841/3841 3775/3775 3824/3824
f 3755/3755 3826/3826 3862/3862
f 3857/3857 3824/3824 3756/3756
f 3755/3755 3865/3865 3830/3830
f 3829/3829 3863/3863 3756/3756
f 3872/3872 3725/3725 3835/3835
f 3834/3834 3722/3722 3871/3871
f 3874/3874 3837/3837 3782/3782
f 3784/3784 3836/3836 3873/3873
f 3843/3843 3759/3759 3825/3825
f 3828/3828 3758/3758 3839/3839
f 3792/3792 3843/3843 3846/3846
f 3849/3849 3839/3839 3787/3787
f 3743/3743 3848/3848 3875/3875
f 3876/3876 3850/3850 3740/3740
f 3854/3854 3725/3725 3885/3885
f 3882/3882 3722/3722 3855/3855
f 3892/3892 3795/3795 3856/3856
f 3852/3852 3793/3793 3889/3889
f 3827/3827 3796/3796 3859/3859
f 3860/3860 3794/3794 3823/3823
f 3776/3776 3741/3741 3878/3878
f 3880/3880 3739/3739 3780/3780
f 3817/3817 3802/3802 3897/3897
f 3895/3895 3801/3801 3821/3821
f 3806/3806 3818/3818 3894/3894
f 3893/3893 3819/3819 3807/3807
f 3898/3898 3816/3816 3808/3808
f 3810/3810 3814/3814 3896/3896
f 3816/3816 3898/3898 3799/3799
f 3800/3800 3896/3896 3814/3814
f 3877/3877 3844/3844 3778/3778
f 3777/3777 3840/3840 3879/3879
f 3755/3755 3862/3862 3891/3891
f 3888/3888 3857/3857 3756/3756
f 3755/3755 3903/3903 3865/3865
f 3863/3863 3900/3900 3756/3756
f 3905/3905 3725/3725 3872/3872
f 3871/3871 3722/3722 3910/3910
f 3902/3902 3870/3870 3833/3833
f 3838/3838 3867/3867 3904/3904
f 3837/3837 3874/3874 3901/3901
f 3899/3899 3873/3873 3836/3836
f 3844/3844 3877/3877 3845/3845
f 3847/3847 3879/3879 3840/3840
f 3885/3885 3725/3725 3916/3916
f 3911/3911 3722/3722 3882/3882
f 3918/3918 3851/3851 3886/3886
f 3884/3884 3853/3853 3917/3917
f 3795/3795 3892/3892 3858/3858
f 3861/3861 3889/3889 3793/3793
f 3851/3851 3918/3918 3890/3890
f 3887/3887 3917/3917 3853/3853
f 3755/3755 3891/3891 3922/3922
f 3921/3921 3888/3888 3756/3756
f 3755/3755 3926/3926 3903/3903
f 3900/3900 3923/3923 3756/3756
f 3901/3901 3874/3874 3864/3864
f 3866/3866 3873/3873 3899/3899
f 3929/3929 3725/3725 3905/3905
f 3910/3910 3722/3722 3932/3932
f 3924/3924 3909/3909 3869/3869
f 3868/3868 3907/3907 3927/3927
f 3870/3870 3902/3902 3925/3925
f 3928/3928 3904/3904 3867/3867
f 3916/3916 3725/3725 3935/3935
f 3937/3937 3722/3722 3911/3911
f 3946/3946 3881/3881 3912/3912
f 3914/3914 3883/3883 3944/3944
f 3881/3881 3946/3946 3920/3920
f 3919/3919 3944/3944 3883/3883
f 3755/3755 3922/3922 3941/3941
f 3942/3942 3921/3921 3756/3756
f 3755/3755 3950/3950 3926/3926
f 3923/3923 3952/3952 3756/3756
f 3956/3956 3725/3725 3929/3929
f 3932/3932 3722/3722 3955/3955
f 3951/3951 3931/3931 3908/3908
f 3906/3906 3934/3934 3948/3948
f 3909/3909 3924/3924 3949/3949
f 3947/3947 3927/3927 3907/3907
f 3935/3935 3725/3725 3964/3964
f 3962/3962 3722/3722 3937/3937
f 3965/3965 3913/3913 3936/3936
f 3939/3939 3915/3915 3968/3968
f 3913/3913 3965/3965 3945/3945
f 3943/3943 3968/3968 3915/3915
f 3755/3755 3941/3941 3969/3969
f 3966/3966 3942/3942 3756/3756
f 3755/3755 3976/3976 3950/3950
f 3952/3952 3971/3971 3756/3756
f 3964/3964 3725/3725 3956/3956
f 3955/3955 3722/3722 3962/3962
f 3974/3974 3954/3954 3930/3930
f 3933/3933 3958/3958 3972/3972
f 3931/3931 3951/3951 3973/3973
f 3975/3975 3948/3948 3934/3934
f 3979/3979 3938/3938 3961/3961
f 3959/3959 3940/3940 3981/3981
f 3938/3938 3979/3979 3967/3967
f 3970/3970 3981/3981 3940/3940
f 3755/3755 3969/3969 3977/3977
f 3978/3978 3966/3966 3756/3756
f 3755/3755 3988/3988 3976/3976
f 3971/3971 3985/3985 3756/3756
f 3983/3983 3960/3960 3957/3957
f 3953/3953 3963/3963 3986/3986
f 3954/3954 3974/3974 3984/3984
f 3987/3987 3972/3972 3958/3958
f 3960/3960 3983/3983 3980/3980
f 3982/3982 3986/3986 3963/3963
f 3755/3755 3977/3977 3988/3988
f 3985/3985 3978/3978 3756/3756
f 3995/3995 4005/4005 3998/3998
f 3997/3997 4006/4006 3994/3994
f 3998/3998 4014/4014 3995/3995
f 3994/3994 4011/4011 3997/3997
f 3999/3999 4017/4017 3992/3992
f 3989/3989 4019/4019 4000/4000
f 3992/3992 4025/4025 3999/3999
f 4000/4000 4028/4028 3989/3989
f 4004/4004 4033/4033 3996/3996
f 3993/3993 4035/4035 4002/4002
f 3996/3996 4041/4041 4004/4004
f 4002/4002 4043/4043 3993/3993
f 4005/4005 3995/3995 4037/4037
f 4034/4034 3994/3994 4006/4006
f 4017/4017 3999/3999 4010/4010
f 4007/4007 4000/4000 4019/4019
f 4014/4014 3998/3998 4026/4026
f 4024/4024 3997/3997 4011/4011
f 4041/4041 3996/3996 4013/4013
f 4012/4012 3993/3993 4043/4043
f 4046/4046 3991/3991 4021/4021
f 4018/4018 3990/3990 4045/4045
f 4025/4025 3992/3992 4054/4054
f 4055/4055 3989/3989 4028/4028
f 3991/3991 4046/4046 4029/4029
f 4031/4031 4045/4045 3990/3990
f 4029/4029 4053/4053 3991/3991
f 3990/3990 4051/4051 4031/4031
f 4033/4033 4004/4004 4066/4066
f 4061/4061 4002/4002 4035/4035
f 4067/4067 4001/4001 4042/4042
f 4044/4044 4003/4003 4070/4070
f 4036/4036 4022/4022 4009/4009
f 4008/4008 4020/4020 4038/4038
f 4056/4056 4016/4016 4027/4027
f 4023/4023 4015/4015 4052/4052
f 4016/4016 4056/4056 4039/4039
f 4040/4040 4052/4052 4015/4015
f 4022/4022 4065/4065 4047/4047
f 4050/4050 4064/4064 4020/4020
f 4077/4077 4030/4030 4048/4048
f 4049/4049 4032/4032 4074/4074
f 4053/4053 4029/4029 4084/4084
f 4080/4080 4031/4031 4051/4051
f 4057/4057 4062/4062 4001/4001
f 4003/4003 4063/4063 4059/4059
f 4001/4001 4067/4067 4057/4057
f 4059/4059 4070/4070 4003/4003
f 4022/4022 4036/4036 4065/4065
f 4064/4064 4038/4038 4020/4020
f 4039/4039 4082/4082 4072/4072
f 4069/4069 4083/4083 4040/4040
f 4039/4039 4056/4056 4082/4082
f 4083/4083 4052/4052 4040/4040
f 4047/4047 4065/4065 4092/4092
f 4091/4091 4064/4064 4050/4050
f 4030/4030 4077/4077 4087/4087
f 4088/4088 4074/4074 4032/4032
f 4047/4047 4092/4092 4076/4076
f 4073/4073 4091/4091 4050/4050
f 4087/4087 4081/4081 4030/4030
f 4032/4032 4079/4079 4088/4088
f 4062/4062 4057/4057 4093/4093
f 4090/4090 4059/4059 4063/4063
f 4071/4071 4096/4096 4058/4058
f 4060/4060 4098/4098 4068/4068
f 4072/4072 4082/4082 4101/4101
f 4104/4104 4083/4083 4069/4069
f 4075/4075 4105/4105 4086/4086
f 4085/4085 4106/4106 4078/4078
f 4076/4076 4092/4092 4109/4109
f 4112/4112 4091/4091 4073/4073
f 4081/4081 4087/4087 4099/4099
f 4102/4102 4088/4088 4079/4079
f 4114/4114 4058/4058 4096/4096
f 4098/4098 4060/4060 4110/4110
f 4058/4058 4114/4114 4094/4094
f 4089/4089 4110/4110 4060/4060
f 4096/4096 4071/4071 4115/4115
f 4118/4118 4068/4068 4098/4098
f 4072/4072 4101/4101 4116/4116
f 4120/4120 4104/4104 4069/4069
f 4105/4105 4075/4075 4121/4121
f 4124/4124 4078/4078 4106/4106
f 4130/4130 4086/4086 4105/4105
f 4106/4106 4085/4085 4128/4128
f 4076/4076 4109/4109 4122/4122
f 4125/4125 4112/4112 4073/4073
f 4086/4086 4130/4130 4100/4100
f 4103/4103 4128/4128 4085/4085
f 4097/4097 4138/4138 4111/4111
f 4113/4113 4142/4142 4095/4095
f 4119/4119 4133/4133 4097/4097
f 4095/4095 4135/4135 4117/4117
f 4116/4116 4101/4101 4131/4131
f 4132/4132 4104/4104 4120/4120
f 4123/4123 4143/4143 4107/4107
f 4108/4108 4144/4144 4126/4126
f 4107/4107 4147/4147 4127/4127
f 4129/4129 4149/4149 4108/4108
f 4122/4122 4109/4109 4137/4137
f 4139/4139 4112/4112 4125/4125
f 4138/4138 4097/4097 4133/4133
f 4135/4135 4095/4095 4142/4142
f 4133/4133 4119/4119 4153/4153
f 4156/4156 4117/4117 4135/4135
f 4116/4116 4131/4131 4154/4154
f 4157/4157 4132/4132 4120/4120
f 4143/4143 4123/4123 4161/4161
f 4163/4163 4126/4126 4144/4144
f 4147/4147 4107/4107 4143/4143
f 4144/4144 4108/4108 4149/4149
f 4154/4154 4131/4131 4151/4151
f 4150/4150 4132/4132 4157/4157
f 4122/4122 4137/4137 4162/4162
f 4160/4160 4139/4139 4125/4125
f 4134/4134 4170/4170 4141/4141
f 4140/4140 4171/4171 4136/4136
f 4155/4155 4166/4166 4134/4134
f 4136/4136 4168/4168 4158/4158
f 4164/4164 4178/4178 4146/4146
f 4145/4145 4175/4175 4159/4159
f 4146/4146 4180/4180 4152/4152
f 4148/4148 4183/4183 4145/4145
f 4154/4154 4151/4151 4187/4187
f 4186/4186 4150/4150 4157/4157
f 4162/4162 4137/4137 4174/4174
f 4173/4173 4139/4139 4160/4160
f 4170/4170 4134/4134 4166/4166
f 4168/4168 4136/4136 4171/4171
f 4166/4166 4155/4155 4189/4189
f 4185/4185 4158/4158 4168/4168
f 4178/4178 4164/4164 4194/4194
f 4192/4192 4159/4159 4175/4175
f 4180/4180 4146/4146 4178/4178
f 4175/4175 4145/4145 4183/4183
f 4187/4187 4151/4151 4184/4184
f 4179/4179 4150/4150 4186/4186
f 4162/4162 4174/4174 4191/4191
f 4195/4195 4173/4173 4160/4160
f 4165/4165 4204/4204 4172/4172
f 4169/4169 4201/4201 4167/4167
f 4188/4188 4198/4198 4165/4165
f 4167/4167 4200/4200 4190/4190
f 4196/4196 4208/4208 4176/4176
f 4177/4177 4210/4210 4193/4193
f 4176/4176 4211/4211 4182/4182
f 4181/4181 4216/4216 4177/4177
f 4187/4187 4184/4184 4217/4217
f 4221/4221 4179/4179 4186/4186
f 4191/4191 4174/4174 4205/4205
f 4202/4202 4173/4173 4195/4195
f 4204/4204 4165/4165 4198/4198
f 4200/4200 4167/4167 4201/4201
f 4198/4198 4188/4188 4222/4222
f 4220/4220 4190/4190 4200/4200
f 4208/4208 4196/4196 4223/4223
f 4226/4226 4193/4193 4210/4210
f 4211/4211 4176/4176 4208/4208
f 4210/4210 4177/4177 4216/4216
f 4217/4217 4184/4184 4212/4212
f 4214/4214 4179/4179 4221/4221
f 4191/4191 4205/4205 4225/4225
f 4227/4227 4202/4202 4195/4195
f 4199/4199 4233/4233 4206/4206
f 4203/4203 4234/4234 4197/4197
f 4219/4219 4230/4230 4199/4199
f 4197/4197 4229/4229 4218/4218
f 4228/4228 4240/4240 4207/4207
f 4209/4209 4241/4241 4224/4224
f 4207/4207 4245/4245 4213/4213
f 4215/4215 4248/4248 4209/4209
f 4217/4217 4212/4212 4252/4252
f 4254/4254 4214/4214 4221/4221
f 4225/4225 4205/4205 4237/4237
f 4236/4236 4202/4202 4227/4227
f 4233/4233 4199/4199 4230/4230
f 4229/4229 4197/4197 4234/4234
f 4230/4230 4219/4219 4251/4251
f 4249/4249 4218/4218 4229/4229
f 4240/4240 4228/4228 4258/4258
f 4255/4255 4224/4224 4241/4241
f 4245/4245 4207/4207 4240/4240
f 4241/4241 4209/4209 4248/4248
f 4252/4252 4212/4212 4244/4244
f 4243/4243 4214/4214 4254/4254
f 4225/4225 4237/4237 4257/4257
f 4260/4260 4236/4236 4227/4227
f 4231/4231 4267/4267 4238/4238
f 4235/4235 4270/4270 4232/4232
f 4250/4250 4262/4262 4231/4231
f 4232/4232 4264/4264 4253/4253
f 4256/4256 4274/4274 4242/4242
f 4239/4239 4272/4272 4259/4259
f 4242/4242 4277/4277 4247/4247
f 4246/4246 4275/4275 4239/4239
f 4252/4252 4244/4244 4285/4285
f 4282/4282 4243/4243 4254/4254
f 4257/4257 4237/4237 4266/4266
f 4269/4269 4236/4236 4260/4260
f 4267/4267 4231/4231 4262/4262
f 4264/4264 4232/4232 4270/4270
f 4262/4262 4250/4250 4284/4284
f 4281/4281 4253/4253 4264/4264
f 4274/4274 4256/4256 4288/4288
f 4291/4291 4259/4259 4272/4272
f 4277/4277 4242/4242 4274/4274
f 4272/4272 4239/4239 4275/4275
f 4285/4285 4244/4244 4280/4280
f 4278/4278 4243/4243 4282/4282
f 4257/4257 4266/4266 4292/4292
f 4287/4287 4269/4269 4260/4260
f 4294/4294 4265/4265 4261/4261
f 4263/4263 4268/4268 4296/4296
f 4299/4299 4261/4261 4283/4283
f 4286/4286 4263/4263 4300/4300
f 4307/4307 4271/4271 4290/4290
f 4289/4289 4273/4273 4304/4304
f 4309/4309 4279/4279 4271/4271
f 4273/4273 4276/4276 4311/4311
f 4285/4285 4280/4280 4301/4301
f 4298/4298 4278/4278 4282/4282
f 4292/4292 4266/4266 4314/4314
f 4317/4317 4269/4269 4287/4287
f 4261/4261 4299/4299 4294/4294
f 4296/4296 4300/4300 4263/4263
f 4265/4265 4294/4294 4313/4313
f 4318/4318 4296/4296 4268/4268
f 4271/4271 4307/4307 4309/4309
f 4311/4311 4304/4304 4273/4273
f 4292/4292 4314/4314 4303/4303
f 4308/4308 4317/4317 4287/4287
f 4279/4279 4309/4309 4320/4320
f 4324/4324 4311/4311 4276/4276
f 4301/4301 4280/4280 4323/4323
f 4321/4321 4278/4278 4298/4298
f 4333/4333 4293/4293 4297/4297
f 4302/4302 4295/4295 4331/4331
f 4327/4327 4316/4316 4293/4293
f 4295/4295 4315/4315 4326/4326
f 4335/4335 4312/4312 4305/4305
f 4306/4306 4310/4310 4336/4336
f 4303/4303 4314/4314 4345/4345
f 4342/4342 4317/4317 4308/4308
f 4349/4349 4322/4322 4312/4312
f 4310/4310 4319/4319 4348/4348
f 4301/4301 4323/4323 4334/4334
f 4330/4330 4321/4321 4298/4298
f 4293/4293 4333/4333 4327/4327
f 4326/4326 4331/4331 4295/4295
f 4316/4316 4327/4327 4344/4344
f 4341/4341 4326/4326 4315/4315
f 4312/4312 4335/4335 4349/4349
f 4348/4348 4336/4336 4310/4310
f 4303/4303 4345/4345 4339/4339
f 4337/4337 4342/4342 4308/4308
f 4322/4322 4349/4349 4354/4354
f 4351/4351 4348/4348 4319/4319
f 4334/4334 4323/4323 4353/4353
f 4355/4355 4321/4321 4330/4330
f 4363/4363 4328/4328 4332/4332
f 4329/4329 4325/4325 4364/4364
f 4358/4358 4343/4343 4328/4328
f 4325/4325 4346/4346 4360/4360
f 4370/4370 4350/4350 4340/4340
f 4338/4338 4347/4347 4369/4369
f 4339/4339 4345/4345 4367/4367
f 4368/4368 4342/4342 4337/4337
f 4359/4359 4352/4352 4350/4350
f 4347/4347 4356/4356 4357/4357
f 4334/4334 4353/4353 4362/4362
f 4365/4365 4355/4355 4330/4330
f 4350/4350 4370/4370 4359/4359
f 4357/4357 4369/4369 4347/4347
f 4328/4328 4363/4363 4358/4358
f 4360/4360 4364/4364 4325/4325
f 4343/4343 4358/4358 4371/4371
f 4372/4372 4360/4360 4346/4346
f 4352/4352 4359/4359 4361/4361
f 4366/4366 4357/4357 4356/4356
f 4373/4373 4376/4376 4377/4377
f 4378/4378 4375/4375 4374/4374
f 4376/4376 4373/4373 4379/4379
f 4380/4380 4374/4374 4375/4375
f 4379/4379 4373/4373 4381/4381
f 4382/4382 4374/4374 4380/4380
f 4379/4379 4381/4381 4383/4383
f 4384/4384 4382/4382 4380/4380
f 4383/4383 4381/4381 4385/4385
f 4386/4386 4382/4382 4384/4384
f 4383/4383 4385/4385 4387/4387
f 4388/4388 4386/4386 4384/4384
f 4387/4387 4385/4385 4390/4390
f 4389/4389 4386/4386 4388/4388
f 4387/4387 4390/4390 4392/4392
f 4391/4391 4389/4389 4388/4388
f 4392/4392 4390/4390 4394/4394
f 4393/4393 4389/4389 4391/4391
f 4392/4392 4394/4394 4396/4396
f 4395/4395 4393/4393 4391/4391
f 4396/4396 4394/4394 4398/4398
f 4397/4397 4393/4393 4395/4395
f 4396/4396 4398/4398 4400/4400
f 4399/4399 4397/4397 4395/4395
f 4400/4400 4398/4398 4401/4401
f 4402/4402 4397/4397 4399/4399
f 4400/4400 4401/4401 4404/4404
f 4403/4403 4402/4402 4399/4399
f 4404/4404 4401/4401 4406/4406
f 4405/4405 4402/4402 4403/4403
f 4404/4404 4406/4406 4408/4408
f 4407/4407 4405/4405 4403/4403
f 4408/4408 4406/4406 4409/4409
f 4410/4410 4405/4405 4407/4407
f 4408/4408 4409/4409 4412/4412
f 4411/4411 4410/4410 4407/4407
f 4412/4412 4409/4409 4414/4414
f 4413/4413 4410/4410 4411/4411
f 4412/4412 4414/4414 4416/4416
f 4415/4415 4413/4413 4411/4411
f 4416/4416 4414/4414 4418/4418
f 4417/4417 4413/4413 4415/4415
f 4416/4416 4418/4418 4419/4419
f 4420/4420 4417/4417 4415/4415

