# SSTK version 0.8.0
# 1
mtllib original-1.mtl
o mesh1/mesh1-geometry#mesh1-geometry
v 0.211823 -0.610240 -0.513526
v 0.211823 -0.609059 0.127711
v 0.211823 -0.610240 0.109693
v 0.211823 -0.609213 -0.529192
v -0.182197 -0.610240 0.109693
v -0.182197 -0.610240 -0.513526
v -0.182197 -0.609213 -0.529192
v 0.211823 -0.606151 -0.544590
v -0.182197 -0.609059 0.127711
v -0.182197 -0.606151 -0.544590
v 0.211823 -0.605537 0.145420
v -0.182197 -0.601104 -0.559457
v 0.211823 -0.601104 -0.559457
v -0.182197 -0.605537 0.145420
v 0.211823 -0.599733 0.162518
v -0.182197 -0.594160 -0.573537
v -0.182197 -0.599733 0.162518
v 0.211823 -0.594160 -0.573537
v 0.211823 -0.591746 0.178713
v -0.182197 -0.585438 -0.586591
v -0.182197 -0.591746 0.178713
v 0.211823 -0.585438 -0.586591
v 0.211823 -0.581715 0.193726
v -0.182197 -0.575087 -0.598394
v -0.182197 -0.581715 0.193726
v 0.211823 -0.575087 -0.598394
v 0.211823 -0.569809 0.207302
v 0.211823 -0.563283 -0.608746
v -0.182197 -0.569809 0.207302
v -0.182197 -0.563283 -0.608746
v 0.211823 -0.556234 0.219207
v -0.182197 -0.556234 0.219207
v 0.211823 -0.550229 -0.617468
v -0.182197 -0.550229 -0.617468
v 0.211823 -0.541220 0.229239
v -0.182197 -0.541220 0.229239
v 0.211823 -0.536149 -0.624412
v -0.182197 -0.536149 -0.624412
v 0.211823 -0.525026 0.237225
v -0.182197 -0.525026 0.237225
v 0.211823 -0.521282 -0.629459
v -0.182197 -0.521282 -0.629459
v 0.211823 -0.507927 0.243029
v -0.182197 -0.507927 0.243029
v 0.211823 -0.505884 -0.632521
v -0.182197 -0.505884 -0.632521
v 0.211823 -0.490218 0.246552
v -0.182197 -0.490218 0.246552
v 0.211823 -0.490218 -0.633548
v -0.182197 -0.490218 -0.633548
v 0.211823 0.157811 -0.633548
v -0.182197 -0.472200 0.247733
v 0.211823 -0.472200 0.247733
v -0.182197 0.157811 -0.633548
v 0.211823 0.144453 0.247733
v -0.182197 0.144453 0.247733
v 0.211823 0.173466 -0.629207
v 0.211823 0.160976 0.246650
v -0.182197 0.173466 -0.629207
v -0.182197 0.160976 0.246650
v 0.211823 0.188531 -0.623127
v 0.211823 0.177216 0.243419
v -0.182197 0.177216 0.243419
v -0.182197 0.188531 -0.623127
v 0.211823 0.202813 -0.615387
v 0.211823 0.192896 0.238097
v -0.182197 0.192896 0.238097
v -0.182197 0.202813 -0.615387
v 0.211823 0.216132 -0.606084
v 0.211823 0.207747 0.230773
v -0.182197 0.207747 0.230773
v -0.182197 0.216132 -0.606084
v 0.211823 0.228316 -0.595338
v 0.211823 0.221515 0.221574
v -0.182197 0.221515 0.221574
v -0.182197 0.228316 -0.595338
v -0.182197 0.239209 -0.583286
v 0.211823 0.233964 0.210656
v -0.182197 0.233964 0.210656
v 0.211823 0.239209 -0.583286
v -0.182197 0.248673 -0.570082
v -0.182197 0.244882 0.198207
v 0.211823 0.244882 0.198207
v 0.211823 0.248673 -0.570082
v -0.182197 0.256587 -0.555894
v -0.182197 0.254081 0.184439
v 0.211823 0.254081 0.184439
v 0.211823 0.256587 -0.555894
v -0.182197 0.262849 -0.540904
v -0.182197 0.261405 0.169588
v 0.211823 0.261405 0.169588
v 0.211823 0.262849 -0.540904
v -0.182197 0.267381 -0.525303
v -0.182197 0.266727 0.153908
v 0.211823 0.266727 0.153908
v 0.211823 0.267381 -0.525303
v -0.182197 0.270123 -0.509291
v -0.182197 0.269958 0.137668
v 0.211823 0.269958 0.137668
v 0.211823 0.270123 -0.509291
v -0.182197 0.271041 -0.493071
v -0.182197 0.271041 0.121145
v 0.202367 0.269958 0.137668
v 0.211823 0.271041 0.121145
v -0.175749 0.271041 -0.493071
v 0.082055 0.269958 0.137668
v 0.211823 0.271041 -0.493071
v 0.202367 0.271041 -0.493071
v -0.175749 0.271041 0.106135
v 0.202367 0.271041 0.121145
v 0.082055 0.274271 0.137385
v 0.202367 0.265718 0.136824
v 0.202367 0.129675 -0.493071
v -0.175749 0.266919 0.106682
v -0.175749 0.270803 0.106108
v -0.175749 0.271041 0.121145
v 0.082055 0.271041 0.121145
v 0.202367 0.274271 0.137385
v 0.082055 0.271041 0.130168
v 0.082055 0.265718 0.136824
v 0.202367 0.271041 0.104693
v -0.175749 0.129675 -0.493071
v 0.202367 0.254518 0.120062
v -0.175749 0.263316 0.108241
v -0.071342 0.271041 0.121145
v -0.175749 0.271279 0.136182
v 0.082055 0.271041 0.112122
v 0.082055 0.254589 0.121145
v -0.058445 0.271041 0.121145
v 0.082055 0.278365 0.135996
v 0.082055 0.268705 0.129861
v 0.082055 0.273376 0.129861
v 0.082055 0.266529 0.128959
v 0.202367 0.261842 0.134913
v 0.202367 0.267811 0.104905
v 0.202367 0.272124 0.104622
v -0.175749 0.129675 0.121145
v 0.052256 0.129675 -0.368461
v 0.202367 0.255361 0.115822
v 0.202367 0.254589 0.121145
v -0.175749 0.260240 0.110680
v -0.059311 0.271041 0.121145
v -0.175749 0.256031 0.121145
v -0.175749 0.267379 0.135731
v -0.175749 0.274703 0.106559
v 0.082055 0.268705 0.112429
v -0.059311 0.271041 0.112122
v 0.082055 0.262018 0.121145
v -0.058445 0.256031 0.121145
v -0.059311 0.262018 0.121145
v 0.202367 0.278365 0.135996
v 0.082055 0.275553 0.128959
v -0.071342 0.271041 0.130168
v -0.071342 0.273376 0.129861
v 0.082055 0.264660 0.127525
v 0.082055 0.261842 0.134913
v 0.202367 0.258592 0.132063
v 0.202367 0.263717 0.106294
v 0.082055 0.271041 0.104693
v -0.050155 0.129675 -0.024870
v -0.024504 0.129675 -0.368461
v 0.055584 0.129675 -0.368243
v 0.202367 0.257273 0.111946
v 0.202367 0.129675 0.121145
v -0.175749 0.257899 0.113833
v -0.071342 0.262018 0.121145
v -0.071342 0.271041 0.112122
v -0.175749 0.256455 0.117483
v -0.175749 0.256578 0.125267
v -0.175749 0.263729 0.134287
v -0.058445 0.267379 0.135731
v -0.175749 0.275163 0.135608
v -0.058445 0.274703 0.106559
v 0.082055 0.266529 0.113330
v -0.059311 0.268705 0.112429
v 0.082055 0.273376 0.112429
v 0.202367 0.254801 0.124375
v 0.082055 0.254801 0.124375
v 0.082055 0.262325 0.118809
v -0.058445 0.256578 0.125267
v 0.202367 0.276363 0.105465
v 0.082055 0.281959 0.133594
v 0.082055 0.277421 0.127525
v -0.071342 0.268705 0.129861
v -0.071342 0.275553 0.128959
v 0.082055 0.263226 0.125657
v -0.071342 0.266529 0.128959
v 0.082055 0.262325 0.123480
v 0.202367 0.256190 0.128469
v 0.202367 0.260123 0.108695
v 0.082055 0.272124 0.104622
v -0.048940 0.129675 -0.021293
v -0.050892 0.129675 -0.028576
v -0.027980 0.129675 -0.368234
v 0.007516 0.160385 -0.368461
v 0.058856 0.129675 -0.367592
v 0.055584 0.298111 -0.368243
v 0.076554 0.129675 -0.029626
v -0.071342 0.262325 0.123480
v -0.175749 0.256004 0.121383
v -0.175749 0.258137 0.128870
v -0.175749 0.260577 0.131946
v -0.058445 0.263729 0.134287
v -0.058445 0.271279 0.136182
v -0.175749 0.278353 0.108003
v -0.058445 0.271041 0.106135
v -0.058445 0.278353 0.108003
v 0.082055 0.264660 0.114764
v -0.059311 0.266529 0.113330
v -0.071342 0.273376 0.112429
v 0.082055 0.256190 0.128469
v 0.082055 0.263226 0.116633
v -0.059311 0.262325 0.118809
v -0.058445 0.256004 0.121383
v -0.058445 0.258137 0.128870
v 0.202367 0.280240 0.107377
v 0.202367 0.281959 0.133594
v 0.082055 0.278855 0.125657
v -0.071342 0.277421 0.127525
v -0.071342 0.263226 0.125657
v -0.071342 0.264660 0.127525
v 0.082055 0.258592 0.132063
v -0.047269 0.129675 -0.017905
v -0.048940 0.298111 -0.021293
v -0.050155 0.298111 -0.024870
v -0.051139 0.129675 -0.032345
v -0.031397 0.129675 -0.367554
v -0.024504 0.163310 -0.368461
v 0.010862 0.164745 -0.368461
v 0.003156 0.157039 -0.368461
v 0.062015 0.129675 -0.366520
v 0.058856 0.298111 -0.367592
v 0.052256 0.298111 -0.368461
v 0.075070 0.129675 -0.025254
v 0.077455 0.129675 -0.034154
v 0.060109 0.129675 -0.008194
v -0.058445 0.260577 0.131946
v -0.058445 0.275163 0.135608
v -0.175749 0.278766 0.134048
v -0.059311 0.264660 0.114764
v 0.082055 0.275553 0.113330
v -0.059311 0.263226 0.116633
v 0.082055 0.276363 0.105465
v 0.202367 0.284809 0.130344
v 0.082055 0.279757 0.123480
v -0.071342 0.277421 0.114764
v -0.071342 0.275553 0.113330
v -0.045171 0.129675 -0.014764
v -0.047269 0.298111 -0.017905
v -0.050892 0.298111 -0.028576
v -0.051139 0.129675 -0.341826
v -0.034696 0.129675 -0.366434
v -0.027980 0.298111 -0.368234
v -0.024504 0.187236 -0.368461
v -0.022259 0.160385 -0.368461
v 0.012965 0.169823 -0.368461
v 0.010862 0.185800 -0.368461
v -0.001922 0.154936 -0.368461
v 0.007516 0.190160 -0.368461
v 0.065006 0.129675 -0.365045
v 0.062015 0.298111 -0.366520
v -0.024504 0.298111 -0.368461
v 0.073028 0.129675 -0.021113
v 0.076554 0.298111 -0.029626
v 0.077757 0.129675 -0.038761
v 0.077455 0.298111 -0.034154
v 0.063948 0.129675 -0.010759
v 0.055968 0.129675 -0.006152
v -0.175749 0.281505 0.110344
v -0.058445 0.281505 0.110344
v -0.058445 0.278766 0.134048
v 0.082055 0.280240 0.107377
v 0.202367 0.283490 0.110227
v 0.082055 0.284809 0.130344
v 0.082055 0.280064 0.121145
v -0.071342 0.278855 0.125657
v -0.042680 0.129675 -0.011924
v -0.045171 0.298111 -0.014764
v 0.075070 0.298111 -0.025254
v 0.073028 0.298111 -0.021113
v -0.051139 0.298111 -0.032345
v -0.051139 0.148229 -0.089337
v -0.050911 0.129675 -0.345303
v -0.037821 0.129675 -0.364893
v -0.031397 0.298111 -0.367554
v -0.025605 0.164745 -0.368461
v -0.022259 0.190160 -0.368461
v -0.017899 0.157039 -0.368461
v 0.012965 0.180722 -0.368461
v -0.007371 0.154218 -0.368461
v 0.003156 0.193506 -0.368461
v 0.067780 0.129675 -0.363192
v 0.065006 0.298111 -0.365045
v 0.035747 0.261766 -0.368461
v 0.013697 0.292935 -0.368461
v 0.070463 0.129675 -0.017274
v 0.077757 0.129675 -0.342960
v 0.077757 0.298111 -0.038761
v 0.067419 0.129675 -0.013803
v 0.060109 0.298111 -0.008194
v 0.055968 0.298111 -0.006152
v 0.051596 0.129675 -0.004668
v -0.175749 0.281842 0.131609
v 0.082055 0.277421 0.114764
v 0.202367 0.286721 0.126467
v 0.082055 0.283490 0.110227
v 0.202367 0.285892 0.113821
v -0.071342 0.279757 0.123480
v -0.071342 0.278855 0.116633
v -0.039840 0.129675 -0.009433
v -0.042680 0.298111 -0.011924
v 0.070463 0.298111 -0.017274
v -0.051139 0.167780 -0.055474
v -0.051139 0.149634 -0.218655
v -0.051139 0.298111 -0.341826
v -0.050231 0.129675 -0.348720
v -0.040718 0.129675 -0.362957
v -0.034696 0.298111 -0.366434
v -0.025605 0.185800 -0.368461
v -0.012821 0.154936 -0.368461
v -0.017899 0.193506 -0.368461
v 0.013683 0.175273 -0.368461
v 0.011830 0.244846 -0.368461
v 0.005639 0.245907 -0.368461
v -0.001922 0.195610 -0.368461
v 0.070288 0.129675 -0.360992
v 0.067780 0.298111 -0.363192
v 0.033120 0.256060 -0.368461
v 0.036807 0.267957 -0.368461
v 0.019888 0.291874 -0.368461
v 0.007442 0.292357 -0.368461
v 0.041485 0.298111 -0.033283
v 0.077539 0.129675 -0.346288
v 0.077757 0.149515 -0.253614
v 0.077757 0.189900 -0.085478
v 0.045757 0.298111 -0.034466
v 0.063948 0.298111 -0.010759
v 0.051596 0.298111 -0.004668
v 0.047068 0.129675 -0.003767
v -0.175749 0.283944 0.113420
v -0.058445 0.281842 0.131609
v 0.082055 0.278855 0.116633
v 0.082055 0.286721 0.126467
v 0.082055 0.285892 0.113821
v 0.082055 0.279757 0.118809
v -0.071342 0.280064 0.121145
v -0.036699 0.129675 -0.007334
v 0.067419 0.298111 -0.013803
v -0.021265 0.298111 -0.032476
v -0.051139 0.206881 -0.055474
v -0.027076 0.148229 -0.089337
v -0.051139 0.158766 -0.256675
v -0.051139 0.167780 -0.123199
v -0.050911 0.298111 -0.345303
v -0.051139 0.248412 -0.326674
v -0.049111 0.129675 -0.352019
v -0.043337 0.129675 -0.360660
v -0.037821 0.298111 -0.364893
v -0.027709 0.180722 -0.368461
v 0.023977 0.247601 -0.368461
v -0.007371 0.196327 -0.368461
v -0.000067 0.248534 -0.368461
v 0.072487 0.129675 -0.358484
v 0.070288 0.298111 -0.360992
v 0.029105 0.251229 -0.368461
v 0.035747 0.261766 -0.338644
v 0.036807 0.267957 -0.338644
v 0.036230 0.274212 -0.368461
v 0.024788 0.289618 -0.368461
v 0.019888 0.291874 -0.338644
v 0.013697 0.292935 -0.338644
v 0.001550 0.290180 -0.368461
v 0.043168 0.298111 -0.033393
v 0.076888 0.129675 -0.349560
v 0.077539 0.298111 -0.346288
v 0.077757 0.164129 -0.327298
v 0.077757 0.149515 -0.217521
v 0.077757 0.164037 -0.114803
v 0.077757 0.228229 -0.093213
v 0.045168 0.298111 -0.034072
v 0.046289 0.298111 -0.034933
v -0.039840 0.298111 -0.009433
v -0.036699 0.298111 -0.007334
v -0.033310 0.298111 -0.005663
v 0.047068 0.298111 -0.003767
v 0.042461 0.129675 -0.003465
v -0.175749 0.284183 0.128457
v -0.058445 0.283944 0.113420
v 0.202367 0.287564 0.122228
v 0.202367 0.287281 0.117915
v 0.082055 0.287281 0.117915
v -0.071342 0.279757 0.118809
v -0.033310 0.129675 -0.005663
v -0.022128 0.298111 -0.033338
v -0.051139 0.226432 -0.089337
v -0.027076 0.206881 -0.055474
v -0.027076 0.167780 -0.055474
v -0.027076 0.167780 -0.123199
v -0.024069 0.158766 -0.256675
v -0.051139 0.177994 -0.191737
v 0.047939 0.298111 -0.341984
v -0.051139 0.281498 -0.326674
v -0.050231 0.298111 -0.348720
v -0.047570 0.129675 -0.355144
v -0.045635 0.129675 -0.358041
v -0.040718 0.298111 -0.362957
v -0.012821 0.195610 -0.368461
v -0.027709 0.169823 -0.368461
v 0.018085 0.245424 -0.368461
v 0.018283 0.245497 -0.368461
v 0.005639 0.245907 -0.338644
v -0.004898 0.252549 -0.368461
v -0.000067 0.248534 -0.338644
v 0.074340 0.129675 -0.355711
v 0.033120 0.256060 -0.338644
v 0.036230 0.274212 -0.338644
v 0.034053 0.280104 -0.368461
v 0.025594 0.289247 -0.368461
v 0.025594 0.289247 -0.338644
v 0.007442 0.292357 -0.338644
v -0.003579 0.286552 -0.368461
v -0.021282 0.298111 -0.033283
v 0.043862 0.298111 -0.033531
v 0.041485 0.198854 -0.033283
v 0.075816 0.129675 -0.352719
v 0.076888 0.298111 -0.349560
v 0.077757 0.298111 -0.342960
v 0.077757 0.165330 -0.330200
v 0.077757 0.163719 -0.324184
v 0.059710 0.149515 -0.217521
v 0.047939 0.189900 -0.085478
v 0.077757 0.240694 -0.130274
v 0.044533 0.298111 -0.033759
v 0.045168 0.198854 -0.034072
v 0.046756 0.298111 -0.035465
v 0.045757 0.198854 -0.034466
v -0.029733 0.298111 -0.004449
v 0.042461 0.298111 -0.003465
v -0.022259 0.129675 -0.003465
v -0.058445 0.284183 0.128457
v -0.175749 0.285504 0.117023
v 0.082055 0.287564 0.122228
v -0.029733 0.129675 -0.004449
v -0.021291 0.298111 -0.032605
v -0.021333 0.298111 -0.032729
v -0.051139 0.266142 -0.110467
v -0.051139 0.196258 -0.267776
v -0.024069 0.149634 -0.218655
v -0.051139 0.206881 -0.123199
v -0.024069 0.177994 -0.191737
v -0.021285 0.298111 -0.341403
v 0.047913 0.298111 -0.342388
v -0.021321 0.248412 -0.326674
v -0.051139 0.298041 -0.298021
v -0.049111 0.298111 -0.352019
v -0.045635 0.298111 -0.358041
v -0.043337 0.298111 -0.360660
v -0.011281 0.269824 -0.368461
v -0.028426 0.175273 -0.368461
v 0.011830 0.244846 -0.338644
v 0.023977 0.247601 -0.338644
v 0.018085 0.245424 -0.338644
v -0.008526 0.257677 -0.368461
v -0.004898 0.252549 -0.338644
v 0.072487 0.298111 -0.358484
v 0.029105 0.251229 -0.338644
v 0.047939 0.198854 -0.338644
v 0.030425 0.285233 -0.368461
v 0.034053 0.280104 -0.338644
v 0.047939 0.298111 -0.338644
v -0.021321 0.298111 -0.338644
v 0.001550 0.290180 -0.338644
v -0.007593 0.281721 -0.368461
v -0.021318 0.298111 -0.033285
v -0.021391 0.298111 -0.032846
v -0.021464 0.298111 -0.032955
v -0.021282 0.198854 -0.033283
v 0.043168 0.198854 -0.033393
v 0.075816 0.298111 -0.352719
v 0.077757 0.175750 -0.336215
v 0.077757 0.167243 -0.332692
v 0.038656 0.164129 -0.327298
v 0.038656 0.163719 -0.324184
v 0.077757 0.164129 -0.321071
v 0.077757 0.180773 -0.199474
v 0.059710 0.149515 -0.253614
v 0.047939 0.164037 -0.114803
v 0.047939 0.228229 -0.093213
v 0.047939 0.240694 -0.130274
v 0.077757 0.244137 -0.182949
v 0.044533 0.198854 -0.033759
v 0.047150 0.298111 -0.036054
v 0.046756 0.198854 -0.035465
v 0.046289 0.198854 -0.034933
v -0.026028 0.298111 -0.003712
v -0.022259 0.298111 -0.003465
v 0.042461 0.211973 -0.003465
v -0.026028 0.129675 -0.003712
v 0.024227 0.180392 -0.003465
v -0.058445 0.285627 0.124807
v -0.175749 0.285627 0.124807
v -0.058445 0.285504 0.117023
v -0.024080 0.298111 -0.338607
v -0.051139 0.286360 -0.145485
v -0.051139 0.225707 -0.110467
v -0.027076 0.226432 -0.089337
v -0.051139 0.231870 -0.298021
v -0.024069 0.196258 -0.267776
v -0.051139 0.205489 -0.145485
v -0.024069 0.215486 -0.202838
v -0.027076 0.206881 -0.123199
v -0.021321 0.298111 -0.340850
v -0.021367 0.298111 -0.340986
v 0.048024 0.298111 -0.341826
v -0.021321 0.281498 -0.326674
v -0.047570 0.298111 -0.355144
v -0.010220 0.276015 -0.368461
v -0.010703 0.263569 -0.368461
v -0.021321 0.198854 -0.338644
v 0.074340 0.298111 -0.355711
v 0.030425 0.285233 -0.338644
v -0.003579 0.286552 -0.338644
v -0.007593 0.281721 -0.338644
v -0.021550 0.298111 -0.033054
v -0.021649 0.298111 -0.033140
v -0.021758 0.298111 -0.033213
v -0.021875 0.298111 -0.033271
v -0.021321 0.298111 -0.033321
v -0.021318 0.198854 -0.033285
v -0.021321 0.198854 -0.033321
v -0.021321 0.225707 -0.110467
v 0.043862 0.198854 -0.033531
v 0.077757 0.172636 -0.335805
v 0.077757 0.178864 -0.335805
v 0.077757 0.169734 -0.334604
v 0.038656 0.165330 -0.330200
v 0.038656 0.164129 -0.321071
v 0.077757 0.180773 -0.271661
v 0.077757 0.176503 -0.151864
v 0.059710 0.180773 -0.271661
v 0.059710 0.180773 -0.199474
v 0.047939 0.176503 -0.151864
v 0.047939 0.198854 -0.087284
v 0.047939 0.214831 -0.159599
v 0.077757 0.218533 -0.208389
v 0.077757 0.278970 -0.192403
v 0.003859 0.198854 -0.054659
v 0.047463 0.298111 -0.036689
v 0.047150 0.198854 -0.036054
v 0.042461 0.169864 -0.003465
v 0.001227 0.169852 -0.003465
v -0.175749 0.286078 0.120907
v -0.023663 0.298111 -0.338690
v -0.021321 0.266142 -0.110467
v -0.051139 0.224618 -0.240858
v -0.024069 0.224618 -0.240858
v -0.051139 0.215486 -0.202838
v -0.021504 0.298111 -0.340584
v 0.048208 0.298111 -0.341284
v -0.021321 0.231870 -0.298021
v -0.011281 0.269824 -0.338644
v -0.010703 0.263569 -0.338644
v -0.008526 0.257677 -0.338644
v 0.047939 0.250469 -0.334540
v -0.010220 0.276015 -0.338644
v -0.021999 0.298111 -0.033313
v -0.021321 0.205489 -0.145485
v 0.038656 0.175750 -0.336215
v 0.077757 0.181765 -0.334604
v 0.038656 0.178864 -0.335805
v 0.038656 0.169734 -0.334604
v 0.038656 0.167243 -0.332692
v 0.077757 0.165330 -0.318169
v 0.038656 0.165330 -0.318169
v 0.077757 0.214831 -0.159599
v 0.077757 0.212031 -0.217521
v 0.047939 0.198854 -0.156375
v 0.047939 0.298111 -0.039737
v 0.047939 0.218533 -0.208389
v 0.047939 0.244137 -0.182949
v 0.077757 0.288200 -0.227296
v 0.047691 0.298111 -0.037360
v 0.047463 0.198854 -0.036689
v -0.022259 0.211986 -0.003465
v 0.024227 0.201446 -0.003465
v 0.060695 0.201446 -0.003465
v -0.022259 0.169852 -0.003465
v 0.013391 0.190919 -0.003465
v -0.058445 0.286078 0.120907
v -0.023528 0.298111 -0.338644
v -0.023261 0.298111 -0.338827
v -0.051139 0.281498 -0.269368
v -0.021321 0.286360 -0.145485
v -0.051139 0.225707 -0.180503
v -0.021692 0.298111 -0.340203
v 0.048462 0.298111 -0.340770
v -0.021321 0.298041 -0.298021
v -0.051139 0.248412 -0.269368
v 0.004907 0.198854 -0.318839
v 0.047939 0.244241 -0.333720
v 0.047939 0.256697 -0.333720
v 0.038656 0.172636 -0.335805
v 0.077757 0.184257 -0.332692
v 0.038656 0.181765 -0.334604
v 0.077757 0.167243 -0.315677
v 0.059710 0.212031 -0.253614
v 0.059710 0.212031 -0.217521
v 0.027922 0.198854 -0.102784
v 0.047939 0.198854 -0.039737
v 0.077757 0.227762 -0.243282
v 0.047939 0.278970 -0.192403
v 0.047939 0.288200 -0.227296
v 0.047829 0.298111 -0.038055
v 0.047691 0.198854 -0.037360
v 0.001227 0.211986 -0.003465
v 0.060695 0.180392 -0.003465
v -0.022880 0.298111 -0.339014
v -0.051139 0.266142 -0.180503
v -0.021321 0.225707 -0.180503
v -0.021928 0.298111 -0.339850
v 0.048780 0.298111 -0.340293
v -0.021321 0.248412 -0.269368
v 0.028969 0.198854 -0.318839
v 0.004907 0.198854 -0.261691
v 0.047939 0.238438 -0.331316
v 0.077757 0.244241 -0.333720
v 0.077757 0.250469 -0.334540
v 0.047939 0.262500 -0.331316
v 0.003859 0.198854 -0.102784
v 0.038656 0.175750 -0.312153
v 0.077757 0.186169 -0.330200
v 0.038656 0.184257 -0.332692
v 0.038656 0.181765 -0.313765
v 0.038656 0.167243 -0.315677
v 0.038656 0.172636 -0.312563
v 0.077757 0.169734 -0.313765
v 0.077757 0.212031 -0.253614
v 0.027922 0.198854 -0.054659
v 0.047939 0.226407 -0.310478
v 0.077757 0.226407 -0.310478
v 0.047939 0.227762 -0.243282
v 0.077757 0.262596 -0.252736
v 0.077757 0.274531 -0.310478
v 0.047829 0.198854 -0.038055
v -0.023099 0.211986 -0.003465
v -0.022527 0.298111 -0.339251
v -0.021321 0.266142 -0.180503
v -0.022208 0.298111 -0.339531
v 0.049158 0.298111 -0.339863
v -0.021321 0.281498 -0.269368
v 0.028969 0.198854 -0.271134
v 0.004695 0.198854 -0.222307
v 0.047939 0.233454 -0.327493
v 0.077757 0.238438 -0.331316
v 0.077757 0.256697 -0.333720
v 0.047939 0.267484 -0.327493
v 0.004695 0.198854 -0.213284
v 0.038656 0.178864 -0.312563
v 0.077757 0.187371 -0.327298
v 0.038656 0.184257 -0.315677
v 0.038656 0.169734 -0.313765
v 0.077757 0.172636 -0.312563
v 0.077757 0.181765 -0.313765
v 0.034000 0.198854 -0.244845
v 0.047939 0.227227 -0.316706
v 0.077757 0.227227 -0.316706
v 0.047939 0.262596 -0.252736
v 0.077757 0.227227 -0.304250
v 0.077757 0.267484 -0.293463
v 0.077757 0.273712 -0.316706
v 0.077757 0.273712 -0.304250
v 0.051684 0.298111 -0.338617
v -0.023099 0.169852 -0.003465
v 0.049589 0.298111 -0.339485
v 0.031531 0.198854 -0.266426
v 0.023563 0.198854 -0.225794
v 0.028969 0.198854 -0.261691
v 0.047939 0.229631 -0.322509
v 0.077757 0.233454 -0.327493
v 0.077757 0.187781 -0.324184
v 0.077757 0.262500 -0.331316
v 0.047939 0.271308 -0.322509
v 0.077757 0.175750 -0.312153
v 0.077757 0.178864 -0.312563
v 0.038656 0.186169 -0.330200
v 0.077757 0.184257 -0.315677
v 0.032527 0.198854 -0.239534
v 0.034642 0.198854 -0.250319
v 0.019295 0.198854 -0.213284
v 0.047939 0.227227 -0.304250
v 0.047939 0.229631 -0.298447
v 0.077757 0.229631 -0.298447
v 0.047939 0.267484 -0.293463
v 0.077757 0.262500 -0.289639
v 0.077757 0.271308 -0.298447
v 0.077757 0.271308 -0.322509
v 0.047939 0.273712 -0.316706
v 0.047939 0.274531 -0.310478
v 0.051122 0.298111 -0.338729
v -0.035262 0.190919 -0.003465
v 0.050065 0.298111 -0.339166
v 0.033393 0.198854 -0.261239
v 0.004695 0.246979 -0.213284
v 0.010986 0.198854 -0.222307
v 0.027246 0.198854 -0.229895
v 0.077757 0.267484 -0.327493
v 0.038656 0.187371 -0.327298
v 0.038656 0.186169 -0.318169
v 0.077757 0.186169 -0.318169
v 0.030258 0.198854 -0.234511
v 0.034439 0.198854 -0.255827
v 0.077757 0.229631 -0.322509
v 0.047939 0.233454 -0.293463
v 0.047939 0.262500 -0.289639
v 0.047939 0.271308 -0.298447
v 0.077757 0.256697 -0.287235
v 0.047939 0.273712 -0.304250
v 0.050579 0.298111 -0.338913
v 0.051279 0.298111 -0.338644
v 0.004695 0.246979 -0.222307
v 0.012992 0.198854 -0.222307
v 0.010986 0.246979 -0.222307
v 0.038656 0.187781 -0.324184
v 0.077757 0.187371 -0.321071
v 0.019295 0.246979 -0.213284
v 0.077757 0.233454 -0.293463
v 0.047939 0.238438 -0.289639
v 0.047939 0.256697 -0.287235
v 0.077757 0.250469 -0.286415
v 0.011989 0.246979 -0.222111
v 0.019295 0.198854 -0.222307
v 0.012767 0.198854 -0.222214
v 0.011211 0.198854 -0.222214
v 0.011989 0.198854 -0.222111
v 0.011211 0.219909 -0.222214
v 0.011211 0.246979 -0.222214
v 0.038656 0.187371 -0.321071
v 0.019295 0.246979 -0.222307
v 0.077757 0.238438 -0.289639
v 0.047939 0.244241 -0.287235
v 0.047939 0.250469 -0.286415
v 0.077757 0.244241 -0.287235
v 0.011989 0.219909 -0.222111
v 0.012767 0.219909 -0.222214
v 0.012767 0.246979 -0.222214
v 0.012992 0.246979 -0.222307
v 0.010485 0.219909 -0.222514
v 0.013493 0.219909 -0.222514
v 0.010485 0.198854 -0.222514
v 0.013493 0.198854 -0.222514
v 0.009862 0.198854 -0.222992
v 0.014116 0.219909 -0.222992
v 0.009862 0.219909 -0.222992
v 0.014116 0.198854 -0.222992
v 0.009384 0.219909 -0.223615
v 0.014594 0.198854 -0.223615
v 0.009384 0.198854 -0.223615
v 0.014594 0.219909 -0.223615
v 0.009084 0.219909 -0.224341
v 0.014894 0.198854 -0.224341
v 0.009084 0.198854 -0.224341
v 0.014894 0.219909 -0.224341
v 0.008981 0.219909 -0.225119
v 0.014997 0.198854 -0.225119
v 0.008981 0.198854 -0.225119
v 0.014997 0.219909 -0.225119
v 0.009084 0.219909 -0.225898
v 0.014894 0.198854 -0.225898
v 0.009084 0.198854 -0.225898
v 0.014894 0.219909 -0.225898
v 0.009384 0.219909 -0.226623
v 0.014594 0.198854 -0.226623
v 0.009384 0.198854 -0.226623
v 0.014594 0.219909 -0.226623
v 0.009862 0.219909 -0.227246
v 0.014116 0.198854 -0.227246
v 0.009862 0.198854 -0.227246
v 0.014116 0.219909 -0.227246
v 0.010485 0.198854 -0.227724
v 0.013493 0.219909 -0.227724
v 0.010485 0.219909 -0.227724
v 0.013493 0.198854 -0.227724
v 0.011211 0.198854 -0.228024
v 0.012767 0.219909 -0.228024
v 0.011211 0.219909 -0.228024
v 0.012767 0.198854 -0.228024
v 0.011989 0.198854 -0.228127
v 0.011989 0.219909 -0.228127
vt 1.74549 0
vt 0.275199 0.002708
vt 0.316512 0
vt 1.781411 0.002354
vt 0.455745 0.903448
vt 0.497177 0
vt 0.497177 0.903448
vt -0.316512 0
vt -1.74549 0.903448
vt -1.74549 0
vt 0.432282 -0.903448
vt 0.396259 0
vt 0.396259 -0.903448
vt 1.816717 0.009377
vt 0.455745 0
vt -0.316512 0.903448
vt 0.432282 0
vt 0.360235 0
vt 0.360235 -0.903448
vt 0.234593 0.010785
vt 0.414314 0.903448
vt -0.275199 0.002708
vt -1.781411 0.002354
vt -1.816717 0.009377
vt 0.324212 0
vt 1.850805 0.020948
vt 0.414314 0
vt -0.234593 0.010785
vt 0.324212 -0.903448
vt -1.850805 0.020948
vt 0.195388 0.024093
vt 0.372882 0.903448
vt 0.288188 0
vt -0.195388 0.024093
vt 1.88309 0.03687
vt 0.372882 0
vt 0.288188 -0.903448
vt -1.88309 0.03687
vt 0.158256 0.042405
vt 0.331451 0.903448
vt 0.252165 0
vt -0.158256 0.042405
vt 1.913021 0.056869
vt 0.331451 0
vt 0.252165 -0.903448
vt -1.913021 0.056869
vt 0.123832 0.065406
vt 0.29002 0.903448
vt 0.216141 0
vt -0.123832 0.065406
vt 1.940086 0.080604
vt 0.29002 0
vt 0.216141 -0.903448
vt -1.940086 0.080604
vt 0.092704 0.092704
vt 0.248588 0.903448
vt 0.180118 -0.903448
vt -0.092704 0.092704
vt 1.963821 0.107669
vt 0.248588 0
vt 0.180118 0
vt -1.963821 0.107669
vt 0.065406 0.123832
vt 0.207157 0
vt 0.144094 -0.903448
vt -0.065406 0.123832
vt 1.98382 0.1376
vt 0.207157 0.903448
vt 0.144094 0
vt -1.98382 0.1376
vt 0.042405 0.158256
vt 0.165726 0
vt 0.108071 -0.903448
vt -0.042405 0.158256
vt 1.999741 0.169885
vt 0.165726 0.903448
vt 0.108071 0
vt -1.999741 0.169885
vt 0.024093 0.195388
vt 0.124294 0
vt 0.072047 -0.903448
vt -0.024093 0.195388
vt 2.011312 0.203972
vt 0.124294 0.903448
vt 0.072047 0
vt -2.011312 0.203972
vt 0.010785 0.234593
vt 0.082863 0
vt 0.036024 -0.903448
vt -0.010785 0.234593
vt 2.018335 0.239279
vt 0.082863 0.903448
vt 0.036024 0
vt -2.018335 0.239279
vt 0.002708 0.275199
vt 0.041431 0
vt 0 -0.903448
vt -0.002708 0.275199
vt 2.02069 0.275199
vt 0.041431 0.903448
vt 0 0
vt -2.02069 0.275199
vt 2.02069 1.761064
vt 0.903448 0.275199
vt 0 1.761064
vt 0 0.275199
vt 0 0.316512
vt 0 0.903448
vt 0.903448 1.761064
vt -2.02069 1.761064
vt 0 1.730436
vt -0.903448 1.730436
vt -0.903448 0.316512
vt 0.903448 1.157065
vt 0 1.194314
vt 0 1.157065
vt 0.002483 1.768322
vt 0.903448 1.194314
vt 2.010736 1.796959
vt -0.002483 1.768322
vt -2.010736 1.796959
vt 0.903448 0.913893
vt 0 0.951142
vt 0 0.913893
vt 0.00989 1.805559
vt -0.00989 1.805559
vt 0.903448 0.951142
vt 1.996796 1.831502
vt -1.996796 1.831502
vt 0.903448 0.658811
vt 0 0.696061
vt 0 0.658811
vt 0.022094 1.841511
vt -0.022094 1.841511
vt 0.903448 0.696061
vt 1.979047 1.864251
vt -1.979047 1.864251
vt 0.903448 0.395078
vt 0 0.432328
vt 0 0.395078
vt 0.038887 1.875563
vt -0.038887 1.875563
vt 0.903448 0.432328
vt 1.957717 1.894789
vt -1.957717 1.894789
vt 0.903448 0.126062
vt 0 0.163311
vt 0 0.126062
vt 0.05998 1.907131
vt -0.05998 1.907131
vt 0.903448 0.163311
vt 1.933078 1.922725
vt -1.933078 1.922725
vt 0.903448 -0.107553
vt 0 -0.144802
vt 0.903448 -0.144802
vt 0.085013 1.935676
vt -0.085013 1.935676
vt 0 -0.107553
vt -1.905444 1.947702
vt 1.905444 1.947702
vt 0.903448 -0.376806
vt 0 -0.414055
vt 0.903448 -0.414055
vt -0.113559 1.96071
vt 0.113559 1.96071
vt 0 -0.376806
vt -1.875168 1.969403
vt 1.875168 1.969403
vt 0.903448 -0.641008
vt 0 -0.678258
vt 0.903448 -0.678258
vt -0.145127 1.981803
vt 0.145127 1.981803
vt 0 -0.641008
vt -1.842637 1.987548
vt 1.842637 1.987548
vt 0.903448 -0.896787
vt 0 -0.934037
vt 0.903448 -0.934037
vt -0.179179 1.998595
vt 0.179179 1.998595
vt 0 -0.896787
vt -1.808266 2.001908
vt 1.808266 2.001908
vt 0.903448 -1.140875
vt 0 -1.178124
vt 0.903448 -1.178124
vt -0.215131 2.010799
vt 0.215131 2.010799
vt 0 -1.140875
vt -1.772495 2.012297
vt 1.772495 2.012297
vt 0.903448 -1.370155
vt 0 -1.407404
vt 0.903448 -1.407404
vt -0.252368 2.018206
vt 0.252368 2.018206
vt 0 -1.370155
vt -1.73578 2.018585
vt 1.73578 2.018585
vt 0.903448 -1.581699
vt 0 -1.618948
vt 0.903448 -1.618948
vt -0.290254 2.02069
vt 0.290254 2.02069
vt 0.888663 -1.581699
vt -1.69859 2.02069
vt 1.69859 2.02069
vt 0.021682 -1.581699
vt 0 -1.581699
vt 0.323416 2.011238
vt 0.324732 2.020143
vt 0.324669 2.02069
vt -0.292737 1.982804
vt -1.69859 1.696552
vt 0.31984 2.002977
vt -0.327491 2.013283
vt -0.327977 2.02069
vt 0.290254 1.696552
vt 1.69859 1.696552
vt 1.69859 0.888663
vt 1.412872 0.365872
vt 1.69859 0.021682
vt -0.302458 1.984738
vt -0.290254 1.982967
vt 0.314247 1.995923
vt 0.619698 2.02069
vt 0.297544 2.02069
vt 0.619698 1.986274
vt -0.324305 2.003897
vt 0.290254 1.986274
vt 0.290254 0.888663
vt 0.625053 0.600688
vt 1.412872 0.541874
vt 1.412372 0.35824
vt -0.311347 1.989121
vt -0.290254 1.696552
vt 0.30702 1.990557
vt 0.021682 1.982967
vt 0.888663 1.696552
vt 0.297544 1.982967
vt 0.297544 2
vt -0.318799 1.995656
vt 0.29865 1.987245
vt 0.888663 1.986274
vt 0.61685 0.597904
vt 0.633548 0.602378
vt 1.412349 0.549845
vt 1.41088 0.350738
vt 0.635956 0.310158
vt 0.290254 0.021682
vt 0.021682 1.696552
vt 0.609082 0.594073
vt 0.642191 0.602945
vt 1.410791 0.55768
vt 1.408421 0.343496
vt 0.625932 0.31356
vt 0.646339 0.308092
vt 0.586815 0.347865
vt 0.60188 0.589261
vt 1.351801 0.602945
vt 1.408223 0.565244
vt 1.405038 0.336636
vt 0.616437 0.318243
vt 0.656902 0.3074
vt 0.592696 0.339063
vt 0.582133 0.357359
vt 0.595367 0.58355
vt 1.359772 0.602422
vt 1.40469 0.572409
vt 1.400789 0.330277
vt 0.607635 0.324124
vt 1.3544 0.3074
vt 0.599676 0.331104
vt 0.57873 0.367384
vt 0.589656 0.577037
vt 1.367607 0.600864
vt 1.400252 0.579051
vt 1.395746 0.324526
vt 1.362032 0.3079
vt 0.576664 0.377767
vt 0.584844 0.569835
vt 1.375172 0.598296
vt 1.394985 0.585057
vt 1.389995 0.319483
vt 1.369534 0.309392
vt 0.575972 0.38833
vt 0.581013 0.562067
vt 1.382336 0.594763
vt 1.388979 0.590325
vt 1.383636 0.315234
vt 1.376776 0.311851
vt 0.575972 0.536725
vt 0.578228 0.553864
vt 0.576539 0.545369
vt 0.815675 -3.937008
vt 0.957532 0
vt 0.815675 0
vt 0.957532 -3.937008
vt 1.099388 0
vt 1.099388 -3.937008
vt -9.266128 28.089714
vt -4.246443 28.012631
vt -4.246443 28.089714
vt -9.266128 29.171098
vt -4.246443 29.094015
vt -4.246443 29.171098
vt 2.553418 0
vt 2.517954 -3.937008
vt 2.553418 -3.937008
vt 1.288383 0
vt 1.409424 3.838583
vt 1.288383 3.838583
vt 8.872427 28.012631
vt 4.246443 28.089714
vt 4.246443 28.012631
vt 1.241245 0
vt -9.266128 25.096689
vt -4.246443 25.019606
vt -4.246443 25.096689
vt -9.266128 28.012631
vt -9.266128 29.094015
vt -9.266128 28.267146
vt -4.246443 28.190064
vt -4.246443 28.267146
vt -9.266128 28.190064
vt -9.266128 20.395992
vt -4.246443 20.31891
vt -4.246443 20.395992
vt 2.517954 0
vt 1.409424 0
vt 1.159545 0
vt 9.266128 28.089714
vt -4.246443 -0.381314
vt -9.266128 -0.381314
vt -8.872427 -0.381314
vt 2.376097 -3.937008
vt 1.241245 -3.937008
vt -9.266128 25.439462
vt -4.246443 25.36238
vt -4.246443 25.439462
vt -9.266128 25.019606
vt -9.266128 25.36238
vt -4.246443 14.307969
vt -9.266128 14.230887
vt -4.246443 14.230887
vt -9.266128 20.31891
vt -4.246443 -0.304232
vt -9.266128 -0.304232
vt 9.266128 28.012631
vt 1.159545 3.838583
vt 9.266128 25.019606
vt 4.246443 25.096689
vt 4.246443 25.019606
vt 2.376097 0
vt 2.234241 -3.937008
vt 1.383101 -3.937008
vt -4.246443 20.880747
vt -9.266128 20.803664
vt -4.246443 20.803664
vt -4.246443 7.247508
vt -9.266128 7.170426
vt -4.246443 7.170426
vt -9.266128 14.307969
vt -9.266128 7.247508
vt 0.128838 3.838583
vt 0 3.838583
vt 1.030706 0
vt 9.266128 25.096689
vt 2.234241 0
vt 1.383101 0
vt -4.246443 14.90167
vt -9.266128 14.824587
vt -4.246443 14.824587
vt -9.266128 20.880747
vt 0.128838 0
vt 1.030706 3.838583
vt 9.266128 20.31891
vt 4.246443 20.395992
vt 4.246443 20.31891
vt 2.092384 -3.937008
vt 1.524958 -3.937008
vt -4.246443 7.909695
vt -9.266128 7.832613
vt -4.246443 7.832613
vt -9.266128 14.90167
vt 9.266128 20.395992
vt 0.257677 3.838583
vt 0.901868 3.838583
vt 2.092384 0
vt 1.524958 0
vt 1.950528 0
vt 1.950528 -3.937008
vt -9.266128 7.909695
vt 9.266128 14.307969
vt 4.246443 14.230887
vt 9.266128 14.230887
vt 0.257677 0
vt 0.901868 0
vt 4.246443 14.307969
vt 1.666815 -3.937008
vt 1.808671 0
vt 4.246443 -0.381314
vt 9.266128 -0.304232
vt 4.246443 -0.304232
vt 0.386515 0
vt 0.386515 3.838583
vt 0.77303 3.838583
vt 9.266128 7.247508
vt 4.246443 7.170426
vt 9.266128 7.170426
vt 4.246443 7.247508
vt 1.666815 0
vt 1.808671 -3.937008
vt 9.266128 -0.381314
vt 0.515353 0
vt 0.77303 0
vt 0.515353 3.838583
vt 0.644191 3.838583
vt 0.644191 0
vt 2.228543 11.207792
vt 1.740533 10.761155
vt 2.57781 10.761155
vt 2.176403 10.761155
vt 2.140017 13.210849
vt 2.140017 10.761155
vt -3.693048 13.210849
vt -3.734255 10.761155
vt -3.693048 10.761155
vt -3.473867 13.210849
vt -3.515074 10.761155
vt -3.473867 10.761155
vt 2.170697 10.761155
vt 2.132694 11.250331
vt 2.132694 10.761155
vt 2.192046 11.271211
vt 2.276107 11.159129
vt 2.982283 10.761155
vt 2.945898 13.210849
vt 2.945898 10.761155
vt 2.176403 13.210849
vt 2.982283 13.210849
vt -3.848687 13.210849
vt -3.889894 10.761155
vt -3.848687 10.761155
vt -3.734255 13.210849
vt -3.889894 13.210849
vt -3.515074 13.210849
vt -3.194895 13.210849
vt -3.236102 10.761155
vt -3.194895 10.761155
vt 1.292691 10.761155
vt 1.254688 13.210849
vt 1.254688 10.761155
vt 2.132694 11.598302
vt 2.55333 11.207792
vt 2.57781 11.250331
vt 2.169103 11.345063
vt 2.192046 11.577422
vt 2.331496 11.128539
vt 2.228543 11.640841
vt 3.737447 10.761155
vt 3.701061 13.210849
vt 3.701061 10.761155
vt 3.737447 13.210849
vt 1.740533 13.210849
vt 6.72134 3.43708
vt 6.71896 2.2723
vt 6.72134 2.320711
vt 6.718854 3.487643
vt 6.711862 2.224718
vt 2.390544 13.210849
vt 2.340184 10.761155
vt 2.390544 10.761155
vt 2.729756 13.210849
vt 2.679395 10.761155
vt 2.729756 10.761155
vt -3.938122 13.210849
vt -3.979329 10.761155
vt -3.938122 10.761155
vt -3.979329 13.210849
vt 2.934492 3.792481
vt 2.977693 1.9889
vt 2.973511 3.810141
vt 2.897535 3.76818
vt 2.932526 2.018599
vt 3.013926 3.82086
vt -3.236102 13.210849
vt -3.055044 10.761155
vt -3.676697 11.031004
vt -6.43081 10.761155
vt 0.392892 10.761155
vt 0.354889 13.210849
vt 0.354889 10.761155
vt 1.292691 13.210849
vt 2.132694 13.210849
vt 2.170697 13.210849
vt 2.55333 11.640841
vt 2.57781 11.598302
vt 2.505766 11.159129
vt 2.169103 11.50357
vt 2.390936 11.118105
vt 2.276107 11.689504
vt 4.428973 10.761155
vt 4.392587 13.210849
vt 4.392587 10.761155
vt 4.428973 13.210849
vt 6.71144 3.53734
vt 6.700166 2.178779
vt 1.92061 12.682255
vt 2.161128 13.135566
vt 2.57781 13.210849
vt 2.01086 13.210849
vt 1.9605 10.761155
vt 2.01086 10.761155
vt 2.340184 13.210849
vt 2.679395 13.210849
vt 3.022692 13.210849
vt 2.972331 10.761155
vt 3.022692 10.761155
vt 2.972331 13.210849
vt 0.22532 10.761155
vt 0.174959 13.210849
vt 0.174959 10.761155
vt -0.249512 10.761155
vt -0.299873 13.210849
vt -0.299873 10.761155
vt -3.959822 13.210849
vt -4.001028 10.761155
vt -3.959822 10.761155
vt -4.001028 13.210849
vt 2.863273 3.737656
vt 2.890652 2.055904
vt 3.025381 1.967317
vt 3.055044 3.824453
vt -3.307329 11.315343
vt -3.055044 13.210849
vt -5.087279 11.05143
vt -6.229443 13.210849
vt -6.267446 10.761155
vt -6.229443 10.761155
vt -0.513305 10.761155
vt -0.551308 13.210849
vt -0.551308 10.761155
vt 0.392892 13.210849
vt 2.450376 11.128539
vt 2.505766 11.689504
vt 2.161277 11.424316
vt 2.181488 12.43618
vt 2.249022 12.451609
vt 2.331496 11.720094
vt 5.04503 10.761155
vt 5.008644 13.210849
vt 5.008644 10.761155
vt 5.04503 13.210849
vt 6.699224 3.585322
vt 6.684073 2.135268
vt 1.949266 12.599272
vt 1.909038 12.7723
vt 2.093594 13.120138
vt 2.229355 13.127164
vt 1.597201 13.210849
vt 1.54684 10.761155
vt 1.597201 10.761155
vt 1.9605 13.210849
vt 3.065273 2.477357
vt 3.074774 1.954217
vt 6.443175 10.761155
vt 5.468605 11.049703
vt 3.125026 10.761155
vt 3.634602 11.63706
vt 3.125026 13.210849
vt 3.078175 2.415227
vt 3.125026 1.949825
vt 0.696727 10.761155
vt 0.646366 13.210849
vt 0.646366 10.761155
vt 0.22532 13.210849
vt -0.249512 13.210849
vt -0.770004 13.210849
vt -0.719644 10.761155
vt -0.719644 13.210849
vt -0.770004 10.761155
vt -3.913415 10.761155
vt -3.954622 13.210849
vt -3.954622 10.761155
vt 2.832292 3.70143
vt 2.852789 2.100178
vt 1.54684 13.210849
vt 3.056471 3.389983
vt -3.307329 11.884022
vt 2.86834 1.838697
vt 2.605873 1.270018
vt 2.86834 1.270018
vt -5.501993 11.184243
vt -4.046064 11.315343
vt -6.267446 13.210849
vt -6.265533 12.488043
vt -6.43081 13.210849
vt -5.785337 13.210849
vt -5.82334 10.761155
vt -5.785337 10.761155
vt -1.410394 10.761155
vt -1.448397 13.210849
vt -1.448397 10.761155
vt -0.513305 13.210849
vt 2.04899 12.476244
vt 2.390936 11.730528
vt 2.311259 12.489817
vt 5.575076 10.761155
vt 5.53869 13.210849
vt 5.53869 10.761155
vt 5.575076 13.210849
vt 6.682416 3.630767
vt 6.663858 2.09493
vt 1.993054 12.529005
vt -6.72134 10.357453
vt -6.396091 10.44881
vt -6.72134 10.44881
vt -6.72134 12.067613
vt -6.396091 12.15897
vt -6.72134 12.15897
vt 1.91534 12.863269
vt 2.040141 13.087322
vt -6.396091 4.967126
vt -6.72134 5.058482
vt -6.72134 4.967126
vt 6.396091 -1.661168
vt 6.72134 -1.752525
vt 6.72134 -1.661168
vt 2.293627 13.095503
vt 1.156644 13.210849
vt 1.106283 10.761155
vt 1.156644 10.761155
vt 3.066476 2.452883
vt 6.561409 13.210849
vt 6.525024 10.761155
vt 6.561409 10.761155
vt 6.27234 11.26224
vt 5.074904 11.049703
vt 3.954483 11.260913
vt 3.718975 12.1945
vt 3.073883 2.42379
vt 3.083268 2.407483
vt 0.696727 13.210849
vt 2.805122 3.660123
vt 2.791605 2.206493
vt 2.819584 2.150662
vt 2.782229 3.61444
vt 2.769331 2.266716
vt 2.764004 3.565164
vt 2.753143 2.3303
vt -1.227392 13.210849
vt -1.177031 10.761155
vt -1.177031 13.210849
vt -1.227392 10.761155
vt -3.799697 10.761155
vt -3.840903 13.210849
vt -3.840903 10.761155
vt -3.913415 13.210849
vt 1.106283 13.210849
vt 3.065878 3.402525
vt -3.676697 12.168362
vt 2.605873 11.884022
vt 2.86834 11.315343
vt 2.86834 11.884022
vt 2.605873 1.838697
vt -2.605873 10.329664
vt -2.86834 9.760985
vt -2.605873 9.760985
vt -2.86834 9.176487
vt -2.573064 9.745166
vt -2.86834 9.745166
vt -4.793657 11.463894
vt -2.86834 10.329664
vt 6.43081 3.824453
vt 6.432528 2.38349
vt 6.468732 3.821139
vt -6.265533 12.969233
vt -5.82334 13.210849
vt -5.241916 13.210849
vt -5.279919 10.761155
vt -5.241916 10.761155
vt -2.283026 10.761155
vt -2.321029 13.210849
vt -2.321029 10.761155
vt -1.410394 13.210849
vt 2.450376 11.720094
vt 2.113261 12.444583
vt 2.111097 12.445649
vt 6.396091 5.058482
vt 6.72134 4.967126
vt 6.72134 5.058482
vt 2.363959 12.548201
vt 6.396091 8.022826
vt 6.72134 7.931469
vt 6.72134 8.022826
vt 6.010042 13.210849
vt 5.973656 10.761155
vt 6.010042 10.761155
vt 6.661303 3.672898
vt 6.639867 2.058455
vt -6.72134 7.938337
vt -6.396091 8.029694
vt -6.72134 8.029694
vt -6.396091 10.357453
vt -6.396091 12.067613
vt -6.396091 13.043628
vt -6.72134 12.952272
vt -6.396091 12.952272
vt 1.939086 12.948965
vt -6.72134 13.043628
vt 2.031357 13.081929
vt -6.72134 7.931469
vt -6.72134 8.022826
vt -6.72134 7.944362
vt -6.396091 5.058482
vt -6.396091 7.931469
vt -6.396091 8.022826
vt 6.396091 -1.752525
vt 6.396091 1.761108
vt 6.72134 1.669752
vt 6.72134 1.761108
vt 2.349562 13.042741
vt 3.065273 3.39023
vt 3.067983 2.442781
vt 1.635166 13.210849
vt 1.653561 11.767279
vt 1.653561 13.210849
vt 6.677126 13.210849
vt 6.64074 10.761155
vt 6.677126 10.761155
vt 6.525024 13.210849
vt 6.64074 13.210849
vt 6.303991 11.279721
vt 6.238374 11.256278
vt 5.468605 1.949825
vt 5.074904 2.212292
vt 5.074904 1.949825
vt 1.462369 3.493926
vt 1.787617 4.062605
vt 1.462369 4.062605
vt 1.787617 12.365763
vt 1.462369 12.934442
vt 1.462369 12.365763
vt 4.12323 12.375795
vt 3.070466 2.433028
vt -0.204002 13.210849
vt -0.196277 11.767279
vt -0.196277 13.210849
vt 3.089076 2.400692
vt -0.675409 13.210849
vt -0.667684 11.767279
vt -0.667684 13.210849
vt 2.750759 3.513138
vt 2.743318 2.396157
vt -1.664209 13.210849
vt -1.613848 10.761155
vt -1.613848 13.210849
vt -1.664209 10.761155
vt -3.620612 10.761155
vt -3.661818 13.210849
vt -3.661818 10.761155
vt -3.799697 13.210849
vt 3.057872 3.390354
vt 3.059226 3.390967
vt -3.907184 12.745904
vt 2.605873 11.315343
vt -5.623085 11.729521
vt -2.573064 9.176487
vt -4.046064 11.884022
vt 2.573064 3.914656
vt 2.86834 3.345977
vt 2.86834 3.914656
vt 6.426187 3.390262
vt 6.436939 2.383875
vt -5.952991 13.209828
vt 6.479483 1.952998
vt 6.506005 3.811254
vt -5.279919 13.210849
vt -4.60848 13.210849
vt -4.646484 10.761155
vt -4.60848 10.761155
vt -3.116269 13.210849
vt -3.154272 10.761155
vt -3.116269 10.761155
vt -2.283026 13.210849
vt 2.433578 12.799447
vt -6.396091 -1.752525
vt -6.72134 -1.661168
vt -6.72134 -1.752525
vt -6.396091 4.975124
vt -6.72134 5.066481
vt -6.72134 4.975124
vt -6.396091 1.669752
vt -6.72134 1.761108
vt -6.72134 1.669752
vt -6.72134 1.672827
vt 6.396091 4.967126
vt 6.396091 7.931469
vt 2.40353 12.622782
vt 6.396091 10.44354
vt 6.72134 10.352183
vt 6.72134 10.44354
vt 6.396091 10.352183
vt 6.342486 13.210849
vt 6.3061 10.761155
vt 6.342486 10.761155
vt 5.973656 13.210849
vt 6.636246 3.710994
vt -6.396091 7.938337
vt 1.978657 13.023546
vt -6.72134 12.951141
vt -6.396091 13.042498
vt -6.72134 13.042498
vt -6.396091 12.951141
vt 6.396091 1.669752
vt 6.396091 5.066481
vt 6.72134 4.975124
vt 6.72134 5.066481
vt 2.39335 12.972475
vt 3.065299 3.390754
vt 3.060508 3.39181
vt 3.061696 3.392869
vt 1.858018 13.210849
vt 2.542673 11.767279
vt 2.542673 13.210849
vt 1.198349 13.210849
vt 1.206074 11.767279
vt 1.206074 13.210849
vt 1.635166 11.767279
vt 1.858018 11.767279
vt 6.678906 13.210849
vt 6.64252 10.761155
vt 6.678906 10.761155
vt 6.64252 13.210849
vt 6.443175 1.949825
vt 6.369608 11.431256
vt 6.443175 13.210849
vt 6.51517 1.962463
vt 6.33117 11.307528
vt 0.755851 -0.568679
vt 0.721494 0
vt 0.721494 -0.568679
vt 0.687138 0
vt 0.687138 -0.568679
vt 6.204408 11.26224
vt 4.878053 11.50431
vt 5.468605 2.212292
vt 1.659219 6.186055
vt 1.462369 6.710989
vt 1.462369 6.186055
vt 1.787617 3.493926
vt 1.787617 12.934442
vt 4.697804 12.425861
vt 0.27083 13.210849
vt 0.278555 11.767279
vt 0.278555 13.210849
vt -0.204002 11.767279
vt 0.27083 11.767279
vt 3.095499 2.394969
vt -1.135326 11.767279
vt -1.127601 13.210849
vt -1.135326 13.210849
vt -0.675409 11.767279
vt -3.620612 13.210849
vt -3.420431 13.210849
vt -3.379224 10.761155
vt -3.379224 13.210849
vt 2.74272 3.459251
vt 2.740025 3.404427
vt 2.740025 2.463161
vt -1.664209 11.958083
vt -1.847371 10.761155
vt -2.046261 11.498765
vt -2.55332 10.761155
vt -3.420431 10.761155
vt 6.395696 3.430917
vt -4.289154 13.039945
vt -3.907184 12.157821
vt -5.952991 12.247448
vt 2.573064 3.345977
vt -4.289154 11.86378
vt 6.420163 3.390788
vt 6.421644 3.391467
vt 6.430809 2.382249
vt -2.86834 12.997646
vt -2.543091 13.478836
vt -2.86834 13.478836
vt 6.541991 3.794966
vt -4.646484 13.210849
vt -3.895867 13.210849
vt -3.93387 10.761155
vt -3.895867 10.761155
vt -3.154272 13.210849
vt -3.93387 13.210849
vt 2.422006 12.889491
vt 2.427276 12.708477
vt -6.396091 -1.661168
vt -6.396091 5.066481
vt -6.396091 1.761108
vt 6.72134 12.155657
vt 6.396091 12.0643
vt 6.72134 12.0643
vt 6.566719 13.210849
vt 6.530334 10.761155
vt 6.566719 10.761155
vt 6.3061 13.210849
vt 6.612511 2.026467
vt -6.72134 12.0643
vt -6.396091 12.155657
vt -6.72134 12.155657
vt -6.396091 12.0643
vt -6.396091 10.352183
vt -6.72134 10.44354
vt -6.72134 10.352183
vt -6.396091 10.44354
vt 6.396091 4.975124
vt 6.72134 8.029694
vt 6.396091 7.938337
vt 6.72134 7.938337
vt 3.062771 3.394125
vt 3.063713 3.395558
vt 3.064507 3.397142
vt 3.065139 3.398852
vt 3.065692 3.390788
vt 3.065692 11.767279
vt 3.907184 12.157821
vt 3.065692 13.210849
vt 0.740962 13.210849
vt 0.748686 11.767279
vt 0.748686 13.210849
vt 1.198349 11.767279
vt 6.530334 13.210849
vt 6.549624 1.978057
vt 6.365136 11.385968
vt 6.365136 11.476544
vt 6.352026 11.343767
vt 0.790208 -0.568679
vt 0.755851 0
vt 0.652781 0
vt 5.665455 11.50431
vt 0.652781 -0.568679
vt 4.358738 11.442208
vt 1.659219 6.710989
vt 1.787617 12.498608
vt 4.975296 12.053485
vt 4.800924 12.93247
vt 0.740962 11.767279
vt 3.298438 3.024577
vt 3.102427 2.390414
vt -1.575883 11.767279
vt -1.568158 13.210849
vt -1.575883 13.210849
vt -1.127601 11.767279
vt -1.568158 11.767279
vt -3.079665 10.761155
vt -3.120872 13.210849
vt -3.120872 10.761155
vt -3.079665 13.210849
vt -2.55332 13.210849
vt -1.847371 11.958083
vt -1.847371 13.210849
vt -1.664209 11.345659
vt -2.727059 10.761155
vt -2.768266 13.210849
vt -2.768266 10.761155
vt -1.847371 11.345659
vt -2.297138 11.345476
vt 6.396091 3.390788
vt 6.3966 3.424858
vt 2.543091 12.745904
vt 2.86834 12.157821
vt 2.86834 12.745904
vt -5.329463 12.141985
vt -4.914749 12.009172
vt 6.396091 2.38349
vt 6.417257 3.393453
vt 6.42489 2.379571
vt 6.265533 12.488043
vt 6.396091 13.210849
vt 6.265533 12.969233
vt -2.543091 12.997646
vt 6.576075 3.772555
vt 6.607673 3.744404
vt 6.582258 1.999514
vt 6.72134 12.15897
vt 6.396091 12.067613
vt 6.72134 12.067613
vt 6.72134 13.043628
vt 6.396091 12.952272
vt 6.72134 12.952272
vt 6.72134 13.042498
vt 6.396091 12.951141
vt 6.72134 12.951141
vt 6.396091 12.155657
vt -6.396091 11.767279
vt -6.351332 12.517956
vt -6.396091 13.210849
vt 6.396091 8.029694
vt 6.396091 10.357453
vt 6.72134 10.44881
vt 6.396091 10.44881
vt 6.72134 10.357453
vt 3.065599 3.400656
vt 4.289154 11.86378
vt 3.907184 12.745904
vt 0.068714 0
vt 0.034357 -0.568679
vt 0.068714 -0.568679
vt 6.352026 11.518745
vt 0.103071 0
vt 0.103071 -0.568679
vt 0.824565 0
vt 0.824565 -0.568679
vt 0.790208 0
vt 6.172757 11.279721
vt 0.618424 0
vt 4.443112 11.999648
vt 1.659219 13.21506
vt 1.462369 13.739995
vt 1.462369 13.21506
vt 4.407941 11.767279
vt 3.654312 11.767279
vt -3.654312 11.767279
vt -3.135674 13.210849
vt -3.718975 12.1945
vt -4.12323 12.375795
vt -4.975296 12.053485
vt -4.443112 11.999648
vt 1.787617 3.874811
vt 1.462369 4.399746
vt 1.462369 3.874811
vt 1.787617 13.632677
vt 1.462369 14.157612
vt 1.462369 13.632677
vt 5.181535 13.066702
vt 3.109742 2.387103
vt -1.989542 11.767279
vt -1.981818 13.210849
vt -1.989542 13.210849
vt -1.981818 11.767279
vt -2.727059 11.958266
vt -2.727059 13.210849
vt -2.046261 11.804977
vt -2.727059 11.345476
vt -2.164465 11.651871
vt -2.55332 11.345476
vt 6.396091 3.422884
vt 6.398089 3.419009
vt -5.640449 12.969233
vt 2.543091 12.157821
vt -4.671125 12.157821
vt 2.86834 1.567284
vt 2.543091 0.979201
vt 2.86834 0.979201
vt 6.413102 3.396185
vt 6.419284 2.375885
vt 6.396091 11.767279
vt 5.952991 13.209828
vt 2.86834 -0.269009
vt 2.543091 -0.750198
vt 2.86834 -0.750198
vt 5.952991 12.247448
vt 6.396091 12.15897
vt 6.396091 13.043628
vt 6.396091 13.042498
vt 6.180062 3.009334
vt -6.342389 12.427381
vt -6.342389 12.608531
vt 2.543091 1.567284
vt 4.289154 13.039945
vt 0.034357 0
vt 0 -0.568679
vt 6.33117 11.554984
vt 0.137428 0
vt 0.137428 -0.568679
vt 0.618424 -0.568679
vt 6.145578 11.307528
vt 5.074904 11.958916
vt 1.659219 13.739995
vt 3.823372 2.674621
vt 3.654312 2.38349
vt 4.407941 2.38349
vt -3.135674 11.767279
vt -4.697804 12.425861
vt 1.787617 4.399746
vt -1.462369 10.020333
vt -1.787617 9.495399
vt -1.462369 9.495399
vt 1.787617 14.157612
vt 3.117318 2.385094
vt -2.369226 11.767279
vt -2.361501 13.210849
vt -2.369226 13.210849
vt -2.361501 11.767279
vt -2.297138 11.958266
vt -2.55332 11.958266
vt 6.400138 3.413469
vt -4.671125 12.745904
vt -2.543091 11.472661
vt -2.86834 10.884579
vt -2.543091 10.884579
vt -2.86834 11.472661
vt 6.40925 3.399616
vt 6.414088 2.371255
vt 2.543091 -0.269009
vt -5.640449 12.488043
vt 6.180062 2.659378
vt 5.556703 3.009334
vt -6.316168 12.342978
vt 1.030706 0.433665
vt 0.961993 0
vt 0.961993 0.433665
vt 0.893279 0
vt -6.316168 12.692934
vt 3.823372 3.024577
vt 6.303991 11.582792
vt 0.171784 0
vt 0.171784 -0.568679
vt 0.584067 0
vt 0.584067 -0.568679
vt 6.124722 11.343767
vt -4.407941 11.767279
vt 3.298438 2.674621
vt 3.135674 2.38349
vt -3.012044 11.767279
vt -2.993649 13.210849
vt -3.012044 13.210849
vt -4.800924 12.93247
vt -6.088865 12.168
vt 6.088865 12.168
vt -1.787617 10.020333
vt 5.355908 12.187717
vt 6.088865 12.867912
vt -2.708438 11.767279
vt -2.700713 13.210849
vt -2.708438 13.210849
vt -2.700713 11.767279
vt 6.402712 3.408333
vt 4.671125 12.157821
vt 6.405767 3.403689
vt 6.409388 2.36576
vt 2.86834 12.488043
vt 2.543091 12.969233
vt 2.543091 12.488043
vt 4.671125 12.745904
vt 5.640449 12.488043
vt 5.659706 2.659378
vt 5.127113 3.012422
vt -6.274457 12.270499
vt 1.09942 0.433665
vt 1.09942 0
vt 0.893279 0.433665
vt -6.274457 12.765412
vt 5.640449 12.969233
vt 5.028688 3.012422
vt 6.27234 11.600272
vt 0.206141 -0.568679
vt 0.54971 -0.568679
vt 6.111612 11.385968
vt 6.124722 11.518745
vt 5.468605 11.958916
vt 5.372953 2.586211
vt -2.993649 11.767279
vt -5.181535 13.066702
vt -5.355908 12.187717
vt -6.156797 12.179924
vt 6.156797 12.179924
vt 6.020934 12.179924
vt 5.459027 12.694325
vt 5.903273 12.765412
vt 6.156797 12.855988
vt 6.020934 12.855988
vt 6.395802 2.329027
vt 2.86834 12.969233
vt 6.405267 2.359495
vt 5.60836 2.622122
vt 5.165155 2.73801
vt 5.556703 2.659378
vt -6.220099 12.214885
vt 1.168134 0.433665
vt 1.168134 0
vt 6.342389 12.427381
vt 6.351332 12.517956
vt 6.238374 11.606234
vt 6.316168 12.342978
vt 6.342389 12.608531
vt 0.824565 0.433665
vt -6.220099 12.821027
vt 0.480996 -0.568679
vt 0.480996 0
vt 0.446639 -0.568679
vt 0.446639 0
vt 0.240498 -0.568679
vt 0.206141 0
vt 0.412283 -0.568679
vt 0.412283 0
vt 0.377926 -0.568679
vt 0.377926 0
vt 0.54971 0
vt 0.515353 -0.568679
vt 6.10714 11.431256
vt 6.111612 11.476544
vt 6.145578 11.554984
vt 5.31502 2.607634
vt 5.432665 2.576873
vt 5.028688 2.800082
vt -6.020934 12.179924
vt 1.374275 0
vt 1.305561 0.433665
vt 1.305561 0
vt 1.374275 0.433665
vt -5.957632 12.214885
vt -5.459027 12.694325
vt 1.442989 0
vt 1.442989 0.433665
vt 5.957632 12.214885
vt -5.903273 12.765412
vt 5.861562 12.692934
vt 5.957632 12.821027
vt 6.220099 12.821027
vt 0.54971 0.433665
vt 0.618424 0.433665
vt 0.480996 0.433665
vt 6.397022 2.3372
vt 6.401795 2.352565
vt 5.551774 2.595043
vt 5.127113 2.920926
vt 5.20988 2.68444
vt 1.236848 0
vt 6.274457 12.270499
vt 6.316168 12.692934
vt 0.755851 0.433665
vt 0.687138 0.433665
vt -6.156797 12.855988
vt 0.274855 -0.568679
vt 0.240498 0
vt 0.343569 0
vt 6.172757 11.582792
vt 5.260231 2.640637
vt 5.492744 2.57984
vt -6.088865 12.867912
vt 1.236848 0.433665
vt -5.903273 12.270499
vt 1.511703 0
vt 1.511703 0.433665
vt -5.861562 12.692934
vt -5.957632 12.821027
vt 5.835341 12.608531
vt 0.274855 0
vt 0.343569 0.433665
vt 0.274855 0.433665
vt 0.412283 0.433665
vt 6.274457 12.765412
vt 6.399031 2.345091
vt 6.396091 2.334907
vt 5.127113 2.891749
vt 6.220099 12.214885
vt 0.343569 -0.568679
vt 6.204408 11.600272
vt -6.020934 12.855988
vt 5.903273 12.270499
vt -5.861562 12.342978
vt 1.580416 0
vt -5.835341 12.608531
vt 5.826398 12.517956
vt 0.206141 0.433665
vt 5.127113 2.800082
vt 0.309212 -0.568679
vt 0.309212 0
vt 1.580416 0.433665
vt 5.861562 12.342978
vt -5.835341 12.427381
vt 1.64913 0.433665
vt 1.64913 0
vt -5.826398 12.517956
vt 5.835341 12.427381
vt 0.137428 0.433665
vt 0.068714 0.433665
vt 0 0.433665
vn 1 0 0
vn -1 0 0
vn 0 -0.9914448886106773 0.1305259853353411
vn 0 -0.9978589320009053 0.06540299554311302
vn 0 0.9914448886106773 -0.1305259853353411
vn 0 0.9978589320009053 -0.06540299554311302
vn 0 -1 0
vn 0 1 0
vn 0 -0.9978589320009053 -0.06540299554311302
vn 0 -0.9914448886106773 -0.1305259853353411
vn 0 0.9978589320009053 0.06540299554311302
vn 0 0.9914448886106773 0.1305259853353411
vn 0 -0.965925849201117 -0.2588189595935754
vn 0 0.965925849201117 0.2588189595935754
vn 0 -0.965925849201117 0.2588189595935754
vn 0 0.965925849201117 -0.2588189595935754
vn 0 -0.9238797538373538 -0.38268289803626016
vn 0 0.9238797538373538 0.38268289803626016
vn 0 -0.9238797538373538 0.38268289803626016
vn 0 0.9238797538373538 -0.38268289803626016
vn 0 -0.8660253028382762 -0.5000001748438417
vn 0 0.8660253028382762 0.5000001748438417
vn 0 -0.8660253028382762 0.5000001748438417
vn 0 0.8660253028382762 -0.5000001748438417
vn 0 -0.7933534213778813 -0.6087613233345314
vn 0 0.7933534213778813 0.6087613233345314
vn 0 -0.7933534213778813 0.6087613233345314
vn 0 0.7933534213778813 -0.6087613233345314
vn 0 -0.7071067811865476 -0.7071067811865476
vn 0 0.7071067811865476 0.7071067811865476
vn 0 -0.7071067811865476 0.7071067811865476
vn 0 0.7071067811865476 -0.7071067811865476
vn 0 -0.6087613233345314 -0.7933534213778813
vn 0 0.6087613233345314 0.7933534213778813
vn 0 -0.6087613233345314 0.7933534213778813
vn 0 0.6087613233345314 -0.7933534213778813
vn 0 -0.5000001748438417 -0.8660253028382762
vn 0 0.5000001748438417 0.8660253028382762
vn 0 -0.5000001748438417 0.8660253028382762
vn 0 0.5000001748438417 -0.8660253028382762
vn 0 -0.38268289803626016 -0.9238797538373538
vn 0 0.38268289803626016 0.9238797538373538
vn 0 -0.38268289803626016 0.9238797538373538
vn 0 0.38268289803626016 -0.9238797538373538
vn 0 -0.2588189595935754 -0.965925849201117
vn 0 0.2588189595935754 0.965925849201117
vn 0 -0.2588189595935754 0.965925849201117
vn 0 0.2588189595935754 -0.965925849201117
vn 0 -0.1305259853353411 -0.9914448886106773
vn 0 0.1305259853353411 0.9914448886106773
vn 0 -0.1305259853353411 0.9914448886106773
vn 0 0.1305259853353411 -0.9914448886106773
vn 0 -0.06540299554311302 -0.9978589320009053
vn 0 0.06540299554311302 0.9978589320009053
vn 0 -0.06540299554311302 0.9978589320009053
vn 0 0.06540299554311302 -0.9978589320009053
vn 0 0 -1
vn 0 0 1
vn 0 0.26721591202919603 -0.9636366827588108
vn 0 0.32123904704144646 -0.9469981386760502
vn 0 -0.26721591202919603 0.9636366827588108
vn 0 -0.32123904704144646 0.9469981386760502
vn 0 0.42603608100395196 -0.9047061720154197
vn 0 -0.42603608100395196 0.9047061720154197
vn 0 0.5253921331175708 -0.8508602155807784
vn 0 -0.5253921331175708 0.8508602155807784
vn 0 0.6180381089761972 -0.7861481386183689
vn 0 -0.6180381089761972 0.7861481386183689
vn 0 0.7027911902817948 -0.7113961926116124
vn 0 -0.7027911902817948 0.7113961926116124
vn 0 0.7785690053557761 -0.6275590043169783
vn 0 -0.7785690053557761 0.6275590043169783
vn 0 0.8444039556413503 -0.5357069718579742
vn 0 -0.8444039556413503 0.5357069718579742
vn 0 0.8994547601959487 -0.43701388348752557
vn 0 -0.8994547601959487 0.43701388348752557
vn 0 0.9430189639380125 -0.33273898727572865
vn 0 -0.9430189639380125 0.33273898727572865
vn 0 0.9745394999366237 -0.2242158849485809
vn 0 -0.9745394999366237 0.2242158849485809
vn 0 0.9936145400514647 -0.11282794777144733
vn 0 -0.9936145400514647 0.11282794777144733
vn 0 0.9984023715954479 -0.056504021030235496
vn 0 -0.9984023715954479 0.056504021030235496
vn 0 0.6367249822016269 0.7710909784456943
vn 0 -0.6367249822016269 -0.7710909784456943
vn 0 -0.3214390874923564 0.9469302577445085
vn 0 0.3214390874923564 -0.9469302577445085
vn 0 -0.5555698928305779 0.8314698396094833
vn 0 0.5555698928305779 -0.8314698396094833
vn 0 -0.2434830389190625 0.9699051550325621
vn 0 0.015843007790602957 0.9998744916759037
vn 0 0.2434830389190625 -0.9699051550325621
vn 0 -0.015843007790602957 -0.9998744916759037
vn 0 -0.9807853313461203 0.19509006590875128
vn 0 0.9807853313461203 -0.19509006590875128
vn 0 -0.7518397995159294 0.6593458241801846
vn 0 0.7518397995159294 -0.6593458241801846
vn 0 -0.9998744916759037 0.015843007790602957
vn 0 -0.9617040424515408 0.27409001209888156
vn 0 0.9998744916759037 -0.015843007790602957
vn 0 0.9617040424515408 -0.27409001209888156
vn 0 -0.48621627984186033 0.873838502937895
vn 0 0.48621627984186033 -0.873838502937895
vn 0 0.14621805680367903 0.9892523843107763
vn 0 -0.14621805680367903 -0.9892523843107763
vn 0 -0.9933883885401028 -0.1148020449020734
vn 0 0.9933883885401028 0.1148020449020734
vn 0 -0.8968726692109988 0.4422888368728498
vn 0 0.8968726692109988 -0.4422888368728498
vn 0 -0.8579950167356221 0.5136580100191565
vn 0 0.8579950167356221 -0.5136580100191565
vn 0 -0.6958150281575473 0.7182210290642509
vn 0 0.6958150281575473 -0.7182210290642509
vn -0.016357003521622344 0 -0.9998662152687197
vn 0.016357003521622344 0 0.9998662152687197
vn 0 0.2839151232154993 0.9588494161282718
vn 0 -0.2839151232154993 -0.9588494161282718
vn 0 -0.9478223098976636 -0.31879910423377517
vn 0 0.9478223098976636 0.31879910423377517
vn 0.9978589320009053 0 -0.06540299554311302
vn -0.9978589320009053 0 0.06540299554311302
vn 0.06540299554311302 0 -0.9978589320009053
vn -0.06540299554311302 0 0.9978589320009053
vn 0 -0.749998980979276 0.6614389832252461
vn 0 0.749998980979276 -0.6614389832252461
vn 0 -0.68843091980985 0.7253019155150245
vn 0 0.68843091980985 -0.7253019155150245
vn 0 -0.9723454860591 -0.23354711674626252
vn 0 0.9723454860591 0.23354711674626252
vn 0 0.19782295292081342 0.9802377667166726
vn 0 -0.19782295292081342 -0.9802377667166726
vn 0 -0.9667530048564837 -0.2557120012845692
vn 0 0.9667530048564837 0.2557120012845692
vn -0.016357003521622344 0 0.9998662152687197
vn 0.016357003521622344 0 -0.9998662152687197
vn 0 -0.7048296274874203 0.7093766250842668
vn 0 0.7048296274874203 -0.7093766250842668
vn 0 0.2619229429204489 0.9650887896830483
vn 0 -0.2619229429204489 -0.9650887896830483
vn 0.38268289803626016 0 -0.9238797538373538
vn -0.38268289803626016 0 0.9238797538373538
vn 0.1305259853353411 0 -0.9914448886106773
vn -0.1305259853353411 0 0.9914448886106773
vn -0.1305259853353411 0 -0.9914448886106773
vn -0.23109491198486193 -0.4502928285008306 -0.862456671523521
vn -0.2588189595935754 0 -0.965925849201117
vn 0.1305259853353411 0 0.9914448886106773
vn 0.23109491198486193 0.4502928285008306 0.862456671523521
vn 0.2588189595935754 0 0.965925849201117
vn -0.38268289803626016 0 -0.9238797538373538
vn 0.38268289803626016 0 0.9238797538373538
vn 0.27059804708217006 -0.7071071230317003 -0.6532811136663507
vn -0.27059804708217006 0.7071071230317003 0.6532811136663507
vn 0.44643991204844413 -0.4502929112893783 -0.7732578476631928
vn -0.44643991204844413 0.4502929112893783 0.7732578476631928
vn -0.09229601023036722 -0.7071070783778742 -0.701057077707274
vn 0.09229601023036722 0.7071070783778742 0.701057077707274
vn -0.44643991204844413 -0.4502929112893783 -0.7732578476631928
vn 0.44643991204844413 0.4502929112893783 0.7732578476631928
vn 0.5000001748438417 0 -0.8660253028382762
vn -0.5000001748438417 0 0.8660253028382762
vn -0.5000001748438417 0 -0.8660253028382762
vn 0.5000001748438417 0 0.8660253028382762
vn 0.7071067811865476 0 -0.7071067811865476
vn -0.7071067811865476 0 0.7071067811865476
vn -0.6313620833596884 -0.450293059452872 -0.6313620833596884
vn 0.6313620833596884 0.450293059452872 0.6313620833596884
vn 0.6313620833596884 -0.450293059452872 -0.6313620833596884
vn -0.6313620833596884 0.450293059452872 0.6313620833596884
vn -0.7071067811865476 0 -0.7071067811865476
vn 0.7071067811865476 0 0.7071067811865476
vn 0.7732578476631928 -0.4502929112893783 -0.44643991204844413
vn -0.7732578476631928 0.4502929112893783 0.44643991204844413
vn -0.8660253028382762 0 -0.5000001748438417
vn 0.8660253028382762 0 0.5000001748438417
vn 0.8660253028382762 0 -0.5000001748438417
vn -0.8660253028382762 0 0.5000001748438417
vn -0.7732578476631928 -0.4502929112893783 -0.44643991204844413
vn 0.7732578476631928 0.4502929112893783 0.44643991204844413
vn 0.862456671523521 -0.4502928285008306 -0.23109491198486193
vn -0.862456671523521 0.4502928285008306 0.23109491198486193
vn -0.965925849201117 0 -0.2588189595935754
vn 0.965925849201117 0 0.2588189595935754
vn 0.965925849201117 0 -0.2588189595935754
vn -0.965925849201117 0 0.2588189595935754
vn -0.862456671523521 -0.4502928285008306 -0.23109491198486193
vn 0.862456671523521 0.4502928285008306 0.23109491198486193
vn 0.8928808812423862 -0.45029294010879145 0
vn -0.8928808812423862 0.45029294010879145 0
vn -0.8928808812423862 -0.45029294010879145 0
vn 0.8928808812423862 0.45029294010879145 0
vn 0.862456671523521 -0.4502928285008306 0.23109491198486193
vn -0.862456671523521 0.4502928285008306 -0.23109491198486193
vn -0.862456671523521 -0.4502928285008306 0.23109491198486193
vn 0.862456671523521 0.4502928285008306 -0.23109491198486193
vn 0.7732578476631928 -0.4502929112893783 0.44643991204844413
vn -0.7732578476631928 0.4502929112893783 -0.44643991204844413
vn -0.7732578476631928 -0.4502929112893783 0.44643991204844413
vn 0.7732578476631928 0.4502929112893783 -0.44643991204844413
vn 0.6313620833596884 -0.450293059452872 0.6313620833596884
vn -0.6313620833596884 0.450293059452872 -0.6313620833596884
vn -0.6313620833596884 -0.450293059452872 0.6313620833596884
vn 0.6313620833596884 0.450293059452872 -0.6313620833596884
vn -0.44643991204844413 -0.4502929112893783 0.7732578476631928
vn 0.44643991204844413 0.4502929112893783 -0.7732578476631928
vn 0.44643991204844413 -0.4502929112893783 0.7732578476631928
vn -0.44643991204844413 0.4502929112893783 -0.7732578476631928
vn -0.23109491198486193 -0.4502928285008306 0.862456671523521
vn 0.23109491198486193 0.4502928285008306 -0.862456671523521
vn 0.23109491198486193 -0.4502928285008306 0.862456671523521
vn -0.23109491198486193 0.4502928285008306 -0.862456671523521
vn -0.2588189595935754 0 0.965925849201117
vn 0.2588189595935754 0 -0.965925849201117
vn 0 -0.45029294010879145 0.8928808812423862
vn 0 0.45029294010879145 -0.8928808812423862
vn 0 0.19509006590875128 0.9807853313461203
vn 0 -0.19509006590875128 -0.9807853313461203
vn 0 0.4422888368728498 0.8968726692109988
vn 0 -0.4422888368728498 -0.8968726692109988
vn 0 0.1148020449020734 -0.9933883885401028
vn 0 -0.1148020449020734 0.9933883885401028
vn 0 0.6593458241801846 0.7518397995159294
vn 0 -0.6593458241801846 -0.7518397995159294
vn 0 0.8314698396094833 0.5555698928305779
vn 0 -0.8314698396094833 -0.5555698928305779
vn 0 0.3972728089257294 0.917700558618257
vn 0 0.5136580100191565 0.8579950167356221
vn 0 -0.3972728089257294 -0.917700558618257
vn 0 -0.5136580100191565 -0.8579950167356221
vn 0 0.9469302577445085 0.3214390874923564
vn 0 -0.9469302577445085 -0.3214390874923564
vn 0 0.7182210290642509 0.6958150281575473
vn 0 -0.7182210290642509 -0.6958150281575473
vn 0 0.873838502937895 0.48621627984186033
vn 0 -0.873838502937895 -0.48621627984186033
vn 0 0.9699051550325621 0.2434830389190625
vn 0 -0.9699051550325621 -0.2434830389190625
vn 0.03271898659853486 0 -0.9994645906263837
vn -0.03271898659853486 0 -0.9994645906263837
vn -0.03271898659853486 0 0.9994645906263837
vn 0.03271898659853486 0 0.9994645906263837
vn -0.9238797538373538 0 0.38268289803626016
vn 0.9238797538373538 0 -0.38268289803626016
vn -0.9914448886106773 0 0.1305259853353411
vn 0.9914448886106773 0 -0.1305259853353411
vn -0.9994645906263837 0 0.03271898659853486
vn 0.9994645906263837 0 -0.03271898659853486
vn 0.9238797538373538 0 0.38268289803626016
vn -0.9238797538373538 0 -0.38268289803626016
vn 0.9914448886106773 0 0.1305259853353411
vn -0.9914448886106773 0 -0.1305259853353411
vn -0.7933534213778813 0 0.6087613233345314
vn 0.7933534213778813 0 -0.6087613233345314
vn -0.9994645906263837 0 -0.03271898659853486
vn 0.9994645906263837 0 0.03271898659853486
vn 0.6087613233345314 0 0.7933534213778813
vn -0.6087613233345314 0 -0.7933534213778813
vn 0.6087613233345314 0 -0.7933534213778813
vn -0.6087613233345314 0 0.7933534213778813
vn 0.7933534213778813 0 0.6087613233345314
vn -0.7933534213778813 0 -0.6087613233345314
vn -0.845980567637631 0.5332137274859976 0
vn -0.9551603240281656 0.2960891004451354 0
vn 0.845980567637631 -0.5332137274859976 0
vn 0.9551603240281656 -0.2960891004451354 0
vn -0.9992475406959735 0.038785982172027396 0
vn 0.9992475406959735 -0.038785982172027396 0
vn -0.2960891004451354 -0.9551603240281656 0
vn -0.038785982172027396 -0.9992475406959735 0
vn 0.2960891004451354 0.9551603240281656 0
vn 0.038785982172027396 0.9992475406959735 0
vn 0.221159900229926 -0.9752375600489807 0
vn -0.221159900229926 0.9752375600489807 0
vn 0.5332137274859976 0.845980567637631 0
vn -0.5332137274859976 -0.845980567637631 0
vn -0.6791487174055983 0.7340006945816405 0
vn 0.6791487174055983 -0.7340006945816405 0
vn -0.9752375600489807 -0.221159900229926 0
vn 0.9752375600489807 0.221159900229926 0
vn -0.4182292365668341 -0.9083415137935308 0
vn 0.4182292365668341 0.9083415137935308 0
vn 0.4660339223016659 -0.8847668524894707 0
vn -0.4660339223016659 0.8847668524894707 0
vn -0.06540299554311302 0 -0.9978589320009053
vn 0.06540299554311302 0 0.9978589320009053
vn -0.34656202208068004 0.938027059764989 0
vn 0.34656202208068004 -0.938027059764989 0
vn 0.7340006945816405 0.6791487174055983 0
vn -0.7340006945816405 -0.6791487174055983 0
vn -0.8847668524894707 -0.4660339223016659 0
vn 0.8847668524894707 0.4660339223016659 0
vn -0.9978589320009053 0 -0.06540299554311302
vn 0.9978589320009053 0 0.06540299554311302
usemtl material_0_2
f 1/1/1 2/2/1 3/3/1
f 3/3/2 2/2/2 1/1/2
f 2/2/1 1/1/1 4/4/1
f 4/4/2 1/1/2 2/2/2
f 2/5/3 5/6/4 3/7/4
f 3/7/6 5/6/6 2/5/5
f 3/8/7 6/9/7 1/10/7
f 1/10/8 6/9/8 3/8/8
f 1/11/9 7/12/10 4/13/10
f 4/13/12 7/12/12 1/11/11
f 2/2/1 4/4/1 8/14/1
f 8/14/2 4/4/2 2/2/2
f 5/6/4 2/5/3 9/15/3
f 9/15/5 2/5/5 5/6/6
f 6/9/7 3/8/7 5/16/7
f 5/16/8 3/8/8 6/9/8
f 7/12/10 1/11/9 6/17/9
f 6/17/11 1/11/11 7/12/12
f 10/18/13 4/13/10 7/12/10
f 7/12/12 4/13/12 10/18/14
f 4/13/10 10/18/13 8/19/13
f 8/19/14 10/18/14 4/13/12
f 2/2/1 8/14/1 11/20/1
f 11/20/2 8/14/2 2/2/2
f 11/21/15 9/15/3 2/5/3
f 2/5/5 9/15/5 11/21/16
f 9/22/2 6/10/2 5/8/2
f 5/8/1 6/10/1 9/22/1
f 6/10/2 9/22/2 7/23/2
f 7/23/1 9/22/1 6/10/1
f 7/23/2 9/22/2 10/24/2
f 10/24/1 9/22/1 7/23/1
f 12/25/17 8/19/13 10/18/13
f 10/18/14 8/19/14 12/25/18
f 11/20/1 8/14/1 13/26/1
f 13/26/2 8/14/2 11/20/2
f 9/15/3 11/21/15 14/27/15
f 14/27/16 11/21/16 9/15/5
f 10/24/2 9/22/2 14/28/2
f 14/28/1 9/22/1 10/24/1
f 8/19/13 12/25/17 13/29/17
f 13/29/18 12/25/18 8/19/14
f 10/24/2 14/28/2 12/30/2
f 12/30/1 14/28/1 10/24/1
f 11/20/1 13/26/1 15/31/1
f 15/31/2 13/26/2 11/20/2
f 15/32/19 14/27/15 11/21/15
f 11/21/16 14/27/16 15/32/20
f 16/33/21 13/29/17 12/25/17
f 12/25/18 13/29/18 16/33/22
f 12/30/2 14/28/2 17/34/2
f 17/34/1 14/28/1 12/30/1
f 15/31/1 13/26/1 18/35/1
f 18/35/2 13/26/2 15/31/2
f 14/27/15 15/32/19 17/36/19
f 17/36/20 15/32/20 14/27/16
f 13/29/17 16/33/21 18/37/21
f 18/37/22 16/33/22 13/29/18
f 12/30/2 17/34/2 16/38/2
f 16/38/1 17/34/1 12/30/1
f 15/31/1 18/35/1 19/39/1
f 19/39/2 18/35/2 15/31/2
f 19/40/23 17/36/19 15/32/19
f 15/32/20 17/36/20 19/40/24
f 20/41/25 18/37/21 16/33/21
f 16/33/22 18/37/22 20/41/26
f 16/38/2 17/34/2 21/42/2
f 21/42/1 17/34/1 16/38/1
f 19/39/1 18/35/1 22/43/1
f 22/43/2 18/35/2 19/39/2
f 17/36/19 19/40/23 21/44/23
f 21/44/24 19/40/24 17/36/20
f 18/37/21 20/41/25 22/45/25
f 22/45/26 20/41/26 18/37/22
f 16/38/2 21/42/2 20/46/2
f 20/46/1 21/42/1 16/38/1
f 19/39/1 22/43/1 23/47/1
f 23/47/2 22/43/2 19/39/2
f 23/48/27 21/44/23 19/40/23
f 19/40/24 21/44/24 23/48/28
f 24/49/29 22/45/25 20/41/25
f 20/41/26 22/45/26 24/49/30
f 20/46/2 21/42/2 25/50/2
f 25/50/1 21/42/1 20/46/1
f 23/47/1 22/43/1 26/51/1
f 26/51/2 22/43/2 23/47/2
f 21/44/23 23/48/27 25/52/27
f 25/52/28 23/48/28 21/44/24
f 22/45/25 24/49/29 26/53/29
f 26/53/30 24/49/30 22/45/26
f 20/46/2 25/50/2 24/54/2
f 24/54/1 25/50/1 20/46/1
f 23/47/1 26/51/1 27/55/1
f 27/55/2 26/51/2 23/47/2
f 27/56/31 25/52/27 23/48/27
f 23/48/28 25/52/28 27/56/32
f 24/49/29 28/57/33 26/53/29
f 26/53/30 28/57/34 24/49/30
f 24/54/2 25/50/2 29/58/2
f 29/58/1 25/50/1 24/54/1
f 27/55/1 26/51/1 28/59/1
f 28/59/2 26/51/2 27/55/2
f 25/52/27 27/56/31 29/60/31
f 29/60/32 27/56/32 25/52/28
f 28/57/33 24/49/29 30/61/33
f 30/61/34 24/49/30 28/57/34
f 24/54/2 29/58/2 30/62/2
f 30/62/1 29/58/1 24/54/1
f 27/55/1 28/59/1 31/63/1
f 31/63/2 28/59/2 27/55/2
f 27/56/31 32/64/35 29/60/31
f 29/60/32 32/64/36 27/56/32
f 30/61/33 33/65/37 28/57/33
f 28/57/34 33/65/38 30/61/34
f 30/62/2 29/58/2 32/66/2
f 32/66/1 29/58/1 30/62/1
f 31/63/1 28/59/1 33/67/1
f 33/67/2 28/59/2 31/63/2
f 32/64/35 27/56/31 31/68/35
f 31/68/36 27/56/32 32/64/36
f 33/65/37 30/61/33 34/69/37
f 34/69/38 30/61/34 33/65/38
f 30/62/2 32/66/2 34/70/2
f 34/70/1 32/66/1 30/62/1
f 31/63/1 33/67/1 35/71/1
f 35/71/2 33/67/2 31/63/2
f 31/68/35 36/72/39 32/64/35
f 32/64/36 36/72/40 31/68/36
f 34/69/37 37/73/41 33/65/37
f 33/65/38 37/73/42 34/69/38
f 34/70/2 32/66/2 36/74/2
f 36/74/1 32/66/1 34/70/1
f 35/71/1 33/67/1 37/75/1
f 37/75/2 33/67/2 35/71/2
f 36/72/39 31/68/35 35/76/39
f 35/76/40 31/68/36 36/72/40
f 37/73/41 34/69/37 38/77/41
f 38/77/42 34/69/38 37/73/42
f 34/70/2 36/74/2 38/78/2
f 38/78/1 36/74/1 34/70/1
f 35/71/1 37/75/1 39/79/1
f 39/79/2 37/75/2 35/71/2
f 35/76/39 40/80/43 36/72/39
f 36/72/40 40/80/44 35/76/40
f 38/77/41 41/81/45 37/73/41
f 37/73/42 41/81/46 38/77/42
f 38/78/2 36/74/2 40/82/2
f 40/82/1 36/74/1 38/78/1
f 39/79/1 37/75/1 41/83/1
f 41/83/2 37/75/2 39/79/2
f 40/80/43 35/76/39 39/84/43
f 39/84/44 35/76/40 40/80/44
f 41/81/45 38/77/41 42/85/45
f 42/85/46 38/77/42 41/81/46
f 38/78/2 40/82/2 42/86/2
f 42/86/1 40/82/1 38/78/1
f 39/79/1 41/83/1 43/87/1
f 43/87/2 41/83/2 39/79/2
f 39/84/43 44/88/47 40/80/43
f 40/80/44 44/88/48 39/84/44
f 42/85/45 45/89/49 41/81/45
f 41/81/46 45/89/50 42/85/46
f 42/86/2 40/82/2 44/90/2
f 44/90/1 40/82/1 42/86/1
f 43/87/1 41/83/1 45/91/1
f 45/91/2 41/83/2 43/87/2
f 44/88/47 39/84/43 43/92/47
f 43/92/48 39/84/44 44/88/48
f 45/89/49 42/85/45 46/93/49
f 46/93/50 42/85/46 45/89/50
f 42/86/2 44/90/2 46/94/2
f 46/94/1 44/90/1 42/86/1
f 43/87/1 45/91/1 47/95/1
f 47/95/2 45/91/2 43/87/2
f 43/92/47 48/96/51 44/88/47
f 44/88/48 48/96/52 43/92/48
f 46/93/49 49/97/53 45/89/49
f 45/89/50 49/97/54 46/93/50
f 46/94/2 44/90/2 48/98/2
f 48/98/1 44/90/1 46/94/1
f 47/95/1 45/91/1 49/99/1
f 49/99/2 45/91/2 47/95/2
f 48/96/51 43/92/47 47/100/51
f 47/100/52 43/92/48 48/96/52
f 49/97/53 46/93/49 50/101/53
f 50/101/54 46/93/50 49/97/54
f 46/94/2 48/98/2 50/102/2
f 50/102/1 48/98/1 46/94/1
f 47/95/1 49/99/1 51/103/1
f 51/103/2 49/99/2 47/95/2
f 47/100/51 52/101/55 48/96/51
f 48/96/52 52/101/56 47/100/52
f 50/104/57 51/105/57 49/106/57
f 49/106/58 51/105/58 50/104/58
f 50/102/2 48/98/2 52/107/2
f 52/107/1 48/98/1 50/102/1
f 47/95/1 51/103/1 53/107/1
f 53/107/2 51/103/2 47/95/2
f 52/101/55 47/100/51 53/108/55
f 53/108/56 47/100/52 52/101/56
f 51/105/57 50/104/57 54/109/57
f 54/109/58 50/104/58 51/105/58
f 50/102/2 52/107/2 54/110/2
f 54/110/1 52/107/1 50/102/1
f 53/107/1 51/103/1 55/111/1
f 55/111/2 51/103/2 53/107/2
f 53/107/58 56/112/58 52/113/58
f 52/113/57 56/112/57 53/107/57
f 54/114/59 57/115/60 51/116/59
f 51/116/61 57/115/62 54/114/61
f 54/110/2 52/107/2 56/111/2
f 56/111/1 52/107/1 54/110/1
f 55/111/1 51/103/1 58/117/1
f 58/117/2 51/103/2 55/111/2
f 56/112/58 53/107/58 55/111/58
f 55/111/57 53/107/57 56/112/57
f 57/115/60 54/114/59 59/118/60
f 59/118/62 54/114/61 57/115/62
f 58/117/1 51/103/1 57/119/1
f 57/119/2 51/103/2 58/117/2
f 54/110/2 56/111/2 60/120/2
f 60/120/1 56/111/1 54/110/1
f 54/110/2 60/120/2 59/121/2
f 59/121/1 60/120/1 54/110/1
f 59/122/60 61/123/63 57/124/60
f 57/124/62 61/123/64 59/122/62
f 58/117/1 57/119/1 62/125/1
f 62/125/2 57/119/2 58/117/2
f 59/121/2 60/120/2 63/126/2
f 63/126/1 60/120/1 59/121/1
f 61/123/63 59/122/60 64/127/63
f 64/127/64 59/122/62 61/123/64
f 62/125/1 57/119/1 61/128/1
f 61/128/2 57/119/2 62/125/2
f 59/121/2 63/126/2 64/129/2
f 64/129/1 63/126/1 59/121/1
f 64/130/63 65/131/65 61/132/63
f 61/132/64 65/131/66 64/130/64
f 62/125/1 61/128/1 66/133/1
f 66/133/2 61/128/2 62/125/2
f 64/129/2 63/126/2 67/134/2
f 67/134/1 63/126/1 64/129/1
f 65/131/65 64/130/63 68/135/65
f 68/135/66 64/130/64 65/131/66
f 66/133/1 61/128/1 65/136/1
f 65/136/2 61/128/2 66/133/2
f 64/129/2 67/134/2 68/137/2
f 68/137/1 67/134/1 64/129/1
f 68/138/65 69/139/67 65/140/65
f 65/140/66 69/139/68 68/138/66
f 66/133/1 65/136/1 70/141/1
f 70/141/2 65/136/2 66/133/2
f 68/137/2 67/134/2 71/142/2
f 71/142/1 67/134/1 68/137/1
f 69/139/67 68/138/65 72/143/67
f 72/143/68 68/138/66 69/139/68
f 70/141/1 65/136/1 69/144/1
f 69/144/2 65/136/2 70/141/2
f 68/137/2 71/142/2 72/145/2
f 72/145/1 71/142/1 68/137/1
f 72/146/67 73/147/69 69/148/67
f 69/148/68 73/147/70 72/146/68
f 70/141/1 69/144/1 74/149/1
f 74/149/2 69/144/2 70/141/2
f 72/145/2 71/142/2 75/150/2
f 75/150/1 71/142/1 72/145/1
f 73/147/69 72/146/67 76/151/69
f 76/151/70 72/146/68 73/147/70
f 74/149/1 69/144/1 73/152/1
f 73/152/2 69/144/2 74/149/2
f 72/145/2 75/150/2 76/153/2
f 76/153/1 75/150/1 72/145/1
f 77/154/71 73/155/69 76/156/69
f 76/156/70 73/155/70 77/154/72
f 74/149/1 73/152/1 78/157/1
f 78/157/2 73/152/2 74/149/2
f 76/153/2 75/150/2 79/158/2
f 79/158/1 75/150/1 76/153/1
f 73/155/69 77/154/71 80/159/71
f 80/159/72 77/154/72 73/155/70
f 76/153/2 79/158/2 77/160/2
f 77/160/1 79/158/1 76/153/1
f 78/157/1 73/152/1 80/161/1
f 80/161/2 73/152/2 78/157/2
f 81/162/73 80/163/71 77/164/71
f 77/164/72 80/163/72 81/162/74
f 77/160/2 79/158/2 82/165/2
f 82/165/1 79/158/1 77/160/1
f 78/157/1 80/161/1 83/166/1
f 83/166/2 80/161/2 78/157/2
f 80/163/71 81/162/73 84/167/73
f 84/167/74 81/162/74 80/163/72
f 77/160/2 82/165/2 81/168/2
f 81/168/1 82/165/1 77/160/1
f 83/166/1 80/161/1 84/169/1
f 84/169/2 80/161/2 83/166/2
f 85/170/75 84/171/73 81/172/73
f 81/172/74 84/171/74 85/170/76
f 81/168/2 82/165/2 86/173/2
f 86/173/1 82/165/1 81/168/1
f 83/166/1 84/169/1 87/174/1
f 87/174/2 84/169/2 83/166/2
f 84/171/73 85/170/75 88/175/75
f 88/175/76 85/170/76 84/171/74
f 81/168/2 86/173/2 85/176/2
f 85/176/1 86/173/1 81/168/1
f 87/174/1 84/169/1 88/177/1
f 88/177/2 84/169/2 87/174/2
f 89/178/77 88/179/75 85/180/75
f 85/180/76 88/179/76 89/178/78
f 85/176/2 86/173/2 90/181/2
f 90/181/1 86/173/1 85/176/1
f 87/174/1 88/177/1 91/182/1
f 91/182/2 88/177/2 87/174/2
f 88/179/75 89/178/77 92/183/77
f 92/183/78 89/178/78 88/179/76
f 85/176/2 90/181/2 89/184/2
f 89/184/1 90/181/1 85/176/1
f 91/182/1 88/177/1 92/185/1
f 92/185/2 88/177/2 91/182/2
f 93/186/79 92/187/77 89/188/77
f 89/188/78 92/187/78 93/186/80
f 89/184/2 90/181/2 94/189/2
f 94/189/1 90/181/1 89/184/1
f 91/182/1 92/185/1 95/190/1
f 95/190/2 92/185/2 91/182/2
f 92/187/77 93/186/79 96/191/79
f 96/191/80 93/186/80 92/187/78
f 89/184/2 94/189/2 93/192/2
f 93/192/1 94/189/1 89/184/1
f 95/190/1 92/185/1 96/193/1
f 96/193/2 92/185/2 95/190/2
f 97/194/81 96/195/79 93/196/79
f 93/196/80 96/195/80 97/194/82
f 93/192/2 94/189/2 98/197/2
f 98/197/1 94/189/1 93/192/1
f 95/190/1 96/193/1 99/198/1
f 99/198/2 96/193/2 95/190/2
f 96/195/79 97/194/81 100/199/81
f 100/199/82 97/194/82 96/195/80
f 93/192/2 98/197/2 97/200/2
f 97/200/1 98/197/1 93/192/1
f 99/198/1 96/193/1 100/201/1
f 100/201/2 96/193/2 99/198/2
f 101/202/83 100/203/81 97/204/81
f 97/204/82 100/203/82 101/202/84
f 97/200/2 98/197/2 102/205/2
f 102/205/1 98/197/1 97/200/1
f 99/198/1 100/201/1 104/206/1
f 104/206/2 100/201/2 99/198/2
f 105/207/83 100/203/81 101/202/83
f 101/202/84 100/203/82 105/207/84
f 97/200/2 102/205/2 101/208/2
f 101/208/1 102/205/1 97/200/1
f 104/206/1 100/201/1 107/209/1
f 107/209/2 100/201/2 104/206/2
f 108/210/83 100/203/81 105/207/83
f 105/207/84 100/203/82 108/210/84
f 100/203/81 108/210/83 107/211/83
f 107/211/84 108/210/84 100/203/82
f 114/212/1 105/209/1 115/213/1
f 115/213/2 105/209/2 114/212/2
f 115/213/1 105/209/1 109/214/1
f 109/214/2 105/209/2 115/213/2
f 123/215/2 108/208/2 113/216/2
f 113/216/1 108/208/1 123/215/1
f 124/217/1 105/209/1 114/212/1
f 114/212/2 105/209/2 124/217/2
f 108/208/2 135/218/2 121/219/2
f 121/219/1 135/218/1 108/208/1
f 105/209/1 137/220/1 122/221/1
f 122/221/2 137/220/2 105/209/2
f 122/222/8 138/223/8 113/224/8
f 113/224/7 138/223/7 122/222/7
f 108/208/2 123/215/2 139/225/2
f 139/225/1 123/215/1 108/208/1
f 113/216/2 140/226/2 123/215/2
f 123/215/1 140/226/1 113/216/1
f 141/227/1 105/209/1 124/217/1
f 124/217/2 105/209/2 141/227/2
f 129/228/57 117/229/57 149/230/57
f 149/230/58 117/229/58 129/228/58
f 108/208/2 158/231/2 135/218/2
f 135/218/1 158/231/1 108/208/1
f 137/220/1 105/209/1 143/232/1
f 143/232/2 105/209/2 137/220/2
f 137/233/8 160/234/8 122/222/8
f 122/222/7 160/234/7 137/233/7
f 122/222/8 161/235/8 138/223/8
f 138/223/7 161/235/7 122/222/7
f 162/236/8 113/224/8 138/223/8
f 138/223/7 113/224/7 162/236/7
f 108/208/2 139/225/2 163/237/2
f 163/237/1 139/225/1 108/208/1
f 140/226/2 113/216/2 164/238/2
f 164/238/1 113/216/1 140/226/1
f 165/239/1 105/209/1 141/227/1
f 141/227/2 105/209/2 165/239/2
f 140/240/57 137/241/57 128/242/57
f 128/242/58 137/241/58 140/240/58
f 128/242/57 137/241/57 148/243/57
f 148/243/58 137/241/58 128/242/58
f 148/243/57 137/241/57 117/229/57
f 117/229/58 137/241/58 148/243/58
f 117/229/57 137/241/57 149/230/57
f 149/230/58 137/241/58 117/229/58
f 108/208/2 190/244/2 158/231/2
f 158/231/1 190/244/1 108/208/1
f 143/232/1 105/209/1 168/245/1
f 168/245/2 105/209/2 143/232/2
f 149/230/57 137/241/57 143/246/57
f 143/246/58 137/241/58 149/230/58
f 160/234/8 137/233/8 192/247/8
f 192/247/7 137/233/7 160/234/7
f 122/222/8 160/234/8 193/248/8
f 193/248/7 160/234/7 122/222/7
f 122/222/8 194/249/8 161/235/8
f 161/235/7 194/249/7 122/222/7
f 196/250/8 113/224/8 162/236/8
f 162/236/7 113/224/7 196/250/7
f 108/208/2 163/237/2 190/244/2
f 190/244/1 163/237/1 108/208/1
f 198/251/8 164/252/8 113/224/8
f 113/224/7 164/252/7 198/251/7
f 137/241/57 140/240/57 164/253/57
f 164/253/58 140/240/58 137/241/58
f 168/245/1 105/209/1 165/239/1
f 165/239/2 105/209/2 168/245/2
f 192/247/8 137/233/8 223/254/8
f 223/254/7 137/233/7 192/247/7
f 122/222/8 193/248/8 226/255/8
f 226/255/7 193/248/7 122/222/7
f 122/222/8 227/256/8 194/249/8
f 194/249/7 227/256/7 122/222/7
f 231/257/8 113/224/8 196/250/8
f 196/250/7 113/224/7 231/257/7
f 234/258/8 164/252/8 198/251/8
f 198/251/7 164/252/7 234/258/7
f 198/251/8 113/224/8 235/259/8
f 235/259/7 113/224/7 198/251/7
f 164/252/8 236/260/8 137/233/8
f 137/233/7 236/260/7 164/252/7
f 223/254/8 137/233/8 248/261/8
f 248/261/7 137/233/7 223/254/7
f 122/222/8 226/255/8 251/262/8
f 251/262/7 226/255/7 122/222/7
f 122/222/8 252/263/8 227/256/8
f 227/256/7 252/263/7 122/222/7
f 260/264/8 113/224/8 231/257/8
f 231/257/7 113/224/7 260/264/7
f 263/265/8 164/252/8 234/258/8
f 234/258/7 164/252/7 263/265/7
f 235/259/8 113/224/8 265/266/8
f 265/266/7 113/224/7 235/259/7
f 236/260/8 164/252/8 267/267/8
f 267/267/7 164/252/7 236/260/7
f 137/233/8 236/260/8 268/268/8
f 268/268/7 236/260/7 137/233/7
f 248/261/8 137/233/8 277/269/8
f 277/269/7 137/233/7 248/261/7
f 122/222/8 251/262/8 283/270/8
f 283/270/7 251/262/7 122/222/7
f 122/222/8 284/271/8 252/263/8
f 252/263/7 284/271/7 122/222/7
f 292/272/8 113/224/8 260/264/8
f 260/264/7 113/224/7 292/272/7
f 296/273/8 164/252/8 263/265/8
f 263/265/7 164/252/7 296/273/7
f 265/266/8 113/224/8 297/274/8
f 297/274/7 113/224/7 265/266/7
f 267/267/8 164/252/8 299/275/8
f 299/275/7 164/252/7 267/267/7
f 137/233/8 268/268/8 302/276/8
f 302/276/7 268/268/7 137/233/7
f 277/269/8 137/233/8 310/277/8
f 310/277/7 137/233/7 277/269/7
f 122/222/8 283/270/8 316/278/8
f 316/278/7 283/270/7 122/222/7
f 122/222/8 317/279/8 284/271/8
f 284/271/7 317/279/7 122/222/7
f 326/280/8 113/224/8 292/272/8
f 292/272/7 113/224/7 326/280/7
f 299/275/8 164/252/8 296/273/8
f 296/273/7 164/252/7 299/275/7
f 297/274/8 113/224/8 333/281/8
f 333/281/7 113/224/7 297/274/7
f 137/233/8 302/276/8 339/282/8
f 339/282/7 302/276/7 137/233/7
f 310/277/8 137/233/8 347/283/8
f 347/283/7 137/233/7 310/277/7
f 122/222/8 316/278/8 356/284/8
f 356/284/7 316/278/7 122/222/7
f 122/222/8 357/285/8 317/279/8
f 317/279/7 357/285/7 122/222/7
f 363/286/8 113/224/8 326/280/8
f 326/280/7 113/224/7 363/286/7
f 333/281/8 113/224/8 374/287/8
f 374/287/7 113/224/7 333/281/7
f 137/233/8 339/282/8 386/288/8
f 386/288/7 339/282/7 137/233/7
f 347/283/8 137/233/8 393/289/8
f 393/289/7 137/233/7 347/283/7
f 122/222/8 356/284/8 404/290/8
f 404/290/7 356/284/7 122/222/7
f 122/222/8 405/291/8 357/285/8
f 357/285/7 405/291/7 122/222/7
f 414/292/8 113/224/8 363/286/8
f 363/286/7 113/224/7 414/292/7
f 374/287/8 113/224/8 425/293/8
f 425/293/7 113/224/7 374/287/7
f 439/294/8 137/233/8 386/288/8
f 386/288/7 137/233/7 439/294/7
f 393/289/8 137/233/8 443/295/8
f 443/295/7 137/233/7 393/289/7
f 122/222/8 404/290/8 405/291/8
f 405/291/7 404/290/7 122/222/7
f 425/293/8 113/224/8 414/292/8
f 414/292/7 113/224/7 425/293/7
f 498/296/8 137/233/8 439/294/8
f 439/294/7 137/233/7 498/296/7
f 443/295/8 137/233/8 498/296/8
f 498/296/7 137/233/7 443/295/7
usemtl material_1_2
f 60//50 55//54 58//50
f 58//49 55//53 60//49
f 55//54 60//50 56//54
f 56//53 60//49 55//53
f 58//50 63//46 60//50
f 60//49 63//45 58//49
f 63//46 58//50 62//46
f 62//45 58//49 63//45
f 62//46 67//42 63//46
f 63//45 67//41 62//45
f 67//42 62//46 66//42
f 66//41 62//45 67//41
f 66//42 71//38 67//42
f 67//41 71//37 66//41
f 71//38 66//42 70//38
f 70//37 66//41 71//37
f 70//38 75//34 71//38
f 71//37 75//33 70//37
f 75//34 70//38 74//34
f 74//33 70//37 75//33
f 74//34 79//30 75//34
f 75//33 79//29 74//33
f 79//30 74//34 78//30
f 78//29 74//33 79//29
f 83//26 79//30 78//30
f 78//29 79//29 83//25
f 79//30 83//26 82//26
f 82//25 83//25 79//29
f 87//22 82//26 83//26
f 83//25 82//25 87//21
f 82//26 87//22 86//22
f 86//21 87//21 82//25
f 91//18 86//22 87//22
f 87//21 86//21 91//17
f 86//22 91//18 90//18
f 90//17 91//17 86//21
f 95//14 90//18 91//18
f 91//17 90//17 95//13
f 90//18 95//14 94//14
f 94//13 95//13 90//17
f 99//12 94//14 95//14
f 95//13 94//13 99//10
f 94//14 99//12 98//12
f 98//10 99//10 94//13
f 98//12 99//12 103//85
f 103//86 99//10 98//10
f 98//12 104//11 102//11
f 102//9 104//9 98//10
f 104//11 103//85 99//12
f 99//10 103//86 104//9
f 98//12 103//85 106//85
f 106//86 103//86 98//10
f 101//8 109//8 105//8
f 105//7 109//7 101//7
f 102//8 109//8 101//8
f 101//7 109//7 102//7
f 106//85 104//11 98//12
f 98//10 104//9 106//86
f 102//11 104//11 110//11
f 110//9 104//9 102//9
f 103//85 104//11 106//85
f 106//86 104//9 103//86
f 106//85 112//87 103//85
f 103//86 112//88 106//86
f 107//8 110//8 104//8
f 104//7 110//7 107//7
f 105//58 113//58 108//58
f 108//57 113//57 105//57
f 109//8 102//8 116//8
f 116//7 102//7 109//7
f 102//11 110//11 117//11
f 117//9 110//9 102//9
f 119//2 106//2 111//2
f 111//1 106//1 119//1
f 112//87 106//85 120//87
f 120//88 106//86 112//88
f 112//1 110//1 103//1
f 103//2 110//2 112//2
f 121//8 107//8 108//8
f 108//7 107//7 121//7
f 110//8 107//8 121//8
f 121//7 107//7 110//7
f 113//58 105//58 122//58
f 122//57 105//57 113//57
f 116//1 114//1 115//1
f 115//2 114//2 116//2
f 116//1 115//1 109//1
f 109//2 115//2 116//2
f 102//11 125//11 116//11
f 116//9 125//9 102//9
f 116//2 126//2 109//2
f 109//1 126//1 116//1
f 109//7 125//7 116//7
f 116//8 125//8 109//8
f 127//7 110//7 117//7
f 117//8 110//8 127//8
f 110//57 128//57 117//57
f 117//58 128//58 110//58
f 102//11 117//11 129//11
f 129//9 117//9 102//9
f 103//1 110//1 118//1
f 118//2 110//2 103//2
f 131//2 106//2 119//2
f 119//1 106//1 131//1
f 119//2 111//2 132//2
f 132//1 111//1 119//1
f 133//2 120//2 106//2
f 106//1 120//1 133//1
f 120//87 134//89 112//87
f 112//88 134//90 120//88
f 134//1 110//1 112//1
f 112//2 110//2 134//2
f 135//2 110//2 121//2
f 121//1 110//1 135//1
f 136//1 110//1 121//1
f 121//2 110//2 136//2
f 110//7 127//7 121//7
f 121//8 127//8 110//8
f 116//1 124//1 114//1
f 114//2 124//2 116//2
f 102//11 142//11 125//11
f 125//9 142//9 102//9
f 125//57 143//57 116//57
f 116//58 143//58 125//58
f 116//2 144//2 126//2
f 126//1 144//1 116//1
f 109//2 126//2 145//2
f 145//1 126//1 109//1
f 125//7 109//7 142//7
f 142//8 109//8 125//8
f 117//1 146//1 127//1
f 127//2 146//2 117//2
f 117//7 147//7 127//7
f 127//8 147//8 117//8
f 128//57 110//57 140//57
f 140//58 110//58 128//58
f 117//57 128//57 148//57
f 148//58 128//58 117//58
f 117//57 150//57 129//57
f 129//58 150//58 117//58
f 129//7 147//7 117//7
f 117//8 147//8 129//8
f 102//11 129//11 142//11
f 142//9 129//9 102//9
f 118//1 110//1 136//1
f 136//2 110//2 118//2
f 152//2 111//2 130//2
f 130//1 111//1 152//1
f 133//2 106//2 131//2
f 131//1 106//1 133//1
f 132//2 111//2 152//2
f 152//1 111//1 132//1
f 155//2 120//2 133//2
f 133//1 120//1 155//1
f 134//89 120//87 156//89
f 156//90 120//88 134//90
f 157//1 110//1 134//1
f 134//2 110//2 157//2
f 158//2 110//2 135//2
f 135//1 110//1 158//1
f 121//7 127//7 159//7
f 159//8 127//8 121//8
f 140//2 139//2 123//2
f 123//1 139//1 140//1
f 116//1 141//1 124//1
f 124//2 141//2 116//2
f 142//57 143//57 125//57
f 125//58 143//58 142//58
f 142//57 166//57 125//57
f 125//58 166//58 142//58
f 167//7 142//7 125//7
f 125//8 142//8 167//8
f 168//1 116//1 143//1
f 143//2 116//2 168//2
f 143//2 169//2 116//2
f 116//1 169//1 143//1
f 116//2 170//2 144//2
f 144//1 170//1 116//1
f 171//91 126//92 144//91
f 144//93 126//94 171//93
f 145//2 126//2 172//2
f 172//1 126//1 145//1
f 142//7 109//7 129//7
f 129//8 109//8 142//8
f 117//1 174//1 146//1
f 146//2 174//2 117//2
f 175//45 127//49 146//45
f 146//46 127//50 175//46
f 127//49 175//45 147//49
f 147//50 175//46 127//50
f 139//2 140//2 110//2
f 110//1 140//1 139//1
f 110//1 177//1 140//1
f 140//2 177//2 110//2
f 177//95 128//4 140//4
f 140//6 128//6 177//96
f 178//2 148//2 128//2
f 128//1 148//1 178//1
f 179//1 117//1 148//1
f 148//2 117//2 179//2
f 150//57 117//57 148//57
f 148//58 117//58 150//58
f 180//1 149//1 129//1
f 129//2 149//2 180//2
f 143//57 129//57 149//57
f 149//58 129//58 143//58
f 129//57 150//57 142//57
f 142//58 150//58 129//58
f 147//7 129//7 142//7
f 142//8 129//8 147//8
f 129//57 143//57 142//57
f 142//58 143//58 129//58
f 118//1 136//1 181//1
f 181//2 136//2 118//2
f 118//1 181//1 151//1
f 151//2 181//2 118//2
f 152//2 130//2 183//2
f 183//1 130//1 152//1
f 186//2 120//2 155//2
f 155//1 120//1 186//1
f 188//2 156//2 120//2
f 120//1 156//1 188//1
f 156//89 157//97 134//89
f 134//90 157//98 156//90
f 189//1 110//1 157//1
f 157//2 110//2 189//2
f 190//2 110//2 158//2
f 158//1 110//1 190//1
f 176//2 159//2 127//2
f 127//1 159//1 176//1
f 139//2 110//2 163//2
f 163//1 110//1 139//1
f 116//1 165//1 141//1
f 141//2 165//2 116//2
f 166//57 142//57 150//57
f 150//58 142//58 166//58
f 199//2 125//2 166//2
f 166//1 125//1 199//1
f 142//7 167//7 147//7
f 147//8 167//8 142//8
f 125//2 154//2 167//2
f 167//1 154//1 125//1
f 116//1 168//1 165//1
f 165//2 168//2 116//2
f 169//2 143//2 200//2
f 200//1 143//1 169//1
f 200//99 180//100 169//100
f 169//102 180//102 200//101
f 116//2 169//2 201//2
f 201//1 169//1 116//1
f 116//2 202//2 170//2
f 170//1 202//1 116//1
f 203//103 144//91 170//103
f 170//104 144//93 203//104
f 126//92 171//91 204//92
f 204//94 171//93 126//94
f 144//91 203//103 171//91
f 171//93 203//104 144//93
f 204//92 172//105 126//92
f 126//94 172//106 204//94
f 145//2 172//2 205//2
f 205//1 172//1 145//1
f 129//7 109//7 206//7
f 206//8 109//8 129//8
f 117//1 208//1 174//1
f 174//2 208//2 117//2
f 209//37 146//45 174//37
f 174//38 146//46 209//38
f 146//45 209//37 175//45
f 175//46 209//38 146//46
f 175//2 142//2 147//2
f 147//1 142//1 175//1
f 177//1 110//1 189//1
f 189//2 110//2 177//2
f 128//4 177//95 178//95
f 178//96 177//96 128//6
f 148//2 178//2 211//2
f 211//1 178//1 148//1
f 117//1 179//1 212//1
f 212//2 179//2 117//2
f 148//10 213//13 179//13
f 179//14 213//14 148//12
f 213//13 148//10 150//10
f 150//12 148//12 213//14
f 149//1 180//1 214//1
f 214//2 180//2 149//2
f 180//100 200//99 214//99
f 214//101 200//101 180//102
f 180//1 129//1 215//1
f 215//2 129//2 180//2
f 143//107 214//99 200//99
f 200//101 214//101 143//108
f 214//99 143//107 149//107
f 149//108 143//108 214//101
f 142//2 213//2 150//2
f 150//1 213//1 142//1
f 151//1 181//1 216//1
f 216//2 181//2 151//2
f 218//2 130//2 182//2
f 182//1 130//1 218//1
f 183//2 130//2 218//2
f 218//1 130//1 183//1
f 125//2 184//2 153//2
f 153//1 184//1 125//1
f 125//2 153//2 154//2
f 154//1 153//1 125//1
f 210//2 154//2 185//2
f 185//1 154//1 210//1
f 188//2 120//2 186//2
f 186//1 120//1 188//1
f 148//2 156//2 188//2
f 188//1 156//1 148//1
f 157//97 156//89 222//97
f 222//98 156//90 157//98
f 157//97 211//109 189//109
f 189//110 211//110 157//98
f 163//2 110//2 190//2
f 190//1 110//1 163//1
f 159//2 176//2 191//2
f 191//1 176//1 159//1
f 125//2 199//2 220//2
f 220//1 199//1 125//1
f 167//2 154//2 210//2
f 210//1 154//1 167//1
f 215//111 169//100 180//100
f 180//102 169//102 215//112
f 169//100 215//111 201//111
f 201//112 215//112 169//102
f 116//2 201//2 202//2
f 202//1 201//1 116//1
f 237//113 170//103 202//113
f 202//114 170//104 237//114
f 170//103 237//113 203//103
f 203//104 237//114 170//104
f 171//1 129//1 204//1
f 204//2 129//2 171//2
f 203//1 129//1 171//1
f 171//2 129//2 203//2
f 172//105 204//92 238//105
f 238//106 204//94 172//106
f 205//2 172//2 239//2
f 239//1 172//1 205//1
f 173//1 129//1 206//1
f 206//2 129//2 173//2
f 238//1 173//1 207//1
f 207//2 173//2 238//2
f 117//1 212//1 208//1
f 208//2 212//2 117//2
f 240//29 174//37 208//29
f 208//30 174//38 240//30
f 174//37 240//29 209//37
f 209//38 240//30 174//38
f 209//2 142//2 175//2
f 175//1 142//1 209//1
f 189//109 178//95 177//95
f 177//96 178//96 189//110
f 178//95 189//109 211//109
f 211//110 189//110 178//96
f 148//2 211//2 222//2
f 222//1 211//1 148//1
f 179//13 242//21 212//21
f 212//22 242//22 179//14
f 242//21 179//13 213//13
f 213//14 179//14 242//22
f 215//1 129//1 237//1
f 237//2 129//2 215//2
f 213//2 142//2 242//2
f 242//1 142//1 213//1
f 151//1 216//1 217//1
f 217//2 216//2 151//2
f 218//2 182//2 245//2
f 245//1 182//1 218//1
f 125//2 187//2 184//2
f 184//1 187//1 125//1
f 246//2 185//2 219//2
f 219//1 185//1 246//1
f 210//2 185//2 247//2
f 247//1 185//1 210//1
f 125//2 221//2 187//2
f 187//1 221//1 125//1
f 148//2 222//2 156//2
f 156//1 222//1 148//1
f 211//109 157//97 222//97
f 222//98 157//98 211//110
f 191//2 176//2 243//2
f 243//1 176//1 191//1
f 125//2 220//2 221//2
f 221//1 220//1 125//1
f 237//113 201//111 215//111
f 215//112 201//112 237//114
f 201//111 237//113 202//113
f 202//114 237//114 201//112
f 237//1 129//1 203//1
f 203//2 129//2 237//2
f 129//1 173//1 204//1
f 204//2 173//2 129//2
f 204//1 173//1 238//1
f 238//2 173//2 204//2
f 205//2 239//2 269//2
f 269//1 239//1 205//1
f 238//1 207//1 271//1
f 271//2 207//2 238//2
f 212//21 240//29 208//29
f 208//30 240//30 212//22
f 240//2 142//2 209//2
f 209//1 142//1 240//1
f 243//2 176//2 241//2
f 241//1 176//1 243//1
f 240//29 212//21 242//21
f 242//22 212//22 240//30
f 242//2 142//2 240//2
f 240//1 142//1 242//1
f 217//1 216//1 273//1
f 273//2 216//2 217//2
f 217//1 273//1 244//1
f 244//2 273//2 217//2
f 245//2 182//2 275//2
f 275//1 182//1 245//1
f 247//2 185//2 246//2
f 246//1 185//1 247//1
f 246//2 219//2 276//2
f 276//1 219//1 246//1
f 286//57 254//115 228//115
f 228//116 254//116 286//58
f 269//2 239//2 303//2
f 303//1 239//1 269//1
f 271//1 207//1 270//1
f 270//2 207//2 271//2
f 243//2 241//2 304//2
f 304//1 241//1 243//1
f 243//2 304//2 272//2
f 272//1 304//1 243//1
f 306//2 182//2 274//2
f 274//1 182//1 306//1
f 244//1 273//1 307//1
f 307//2 273//2 244//2
f 275//2 182//2 272//2
f 272//1 182//1 275//1
f 246//2 276//2 309//2
f 309//1 276//1 246//1
f 254//115 286//57 319//57
f 319//58 286//58 254//116
f 269//2 303//2 340//2
f 340//1 303//1 269//1
f 271//1 270//1 341//1
f 341//2 270//2 271//2
f 272//2 304//2 342//2
f 342//1 304//1 272//1
f 244//1 307//1 305//1
f 305//2 307//2 244//2
f 272//2 182//2 306//2
f 306//1 182//1 272//1
f 306//2 274//2 344//2
f 344//1 274//1 306//1
f 272//2 345//2 275//2
f 275//1 345//1 272//1
f 309//2 276//2 308//2
f 308//1 276//1 309//1
f 319//57 286//57 359//57
f 359//58 286//58 319//58
f 340//2 303//2 387//2
f 387//1 303//1 340//1
f 341//1 270//1 388//1
f 388//2 270//2 341//2
f 272//2 342//2 345//2
f 345//1 342//1 272//1
f 344//2 274//2 343//2
f 343//1 274//1 344//1
f 305//1 307//1 390//1
f 390//2 307//2 305//2
f 392//2 308//2 346//2
f 346//1 308//1 392//1
f 309//2 308//2 392//2
f 392//1 308//1 309//1
f 359//57 286//57 408//57
f 408//58 286//58 359//58
f 340//2 387//2 441//2
f 441//1 387//1 340//1
f 341//1 388//1 440//1
f 440//2 388//2 341//2
f 305//1 390//1 389//1
f 389//2 390//2 305//2
f 344//2 343//2 391//2
f 391//1 343//1 344//1
f 395//21 396//21 350//21
f 350//22 396//22 395//22
f 399//117 447//117 352//117
f 352//118 447//118 399//118
f 398//58 449//58 353//58
f 353//57 449//57 398//57
f 453//58 402//58 355//58
f 355//57 402//57 453//57
f 359//57 408//57 459//57
f 459//58 408//58 359//58
f 415//58 467//58 366//58
f 366//57 467//57 415//57
f 366//58 467//58 367//58
f 367//57 467//57 366//57
f 467//58 416//58 367//58
f 367//57 416//57 467//57
f 370//58 470//58 371//58
f 371//57 470//57 370//57
f 419//58 470//58 370//58
f 370//57 470//57 419//57
f 371//58 471//58 420//58
f 420//57 471//57 371//57
f 379//119 489//119 432//119
f 432//120 489//120 379//120
f 441//2 387//2 501//2
f 501//1 387//1 441//1
f 440//1 388//1 502//1
f 502//2 388//2 440//2
f 391//2 343//2 442//2
f 442//1 343//1 391//1
f 396//21 395//21 506//21
f 506//22 395//22 396//22
f 447//117 399//117 508//117
f 508//118 399//118 447//118
f 400//118 510//118 450//118
f 450//117 510//117 400//117
f 449//58 398//58 511//58
f 511//57 398//57 449//57
f 402//58 453//58 515//58
f 515//57 453//57 402//57
f 519//58 460//58 411//58
f 411//57 460//57 519//57
f 519//58 411//58 413//58
f 413//57 411//57 519//57
f 519//58 413//58 464//58
f 464//57 413//57 519//57
f 466//58 467//58 415//58
f 415//57 467//57 466//57
f 470//58 416//58 467//58
f 467//57 416//57 470//57
f 416//58 470//58 469//58
f 469//57 470//57 416//57
f 371//58 470//58 471//58
f 471//57 470//57 371//57
f 521//58 470//58 419//58
f 419//57 470//57 521//57
f 420//58 471//58 472//58
f 472//57 471//57 420//57
f 529//121 528//121 474//121
f 474//122 528//122 529//122
f 422//123 529//123 474//123
f 474//124 529//124 422//124
f 528//121 529//121 530//121
f 530//122 529//122 528//122
f 529//123 422//123 477//123
f 477//124 422//124 529//124
f 334//38 540//38 486//38
f 486//37 540//37 334//37
f 539//120 487//120 378//120
f 378//119 487//119 539//119
f 489//119 379//119 488//119
f 488//120 379//120 489//120
f 544//125 432//125 489//125
f 489//126 432//126 544//126
f 440//1 502//1 500//1
f 500//2 502//2 440//2
f 441//2 501//2 552//2
f 552//1 501//1 441//1
f 504//21 554//21 446//21
f 446//22 554//22 504//22
f 449//23 506//23 395//23
f 395//24 506//24 449//24
f 556//127 447//127 508//127
f 508//128 447//128 556//128
f 510//118 400//118 557//118
f 557//117 400//117 510//117
f 506//23 449//23 511//23
f 511//24 449//24 506//24
f 519//58 462//58 460//58
f 460//57 462//57 519//57
f 519//58 466//58 461//58
f 461//57 466//57 519//57
f 519//58 461//58 462//58
f 462//57 461//57 519//57
f 519//58 464//58 563//58
f 563//57 464//57 519//57
f 467//58 466//58 519//58
f 519//57 466//57 467//57
f 469//58 470//58 521//58
f 521//57 470//57 469//57
f 472//58 471//58 522//58
f 522//57 471//57 472//57
f 537//1 482//1 536//1
f 536//2 482//2 537//2
f 482//1 537//1 483//1
f 483//2 537//2 482//2
f 540//38 334//38 538//38
f 538//37 334//37 540//37
f 487//120 539//120 542//120
f 542//119 539//119 487//119
f 432//125 544//125 575//125
f 575//126 544//126 432//126
f 585//58 550//116 497//116
f 497//115 550//115 585//57
f 550//116 586//58 497//116
f 497//115 586//57 550//115
f 550//116 585//58 499//58
f 499//57 585//57 550//115
f 500//1 502//1 589//1
f 589//2 502//2 500//2
f 554//21 504//21 593//21
f 593//22 504//22 554//22
f 447//127 556//127 555//127
f 555//128 556//128 447//128
f 555//129 510//129 557//129
f 557//130 510//130 555//130
f 519//58 563//58 562//58
f 562//57 563//57 519//57
f 522//58 471//58 523//58
f 523//57 471//57 522//57
f 523//58 471//58 565//58
f 565//57 471//57 523//57
f 574//1 536//1 572//1
f 572//2 536//2 574//2
f 537//1 536//1 574//1
f 574//2 536//2 537//2
f 538//39 606//39 540//39
f 540//40 606//40 538//40
f 544//131 539//131 575//131
f 575//132 539//132 544//132
f 539//131 544//131 542//131
f 542//132 544//132 539//132
f 542//131 544//131 577//131
f 577//132 544//132 542//132
f 546//133 612//133 581//133
f 581//134 612//134 546//134
f 586//58 550//116 616//58
f 616//57 550//115 586//57
f 615//58 551//58 588//58
f 588//57 551//57 615//57
f 551//58 584//135 587//135
f 587//136 584//136 551//57
f 618//23 593//23 504//23
f 504//24 593//24 618//24
f 510//129 555//129 556//129
f 556//130 555//130 510//130
f 519//58 561//58 471//58
f 471//57 561//57 519//57
f 565//58 471//58 561//58
f 561//57 471//57 565//57
f 519//58 562//58 561//58
f 561//57 562//57 519//57
f 630//1 602//1 568//1
f 568//2 602//2 630//2
f 630//1 568//1 570//1
f 570//2 568//2 630//2
f 633//1 570//1 604//1
f 604//2 570//2 633//2
f 634//1 572//1 571//1
f 571//2 572//2 634//2
f 635//1 571//1 602//1
f 602//2 571//2 635//2
f 574//1 572//1 634//1
f 634//2 572//2 574//2
f 606//39 538//39 637//39
f 637//40 538//40 606//40
f 606//7 576//7 607//7
f 607//8 576//8 606//8
f 612//133 546//133 611//133
f 611//134 546//134 612//134
f 612//137 642//137 581//137
f 581//138 642//138 612//138
f 645//58 587//135 584//135
f 584//136 587//136 645//57
f 551//58 615//58 584//135
f 584//136 615//57 551//57
f 593//23 618//23 647//23
f 647//24 618//24 593//24
f 619//58 618//58 594//58
f 594//57 618//57 619//57
f 635//1 602//1 630//1
f 630//2 602//2 635//2
f 630//1 570//1 658//1
f 658//2 570//2 630//2
f 660//1 604//1 632//1
f 632//2 604//2 660//2
f 658//1 570//1 633//1
f 633//2 570//2 658//2
f 633//1 604//1 660//1
f 660//2 604//2 633//2
f 634//1 571//1 661//1
f 661//2 571//2 634//2
f 661//1 571//1 635//1
f 635//2 571//2 661//2
f 576//7 606//7 637//7
f 637//8 606//8 576//8
f 610//139 667//139 641//139
f 641//140 667//140 610//140
f 642//137 612//137 667//137
f 667//138 612//138 642//138
f 587//135 645//58 673//58
f 673//57 645//57 587//136
f 618//58 619//58 647//58
f 647//57 619//57 618//57
f 660//1 632//1 685//1
f 685//2 632//2 660//2
f 667//139 610//139 642//139
f 642//140 610//140 667//140
f 673//58 645//58 700//58
f 700//57 645//57 673//57
f 703//2 652//2 657//2
f 657//1 652//1 703//1
f 660//1 685//1 708//1
f 708//2 685//2 660//2
f 689//58 703//58 657//58
f 657//57 703//57 689//57
f 652//2 703//2 720//2
f 720//1 703//1 652//1
f 652//57 722//57 704//57
f 704//58 722//58 652//58
f 708//1 685//1 707//1
f 707//2 685//2 708//2
f 703//58 689//58 725//58
f 725//57 689//57 703//57
f 730//8 720//8 703//8
f 703//7 720//7 730//7
f 722//57 652//57 720//57
f 720//58 652//58 722//58
f 732//8 733//8 734//8
f 734//7 733//7 732//7
f 733//8 732//8 721//8
f 721//7 732//7 733//7
f 733//8 721//8 704//8
f 704//7 721//7 733//7
f 735//141 704//141 736//141
f 736//142 704//142 735//142
f 736//141 704//141 722//141
f 722//142 704//142 736//142
f 737//1 707//1 723//1
f 723//2 707//2 737//2
f 708//1 707//1 737//1
f 737//2 707//2 708//2
f 689//1 738//1 725//1
f 725//2 738//2 689//2
f 738//8 703//8 725//8
f 725//7 703//7 738//7
f 720//8 730//8 736//8
f 736//7 730//7 720//7
f 703//8 738//8 730//8
f 730//7 738//7 703//7
f 720//8 736//8 722//8
f 722//7 736//7 720//7
f 721//57 738//57 731//57
f 731//58 738//58 721//58
f 733//143 743//143 734//143
f 734//144 743//144 733//144
f 734//145 744//146 732//147
f 732//150 744//149 734//148
f 734//145 745//145 732//145
f 732//148 745//148 734//148
f 744//146 721//151 732//147
f 732//150 721//152 744//149
f 732//151 746//151 721//151
f 721//152 746//152 732//152
f 704//141 735//153 733//141
f 733//142 735//154 704//142
f 704//141 735//141 733//141
f 733//142 735//142 704//142
f 735//153 704//141 747//155
f 747//156 704//142 735//154
f 743//143 733//143 735//143
f 735//144 733//144 743//144
f 730//143 735//143 736//143
f 736//144 735//144 730//144
f 738//1 689//1 731//1
f 731//2 689//2 738//2
f 730//8 738//8 745//8
f 745//7 738//7 730//7
f 738//57 721//57 746//57
f 746//58 721//58 738//58
f 744//146 734//145 743//157
f 743//158 734//148 744//149
f 730//145 734//145 743//145
f 743//148 734//148 730//148
f 748//159 721//151 744//146
f 744//149 721//152 748//160
f 745//145 734//145 730//145
f 730//148 734//148 745//148
f 746//151 732//151 745//151
f 745//152 732//152 746//152
f 747//155 704//141 749//161
f 749//162 704//142 747//156
f 744//146 735//153 747//155
f 747//156 735//154 744//149
f 735//153 744//146 743//157
f 743//158 744//149 735//154
f 735//143 730//143 743//143
f 743//144 730//144 735//144
f 745//8 738//8 746//8
f 746//7 738//7 745//7
f 721//151 748//159 750//163
f 750//164 748//160 721//152
f 744//146 747//155 748//159
f 748//160 747//156 744//149
f 751//165 747//155 749//161
f 749//162 747//156 751//166
f 752//167 750//163 748//159
f 748//160 750//164 752//168
f 748//159 747//155 753//169
f 753//170 747//156 748//160
f 747//155 751//165 753//169
f 753//170 751//166 747//156
f 750//163 752//167 754//171
f 754//172 752//168 750//164
f 748//159 753//169 752//167
f 752//168 753//170 748//160
f 751//165 755//173 753//169
f 753//170 755//174 751//166
f 752//167 756//175 754//171
f 754//172 756//176 752//168
f 752//167 753//169 755//173
f 755//174 753//170 752//168
f 755//173 751//165 757//177
f 757//178 751//166 755//174
f 756//175 752//167 758//179
f 758//180 752//168 756//176
f 752//167 755//173 758//179
f 758//180 755//174 752//168
f 757//177 759//181 755//173
f 755//174 759//182 757//178
f 758//179 760//183 756//175
f 756//176 760//184 758//180
f 758//179 755//173 759//181
f 759//182 755//174 758//180
f 759//181 757//177 761//185
f 761//186 757//178 759//182
f 760//183 758//179 762//187
f 762//188 758//180 760//184
f 758//179 759//181 762//187
f 762//188 759//182 758//180
f 761//185 763//189 759//181
f 759//182 763//190 761//186
f 762//187 764//2 760//183
f 760//184 764//1 762//188
f 762//187 759//181 763//189
f 763//190 759//182 762//188
f 763//189 761//185 765//1
f 765//2 761//186 763//190
f 764//2 762//187 766//191
f 766//192 762//188 764//1
f 762//187 763//189 766//191
f 766//192 763//190 762//188
f 765//1 767//193 763//189
f 763//190 767//194 765//2
f 766//191 768//186 764//2
f 764//1 768//185 766//192
f 766//191 763//189 767//193
f 767//194 763//190 766//192
f 767//193 765//1 769//184
f 769//183 765//2 767//194
f 768//186 766//191 770//195
f 770//196 766//192 768//185
f 766//191 767//193 770//195
f 770//196 767//194 766//192
f 769//184 771//197 767//193
f 767//194 771//198 769//183
f 770//195 772//178 768//186
f 768//185 772//177 770//196
f 770//195 767//193 771//197
f 771//198 767//194 770//196
f 771//197 769//184 773//176
f 773//175 769//183 771//198
f 772//178 770//195 774//199
f 774//200 770//196 772//177
f 770//195 771//197 774//199
f 774//200 771//198 770//196
f 773//176 775//201 771//197
f 771//198 775//202 773//175
f 774//199 776//166 772//178
f 772//177 776//165 774//200
f 774//199 771//197 775//201
f 775//202 771//198 774//200
f 775//201 773//176 777//172
f 777//171 773//175 775//202
f 776//166 774//199 778//203
f 778//204 774//200 776//165
f 774//199 775//201 778//203
f 778//204 775//202 774//200
f 779//164 775//201 777//172
f 777//171 775//202 779//163
f 780//205 776//166 778//203
f 778//204 776//165 780//206
f 778//203 775//201 781//207
f 781//208 775//202 778//204
f 775//201 779//164 781//207
f 781//208 779//163 775//202
f 776//166 780//205 782//162
f 782//161 780//206 776//165
f 778//203 781//207 780//205
f 780//206 781//208 778//204
f 783//150 781//207 779//164
f 779//163 781//208 783//147
f 784//209 782//162 780//205
f 780//206 782//161 784//210
f 780//205 781//207 785//211
f 785//212 781//208 780//206
f 781//207 783//150 785//211
f 785//212 783//147 781//208
f 782//162 784//209 786//213
f 786//214 784//210 782//161
f 780//205 785//211 784//209
f 784//210 785//212 780//206
f 787//58 785//211 783//150
f 783//147 785//212 787//57
f 788//215 786//213 784//209
f 784//210 786//214 788//216
f 784//209 785//211 788//215
f 788//216 785//212 784//210
f 785//211 787//58 788//215
f 788//216 787//57 785//212
f 786//213 788//215 787//58
f 787//57 788//216 786//214
usemtl material_2_2
f 103/297/85 111/298/217 106/299/85
f 106/299/86 111/298/218 103/297/86
f 111/298/217 103/297/85 118/300/217
f 118/300/218 103/297/86 111/298/218
f 118/300/217 130/301/219 111/298/217
f 111/298/218 130/301/220 118/300/218
f 130/301/219 118/300/217 151/302/219
f 151/302/220 118/300/218 130/301/220
f 153/303/58 131/304/47 119/305/58
f 119/305/57 131/304/48 153/303/57
f 154/306/46 119/307/58 132/308/46
f 132/308/45 119/307/57 154/306/45
f 159/309/53 136/310/56 121/311/53
f 121/311/54 136/310/55 159/309/54
f 173/312/93 109/313/221 145/314/93
f 145/314/91 109/313/222 173/312/91
f 147/315/52 176/316/48 127/317/52
f 127/317/51 176/316/47 147/315/51
f 151/302/219 182/318/223 130/301/219
f 130/301/220 182/318/224 151/302/220
f 184/319/47 133/320/39 131/321/47
f 131/321/48 133/320/40 184/319/48
f 131/304/47 153/303/58 184/322/47
f 184/322/48 153/303/57 131/304/48
f 119/307/58 154/306/46 153/323/58
f 153/323/57 154/306/45 119/307/57
f 185/324/38 132/325/46 152/326/38
f 152/326/37 132/325/45 185/324/37
f 132/325/46 185/324/38 154/327/46
f 154/327/45 185/324/37 132/325/45
f 187/328/39 155/329/31 133/330/39
f 133/330/40 155/329/32 187/328/40
f 136/310/56 159/309/53 191/331/56
f 191/331/55 159/309/54 136/310/55
f 109/313/221 173/312/93 206/332/221
f 206/332/222 173/312/91 109/313/222
f 145/314/93 207/333/104 173/312/93
f 173/312/91 207/333/103 145/314/91
f 176/316/48 147/315/52 210/334/48
f 210/334/47 147/315/51 176/316/47
f 148/335/3 166/336/3 150/337/3
f 150/337/5 166/336/5 148/335/5
f 191/331/56 181/338/88 136/310/56
f 136/310/55 181/338/87 191/331/55
f 182/318/223 151/302/219 217/339/223
f 217/339/224 151/302/220 182/318/224
f 219/340/30 152/341/38 183/342/30
f 183/342/29 152/341/37 219/340/29
f 133/320/39 184/319/47 187/343/39
f 187/343/40 184/319/48 133/320/40
f 152/341/38 219/340/30 185/344/38
f 185/344/37 219/340/29 152/341/37
f 155/345/31 220/346/23 186/347/23
f 186/347/24 220/346/24 155/345/32
f 155/329/31 187/328/39 221/348/31
f 221/348/32 187/328/40 155/329/32
f 166/336/3 188/349/15 199/350/15
f 199/350/16 188/349/16 166/336/5
f 210/334/48 147/315/52 167/351/52
f 167/351/51 147/315/51 210/334/47
f 207/333/104 145/314/93 205/352/104
f 205/352/103 145/314/91 207/333/103
f 210/353/48 241/354/40 176/355/48
f 176/355/47 241/354/39 210/353/47
f 188/349/15 166/336/3 148/335/3
f 148/335/5 166/336/5 188/349/16
f 181/338/88 191/331/56 243/356/88
f 243/356/87 191/331/55 181/338/87
f 243/356/88 216/357/90 181/338/88
f 181/338/87 216/357/89 243/356/87
f 244/358/225 182/318/223 217/339/223
f 217/339/224 182/318/224 244/358/226
f 218/359/22 219/360/30 183/361/30
f 183/361/29 219/360/29 218/359/21
f 186/362/23 199/363/15 188/364/15
f 188/364/16 199/363/16 186/362/24
f 220/346/23 155/345/31 221/365/31
f 221/365/32 155/345/32 220/346/24
f 199/363/15 186/362/23 220/366/23
f 220/366/24 186/362/24 199/363/16
f 238/101/227 239/367/228 172/368/227
f 172/368/229 239/367/230 238/101/229
f 205/352/104 270/369/114 207/333/104
f 207/333/103 270/369/113 205/352/103
f 241/354/40 210/353/48 247/370/40
f 247/370/39 210/353/47 241/354/39
f 216/357/90 243/356/88 272/371/90
f 272/371/89 243/356/87 216/357/89
f 182/318/223 244/358/225 274/372/225
f 274/372/226 244/358/226 182/318/224
f 245/373/14 276/374/22 218/375/22
f 218/375/21 276/374/21 245/373/13
f 219/360/30 218/359/22 276/376/22
f 276/376/21 218/359/21 219/360/29
f 239/367/228 238/101/227 271/377/228
f 271/377/230 238/101/229 239/367/230
f 270/369/114 205/352/104 269/378/114
f 269/378/113 205/352/103 270/369/113
f 247/379/40 304/380/32 241/381/40
f 241/381/39 304/380/31 247/379/39
f 272/371/90 273/382/98 216/357/90
f 216/357/89 273/382/97 272/371/89
f 305/383/231 274/372/225 244/358/225
f 244/358/226 274/372/226 305/383/232
f 275/384/8 308/385/14 245/386/14
f 245/386/13 308/385/13 275/384/7
f 276/374/22 245/373/14 308/387/14
f 308/387/13 245/373/13 276/374/21
f 304/380/32 247/379/40 246/388/32
f 246/388/31 247/379/39 304/380/31
f 271/377/228 303/389/233 239/367/228
f 239/367/230 303/389/234 271/377/230
f 340/390/112 270/369/114 269/378/114
f 269/378/113 270/369/113 340/390/111
f 273/382/98 272/371/90 306/391/98
f 306/391/97 272/371/89 273/382/97
f 274/372/225 305/383/231 343/392/231
f 343/392/232 305/383/232 274/372/226
f 273/382/98 344/393/110 307/394/110
f 307/394/109 344/393/109 273/382/97
f 308/385/14 275/384/8 346/395/8
f 346/395/7 275/384/7 308/385/13
f 309/396/24 304/397/32 246/398/32
f 246/398/31 304/397/31 309/396/23
f 303/389/233 271/377/228 341/399/233
f 341/399/234 271/377/230 303/389/234
f 270/369/114 340/390/112 388/400/112
f 388/400/111 340/390/111 270/369/113
f 304/397/32 309/396/24 342/401/24
f 342/401/23 309/396/23 304/397/31
f 344/393/110 273/382/98 306/391/98
f 306/391/97 273/382/97 344/393/109
f 389/402/11 343/392/231 305/383/231
f 305/383/232 343/392/232 389/402/9
f 391/403/96 307/394/110 344/393/110
f 344/393/109 307/394/109 391/403/95
f 345/404/16 346/405/8 275/406/8
f 275/406/7 346/405/7 345/404/15
f 440/407/235 303/389/233 341/399/233
f 341/399/234 303/389/234 440/407/236
f 303/389/233 440/407/235 387/408/235
f 387/408/236 440/407/236 303/389/234
f 441/409/102 388/400/112 340/390/112
f 340/390/111 388/400/111 441/409/100
f 392/410/16 342/411/24 309/412/24
f 309/412/23 342/411/23 392/410/15
f 342/411/24 392/410/16 345/413/16
f 345/413/15 392/410/15 342/411/23
f 343/392/231 389/402/11 442/414/11
f 442/414/9 389/402/9 343/392/232
f 307/394/110 391/403/96 390/415/96
f 390/415/95 391/403/95 307/394/109
f 346/405/8 345/404/16 392/416/16
f 392/416/15 345/404/15 346/405/7
f 500/417/237 387/408/235 440/407/235
f 440/407/236 387/408/236 500/417/238
f 388/400/112 441/409/102 502/418/102
f 502/418/100 441/409/100 388/400/111
f 390/415/96 442/414/11 389/402/11
f 389/402/9 442/414/9 390/415/95
f 442/414/11 390/415/96 391/403/96
f 391/403/95 390/415/95 442/414/9
f 387/408/235 500/417/237 501/419/237
f 501/419/238 500/417/238 387/408/236
f 552/420/101 502/418/102 441/409/102
f 441/409/100 502/418/100 552/420/99
f 589/421/101 501/419/237 500/417/237
f 500/417/238 501/419/238 589/421/99
f 501/419/237 589/421/101 552/420/101
f 552/420/99 589/421/99 501/419/238
f 502/418/102 552/420/101 589/421/101
f 589/421/99 552/420/99 502/418/100
usemtl material_3_2
f 195/422/57 138/423/239 161/424/240
f 161/424/242 138/423/241 195/422/58
f 138/425/239 197/426/143 162/427/143
f 162/427/144 197/426/144 138/425/241
f 224/428/243 160/429/186 192/430/243
f 192/430/244 160/429/185 224/428/244
f 225/431/186 193/432/245 160/433/186
f 160/433/185 193/432/246 225/431/185
f 194/434/145 228/435/115 161/436/240
f 161/436/242 228/435/116 194/434/148
f 229/437/57 138/423/239 195/422/57
f 195/422/58 138/423/241 229/437/58
f 195/422/57 161/424/240 230/438/57
f 230/438/58 161/424/242 195/422/58
f 162/439/143 232/440/214 196/441/214
f 196/441/213 232/440/213 162/439/144
f 197/426/143 138/425/239 233/442/239
f 233/442/241 138/425/241 197/426/144
f 232/440/214 162/439/143 197/443/143
f 197/443/144 162/439/144 232/440/213
f 249/444/178 192/445/243 223/446/178
f 223/446/177 192/445/244 249/444/177
f 160/429/186 224/428/243 225/447/186
f 225/447/185 224/428/244 160/429/185
f 192/445/243 249/444/178 224/448/243
f 224/448/244 249/444/177 192/445/244
f 193/432/245 225/431/186 250/449/245
f 250/449/246 225/431/185 193/432/246
f 250/450/245 226/451/247 193/452/245
f 193/452/246 226/451/248 250/450/246
f 227/453/147 253/454/145 194/455/145
f 194/455/148 253/454/148 227/453/150
f 228/435/115 194/434/145 254/456/115
f 254/456/116 194/434/148 228/435/116
f 255/457/57 161/424/240 228/458/115
f 228/458/116 161/424/242 255/457/58
f 256/459/57 138/423/239 229/437/57
f 229/437/58 138/423/241 256/459/58
f 257/460/57 229/437/57 195/422/57
f 195/422/58 229/437/58 257/460/58
f 230/438/57 161/424/240 258/461/57
f 258/461/58 161/424/242 230/438/58
f 259/462/57 195/422/57 230/438/57
f 230/438/58 195/422/58 259/462/58
f 196/463/214 261/464/141 231/465/141
f 231/465/142 261/464/142 196/463/213
f 261/464/141 196/463/214 232/466/214
f 232/466/213 196/463/213 261/464/142
f 138/423/239 256/459/57 233/467/239
f 233/467/241 256/459/58 138/423/241
f 262/468/8 197/469/8 233/470/8
f 233/470/7 197/469/7 262/468/7
f 253/471/8 232/472/8 197/469/8
f 197/469/7 232/472/7 253/471/7
f 264/473/184 234/474/249 198/475/184
f 198/475/183 234/474/250 264/473/183
f 266/476/251 198/477/184 235/478/251
f 235/478/252 198/477/183 266/476/252
f 278/479/253 223/480/178 248/481/253
f 248/481/254 223/480/177 278/479/254
f 223/480/178 278/479/253 249/482/178
f 249/482/177 278/479/254 223/480/177
f 224/483/8 279/484/8 225/485/8
f 225/485/7 279/484/7 224/483/7
f 249/486/8 280/487/8 224/483/8
f 224/483/7 280/487/7 249/486/7
f 225/485/8 279/484/8 250/488/8
f 250/488/7 279/484/7 225/485/7
f 226/451/247 250/450/245 281/489/247
f 281/489/248 250/450/246 226/451/248
f 226/490/247 282/491/2 251/492/255
f 251/492/256 282/491/1 226/490/248
f 252/493/151 285/494/147 227/495/147
f 227/495/150 285/494/150 252/493/152
f 253/454/145 227/453/147 285/496/147
f 285/496/150 227/453/150 253/454/148
f 262/497/240 194/434/145 253/498/145
f 253/498/148 194/434/148 262/497/242
f 254/456/115 194/434/145 262/497/240
f 262/497/242 194/434/148 254/456/116
f 287/499/57 228/458/115 254/500/115
f 254/500/116 228/458/116 287/499/58
f 288/501/57 161/424/240 255/457/57
f 255/457/58 161/424/242 288/501/58
f 287/499/57 255/457/57 228/458/115
f 228/458/116 255/457/58 287/499/58
f 289/502/57 256/459/57 229/437/57
f 229/437/58 256/459/58 289/502/58
f 289/502/57 229/437/57 257/460/57
f 257/460/58 229/437/58 289/502/58
f 257/460/57 195/422/57 259/462/57
f 259/462/58 195/422/58 257/460/58
f 258/461/57 161/424/240 290/503/57
f 290/503/58 161/424/242 258/461/58
f 291/504/57 230/438/57 258/461/57
f 258/461/58 230/438/58 291/504/58
f 259/462/57 230/438/57 291/504/57
f 291/504/58 230/438/58 259/462/58
f 231/505/141 293/506/161 260/507/161
f 260/507/162 293/506/162 231/505/142
f 293/506/161 231/505/141 261/508/141
f 261/508/142 231/505/142 293/506/162
f 285/509/8 261/510/8 232/472/8
f 232/472/7 261/510/7 285/509/7
f 233/467/239 256/459/57 294/511/57
f 294/511/58 256/459/58 233/467/241
f 253/471/8 197/469/8 262/468/8
f 262/468/7 197/469/7 253/471/7
f 233/467/239 295/512/57 262/513/240
f 262/513/242 295/512/58 233/467/241
f 285/509/8 232/472/8 253/471/8
f 253/471/7 232/472/7 285/509/7
f 279/514/249 263/515/176 234/516/249
f 234/516/250 263/515/175 279/514/250
f 234/474/249 264/473/184 279/517/249
f 279/517/250 264/473/183 234/474/250
f 198/477/184 266/476/251 264/518/184
f 264/518/183 266/476/252 198/477/183
f 298/519/256 235/520/251 265/521/256
f 265/521/255 235/520/252 298/519/255
f 235/520/251 298/519/256 266/522/251
f 266/522/252 298/519/255 235/520/252
f 267/523/257 300/524/164 236/525/164
f 236/525/163 300/524/163 267/523/258
f 236/526/164 301/527/152 268/528/152
f 268/528/151 301/527/151 236/526/163
f 311/529/166 248/530/253 277/531/166
f 277/531/165 248/530/254 311/529/165
f 248/530/253 311/529/166 278/532/253
f 278/532/254 311/529/165 248/530/254
f 278/533/8 312/534/8 249/486/8
f 249/486/7 312/534/7 278/533/7
f 224/483/8 280/487/8 279/484/8
f 279/484/7 280/487/7 224/483/7
f 249/486/8 312/534/8 280/487/8
f 280/487/7 312/534/7 249/486/7
f 250/488/8 279/484/8 264/535/8
f 264/535/7 279/484/7 250/488/7
f 250/488/8 264/535/8 281/536/8
f 281/536/7 264/535/7 250/488/7
f 313/537/2 226/490/247 281/538/247
f 281/538/248 226/490/248 313/537/1
f 282/491/2 226/490/247 313/537/2
f 313/537/1 226/490/248 282/491/1
f 314/539/2 251/492/255 282/491/2
f 282/491/1 251/492/256 314/539/1
f 315/540/255 283/541/252 251/542/255
f 251/542/256 283/541/251 315/540/256
f 284/543/163 318/544/151 252/545/151
f 252/545/152 318/544/152 284/543/164
f 285/494/147 252/493/151 318/546/151
f 318/546/152 252/493/152 285/494/150
f 262/513/240 287/499/57 254/500/115
f 254/500/116 287/499/58 262/513/242
f 320/547/57 161/424/240 288/501/57
f 288/501/58 161/424/242 320/547/58
f 321/548/57 288/501/57 255/457/57
f 255/457/58 288/501/58 321/548/58
f 321/548/57 255/457/57 287/499/57
f 287/499/58 255/457/58 321/548/58
f 256/459/57 289/502/57 322/549/57
f 322/549/58 289/502/58 256/459/58
f 323/550/57 289/502/57 257/460/57
f 257/460/58 289/502/58 323/550/58
f 324/551/57 257/460/57 259/462/57
f 259/462/58 257/460/58 324/551/58
f 290/503/57 161/424/240 320/547/57
f 320/547/58 161/424/242 290/503/58
f 325/552/57 258/461/57 290/503/57
f 290/503/58 258/461/58 325/552/58
f 291/504/57 258/461/57 325/552/57
f 325/552/58 258/461/58 291/504/58
f 324/551/57 259/462/57 291/504/57
f 291/504/58 259/462/58 324/551/58
f 260/553/161 327/554/259 292/555/259
f 292/555/260 327/554/260 260/553/162
f 327/554/259 260/553/161 293/556/161
f 293/556/162 260/553/162 327/554/260
f 318/557/8 293/558/8 261/510/8
f 261/510/7 293/558/7 318/557/7
f 318/557/8 261/510/8 285/509/8
f 285/509/7 261/510/7 318/557/7
f 294/511/57 256/459/57 328/559/57
f 328/559/58 256/459/58 294/511/58
f 233/467/239 294/511/57 329/560/57
f 329/560/58 294/511/58 233/467/241
f 295/512/57 233/467/239 330/561/57
f 330/561/58 233/467/241 295/512/58
f 262/513/240 295/512/57 331/562/57
f 331/562/58 295/512/58 262/513/242
f 280/563/176 296/564/261 263/565/176
f 263/565/175 296/564/262 280/563/175
f 263/515/176 279/514/249 280/566/176
f 280/566/175 279/514/250 263/515/175
f 332/567/8 264/535/8 266/568/8
f 266/568/7 264/535/7 332/567/7
f 297/569/248 334/570/1 265/571/256
f 265/571/255 334/570/2 297/569/247
f 265/571/256 335/572/1 298/573/256
f 298/573/255 335/572/2 265/571/255
f 336/574/8 266/568/8 298/575/8
f 298/575/7 266/568/7 336/574/7
f 299/576/172 337/577/257 267/578/257
f 267/578/258 337/577/258 299/576/171
f 300/524/164 267/523/257 337/579/257
f 337/579/258 267/523/258 300/524/163
f 301/527/152 236/526/164 300/580/164
f 300/580/163 236/526/163 301/527/151
f 338/581/150 268/582/152 301/583/152
f 301/583/151 268/582/151 338/581/147
f 268/582/152 338/581/150 302/584/150
f 302/584/147 338/581/147 268/582/151
f 310/585/260 311/586/166 277/587/166
f 277/587/165 311/586/165 310/585/259
f 311/588/8 348/589/8 278/533/8
f 278/533/7 348/589/7 311/588/7
f 278/533/8 348/589/8 312/534/8
f 312/534/7 348/589/7 278/533/7
f 296/564/261 280/563/176 312/590/261
f 312/590/262 280/563/175 296/564/262
f 281/536/8 264/535/8 349/591/8
f 349/591/7 264/535/7 281/536/7
f 313/537/2 281/538/247 350/592/2
f 350/592/1 281/538/248 313/537/1
f 313/593/24 351/594/24 282/595/24
f 282/595/23 351/594/23 313/593/23
f 352/596/2 251/492/255 314/539/2
f 314/539/1 251/492/256 352/596/1
f 353/597/2 314/539/2 282/491/2
f 282/491/1 314/539/1 353/597/1
f 283/541/252 315/540/255 354/598/252
f 354/598/251 315/540/256 283/541/251
f 251/492/255 355/599/2 315/600/255
f 315/600/256 355/599/1 251/492/256
f 354/601/252 316/602/183 283/603/252
f 283/603/251 316/602/184 354/601/251
f 317/604/258 358/605/163 284/606/163
f 284/606/164 358/605/164 317/604/257
f 318/544/151 284/543/163 358/607/163
f 358/607/164 284/543/164 318/544/152
f 262/513/240 321/548/57 287/499/57
f 287/499/58 321/548/58 262/513/242
f 321/548/57 320/547/57 288/501/57
f 288/501/58 320/547/58 321/548/58
f 323/550/57 322/549/57 289/502/57
f 289/502/58 322/549/58 323/550/58
f 360/608/57 256/459/57 322/549/57
f 322/549/58 256/459/58 360/608/58
f 323/550/57 257/460/57 324/551/57
f 324/551/58 257/460/58 323/550/58
f 361/609/57 290/503/57 320/547/57
f 320/547/58 290/503/58 361/609/58
f 325/552/57 290/503/57 361/609/57
f 361/609/58 290/503/58 325/552/58
f 362/610/57 291/504/57 325/552/57
f 325/552/58 291/504/58 362/610/58
f 324/551/57 291/504/57 362/610/57
f 362/610/58 291/504/58 324/551/58
f 292/611/259 364/612/165 326/613/165
f 326/613/166 364/612/166 292/611/260
f 364/612/165 292/611/259 327/614/259
f 327/614/260 292/611/260 364/612/166
f 358/615/8 327/616/8 293/558/8
f 293/558/7 327/616/7 358/615/7
f 358/615/8 293/558/8 318/557/8
f 318/557/7 293/558/7 358/615/7
f 328/559/57 256/459/57 365/617/57
f 365/617/58 256/459/58 328/559/58
f 328/618/263 366/619/264 294/620/264
f 294/620/266 366/619/266 328/618/265
f 294/621/264 367/622/267 329/623/267
f 329/623/268 367/622/268 294/621/266
f 368/624/57 233/467/239 329/560/57
f 329/560/58 233/467/241 368/624/58
f 330/561/57 233/467/239 369/625/57
f 369/625/58 233/467/241 330/561/58
f 370/626/269 295/627/270 330/628/269
f 330/628/271 295/627/272 370/626/271
f 371/629/270 331/630/273 295/631/270
f 295/631/272 331/630/274 371/629/272
f 262/513/240 331/562/57 372/632/57
f 372/632/58 331/562/58 262/513/242
f 312/633/261 299/634/172 296/635/261
f 296/635/262 299/634/171 312/633/262
f 349/591/8 264/535/8 332/567/8
f 332/567/7 264/535/7 349/591/7
f 332/567/8 266/568/8 373/636/8
f 373/636/7 266/568/7 332/567/7
f 375/637/246 297/638/248 333/639/246
f 333/639/245 297/638/247 375/637/245
f 334/570/1 297/569/248 376/640/1
f 376/640/2 297/569/247 334/570/2
f 377/641/1 265/571/256 334/570/1
f 334/570/2 265/571/255 377/641/2
f 335/572/1 265/571/256 378/642/1
f 378/642/2 265/571/255 335/572/2
f 298/573/256 335/572/1 379/643/1
f 379/643/2 335/572/2 298/573/255
f 380/644/8 266/568/8 336/574/8
f 336/574/7 266/568/7 380/644/7
f 336/574/8 298/575/8 381/645/8
f 381/645/7 298/575/7 336/574/7
f 337/577/257 299/576/172 348/646/172
f 348/646/171 299/576/171 337/577/258
f 382/647/8 300/648/8 337/649/8
f 337/649/7 300/648/7 382/647/7
f 383/650/8 301/651/8 300/648/8
f 300/648/7 301/651/7 383/650/7
f 384/652/8 338/653/8 301/651/8
f 301/651/7 338/653/7 384/652/7
f 385/654/148 302/655/150 338/656/150
f 338/656/147 302/655/147 385/654/145
f 302/655/150 385/654/148 339/657/148
f 339/657/145 385/654/145 302/655/147
f 347/658/162 382/659/260 310/660/260
f 310/660/259 382/659/259 347/658/161
f 311/586/166 310/585/260 382/661/260
f 382/661/259 310/585/259 311/586/165
f 311/588/8 337/649/8 348/589/8
f 348/589/7 337/649/7 311/588/7
f 299/634/172 312/633/261 348/662/172
f 348/662/171 312/633/262 299/634/171
f 394/663/8 281/536/8 349/591/8
f 349/591/7 281/536/7 394/663/7
f 350/592/2 281/538/247 395/664/2
f 395/664/1 281/538/248 350/592/1
f 396/665/57 313/666/57 350/667/57
f 350/667/58 313/666/58 396/665/58
f 351/594/24 313/593/24 397/668/24
f 397/668/23 313/593/23 351/594/23
f 398/669/22 282/670/22 351/671/22
f 351/671/21 282/670/21 398/669/21
f 355/599/2 251/492/255 352/596/2
f 352/596/1 251/492/256 355/599/1
f 314/672/130 399/673/130 352/674/130
f 352/674/129 399/673/129 314/672/129
f 314/539/2 353/597/2 400/675/2
f 400/675/1 353/597/1 314/539/1
f 282/670/22 398/669/22 353/676/22
f 353/676/21 398/669/21 282/670/21
f 315/677/8 401/678/8 354/679/8
f 354/679/7 401/678/7 315/677/7
f 315/600/255 355/599/2 402/680/2
f 402/680/1 355/599/1 315/600/256
f 316/602/183 354/601/252 403/681/183
f 403/681/184 354/601/251 316/602/184
f 403/682/183 356/683/250 316/684/183
f 316/684/184 356/683/249 403/682/184
f 357/685/171 406/686/258 317/687/258
f 317/687/257 406/686/257 357/685/172
f 358/605/163 317/604/258 406/688/258
f 406/688/257 317/604/257 358/605/164
f 262/513/240 407/689/57 321/548/57
f 321/548/58 407/689/58 262/513/242
f 407/689/57 320/547/57 321/548/57
f 321/548/58 320/547/58 407/689/58
f 322/549/57 323/550/57 409/690/57
f 409/690/58 323/550/58 322/549/58
f 365/617/57 256/459/57 360/608/57
f 360/608/58 256/459/58 365/617/58
f 360/608/57 322/549/57 410/691/57
f 410/691/58 322/549/58 360/608/58
f 411/692/271 323/693/272 324/694/271
f 324/694/269 323/693/270 411/692/269
f 361/609/57 320/547/57 407/689/57
f 407/689/58 320/547/58 361/609/58
f 412/695/57 325/552/57 361/609/57
f 361/609/58 325/552/58 412/695/58
f 362/610/57 325/552/57 412/695/57
f 412/695/58 325/552/58 362/610/58
f 413/696/275 324/697/271 362/698/275
f 362/698/276 324/697/269 413/696/276
f 364/699/165 363/700/254 326/701/165
f 326/701/166 363/700/253 364/699/166
f 406/702/8 364/703/8 327/616/8
f 327/616/7 364/703/7 406/702/7
f 406/702/8 327/616/8 358/615/8
f 358/615/7 327/616/7 406/702/7
f 365/704/277 415/705/263 328/706/263
f 328/706/265 415/705/265 365/704/278
f 366/619/264 328/618/263 415/707/263
f 415/707/265 328/618/265 366/619/266
f 367/622/267 294/621/264 366/708/264
f 366/708/266 294/621/266 367/622/268
f 416/709/279 329/710/267 367/711/267
f 367/711/268 329/710/268 416/709/280
f 417/712/57 233/467/239 368/624/57
f 368/624/58 233/467/241 417/712/58
f 329/710/267 416/709/279 368/713/279
f 368/713/280 416/709/280 329/710/268
f 369/625/57 233/467/239 418/714/57
f 418/714/58 233/467/241 369/625/58
f 418/715/276 330/716/269 369/717/281
f 369/717/282 330/716/271 418/715/275
f 295/627/270 370/626/269 371/718/270
f 371/718/272 370/626/271 295/627/272
f 330/716/269 419/719/276 370/720/269
f 370/720/271 419/719/275 330/716/271
f 331/630/273 371/629/270 420/721/273
f 420/721/274 371/629/272 331/630/274
f 420/722/273 372/723/283 331/724/273
f 331/724/274 372/723/284 420/722/274
f 262/513/240 372/632/57 421/725/57
f 421/725/58 372/632/58 262/513/242
f 422/726/8 349/591/8 332/567/8
f 332/567/7 349/591/7 422/726/7
f 373/636/8 266/568/8 423/727/8
f 423/727/7 266/568/7 373/636/7
f 373/728/145 424/729/285 332/730/285
f 332/730/286 424/729/286 373/728/148
f 426/731/185 333/732/246 374/733/185
f 374/733/186 333/732/245 426/731/186
f 297/638/248 375/637/246 427/734/248
f 427/734/247 375/637/245 297/638/247
f 333/732/246 426/731/185 375/735/246
f 375/735/245 426/731/186 333/732/245
f 376/640/1 297/569/248 428/736/1
f 428/736/2 297/569/247 376/640/2
f 334/570/1 376/640/1 429/737/1
f 429/737/2 376/640/2 334/570/2
f 378/642/1 265/571/256 377/641/1
f 377/641/2 265/571/255 378/642/2
f 334/738/8 430/739/8 377/740/8
f 377/740/7 430/739/7 334/738/7
f 378/741/126 431/742/126 335/743/126
f 335/743/125 431/742/125 378/741/125
f 431/744/132 379/745/132 335/746/132
f 335/746/131 379/745/131 431/744/131
f 298/573/256 379/643/1 432/747/1
f 432/747/2 379/643/2 298/573/255
f 433/748/8 266/568/8 380/644/8
f 380/644/7 266/568/7 433/748/7
f 336/749/258 434/750/163 380/751/163
f 380/751/164 434/750/164 336/749/257
f 381/645/8 298/575/8 435/752/8
f 435/752/7 298/575/7 381/645/7
f 381/753/171 436/754/258 336/755/258
f 336/755/257 436/754/257 381/753/172
f 383/650/8 300/648/8 382/647/8
f 382/647/7 300/648/7 383/650/7
f 382/647/8 337/649/8 311/588/8
f 311/588/7 337/649/7 382/647/7
f 384/652/8 301/651/8 383/650/8
f 383/650/7 301/651/7 384/652/7
f 437/756/8 338/653/8 384/652/8
f 384/652/7 338/653/7 437/756/7
f 437/756/8 385/757/8 338/653/8
f 338/653/7 385/757/7 437/756/7
f 438/758/242 339/759/148 385/760/148
f 385/760/145 339/759/145 438/758/240
f 339/759/148 438/758/242 386/761/242
f 386/761/240 438/758/240 339/759/145
f 393/762/142 383/763/162 347/764/162
f 347/764/161 383/763/161 393/762/141
f 382/659/260 347/658/162 383/765/162
f 383/765/161 347/658/161 382/659/259
f 281/536/8 394/663/8 315/677/8
f 315/677/7 394/663/7 281/536/7
f 394/663/8 349/591/8 444/766/8
f 444/766/7 349/591/7 394/663/7
f 394/663/8 444/766/8 445/767/8
f 445/767/7 444/766/7 394/663/7
f 395/664/2 281/538/247 446/768/2
f 446/768/1 281/538/248 395/664/1
f 313/666/57 396/665/57 397/769/57
f 397/769/58 396/665/58 313/666/58
f 355/599/2 352/596/2 447/770/2
f 447/770/1 352/596/1 355/599/1
f 399/673/130 314/672/130 448/771/130
f 448/771/129 314/672/129 399/673/129
f 400/675/2 353/597/2 449/772/2
f 449/772/1 353/597/1 400/675/1
f 450/773/128 314/774/128 400/775/128
f 400/775/127 314/774/127 450/773/127
f 451/776/8 401/678/8 315/677/8
f 315/677/7 401/678/7 451/776/7
f 354/679/8 401/678/8 452/777/8
f 452/777/7 401/678/7 354/679/7
f 315/600/255 402/680/2 454/778/2
f 454/778/1 402/680/1 315/600/256
f 354/679/8 375/779/8 403/780/8
f 403/780/7 375/779/7 354/679/7
f 356/683/250 403/682/183 455/781/250
f 455/781/249 403/682/184 356/683/249
f 455/782/250 404/783/175 356/784/250
f 356/784/249 404/783/176 455/782/249
f 456/785/262 357/786/171 405/787/262
f 405/787/261 357/786/172 456/785/261
f 406/686/258 357/685/171 457/788/171
f 457/788/172 357/685/172 406/686/257
f 262/513/240 458/789/57 407/689/57
f 407/689/58 458/789/58 262/513/242
f 460/790/272 409/791/274 323/792/272
f 323/792/270 409/791/273 460/790/270
f 410/691/57 322/549/57 409/690/57
f 409/690/58 322/549/58 410/691/58
f 461/793/284 365/794/277 360/795/284
f 360/795/283 365/794/278 461/793/283
f 462/796/274 360/797/284 409/798/274
f 409/798/273 360/797/283 462/796/273
f 409/798/274 360/797/284 410/799/287
f 410/799/288 360/797/283 409/798/273
f 323/693/272 411/692/271 460/800/272
f 460/800/270 411/692/269 323/693/270
f 324/697/271 413/696/275 411/801/271
f 411/801/269 413/696/276 324/697/269
f 463/802/57 361/609/57 407/689/57
f 407/689/58 361/609/58 463/802/58
f 412/695/57 361/609/57 463/802/57
f 463/802/58 361/609/58 412/695/58
f 464/803/289 362/804/275 412/805/289
f 412/805/290 362/804/276 464/803/290
f 362/804/275 464/803/289 413/806/275
f 413/806/276 464/803/290 362/804/276
f 465/807/254 414/808/177 363/809/254
f 363/809/253 414/808/178 465/807/253
f 363/700/254 364/699/165 465/810/254
f 465/810/253 364/699/166 363/700/253
f 457/811/8 364/703/8 406/702/8
f 406/702/7 364/703/7 457/811/7
f 415/705/263 365/704/277 466/812/277
f 466/812/278 365/704/278 415/705/265
f 468/813/57 233/467/239 417/712/57
f 417/712/58 233/467/241 468/813/58
f 368/814/279 469/815/291 417/816/291
f 417/816/292 469/815/292 368/814/280
f 469/815/291 368/814/279 416/817/279
f 416/817/280 368/814/280 469/815/292
f 418/714/57 233/467/239 468/813/57
f 468/813/58 233/467/241 418/714/58
f 419/719/276 330/716/269 418/715/276
f 418/715/275 330/716/271 419/719/275
f 372/723/283 420/722/273 472/818/283
f 472/818/284 420/722/274 372/723/284
f 472/819/283 421/820/278 372/821/283
f 372/821/284 421/820/277 472/819/284
f 262/513/240 421/725/57 473/822/57
f 473/822/58 421/725/58 262/513/242
f 445/767/8 474/823/8 475/824/8
f 475/824/7 474/823/7 445/767/7
f 475/824/8 474/823/8 476/825/8
f 476/825/7 474/823/7 475/824/7
f 349/591/8 422/726/8 474/823/8
f 474/823/7 422/726/7 349/591/7
f 332/826/57 477/827/57 422/828/57
f 422/828/58 477/827/58 332/826/58
f 423/727/8 266/568/8 433/748/8
f 433/748/7 266/568/7 423/727/7
f 423/829/147 478/830/145 373/831/145
f 373/831/148 478/830/148 423/829/150
f 424/729/285 373/728/145 478/832/145
f 478/832/148 373/728/148 424/729/286
f 477/827/57 332/826/57 424/833/57
f 424/833/58 332/826/58 477/827/58
f 479/834/244 374/835/185 425/836/244
f 425/836/243 374/835/186 479/834/243
f 374/835/185 479/834/244 426/837/185
f 426/837/186 479/834/243 374/835/186
f 354/679/8 427/838/8 375/779/8
f 375/779/7 427/838/7 354/679/7
f 480/839/1 297/569/248 427/840/248
f 427/840/247 297/569/247 480/839/2
f 403/780/8 375/779/8 426/841/8
f 426/841/7 375/779/7 403/780/7
f 428/736/1 297/569/248 481/842/1
f 481/842/2 297/569/247 428/736/2
f 428/843/22 482/844/14 376/845/14
f 376/845/13 482/844/13 428/843/21
f 376/845/14 483/846/8 429/847/8
f 429/847/7 483/846/7 376/845/13
f 484/848/1 334/570/1 429/737/1
f 429/737/2 334/570/2 484/848/2
f 485/849/1 378/642/1 377/641/1
f 377/641/2 378/642/2 485/849/2
f 430/739/8 334/738/8 486/850/8
f 486/850/7 334/738/7 430/739/7
f 430/851/40 485/852/40 377/853/40
f 377/853/39 485/852/39 430/851/39
f 431/742/126 378/741/126 487/854/126
f 487/854/125 378/741/125 431/742/125
f 379/745/132 431/744/132 488/855/132
f 488/855/131 431/744/131 379/745/131
f 298/573/256 432/747/1 490/856/1
f 490/856/2 432/747/2 298/573/255
f 380/857/163 491/858/151 433/859/151
f 433/859/152 491/858/152 380/857/164
f 434/750/163 336/749/258 436/860/258
f 436/860/257 336/749/257 434/750/164
f 491/858/151 380/857/163 434/861/163
f 434/861/164 380/857/164 491/858/152
f 435/752/8 298/575/8 492/862/8
f 492/862/7 298/575/7 435/752/7
f 493/863/262 381/864/171 435/865/262
f 435/865/261 381/864/172 493/863/261
f 436/754/258 381/753/171 494/866/171
f 494/866/172 381/753/172 436/754/257
f 383/763/162 393/762/142 384/867/142
f 384/867/141 393/762/141 383/763/161
f 384/868/142 443/869/213 437/870/213
f 437/870/214 443/869/214 384/868/141
f 495/871/8 385/757/8 437/756/8
f 437/756/7 385/757/7 495/871/7
f 385/757/8 496/872/8 438/873/8
f 438/873/7 496/872/7 385/757/7
f 386/761/242 438/758/242 497/874/116
f 497/874/115 438/758/240 386/761/240
f 386/875/242 499/876/58 439/877/241
f 439/877/239 499/876/57 386/875/240
f 443/869/213 384/868/142 393/878/142
f 393/878/141 384/868/141 443/869/214
f 315/677/8 394/663/8 503/879/8
f 503/879/7 394/663/7 315/677/7
f 315/600/255 454/778/2 281/538/247
f 281/538/248 454/778/1 315/600/256
f 444/766/8 474/823/8 445/767/8
f 445/767/7 474/823/7 444/766/7
f 394/663/8 445/767/8 475/824/8
f 475/824/7 445/767/7 394/663/7
f 446/768/2 281/538/247 504/880/2
f 504/880/1 281/538/248 446/768/1
f 505/881/2 395/664/2 446/768/2
f 446/768/1 395/664/1 505/881/1
f 355/599/2 447/770/2 507/882/2
f 507/882/1 447/770/1 355/599/1
f 314/774/128 450/773/128 448/883/128
f 448/883/127 450/773/127 314/774/127
f 400/675/2 449/772/2 509/884/2
f 509/884/1 449/772/1 400/675/1
f 512/885/8 401/678/8 451/776/8
f 451/776/7 401/678/7 512/885/7
f 315/677/8 513/886/8 451/776/8
f 451/776/7 513/886/7 315/677/7
f 401/678/8 514/887/8 452/777/8
f 452/777/7 514/887/7 401/678/7
f 514/887/8 427/838/8 452/777/8
f 452/777/7 427/838/7 514/887/7
f 354/679/8 452/777/8 427/838/8
f 427/838/7 452/777/7 354/679/7
f 507/888/22 453/889/22 355/890/22
f 355/890/21 453/889/21 507/888/21
f 403/780/8 426/841/8 455/891/8
f 455/891/7 426/841/7 403/780/7
f 404/783/175 455/782/250 516/892/175
f 516/892/176 455/782/249 404/783/176
f 516/893/175 405/894/262 404/895/175
f 404/895/176 405/894/261 516/893/176
f 357/786/171 456/785/262 457/896/171
f 457/896/172 456/785/261 357/786/172
f 405/894/262 516/893/175 456/897/262
f 456/897/261 516/893/176 405/894/261
f 262/513/240 517/898/57 458/789/57
f 458/789/58 517/898/58 262/513/242
f 518/899/57 407/689/57 458/789/57
f 458/789/58 407/689/58 518/899/58
f 409/791/274 460/790/272 462/900/274
f 462/900/273 460/790/270 409/791/273
f 365/794/277 461/793/284 466/901/277
f 466/901/278 461/793/283 365/794/278
f 360/797/284 462/796/274 461/902/284
f 461/902/283 462/796/273 360/797/283
f 463/802/57 407/689/57 518/899/57
f 518/899/58 407/689/58 463/802/58
f 463/903/292 464/904/289 412/905/289
f 412/905/290 464/904/290 463/903/291
f 520/906/177 425/907/244 414/908/177
f 414/908/178 425/907/243 520/906/178
f 414/808/177 465/807/254 520/909/177
f 520/909/178 465/807/253 414/808/178
f 457/811/8 465/910/8 364/703/8
f 364/703/7 465/910/7 457/811/7
f 417/911/291 521/912/290 468/913/290
f 468/913/289 521/912/289 417/911/292
f 521/912/290 417/911/291 469/914/291
f 469/914/292 417/911/292 521/912/289
f 521/915/290 418/916/276 468/917/290
f 468/917/289 418/916/275 521/915/289
f 418/916/276 521/915/290 419/918/276
f 419/918/275 521/915/289 418/916/275
f 421/820/278 472/819/283 522/919/278
f 522/919/277 472/819/284 421/820/277
f 421/920/278 523/921/265 473/922/265
f 473/922/263 523/921/263 421/920/277
f 262/513/240 473/822/57 517/898/57
f 517/898/58 473/822/58 262/513/242
f 476/825/8 474/823/8 524/923/8
f 524/923/7 474/823/7 476/825/7
f 474/823/8 444/766/8 349/591/8
f 349/591/7 444/766/7 474/823/7
f 524/923/8 474/823/8 525/924/8
f 525/924/7 474/823/7 524/923/7
f 525/924/8 474/823/8 526/925/8
f 526/925/7 474/823/7 525/924/7
f 526/925/8 474/823/8 527/926/8
f 527/926/7 474/823/7 526/925/7
f 528/927/8 394/663/8 474/823/8
f 474/823/7 394/663/7 528/927/7
f 530/928/1 531/929/1 528/930/1
f 528/930/2 531/929/2 530/928/2
f 433/931/151 532/932/147 423/933/147
f 423/933/150 532/932/150 433/931/152
f 478/830/145 423/829/147 532/934/147
f 532/934/150 423/829/150 478/830/148
f 478/636/8 477/726/8 424/567/8
f 424/567/7 477/726/7 478/636/7
f 425/907/244 520/906/177 479/935/244
f 479/935/243 520/906/178 425/907/243
f 455/891/8 426/841/8 479/936/8
f 479/936/7 426/841/7 455/891/7
f 533/937/1 297/569/248 480/839/1
f 480/839/2 297/569/247 533/937/2
f 480/839/1 427/840/248 534/938/1
f 534/938/2 427/840/247 480/839/2
f 481/842/1 297/569/248 535/939/1
f 535/939/2 297/569/247 481/842/2
f 481/940/30 536/941/22 428/843/22
f 428/843/21 536/941/21 481/940/29
f 482/844/14 428/843/22 536/941/22
f 536/941/21 428/843/21 482/844/13
f 483/846/8 376/845/14 482/844/14
f 482/844/13 376/845/13 483/846/7
f 537/942/16 429/847/8 483/846/8
f 483/846/7 429/847/7 537/942/15
f 334/570/1 484/848/1 538/943/1
f 538/943/2 484/848/2 334/570/2
f 429/847/8 537/942/16 484/944/16
f 484/944/15 537/942/15 429/847/7
f 378/642/1 485/849/1 539/945/1
f 539/945/2 485/849/2 378/642/2
f 485/852/40 430/851/40 541/946/40
f 541/946/39 430/851/39 485/852/39
f 542/945/1 431/572/1 487/642/1
f 487/642/2 431/572/2 542/945/2
f 488/855/132 431/744/132 543/947/132
f 543/947/131 431/744/131 488/855/131
f 432/747/1 545/948/1 490/856/1
f 490/856/2 545/948/2 432/747/2
f 298/573/256 490/856/1 546/949/1
f 546/949/2 490/856/2 298/573/255
f 532/932/147 433/931/151 491/950/151
f 491/950/152 433/931/152 532/932/150
f 547/951/8 434/644/8 436/574/8
f 436/574/7 434/644/7 547/951/7
f 547/951/8 491/748/8 434/644/8
f 434/644/7 491/748/7 547/951/7
f 492/862/8 298/575/8 548/952/8
f 548/952/7 298/575/7 492/862/7
f 549/953/175 435/954/262 492/955/175
f 492/955/176 435/954/261 549/953/176
f 381/864/171 493/863/262 494/956/171
f 494/956/172 493/863/261 381/864/172
f 435/954/262 549/953/175 493/957/262
f 493/957/261 549/953/176 435/954/261
f 547/951/8 436/574/8 494/645/8
f 494/645/7 436/574/7 547/951/7
f 498/958/144 437/959/213 443/960/213
f 443/960/214 437/959/214 498/958/143
f 496/872/8 385/757/8 495/871/8
f 495/871/7 385/757/7 496/872/7
f 437/959/213 498/958/144 495/961/144
f 495/961/143 498/958/143 437/959/214
f 496/962/241 497/963/116 438/964/242
f 438/964/240 497/963/115 496/962/239
f 386/761/242 497/874/116 550/965/116
f 550/965/115 497/874/115 386/761/240
f 439/966/241 495/967/144 498/968/144
f 498/968/143 495/967/143 439/966/239
f 499/876/58 386/875/242 550/969/116
f 550/969/115 386/875/240 499/876/57
f 439/877/241 499/876/58 551/970/58
f 551/970/57 499/876/57 439/877/239
f 394/663/8 471/971/8 503/879/8
f 503/879/7 471/971/7 394/663/7
f 315/677/8 503/879/8 553/972/8
f 553/972/7 503/879/7 315/677/7
f 504/880/2 281/538/247 454/778/2
f 454/778/1 281/538/248 504/880/1
f 505/881/2 449/772/2 395/664/2
f 395/664/1 449/772/1 505/881/1
f 554/973/57 505/974/57 446/975/57
f 446/975/58 505/974/58 554/973/58
f 507/882/2 447/770/2 555/976/2
f 555/976/1 447/770/1 507/882/1
f 509/884/2 449/772/2 505/881/2
f 505/881/1 449/772/1 509/884/1
f 509/884/2 557/977/2 400/675/2
f 400/675/1 557/977/1 509/884/1
f 512/885/8 470/978/8 401/678/8
f 401/678/7 470/978/7 512/885/7
f 513/886/8 512/885/8 451/776/8
f 451/776/7 512/885/7 513/886/7
f 315/677/8 558/979/8 513/886/8
f 513/886/7 558/979/7 315/677/7
f 401/678/8 559/980/8 514/887/8
f 514/887/7 559/980/7 401/678/7
f 559/980/8 427/838/8 514/887/8
f 514/887/7 427/838/7 559/980/7
f 453/981/1 471/982/1 515/983/1
f 515/983/2 471/982/2 453/981/2
f 453/889/22 507/888/22 560/984/22
f 560/984/21 507/888/21 453/889/21
f 455/891/8 479/936/8 516/985/8
f 516/985/7 479/936/7 455/891/7
f 456/986/8 465/910/8 457/811/8
f 457/811/7 465/910/7 456/986/7
f 516/985/8 520/987/8 456/986/8
f 456/986/7 520/987/7 516/985/7
f 517/988/266 561/989/268 458/990/268
f 458/990/267 561/989/267 517/988/264
f 458/991/268 562/992/280 518/993/280
f 518/993/279 562/992/279 458/991/267
f 518/994/280 563/995/292 463/996/292
f 463/996/291 563/995/291 518/994/279
f 464/904/289 463/903/292 563/997/292
f 563/997/291 463/903/291 464/904/290
f 456/986/8 520/987/8 465/910/8
f 465/910/7 520/987/7 456/986/7
f 467/998/2 564/999/2 470/1000/2
f 470/1000/1 564/999/1 467/998/1
f 470/978/8 512/885/8 471/971/8
f 471/971/7 512/885/7 470/978/7
f 523/921/265 421/920/278 522/1001/278
f 522/1001/277 421/920/277 523/921/263
f 565/1002/266 473/1003/265 523/1004/265
f 523/1004/263 473/1003/263 565/1002/264
f 473/1003/265 565/1002/266 517/1005/266
f 517/1005/264 565/1002/264 473/1003/263
f 527/926/8 474/823/8 566/1006/8
f 566/1006/7 474/823/7 527/926/7
f 394/663/8 525/924/8 526/925/8
f 526/925/7 525/924/7 394/663/7
f 394/663/8 526/925/8 527/926/8
f 527/926/7 526/925/7 394/663/7
f 566/1006/8 474/823/8 394/663/8
f 394/663/7 474/823/7 566/1006/7
f 394/663/8 476/825/8 524/923/8
f 524/923/7 476/825/7 394/663/7
f 394/663/8 524/923/8 525/924/8
f 525/924/7 524/923/7 394/663/7
f 394/663/8 528/927/8 471/971/8
f 471/971/7 528/927/7 394/663/7
f 531/929/1 530/928/1 567/1007/1
f 567/1007/2 530/928/2 531/929/2
f 528/930/1 531/929/1 554/1008/1
f 554/1008/2 531/929/2 528/930/2
f 477/726/8 478/636/8 529/823/8
f 529/823/7 478/636/7 477/726/7
f 529/823/8 478/636/8 530/927/8
f 530/927/7 478/636/7 529/823/7
f 547/951/8 478/636/8 532/727/8
f 532/727/7 478/636/7 547/951/7
f 530/927/8 478/636/8 547/951/8
f 547/951/7 478/636/7 530/927/7
f 516/985/8 479/936/8 520/987/8
f 520/987/7 479/936/7 516/985/7
f 535/939/1 297/569/248 533/937/1
f 533/937/2 297/569/247 535/939/2
f 568/1009/58 533/1010/46 480/1011/58
f 480/1011/57 533/1010/45 568/1009/57
f 534/938/1 427/840/248 569/1012/1
f 569/1012/2 427/840/247 534/938/2
f 570/1013/47 480/1011/58 534/1014/47
f 534/1014/48 480/1011/57 570/1013/48
f 571/1015/38 481/940/30 535/1016/38
f 535/1016/37 481/940/29 571/1015/37
f 536/941/22 481/940/30 572/1017/30
f 572/1017/29 481/940/29 536/941/21
f 538/943/1 484/848/1 573/1018/1
f 573/1018/2 484/848/2 538/943/2
f 574/1019/24 484/944/16 537/942/16
f 537/942/15 484/944/15 574/1019/23
f 539/945/1 485/849/1 575/1020/1
f 575/1020/2 485/849/2 539/945/2
f 541/1021/37 576/1022/37 485/1023/37
f 485/1023/38 576/1022/38 541/1021/38
f 431/572/1 542/945/1 577/1024/1
f 577/1024/2 542/945/2 431/572/2
f 431/572/1 577/1024/1 543/1025/1
f 543/1025/2 577/1024/2 431/572/2
f 543/1026/2 578/1027/2 488/1028/2
f 488/1028/1 578/1027/1 543/1026/1
f 543/1025/1 544/1020/1 488/643/1
f 488/643/2 544/1020/2 543/1025/2
f 488/1028/2 578/1027/2 489/1029/2
f 489/1029/1 578/1027/1 488/1028/1
f 488/643/1 544/1020/1 489/747/1
f 489/747/2 544/1020/2 488/643/2
f 489/1029/2 579/1030/2 544/1031/2
f 544/1031/1 579/1030/1 489/1029/1
f 545/948/1 432/747/1 575/1020/1
f 575/1020/2 432/747/2 545/948/2
f 579/1032/138 490/1033/138 545/1034/138
f 545/1034/137 490/1033/137 579/1032/137
f 580/1035/140 546/1036/140 490/1037/140
f 490/1037/139 546/1036/139 580/1035/139
f 298/573/256 546/949/1 581/1038/1
f 581/1038/2 546/949/2 298/573/255
f 547/951/8 532/727/8 491/748/8
f 491/748/7 532/727/7 547/951/7
f 548/952/8 298/575/8 582/1039/8
f 582/1039/7 298/575/7 548/952/7
f 583/1040/250 492/1041/175 548/1042/250
f 548/1042/249 492/1041/176 583/1040/249
f 492/1041/175 583/1040/250 549/1043/175
f 549/1043/176 583/1040/249 492/1041/176
f 547/951/8 494/645/8 493/752/8
f 493/752/7 494/645/7 547/951/7
f 547/951/8 493/752/8 549/862/8
f 549/862/7 493/752/7 547/951/7
f 495/967/144 584/1044/135 496/1045/241
f 496/1045/239 584/1044/136 495/967/143
f 497/963/116 496/962/241 585/1046/58
f 585/1046/57 496/962/239 497/963/115
f 587/1047/135 495/967/144 439/966/241
f 439/966/239 495/967/143 587/1047/136
f 551/970/58 499/876/58 588/1048/58
f 588/1048/57 499/876/57 551/970/57
f 439/877/241 551/970/58 587/1049/135
f 587/1049/136 551/970/57 439/877/239
f 503/879/8 471/971/8 590/1050/8
f 590/1050/7 471/971/7 503/879/7
f 553/972/8 503/879/8 590/1050/8
f 590/1050/7 503/879/7 553/972/7
f 315/677/8 553/972/8 591/1051/8
f 591/1051/7 553/972/7 315/677/7
f 592/1052/2 504/880/2 454/778/2
f 454/778/1 504/880/1 592/1052/1
f 505/974/57 554/973/57 531/1053/57
f 531/1053/58 554/973/58 505/974/58
f 507/882/2 555/976/2 594/1054/2
f 594/1054/1 555/976/1 507/882/1
f 505/1055/24 567/1056/24 509/1057/24
f 509/1057/23 567/1056/23 505/1055/23
f 557/977/2 509/884/2 594/1054/2
f 594/1054/1 509/884/1 557/977/1
f 470/978/8 559/980/8 401/678/8
f 401/678/7 559/980/7 470/978/7
f 558/979/8 512/885/8 513/886/8
f 513/886/7 512/885/7 558/979/7
f 315/677/8 595/1058/8 558/979/8
f 558/979/7 595/1058/7 315/677/7
f 596/1059/8 427/838/8 559/980/8
f 559/980/7 427/838/7 596/1059/7
f 453/981/1 519/1060/1 471/982/1
f 471/982/2 519/1060/2 453/981/2
f 515/983/1 471/982/1 597/1061/1
f 597/1061/2 471/982/2 515/983/2
f 598/1062/24 560/1063/24 507/1064/24
f 507/1064/23 560/1063/23 598/1062/23
f 560/1065/1 519/1060/1 453/981/1
f 453/981/2 519/1060/2 560/1065/2
f 561/989/268 517/988/266 565/1066/266
f 565/1066/264 517/988/264 561/989/267
f 562/992/280 458/991/268 561/1067/268
f 561/1067/267 458/991/267 562/992/279
f 563/995/292 518/994/280 562/1068/280
f 562/1068/279 518/994/279 563/995/291
f 599/1069/8 467/978/8 519/971/8
f 519/971/7 467/978/7 599/1069/7
f 467/998/2 600/1070/2 564/999/2
f 564/999/1 600/1070/1 467/998/1
f 470/1000/2 564/999/2 601/1071/2
f 601/1071/1 564/999/1 470/1000/1
f 595/1058/8 471/971/8 512/885/8
f 512/885/7 471/971/7 595/1058/7
f 394/663/8 527/926/8 566/1006/8
f 566/1006/7 527/926/7 394/663/7
f 394/663/8 475/824/8 476/825/8
f 476/825/7 475/824/7 394/663/7
f 528/930/1 597/1061/1 471/982/1
f 471/982/2 597/1061/2 528/930/2
f 519/1060/1 567/1007/1 530/928/1
f 530/928/2 567/1007/2 519/1060/2
f 567/1056/24 505/1055/24 531/1072/24
f 531/1072/23 505/1055/23 567/1056/23
f 528/930/1 554/1008/1 593/1073/1
f 593/1073/2 554/1008/2 528/930/2
f 530/927/8 547/951/8 519/971/8
f 519/971/7 547/951/7 530/927/7
f 602/1074/46 535/1075/38 533/1010/46
f 533/1010/45 535/1075/37 602/1074/45
f 533/1010/46 568/1009/58 602/1074/46
f 602/1074/45 568/1009/57 533/1010/45
f 480/1011/58 570/1013/47 568/1009/58
f 568/1009/57 570/1013/48 480/1011/57
f 569/1012/1 427/840/248 603/1076/1
f 603/1076/2 427/840/247 569/1012/2
f 604/1077/39 534/1014/47 569/1078/39
f 569/1078/40 534/1014/48 604/1077/40
f 534/1014/47 604/1077/39 570/1013/47
f 570/1013/48 604/1077/40 534/1014/48
f 481/940/30 571/1015/38 572/1017/30
f 572/1017/29 571/1015/37 481/940/29
f 535/1075/38 602/1074/46 571/101/38
f 571/101/37 602/1074/45 535/1075/37
f 484/944/16 574/1019/24 573/1079/24
f 573/1079/23 574/1019/23 484/944/15
f 538/943/1 573/1018/1 605/1080/1
f 605/1080/2 573/1018/2 538/943/2
f 575/1020/1 485/849/1 576/1081/1
f 576/1081/2 485/849/2 575/1020/2
f 576/1022/37 541/1021/37 607/1082/37
f 607/1082/38 541/1021/38 576/1022/38
f 608/1083/8 543/1084/8 577/1085/8
f 577/1085/7 543/1084/7 608/1083/7
f 544/1020/1 543/1025/1 577/1024/1
f 577/1024/2 543/1025/2 544/1020/2
f 578/1027/2 543/1026/2 609/1086/2
f 609/1086/1 543/1026/1 578/1027/1
f 489/1029/2 578/1027/2 580/1087/2
f 580/1087/1 578/1027/1 489/1029/1
f 579/1030/2 489/1029/2 580/1087/2
f 580/1087/1 489/1029/1 579/1030/1
f 467/998/2 544/1031/2 579/1030/2
f 579/1030/1 544/1031/1 467/998/1
f 576/1081/1 545/948/1 575/1020/1
f 575/1020/2 545/948/2 576/1081/2
f 490/1033/138 579/1032/138 580/1088/138
f 580/1088/137 579/1032/137 490/1033/137
f 610/1089/134 579/1090/134 545/1091/134
f 545/1091/133 579/1090/133 610/1089/133
f 546/1036/140 580/1035/140 611/1092/140
f 611/1092/139 580/1035/139 546/1036/139
f 298/573/256 581/1038/1 427/840/248
f 427/840/247 581/1038/2 298/573/255
f 582/1039/8 298/575/8 613/1093/8
f 613/1093/7 298/575/7 582/1039/7
f 614/1094/183 548/1095/250 582/1096/183
f 582/1096/184 548/1095/249 614/1094/184
f 548/1095/250 614/1094/183 583/1097/250
f 583/1097/249 614/1094/184 548/1095/249
f 547/951/8 549/862/8 583/952/8
f 583/952/7 549/862/7 547/951/7
f 584/1044/135 495/967/144 587/1047/135
f 587/1047/136 495/967/143 584/1044/136
f 615/1098/58 496/962/241 584/1099/135
f 584/1099/136 496/962/239 615/1098/57
f 585/1046/58 496/962/241 499/876/58
f 499/876/57 496/962/239 585/1046/57
f 499/876/58 496/962/241 588/1048/58
f 588/1048/57 496/962/239 499/876/57
f 471/971/8 617/1100/8 590/1050/8
f 590/1050/7 617/1100/7 471/971/7
f 590/1050/8 591/1051/8 553/972/8
f 553/972/7 591/1051/7 590/1050/7
f 590/1050/8 617/1100/8 591/1051/8
f 591/1051/7 617/1100/7 590/1050/7
f 315/677/8 591/1051/8 617/1100/8
f 617/1100/7 591/1051/7 315/677/7
f 592/1052/2 618/1101/2 504/880/2
f 504/880/1 618/1101/1 592/1052/1
f 557/977/2 594/1054/2 555/976/2
f 555/976/1 594/1054/1 557/977/1
f 618/1101/2 507/882/2 594/1054/2
f 594/1054/1 507/882/1 618/1101/1
f 619/1102/22 509/1103/22 567/1104/22
f 567/1104/21 509/1103/21 619/1102/21
f 509/1103/22 619/1102/22 594/1105/22
f 594/1105/21 619/1102/21 509/1103/21
f 470/978/8 596/1059/8 559/980/8
f 559/980/7 596/1059/7 470/978/7
f 595/1058/8 512/885/8 558/979/8
f 558/979/7 512/885/7 595/1058/7
f 315/677/8 620/1106/8 595/1058/8
f 595/1058/7 620/1106/7 315/677/7
f 621/1107/8 427/838/8 596/1059/8
f 596/1059/7 427/838/7 621/1107/7
f 560/1063/24 598/1062/24 622/1108/24
f 622/1108/23 598/1062/23 560/1063/23
f 507/882/2 618/1101/2 598/1109/2
f 598/1109/1 618/1101/1 507/882/1
f 567/1007/1 519/1060/1 560/1065/1
f 560/1065/2 519/1060/2 567/1007/2
f 623/1110/8 467/978/8 599/1069/8
f 599/1069/7 467/978/7 623/1110/7
f 519/971/8 624/1111/8 599/1069/8
f 599/1069/7 624/1111/7 519/971/7
f 467/998/2 625/1112/2 600/1070/2
f 600/1070/1 625/1112/1 467/998/1
f 626/1113/46 564/1114/58 600/369/46
f 600/369/45 564/1114/57 626/1113/45
f 627/1115/58 601/1116/47 564/1114/58
f 564/1114/57 601/1116/48 627/1115/57
f 470/1000/2 601/1071/2 628/1117/2
f 628/1117/1 601/1071/1 470/1000/1
f 620/1106/8 471/971/8 595/1058/8
f 595/1058/7 471/971/7 620/1106/7
f 528/930/1 593/1073/1 597/1061/1
f 597/1061/2 593/1073/2 528/930/2
f 519/971/8 547/951/8 629/1118/8
f 629/1118/7 547/951/7 519/971/7
f 603/1076/1 427/840/248 631/1119/1
f 631/1119/2 427/840/247 603/1076/2
f 632/1120/31 569/1078/39 603/1121/31
f 603/1121/32 569/1078/40 632/1120/32
f 569/1078/39 632/1120/31 604/1077/39
f 604/1077/40 632/1120/32 569/1078/40
f 634/1122/32 573/1079/24 574/1019/24
f 574/1019/23 573/1079/23 634/1122/31
f 573/1079/24 634/1122/32 605/1123/32
f 605/1123/31 634/1122/31 573/1079/23
f 538/943/1 605/1080/1 636/1124/1
f 636/1124/2 605/1080/2 538/943/2
f 544/1031/2 467/998/2 577/1125/2
f 577/1125/1 467/998/1 544/1031/1
f 638/1126/8 543/1084/8 608/1083/8
f 608/1083/7 543/1084/7 638/1126/7
f 608/1083/8 577/1085/8 629/1118/8
f 629/1118/7 577/1085/7 608/1083/7
f 543/1084/8 638/1126/8 609/1127/8
f 609/1127/7 638/1126/7 543/1084/7
f 609/1128/293 613/1129/252 578/1130/293
f 578/1130/294 613/1129/251 609/1128/294
f 580/1087/2 578/1027/2 611/1131/2
f 611/1131/1 578/1027/1 580/1087/1
f 467/998/2 579/1030/2 639/1132/2
f 639/1132/1 579/1030/1 467/998/1
f 576/1081/1 640/1133/1 545/948/1
f 545/948/2 640/1133/2 576/1081/2
f 579/1090/134 610/1089/134 641/1134/134
f 641/1134/133 610/1089/133 579/1090/133
f 640/1133/1 610/1135/1 545/948/1
f 545/948/2 610/1135/2 640/1133/2
f 643/1136/1 427/840/248 581/1038/1
f 581/1038/2 427/840/247 643/1136/2
f 578/1127/8 298/575/8 427/838/8
f 427/838/7 298/575/7 578/1127/7
f 613/1093/8 298/575/8 578/1127/8
f 578/1127/7 298/575/7 613/1093/7
f 644/1137/252 582/1138/183 613/1139/252
f 613/1139/251 582/1138/184 644/1137/251
f 582/1138/183 644/1137/252 614/1140/183
f 614/1140/184 644/1137/251 582/1138/184
f 547/951/8 583/952/8 614/1039/8
f 614/1039/7 583/952/7 547/951/7
f 588/1048/58 496/962/241 615/1098/58
f 615/1098/57 496/962/239 588/1048/57
f 617/1100/8 471/971/8 646/1141/8
f 646/1141/7 471/971/7 617/1100/7
f 315/677/8 617/1100/8 646/1141/8
f 646/1141/7 617/1100/7 315/677/7
f 598/1109/2 618/1101/2 592/1052/2
f 592/1052/1 618/1101/1 598/1109/1
f 567/1007/1 560/1065/1 619/1142/1
f 619/1142/2 560/1065/2 567/1007/2
f 470/978/8 621/1107/8 596/1059/8
f 596/1059/7 621/1107/7 470/978/7
f 315/677/8 648/1143/8 620/1106/8
f 620/1106/7 648/1143/7 315/677/7
f 649/1144/8 427/838/8 621/1107/8
f 621/1107/7 427/838/7 649/1144/7
f 598/1145/57 650/1146/57 622/1147/57
f 622/1147/58 650/1146/58 598/1145/58
f 647/1148/1 560/1065/1 622/1149/1
f 622/1149/2 560/1065/2 647/1148/2
f 651/1150/8 467/978/8 623/1110/8
f 623/1110/7 467/978/7 651/1150/7
f 599/1069/8 651/1150/8 623/1110/8
f 623/1110/7 651/1150/7 599/1069/7
f 519/971/8 652/1151/8 624/1111/8
f 624/1111/7 652/1151/7 519/971/7
f 624/1111/8 651/1150/8 599/1069/8
f 599/1069/7 651/1150/7 624/1111/7
f 467/998/2 653/1152/2 625/1112/2
f 625/1112/1 653/1152/1 467/998/1
f 654/1153/38 600/369/46 625/1154/38
f 625/1154/37 600/369/45 654/1153/37
f 564/1114/58 626/1113/46 627/1115/58
f 627/1115/57 626/1113/45 564/1114/57
f 600/369/46 654/1153/38 626/1113/46
f 626/1113/45 654/1153/37 600/369/45
f 601/1116/47 627/1115/58 655/1155/47
f 655/1155/48 627/1115/57 601/1116/48
f 655/1155/47 628/1015/39 601/1116/47
f 601/1116/48 628/1015/40 655/1155/48
f 470/1000/2 628/1117/2 656/1156/2
f 656/1156/1 628/1117/1 470/1000/1
f 648/1143/8 471/971/8 620/1106/8
f 620/1106/7 471/971/7 648/1143/7
f 593/1073/1 650/1157/1 597/1061/1
f 597/1061/2 650/1157/2 593/1073/2
f 547/951/8 608/1083/8 629/1118/8
f 629/1118/7 608/1083/7 547/951/7
f 519/971/8 629/1118/8 657/1158/8
f 657/1158/7 629/1118/7 519/971/7
f 631/1119/1 427/840/248 659/1159/1
f 659/1159/2 427/840/247 631/1119/2
f 631/1160/23 632/1120/31 603/1121/31
f 603/1121/32 632/1120/32 631/1160/24
f 634/1122/32 636/1161/40 605/1123/32
f 605/1123/31 636/1161/39 634/1122/31
f 538/943/1 636/1124/1 662/1162/1
f 662/1162/2 636/1124/2 538/943/2
f 538/943/1 663/1163/1 637/1164/1
f 637/1164/2 663/1163/2 538/943/2
f 664/1165/8 577/1085/8 467/978/8
f 467/978/7 577/1085/7 664/1165/7
f 608/1083/8 547/951/8 638/1126/8
f 638/1126/7 547/951/7 608/1083/7
f 657/1158/8 629/1118/8 577/1085/8
f 577/1085/7 629/1118/7 657/1158/7
f 547/951/8 609/1127/8 638/1126/8
f 638/1126/7 609/1127/7 547/951/7
f 613/1129/252 609/1128/293 644/1166/252
f 644/1166/251 609/1128/294 613/1129/251
f 611/1131/2 578/1027/2 612/1167/2
f 612/1167/1 578/1027/1 611/1131/1
f 641/1168/2 639/1132/2 579/1030/2
f 579/1030/1 639/1132/1 641/1168/1
f 467/998/2 639/1132/2 665/1169/2
f 665/1169/1 639/1132/1 467/998/1
f 576/1081/1 666/1170/1 640/1133/1
f 640/1133/2 666/1170/2 576/1081/2
f 610/1135/1 640/1133/1 668/1171/1
f 668/1171/2 640/1133/2 610/1135/2
f 642/1172/1 669/1173/1 581/1038/1
f 581/1038/2 669/1173/2 642/1172/2
f 670/1174/1 427/840/248 643/1136/1
f 643/1136/2 427/840/247 670/1174/2
f 581/1038/1 671/1175/1 643/1136/1
f 643/1136/2 671/1175/2 581/1038/2
f 578/1127/8 427/838/8 672/1176/8
f 672/1176/7 427/838/7 578/1127/7
f 547/951/8 614/1039/8 644/1093/8
f 644/1093/7 614/1039/7 547/951/7
f 646/1141/8 471/971/8 648/1143/8
f 648/1143/7 471/971/7 646/1141/7
f 315/677/8 646/1141/8 648/1143/8
f 648/1143/7 646/1141/7 315/677/7
f 650/1146/57 598/1145/57 592/1177/57
f 592/1177/58 598/1145/58 650/1146/58
f 647/1148/1 650/1157/1 593/1073/1
f 593/1073/2 650/1157/2 647/1148/2
f 560/1065/1 647/1148/1 619/1142/1
f 619/1142/2 647/1148/2 560/1065/2
f 470/978/8 649/1144/8 621/1107/8
f 621/1107/7 649/1144/7 470/978/7
f 674/1178/8 427/838/8 649/1144/8
f 649/1144/7 427/838/7 674/1178/7
f 647/1148/1 622/1149/1 650/1157/1
f 650/1157/2 622/1149/2 647/1148/2
f 675/1179/8 467/978/8 651/1150/8
f 651/1150/7 467/978/7 675/1179/7
f 519/971/8 657/1158/8 652/1151/8
f 652/1151/7 657/1158/7 519/971/7
f 624/1111/8 652/1151/8 676/1180/8
f 676/1180/7 652/1151/7 624/1111/7
f 651/1150/8 624/1111/8 677/1181/8
f 677/1181/7 624/1111/7 651/1150/7
f 467/998/2 678/1182/2 653/1152/2
f 653/1152/1 678/1182/1 467/998/1
f 679/1183/30 625/1154/38 653/1184/30
f 653/1184/29 625/1154/37 679/1183/29
f 625/1154/38 679/1183/30 654/1153/38
f 654/1153/37 679/1183/29 625/1154/37
f 626/1185/1 427/840/248 627/1186/1
f 627/1186/2 427/840/247 626/1185/2
f 680/1187/1 626/1185/1 654/1188/1
f 654/1188/2 626/1185/2 680/1187/2
f 627/1186/1 427/840/248 655/1189/1
f 655/1189/2 427/840/247 627/1186/2
f 628/1015/39 655/1155/47 681/1190/39
f 681/1190/40 655/1155/48 628/1015/40
f 681/1190/39 656/941/31 628/1015/39
f 628/1015/40 656/941/32 681/1190/40
f 470/1000/2 656/1156/2 682/1191/2
f 682/1191/1 656/1156/1 470/1000/1
f 683/1192/57 635/417/48 630/1193/57
f 630/1193/58 635/417/47 683/1192/58
f 684/1194/45 630/1193/57 658/1195/45
f 658/1195/46 630/1193/58 684/1194/46
f 659/1159/1 427/840/248 680/1187/1
f 680/1187/2 427/840/247 659/1159/2
f 659/1196/15 685/1197/23 631/1160/23
f 631/1160/24 685/1197/24 659/1196/16
f 632/1120/31 631/1160/23 685/1197/23
f 685/1197/24 631/1160/24 632/1120/32
f 663/1198/37 658/1195/45 633/1199/37
f 633/1199/38 658/1195/46 663/1198/38
f 686/1200/29 633/1199/37 660/1201/29
f 660/1201/30 633/1199/38 686/1200/30
f 636/1161/40 634/1122/32 661/1202/40
f 661/1202/39 634/1122/31 636/1161/39
f 662/1203/48 661/1202/40 635/417/48
f 635/417/47 661/1202/39 662/1203/47
f 661/1202/40 662/1203/48 636/1161/40
f 636/1161/39 662/1203/47 661/1202/39
f 538/943/1 662/1162/1 683/1204/1
f 683/1204/2 662/1162/2 538/943/2
f 538/943/1 684/1205/1 663/1163/1
f 663/1163/2 684/1205/2 538/943/2
f 637/1164/1 663/1163/1 686/1206/1
f 686/1206/2 663/1163/2 637/1164/2
f 637/1164/1 666/1170/1 576/1081/1
f 576/1081/2 666/1170/2 637/1164/2
f 687/1207/8 577/1085/8 664/1165/8
f 664/1165/7 577/1085/7 687/1207/7
f 664/1165/8 467/978/8 688/1208/8
f 688/1208/7 467/978/7 664/1165/7
f 657/1158/8 577/1085/8 689/1209/8
f 689/1209/7 577/1085/7 657/1158/7
f 547/951/8 644/1093/8 609/1127/8
f 609/1127/7 644/1093/7 547/951/7
f 470/1000/2 612/1167/2 578/1027/2
f 578/1027/1 612/1167/1 470/1000/1
f 639/1132/2 641/1168/2 690/1210/2
f 690/1210/1 641/1168/1 639/1132/1
f 639/1211/8 666/1212/14 665/1213/14
f 665/1213/13 666/1212/13 639/1211/7
f 467/998/2 665/1169/2 678/1182/2
f 678/1182/1 665/1169/1 467/998/1
f 666/1212/14 639/1211/8 640/1214/8
f 640/1214/7 639/1211/7 666/1212/13
f 691/1215/2 641/1168/2 667/1216/2
f 667/1216/1 641/1168/1 691/1215/1
f 640/1214/8 690/1217/16 668/1218/16
f 668/1218/15 690/1217/15 640/1214/7
f 610/1135/1 668/1171/1 692/1219/1
f 692/1219/2 668/1171/2 610/1135/2
f 693/1220/2 667/1216/2 612/1167/2
f 612/1167/1 667/1216/1 693/1220/1
f 642/1172/1 694/1221/1 669/1173/1
f 669/1173/2 694/1221/2 642/1172/2
f 581/1038/1 669/1173/1 695/1222/1
f 695/1222/2 669/1173/2 581/1038/2
f 696/1223/1 427/840/248 670/1174/1
f 670/1174/2 427/840/247 696/1223/2
f 643/1224/7 697/1019/15 670/1225/15
f 670/1225/16 697/1019/16 643/1224/8
f 581/1038/1 695/1222/1 671/1175/1
f 671/1175/2 695/1222/2 581/1038/2
f 671/1226/13 698/1202/7 643/1224/7
f 643/1224/8 698/1202/8 671/1226/14
f 672/1176/8 427/838/8 699/1227/8
f 699/1227/7 427/838/7 672/1176/7
f 672/1176/8 470/978/8 578/1127/8
f 578/1127/7 470/978/7 672/1176/7
f 470/978/8 674/1178/8 649/1144/8
f 649/1144/7 674/1178/7 470/978/7
f 701/1228/8 427/838/8 674/1178/8
f 674/1178/7 427/838/7 701/1228/7
f 702/1229/8 467/978/8 675/1179/8
f 675/1179/7 467/978/7 702/1229/7
f 677/1181/8 675/1179/8 651/1150/8
f 651/1150/7 675/1179/7 677/1181/7
f 704/1230/8 676/1180/8 652/1151/8
f 652/1151/7 676/1180/7 704/1230/7
f 624/1111/8 676/1180/8 705/1231/8
f 705/1231/7 676/1180/7 624/1111/7
f 624/1111/8 702/1229/8 677/1181/8
f 677/1181/7 702/1229/7 624/1111/7
f 678/1232/22 679/1183/30 653/1184/30
f 653/1184/29 679/1183/29 678/1232/21
f 680/1187/1 654/1188/1 679/1233/1
f 679/1233/2 654/1188/2 680/1187/2
f 680/1187/1 427/840/248 626/1185/1
f 626/1185/2 427/840/247 680/1187/2
f 655/1189/1 427/840/248 681/1234/1
f 681/1234/2 427/840/247 655/1189/2
f 656/941/31 681/1190/39 706/1235/31
f 706/1235/32 681/1190/40 656/941/32
f 656/941/31 696/1236/23 682/846/23
f 682/846/24 696/1236/24 656/941/32
f 470/1000/2 682/1191/2 697/1237/2
f 697/1237/1 682/1191/1 470/1000/1
f 635/417/48 683/1192/57 662/1203/48
f 662/1203/47 683/1192/58 635/417/47
f 630/1193/57 684/1194/45 683/1192/57
f 683/1192/58 684/1194/46 630/1193/58
f 658/1195/45 663/1198/37 684/1194/45
f 684/1194/46 663/1198/38 658/1195/46
f 680/1238/7 707/1239/15 659/1196/15
f 659/1196/16 707/1239/16 680/1238/8
f 685/1197/23 659/1196/15 707/1239/15
f 707/1239/16 659/1196/16 685/1197/24
f 633/1199/37 686/1200/29 663/1198/37
f 663/1198/38 686/1200/30 633/1199/38
f 708/1240/21 686/1200/29 660/1201/29
f 660/1201/30 686/1200/30 708/1240/22
f 538/943/1 683/1204/1 684/1205/1
f 684/1205/2 683/1204/2 538/943/2
f 637/1164/1 686/1206/1 709/1241/1
f 709/1241/2 686/1206/2 637/1164/2
f 680/1187/1 666/1170/1 637/1164/1
f 637/1164/2 666/1170/2 680/1187/2
f 710/1242/8 577/1085/8 687/1207/8
f 687/1207/7 577/1085/7 710/1242/7
f 624/1111/8 687/1207/8 664/1165/8
f 664/1165/7 687/1207/7 624/1111/7
f 688/1208/8 467/978/8 711/1243/8
f 711/1243/7 467/978/7 688/1208/7
f 624/1111/8 664/1165/8 688/1208/8
f 688/1208/7 664/1165/7 624/1111/7
f 577/1085/8 710/1242/8 689/1209/8
f 689/1209/7 710/1242/7 577/1085/7
f 470/1000/2 698/1244/2 612/1167/2
f 612/1167/1 698/1244/1 470/1000/1
f 690/1210/2 641/1168/2 691/1215/2
f 691/1215/1 641/1168/1 690/1210/1
f 690/1217/16 640/1214/8 639/1211/8
f 639/1211/7 640/1214/7 690/1217/15
f 712/1245/22 665/1213/14 666/1212/14
f 666/1212/13 665/1213/13 712/1245/21
f 665/1213/14 712/1245/22 678/1232/22
f 678/1232/21 712/1245/21 665/1213/13
f 610/1135/1 692/1219/1 642/1172/1
f 642/1172/2 692/1219/2 610/1135/2
f 691/1215/2 667/1216/2 713/1246/2
f 713/1246/1 667/1216/1 691/1215/1
f 691/1247/24 668/1218/16 690/1217/16
f 690/1217/15 668/1218/15 691/1247/23
f 668/1218/16 691/1247/24 692/1248/24
f 692/1248/23 691/1247/23 668/1218/15
f 714/1249/2 667/1216/2 693/1220/2
f 693/1220/1 667/1216/1 714/1249/1
f 693/1220/2 612/1167/2 715/1250/2
f 715/1250/1 612/1167/1 693/1220/1
f 642/1172/1 716/1251/1 694/1221/1
f 694/1221/2 716/1251/2 642/1172/2
f 714/1252/37 669/1253/29 694/1254/37
f 694/1254/38 669/1253/30 714/1252/38
f 669/1253/29 715/1199/21 695/1255/21
f 695/1255/22 715/1199/22 669/1253/30
f 706/1256/1 427/840/248 696/1223/1
f 696/1223/2 427/840/247 706/1256/2
f 670/1225/15 682/846/23 696/1236/23
f 696/1236/24 682/846/24 670/1225/16
f 697/1019/15 643/1224/7 698/1202/7
f 698/1202/8 643/1224/8 697/1019/16
f 682/846/23 670/1225/15 697/1019/15
f 697/1019/16 670/1225/16 682/846/24
f 695/1255/21 717/1193/13 671/1226/13
f 671/1226/14 717/1193/14 695/1255/22
f 698/1202/7 671/1226/13 717/1193/13
f 717/1193/14 671/1226/14 698/1202/8
f 699/1227/8 427/838/8 718/1257/8
f 718/1257/7 427/838/7 699/1227/7
f 699/1227/8 719/1258/8 672/1176/8
f 672/1176/7 719/1258/7 699/1227/7
f 470/978/8 672/1176/8 719/1258/8
f 719/1258/7 672/1176/7 470/978/7
f 470/978/8 701/1228/8 674/1178/8
f 674/1178/7 701/1228/7 470/978/7
f 718/1257/8 427/838/8 701/1228/8
f 701/1228/7 427/838/7 718/1257/7
f 711/1243/8 467/978/8 702/1229/8
f 702/1229/7 467/978/7 711/1243/7
f 675/1179/8 677/1181/8 702/1229/8
f 702/1229/7 677/1181/7 675/1179/7
f 721/1259/8 676/1180/8 704/1230/8
f 704/1230/7 676/1180/7 721/1259/7
f 689/1209/8 705/1231/8 676/1180/8
f 676/1180/7 705/1231/7 689/1209/7
f 624/1111/8 705/1231/8 710/1242/8
f 710/1242/7 705/1231/7 624/1111/7
f 624/1111/8 711/1243/8 702/1229/8
f 702/1229/7 711/1243/7 624/1111/7
f 679/1183/30 678/1232/22 712/1245/22
f 712/1245/21 678/1232/21 679/1183/29
f 680/1187/1 679/1233/1 712/1260/1
f 712/1260/2 679/1233/2 680/1187/2
f 681/1234/1 427/840/248 706/1256/1
f 706/1256/2 427/840/247 681/1234/2
f 696/1236/23 656/941/31 706/1235/31
f 706/1235/32 656/941/32 696/1236/24
f 470/1000/2 697/1237/2 698/1244/2
f 698/1244/1 697/1237/1 470/1000/1
f 707/1239/15 680/1238/7 723/1252/7
f 723/1252/8 680/1238/8 707/1239/16
f 686/1200/29 708/1240/21 709/1261/21
f 709/1261/22 708/1240/22 686/1200/30
f 637/1164/1 709/1241/1 724/1262/1
f 724/1262/2 709/1241/2 637/1164/2
f 680/1187/1 712/1260/1 666/1170/1
f 666/1170/2 712/1260/2 680/1187/2
f 637/1164/1 724/1262/1 680/1187/1
f 680/1187/2 724/1262/2 637/1164/2
f 624/1111/8 710/1242/8 687/1207/8
f 687/1207/7 710/1242/7 624/1111/7
f 624/1111/8 688/1208/8 711/1243/8
f 711/1243/7 688/1208/7 624/1111/7
f 689/1209/8 710/1242/8 705/1231/8
f 705/1231/7 710/1242/7 689/1209/7
f 717/1263/2 612/1167/2 698/1244/2
f 698/1244/1 612/1167/1 717/1263/1
f 642/1172/1 692/1219/1 726/1264/1
f 726/1264/2 692/1219/2 642/1172/2
f 713/1246/2 667/1216/2 727/1265/2
f 727/1265/1 667/1216/1 713/1246/1
f 713/1266/32 692/1248/24 691/1247/24
f 691/1247/23 692/1248/23 713/1266/31
f 728/1267/2 667/1216/2 714/1249/2
f 714/1249/1 667/1216/1 728/1267/1
f 669/1253/29 714/1252/37 693/1240/29
f 693/1240/30 714/1252/38 669/1253/30
f 715/1250/2 612/1167/2 717/1263/2
f 717/1263/1 612/1167/1 715/1250/1
f 715/1199/21 669/1253/29 693/1240/29
f 693/1240/30 669/1253/30 715/1199/22
f 642/1172/1 729/1268/1 716/1251/1
f 716/1251/2 729/1268/2 642/1172/2
f 728/1197/45 694/1254/37 716/1269/45
f 716/1269/46 694/1254/38 728/1197/46
f 694/1254/37 728/1197/45 714/1252/37
f 714/1252/38 728/1197/46 694/1254/38
f 717/1193/13 695/1255/21 715/1199/21
f 715/1199/22 695/1255/22 717/1193/14
f 470/978/8 699/1227/8 718/1257/8
f 718/1257/7 699/1227/7 470/978/7
f 719/1258/8 699/1227/8 470/978/8
f 470/978/7 699/1227/7 719/1258/7
f 470/978/8 718/1257/8 701/1228/8
f 701/1228/7 718/1257/7 470/978/7
f 676/1180/8 721/1259/8 731/1270/8
f 731/1270/7 721/1259/7 676/1180/7
f 689/1209/8 676/1180/8 731/1270/8
f 731/1270/7 676/1180/7 689/1209/7
f 724/1271/13 723/1252/7 680/1238/7
f 680/1238/8 723/1252/8 724/1271/14
f 737/1272/13 709/1261/21 708/1240/21
f 708/1240/22 709/1261/22 737/1272/14
f 709/1261/21 737/1272/13 724/1271/13
f 724/1271/14 737/1272/14 709/1261/22
f 692/1248/24 713/1266/32 726/1273/32
f 726/1273/31 713/1266/31 692/1248/23
f 642/1172/1 726/1264/1 739/1274/1
f 739/1274/2 726/1264/2 642/1172/2
f 727/1265/2 667/1216/2 740/1275/2
f 740/1275/1 667/1216/1 727/1265/1
f 739/1276/40 713/1266/32 727/1277/40
f 727/1277/39 713/1266/31 739/1276/39
f 741/1278/2 667/1216/2 728/1267/2
f 728/1267/1 667/1216/1 741/1278/1
f 642/1172/1 742/1279/1 729/1268/1
f 729/1268/2 742/1279/2 642/1172/2
f 741/1077/57 716/1269/45 729/1280/57
f 729/1280/58 716/1269/46 741/1077/58
f 716/1269/45 741/1077/57 728/1197/45
f 728/1197/46 741/1077/58 716/1269/46
f 723/1252/7 724/1271/13 737/1272/13
f 737/1272/14 724/1271/14 723/1252/8
f 713/1266/32 739/1276/40 726/1273/32
f 726/1273/31 739/1276/39 713/1266/31
f 642/1172/1 739/1274/1 742/1279/1
f 742/1279/2 739/1274/2 642/1172/2
f 740/1275/2 667/1216/2 741/1278/2
f 741/1278/1 667/1216/1 740/1275/1
f 742/1281/48 727/101/40 740/1009/48
f 740/1009/47 727/101/39 742/1281/47
f 727/101/40 742/1281/48 739/1282/40
f 739/1282/39 742/1281/47 727/101/39
f 740/1009/48 729/1280/57 742/1281/48
f 742/1281/47 729/1280/58 740/1009/47
f 729/1280/57 740/1009/48 741/1077/57
f 741/1077/58 740/1009/47 729/1280/58
