# https://github.com/mikedh/trimesh
mtllib material.mtl
usemtl material_0
v -0.65707500 -0.10140400 -0.10748500
v -0.65707500 -0.18611500 -0.10748500
v -0.80742700 -0.09405400 -0.10748500
v -0.82079500 -0.09405400 -0.10748500
v -0.67044300 -0.18638800 -0.10748500
v -0.65707500 0.18162600 -0.10748500
v -0.80742700 -0.00592000 -0.10748500
v -0.82079500 0.00143000 -0.10748500
v -0.82079500 -0.00592000 -0.10748500
v -0.67044300 -0.10140400 -0.10748500
v -0.65707500 0.09691500 -0.10748500
v -0.67044300 0.18189900 -0.10748500
v -0.67044300 0.09691500 -0.10748500
v -0.80742700 0.08956500 -0.10748500
v -0.80742700 0.00143000 -0.10748500
v -0.82079500 0.08956500 -0.10748500
v -0.65340000 -0.18971500 -0.10748500
v -0.82446900 -0.09772900 -0.10748500
v -0.65340000 -0.09772900 -0.10748500
v -0.67411800 -0.19013900 -0.10748500
v -0.65340000 0.18522600 -0.10748500
v -0.80375200 -0.09772900 -0.10748500
v -0.82446900 -0.00224500 -0.10748500
v -0.65707500 -0.10140400 -0.10748500
v -0.70171500 -0.01143200 -0.10748500
v -0.65707500 -0.18611500 -0.10748500
v -0.67411800 0.18565000 -0.10748500
v -0.73600300 -0.00224500 -0.10748500
v -0.80742700 -0.09405400 -0.10748500
v -0.82446900 0.09324000 -0.10748500
v -0.82079500 -0.09405400 -0.10748500
v -0.67411800 -0.09772900 -0.10748500
v -0.65340000 0.09324000 -0.10748500
v -0.70463500 -0.01523700 -0.10748500
v -0.69988000 -0.00700000 -0.10748500
v -0.67044300 -0.18638800 -0.10748500
v -0.65707500 0.18162600 -0.10748500
v -0.67411800 0.09324000 -0.10748500
v -0.73537600 -0.00700000 -0.10748500
v -0.80375200 0.09324000 -0.10748500
v -0.80742700 -0.00592000 -0.10748500
v -0.82079500 0.00143000 -0.10748500
v -0.82079500 -0.00592000 -0.10748500
v -0.67044300 -0.10140400 -0.10748500
v -0.65707500 0.09691500 -0.10748500
v -0.70844100 -0.01815700 -0.10748500
v -0.70171500 0.00694300 -0.10748500
v -0.69988000 0.00251100 -0.10748500
v -0.69925300 -0.00224500 -0.10748500
v -0.67044300 0.18189900 -0.10748500
v -0.67044300 0.09691500 -0.10748500
v -0.73354100 -0.01143200 -0.10748500
v -0.73537600 0.00251100 -0.10748500
v -0.80375200 -0.00224500 -0.10748500
v -0.80742700 0.08956500 -0.10748500
v -0.80742700 0.00143000 -0.10748500
v -0.82079500 0.08956500 -0.10748500
v -0.71287200 -0.01999300 -0.10748500
v -0.70463500 0.01074800 -0.10748500
v -0.73062100 -0.01523700 -0.10748500
v -0.73354100 0.00694300 -0.10748500
v -0.71762800 -0.02061900 -0.10748500
v -0.70844100 0.01366800 -0.10748500
v -0.72681500 -0.01815700 -0.10748500
v -0.73062100 0.01074800 -0.10748500
v -0.72238400 -0.01999300 -0.10748500
v -0.71287200 0.01550400 -0.10748500
v -0.72681500 0.01366800 -0.10748500
v -0.71762800 0.01613000 -0.10748500
v -0.72238400 0.01550400 -0.10748500
v -0.83916900 -0.20821700 -0.10748500
v -0.63870100 -0.20411700 -0.10748500
v -0.83916900 0.20372800 -0.10748500
v -0.65340000 -0.18971500 -0.10748500
v -0.63870100 0.19962800 -0.10748500
v -0.82446900 -0.09772900 -0.10748500
v -0.65340000 -0.09772900 -0.10748500
v -0.67411800 -0.19013900 -0.10748500
v -0.65340000 0.18522600 -0.10748500
v -0.80375200 -0.09772900 -0.10748500
v -0.82446900 -0.00224500 -0.10748500
v -0.70171500 -0.01143200 -0.10748500
v -0.67411800 0.18565000 -0.10748500
v -0.73600300 -0.00224500 -0.10748500
v -0.82446900 0.09324000 -0.10748500
v -0.67411800 -0.09772900 -0.10748500
v -0.65340000 0.09324000 -0.10748500
v -0.70463500 -0.01523700 -0.10748500
v -0.69988000 -0.00700000 -0.10748500
v -0.67411800 0.09324000 -0.10748500
v -0.73537600 -0.00700000 -0.10748500
v -0.80375200 0.09324000 -0.10748500
v -0.70844100 -0.01815700 -0.10748500
v -0.70171500 0.00694300 -0.10748500
v -0.69988000 0.00251100 -0.10748500
v -0.69925300 -0.00224500 -0.10748500
v -0.73354100 -0.01143200 -0.10748500
v -0.73537600 0.00251100 -0.10748500
v -0.80375200 -0.00224500 -0.10748500
v -0.71287200 -0.01999300 -0.10748500
v -0.70463500 0.01074800 -0.10748500
v -0.73062100 -0.01523700 -0.10748500
v -0.73354100 0.00694300 -0.10748500
v -0.71762800 -0.02061900 -0.10748500
v -0.70844100 0.01366800 -0.10748500
v -0.72681500 -0.01815700 -0.10748500
v -0.73062100 0.01074800 -0.10748500
v -0.72238400 -0.01999300 -0.10748500
v -0.71287200 0.01550400 -0.10748500
v -0.72681500 0.01366800 -0.10748500
v -0.71762800 0.01613000 -0.10748500
v -0.72238400 0.01550400 -0.10748500
v -0.86792000 0.23911900 -0.14055900
v -0.85480000 0.24209800 -0.14055900
v -0.85480000 0.24209800 -0.14055900
v -0.88170700 0.23423500 -0.14055900
v -0.87303900 0.25679500 -0.21405700
v -0.88885700 0.25119200 -0.21405700
v -0.89482800 0.22777300 -0.14055900
v -0.85667400 0.26051100 -0.21405700
v -0.85667400 0.26051100 -0.21405700
v -0.90391100 0.24377800 -0.21405700
v 0.83234700 0.15359800 -0.10748500
v 0.83234700 0.15359800 -0.10748500
v 0.92198300 0.20576300 -0.14055900
v 0.92198300 0.20576300 -0.14055900
v 0.83234700 -0.15854100 -0.10748500
v 0.83234700 -0.15854100 -0.10748500
v 0.35646400 -0.14565000 -0.10748500
v 0.35646400 -0.14565000 -0.10748500
v 0.35646400 -0.14565000 -0.10748500
v -0.85480000 -0.24658700 -0.14055900
v -0.85480000 -0.24658700 -0.14055900
v -0.86792000 -0.24360800 -0.14055900
v -0.91799600 0.23465400 -0.21405700
v 0.94035400 0.22376200 -0.21405700
v 0.94035400 0.22376200 -0.21405700
v 0.92198300 -0.21025200 -0.14055900
v 0.92198300 -0.21025200 -0.14055900
v 0.83234700 -0.14565000 -0.10748500
v 0.83234700 -0.14565000 -0.10748500
v 0.83234700 -0.14565000 -0.10748500
v 0.35646400 0.15389800 -0.10748500
v 0.35646400 0.15389800 -0.10748500
v 0.35646400 -0.15854100 -0.10748500
v 0.35646400 -0.15854100 -0.10748500
v 0.35646400 0.14100600 -0.10748500
v 0.35646400 0.14100600 -0.10748500
v 0.35646400 0.14100600 -0.10748500
v -0.88170700 -0.23872500 -0.14055900
v -0.90710400 0.21982100 -0.14055900
v 0.94035400 0.20538700 -0.21405700
v 0.83234700 -0.14565000 0.18405900
v 0.83234700 -0.14565000 0.18405900
v 0.83234700 0.14070400 -0.10748500
v 0.83234700 0.14070400 -0.10748500
v 0.83234700 0.14070400 -0.10748500
v 0.35646400 -0.15854100 0.18405900
v 0.35646400 -0.15854100 0.18405900
v 0.35646400 -0.14565000 -0.11483500
v 0.35646400 -0.14565000 -0.11483500
v 0.35646400 -0.14565000 -0.11483500
v -0.85667400 -0.26500000 -0.21405700
v -0.85667400 -0.26500000 -0.21405700
v 0.94035400 -0.22825100 -0.21405700
v 0.94035400 -0.22825100 -0.21405700
v -0.87303900 -0.26128500 -0.21405700
v -0.93091700 0.22394700 -0.21405700
v 0.83234700 -0.15854100 0.18405900
v 0.83234700 -0.15854100 0.18405900
v 0.83234700 0.14070400 -0.11483500
v 0.83234700 0.14070400 -0.11483500
v 0.83234700 0.14070400 -0.11483500
v 0.83234700 0.15359800 0.18405900
v 0.83234700 0.15359800 0.18405900
v 0.35646400 -0.14565000 0.18405900
v 0.35646400 -0.14565000 0.18405900
v 0.35646400 0.14100600 0.18405900
v 0.35646400 0.14100600 0.18405900
v 0.35646400 0.14100600 -0.11483500
v 0.35646400 0.14100600 -0.11483500
v 0.35646400 0.14100600 -0.11483500
v -0.88885700 -0.25568100 -0.21405700
v -0.89482800 -0.23226200 -0.14055900
v -0.91836600 0.21048900 -0.14055900
v -0.90391100 -0.24826700 -0.21405700
v 0.83234700 -0.14565000 -0.11483500
v 0.83234700 -0.14565000 -0.11483500
v 0.83234700 -0.14565000 -0.11483500
v 0.83234700 0.14070400 0.18405900
v 0.83234700 0.14070400 0.18405900
v 0.35646400 0.15389800 0.18405900
v 0.35646400 0.15389800 0.18405900
v -0.94249800 0.21180200 -0.21405700
v -0.91799600 -0.23914300 -0.21405700
v -0.92845900 0.19990400 -0.14055900
v -0.90710400 -0.22431100 -0.14055900
v -0.95257900 0.19838700 -0.21405700
v -0.93091700 -0.22843600 -0.21405700
v -0.91836600 -0.21497800 -0.14055900
v -0.93724600 0.18821200 -0.14055900
v -0.96102400 0.18388500 -0.21405700
v -0.94249800 -0.21629100 -0.21405700
v -0.92845900 -0.20439300 -0.14055900
v -0.94460600 0.17557200 -0.14055900
v -0.93724600 -0.19270100 -0.14055900
v -0.96771400 0.16849500 -0.21405700
v -0.95257900 -0.20287600 -0.21405700
v -0.94460600 -0.18006100 -0.14055900
v -0.95043800 0.16215900 -0.14055900
v -0.96102400 -0.18837400 -0.21405700
v -0.97256000 0.15242900 -0.21405700
v -0.96771400 -0.17298500 -0.21405700
v -0.95043800 -0.16664800 -0.14055900
v -0.95466100 0.14815600 -0.14055900
v -0.97549500 0.13590700 -0.21405700
v -0.97256000 -0.15691800 -0.21405700
v -0.95466100 -0.15264500 -0.14055900
v -0.95721900 0.13375500 -0.14055900
v -0.97647700 0.11915400 -0.21405700
v -0.97549500 -0.14039600 -0.21405700
v -0.95721900 -0.13824400 -0.14055900
v -0.95810700 0.11861600 -0.14055900
v -0.97647700 -0.00224500 -0.21405700
v -0.97647700 -0.12364300 -0.21405700
v -0.95810700 -0.00224500 -0.14055900
v -0.95810700 -0.12310500 -0.14055900
v -0.86097900 0.21514700 -0.10748500
v -0.87201000 0.21123900 -0.10748500
v -0.86792000 0.23911900 -0.14055900
v -0.86792000 0.23911900 -0.14055900
v -0.85225900 0.21712700 -0.10748500
v -0.86097900 -0.21963600 -0.10748500
v -0.85480000 0.24209800 -0.14055900
v -0.85480000 0.24209800 -0.14055900
v -0.88170700 0.23423500 -0.14055900
v -0.88170700 0.23423500 -0.14055900
v -0.85225900 -0.22161600 -0.10748500
v -0.87201000 -0.21572800 -0.10748500
v -0.88250900 0.20606800 -0.10748500
v -0.87303900 0.25679500 -0.21405700
v -0.85468600 0.24097200 -0.13721900
v -0.85468600 0.24097200 -0.13721900
v -0.88885700 0.25119200 -0.21405700
v -0.86760700 0.23803800 -0.13721900
v -0.86760700 0.23803800 -0.13721900
v 0.89706900 0.18135300 -0.10748500
v -0.83916900 -0.20821700 -0.10748500
v -0.89482800 0.22777300 -0.14055900
v -0.89482800 0.22777300 -0.14055900
v -0.85667400 0.26051100 -0.21405700
v 0.92086000 0.20466200 -0.13721900
v 0.92086000 0.20466200 -0.13721900
v -0.90391100 0.24377800 -0.21405700
v -0.88127000 0.23319800 -0.13721900
v -0.88127000 0.23319800 -0.13721900
v 0.83234700 0.15359800 -0.10748500
v -0.63870100 -0.20411700 -0.10748500
v -0.83916900 0.20372800 -0.10748500
v -0.88250900 -0.21055800 -0.10748500
v -0.89233200 0.19970500 -0.10748500
v 0.92198300 0.20576300 -0.14055900
v 0.92198300 0.20576300 -0.14055900
v -0.86792000 0.23911900 -0.21405700
v -0.88170700 0.23423500 -0.21405700
v -0.85455100 0.23965100 -0.13395000
v -0.85455100 0.23965100 -0.13395000
v 0.91954200 0.20337100 -0.13395000
v 0.91954200 0.20337100 -0.13395000
v -0.89482800 0.22777300 -0.21405700
v -0.86724000 0.23677000 -0.13395000
v -0.86724000 0.23677000 -0.13395000
v 0.83234700 -0.15854100 -0.10748500
v 0.81768200 0.15389800 -0.10748500
v 0.35646400 -0.14565000 -0.10748500
v -0.63870100 0.19962800 -0.10748500
v -0.85480000 -0.24658700 -0.14055900
v -0.85480000 -0.24658700 -0.14055900
v 0.89706900 -0.18584300 -0.10748500
v -0.86792000 -0.24360800 -0.14055900
v -0.86792000 -0.24360800 -0.14055900
v -0.91799600 0.23465400 -0.21405700
v -0.89427200 0.22679400 -0.13721900
v -0.89427200 0.22679400 -0.13721900
v -0.85480000 0.24209800 -0.21405700
v 0.94035400 0.22376200 -0.21405700
v 0.92198300 -0.21025200 -0.14055900
v 0.92198300 -0.21025200 -0.14055900
v 0.92086000 -0.00224500 -0.13721900
v -0.90710400 0.21982100 -0.21405700
v -0.88075700 0.23198200 -0.13395000
v -0.88075700 0.23198200 -0.13395000
v 0.83234700 -0.14565000 -0.10748500
v 0.35646400 0.15389800 -0.10748500
v 0.35646400 -0.15854100 -0.10748500
v 0.35646400 0.14100600 -0.10748500
v -0.88170700 -0.23872500 -0.14055900
v -0.88170700 -0.23872500 -0.14055900
v -0.89233200 -0.20419500 -0.10748500
v -0.90134400 0.19223800 -0.10748500
v -0.90710400 0.21982100 -0.14055900
v -0.90710400 0.21982100 -0.14055900
v 0.92198300 0.20576300 -0.21405700
v -0.86792000 -0.24360800 -0.21405700
v 0.93997900 0.20539500 -0.21405700
v 0.94035400 0.20538700 -0.21405700
v -0.88170700 -0.23872500 -0.21405700
v -0.85439800 0.23814200 -0.13076400
v -0.85439800 0.23814200 -0.13076400
v 0.91803600 0.20189600 -0.13076400
v 0.91803600 0.20189600 -0.13076400
v 0.91954200 -0.00224500 -0.13395000
v -0.89482800 -0.23226200 -0.21405700
v -0.86682000 0.23532100 -0.13076400
v -0.86682000 0.23532100 -0.13076400
v 0.83234700 0.14070400 -0.10748500
v -0.85667400 -0.26500000 -0.21405700
v -0.86760700 -0.24252700 -0.13721900
v -0.86760700 -0.24252700 -0.13721900
v 0.94035400 -0.22825100 -0.21405700
v -0.85468600 -0.24546100 -0.13721900
v -0.85468600 -0.24546100 -0.13721900
v -0.87303900 -0.26128500 -0.21405700
v -0.88127000 -0.23768700 -0.13721900
v -0.88127000 -0.23768700 -0.13721900
v -0.90942000 0.18376800 -0.10748500
v -0.93091700 0.22394700 -0.21405700
v -0.91836600 0.21048900 -0.21405700
v -0.89362100 0.22564600 -0.13395000
v -0.89362100 0.22564600 -0.13395000
v -0.90643700 0.21891400 -0.13721900
v -0.90643700 0.21891400 -0.13721900
v -0.85480000 -0.24658700 -0.21405700
v 0.92086000 -0.20915100 -0.13721900
v 0.92086000 -0.20915100 -0.13721900
v 0.92198300 -0.21025200 -0.21405700
v -0.90710400 -0.22431100 -0.21405700
v -0.88017100 0.23059200 -0.13076400
v -0.88017100 0.23059200 -0.13076400
v -0.88885700 -0.25568100 -0.21405700
v -0.89427200 -0.23128300 -0.13721900
v -0.89427200 -0.23128300 -0.13721900
v -0.89482800 -0.23226200 -0.14055900
v -0.89482800 -0.23226200 -0.14055900
v -0.90134400 -0.19672700 -0.10748500
v -0.91836600 0.21048900 -0.14055900
v -0.91836600 0.21048900 -0.14055900
v -0.85422500 0.23644800 -0.12767100
v -0.85422500 0.23644800 -0.12767100
v 0.91634600 0.20024000 -0.12767100
v 0.91634600 0.20024000 -0.12767100
v 0.91803600 -0.00224500 -0.13076400
v 0.91954200 -0.20786100 -0.13395000
v 0.91954200 -0.20786100 -0.13395000
v -0.90391100 -0.24826700 -0.21405700
v -0.86635000 0.23369500 -0.12767100
v -0.86635000 0.23369500 -0.12767100
v -0.86724000 -0.24126000 -0.13395000
v -0.86724000 -0.24126000 -0.13395000
v -0.88075700 -0.23647100 -0.13395000
v -0.88075700 -0.23647100 -0.13395000
v -0.85455100 -0.24414100 -0.13395000
v -0.85455100 -0.24414100 -0.13395000
v -0.89362100 -0.23013600 -0.13395000
v -0.89362100 -0.23013600 -0.13395000
v -0.91645100 0.17441200 -0.10748500
v -0.90942000 -0.18825700 -0.10748500
v -0.94249800 0.21180200 -0.21405700
v -0.92845900 0.19990400 -0.21405700
v -0.91836600 -0.21497800 -0.21405700
v -0.89287600 0.22433400 -0.13076400
v -0.89287600 0.22433400 -0.13076400
v -0.90565600 0.21785000 -0.13395000
v -0.90565600 0.21785000 -0.13395000
v -0.91759800 0.20966600 -0.13721900
v -0.91759800 0.20966600 -0.13721900
v -0.91799600 -0.23914300 -0.21405700
v -0.87951300 0.22903200 -0.12767100
v -0.87951300 0.22903200 -0.12767100
v -0.90643700 -0.22340300 -0.13721900
v -0.90643700 -0.22340300 -0.13721900
v -0.90565600 -0.22234000 -0.13395000
v -0.90565600 -0.22234000 -0.13395000
v -0.92845900 0.19990400 -0.14055900
v -0.92845900 0.19990400 -0.14055900
v -0.93724600 0.18821200 -0.21405700
v -0.85403500 0.23457600 -0.12468300
v -0.85403500 0.23457600 -0.12468300
v 0.91447800 0.19841000 -0.12468300
v 0.91447800 0.19841000 -0.12468300
v 0.91634600 -0.00224500 -0.12767100
v 0.91803600 -0.20638500 -0.13076400
v 0.91803600 -0.20638500 -0.13076400
v -0.85439800 -0.24263100 -0.13076400
v -0.85439800 -0.24263100 -0.13076400
v -0.90710400 -0.22431100 -0.14055900
v -0.90710400 -0.22431100 -0.14055900
v -0.86582900 0.23189800 -0.12468300
v -0.86582900 0.23189800 -0.12468300
v -0.86682000 -0.23981000 -0.13076400
v -0.86682000 -0.23981000 -0.13076400
v -0.88017100 -0.23508100 -0.13076400
v -0.88017100 -0.23508100 -0.13076400
v -0.89287600 -0.22882400 -0.13076400
v -0.89287600 -0.22882400 -0.13076400
v -0.90476300 -0.22112400 -0.13076400
v -0.90476300 -0.22112400 -0.13076400
v -0.92234000 0.16429800 -0.10748500
v -0.91645100 -0.17890100 -0.10748500
v -0.95257900 0.19838700 -0.21405700
v -0.94460600 0.17557200 -0.21405700
v -0.92845900 -0.20439300 -0.21405700
v -0.93091700 -0.22843600 -0.21405700
v -0.89204100 0.22286200 -0.12767100
v -0.89204100 0.22286200 -0.12767100
v -0.90476300 0.21663400 -0.13076400
v -0.90476300 0.21663400 -0.13076400
v -0.91669800 0.20870100 -0.13395000
v -0.91669800 0.20870100 -0.13395000
v -0.92760000 0.19917600 -0.13721900
v -0.92760000 0.19917600 -0.13721900
v -0.91836600 -0.21497800 -0.14055900
v -0.91836600 -0.21497800 -0.14055900
v -0.87878600 0.22730800 -0.12468300
v -0.87878600 0.22730800 -0.12468300
v -0.91759800 -0.21415500 -0.13721900
v -0.91759800 -0.21415500 -0.13721900
v -0.91669800 -0.21319000 -0.13395000
v -0.91669800 -0.21319000 -0.13395000
v -0.91566900 -0.21208700 -0.13076400
v -0.91566900 -0.21208700 -0.13076400
v -0.92700700 0.15356500 -0.10748500
v -0.93724600 0.18821200 -0.14055900
v -0.93724600 0.18821200 -0.14055900
v -0.93724600 -0.19270100 -0.21405700
v -0.85382700 0.23253100 -0.12180900
v -0.85382700 0.23253100 -0.12180900
v 0.91243800 0.19641100 -0.12180900
v 0.91243800 0.19641100 -0.12180900
v 0.91447800 -0.00224500 -0.12468300
v 0.91634600 -0.20472900 -0.12767100
v 0.91634600 -0.20472900 -0.12767100
v -0.85422500 -0.24093700 -0.12767100
v -0.85422500 -0.24093700 -0.12767100
v -0.86635000 -0.23818400 -0.12767100
v -0.86635000 -0.23818400 -0.12767100
v -0.86526100 0.22993500 -0.12180900
v -0.86526100 0.22993500 -0.12180900
v -0.87951300 -0.23352100 -0.12767100
v -0.87951300 -0.23352100 -0.12767100
v -0.89204100 -0.22735100 -0.12767100
v -0.89204100 -0.22735100 -0.12767100
v -0.90376100 -0.21975900 -0.12767100
v -0.90376100 -0.21975900 -0.12767100
v -0.91451400 -0.21084900 -0.12767100
v -0.91451400 -0.21084900 -0.12767100
v -0.92234000 -0.16878800 -0.10748500
v -0.96102400 0.18388500 -0.21405700
v -0.95043800 0.16215900 -0.21405700
v -0.94460600 -0.18006100 -0.21405700
v -0.94249800 -0.21629100 -0.21405700
v -0.89111700 0.22123500 -0.12468300
v -0.89111700 0.22123500 -0.12468300
v -0.90376100 0.21527000 -0.12767100
v -0.90376100 0.21527000 -0.12767100
v -0.91566900 0.20759700 -0.13076400
v -0.91566900 0.20759700 -0.13076400
v -0.92659400 0.19832300 -0.13395000
v -0.92659400 0.19832300 -0.13395000
v -0.93630800 0.18758900 -0.13721900
v -0.93630800 0.18758900 -0.13721900
v -0.92845900 -0.20439300 -0.14055900
v -0.92845900 -0.20439300 -0.14055900
v -0.87799200 0.22542500 -0.12180900
v -0.87799200 0.22542500 -0.12180900
v -0.92760000 -0.20366500 -0.13721900
v -0.92760000 -0.20366500 -0.13721900
v -0.92659400 -0.20281200 -0.13395000
v -0.92659400 -0.20281200 -0.13395000
v -0.92544300 -0.20183700 -0.13076400
v -0.92544300 -0.20183700 -0.13076400
v -0.93038600 0.14236100 -0.10748500
v -0.92700700 -0.15805500 -0.10748500
v -0.94460600 0.17557200 -0.14055900
v -0.94460600 0.17557200 -0.14055900
v -0.95466100 0.14815600 -0.21405700
v -0.85360200 0.23032200 -0.11905900
v -0.85360200 0.23032200 -0.11905900
v 0.91023400 0.19425200 -0.11905900
v 0.91023400 0.19425200 -0.11905900
v 0.91243800 -0.00224500 -0.12180900
v 0.91447800 -0.20289900 -0.12468300
v 0.91447800 -0.20289900 -0.12468300
v -0.85403500 -0.23906500 -0.12468300
v -0.85403500 -0.23906500 -0.12468300
v -0.86582900 -0.23638700 -0.12468300
v -0.86582900 -0.23638700 -0.12468300
v -0.87878600 -0.23179700 -0.12468300
v -0.87878600 -0.23179700 -0.12468300
v -0.86464700 0.22781400 -0.11905900
v -0.86464700 0.22781400 -0.11905900
v -0.89111700 -0.22572400 -0.12468300
v -0.89111700 -0.22572400 -0.12468300
v -0.90265400 -0.21825100 -0.12468300
v -0.90265400 -0.21825100 -0.12468300
v -0.91323800 -0.20948000 -0.12468300
v -0.91323800 -0.20948000 -0.12468300
v -0.92415100 -0.20074200 -0.12767100
v -0.92415100 -0.20074200 -0.12767100
v -0.93038600 -0.14685000 -0.10748500
v -0.93243300 0.13083800 -0.10748500
v -0.93724600 -0.19270100 -0.14055900
v -0.93724600 -0.19270100 -0.14055900
v -0.96771400 0.16849500 -0.21405700
v -0.95721900 0.13375500 -0.21405700
v -0.95043800 -0.16664800 -0.21405700
v -0.95257900 -0.20287600 -0.21405700
v -0.89010900 0.21945800 -0.12180900
v -0.89010900 0.21945800 -0.12180900
v -0.90265400 0.21376100 -0.12468300
v -0.90265400 0.21376100 -0.12468300
v -0.91451400 0.20635900 -0.12767100
v -0.91451400 0.20635900 -0.12767100
v -0.92544300 0.19734800 -0.13076400
v -0.92544300 0.19734800 -0.13076400
v -0.93520900 0.18686000 -0.13395000
v -0.93520900 0.18686000 -0.13395000
v -0.94360200 0.17506400 -0.13721900
v -0.94360200 0.17506400 -0.13721900
v -0.87713400 0.22339100 -0.11905900
v -0.87713400 0.22339100 -0.11905900
v -0.93630800 -0.19207800 -0.13721900
v -0.93630800 -0.19207800 -0.13721900
v -0.93520900 -0.19134900 -0.13395000
v -0.93520900 -0.19134900 -0.13395000
v -0.93395100 -0.19051500 -0.13076400
v -0.93395100 -0.19051500 -0.13076400
v -0.93319200 0.11788600 -0.10748500
v -0.94460600 -0.18006100 -0.14055900
v -0.94460600 -0.18006100 -0.14055900
v -0.95043800 0.16215900 -0.14055900
v -0.95043800 0.16215900 -0.14055900
v -0.96102400 -0.18837400 -0.21405700
v -0.95466100 -0.15264500 -0.21405700
v -0.95810700 0.11861600 -0.21405700
v -0.85336100 0.22795500 -0.11644200
v -0.85336100 0.22795500 -0.11644200
v 0.90787300 0.19193800 -0.11644200
v 0.90787300 0.19193800 -0.11644200
v 0.91023400 -0.00224500 -0.11905900
v 0.91243800 -0.20090100 -0.12180900
v 0.91243800 -0.20090100 -0.12180900
v -0.85382700 -0.23702100 -0.12180900
v -0.85382700 -0.23702100 -0.12180900
v -0.86526100 -0.23442400 -0.12180900
v -0.86526100 -0.23442400 -0.12180900
v -0.87799200 -0.22991400 -0.12180900
v -0.87799200 -0.22991400 -0.12180900
v -0.89010900 -0.22394700 -0.12180900
v -0.89010900 -0.22394700 -0.12180900
v -0.86398900 0.22554200 -0.11644200
v -0.86398900 0.22554200 -0.11644200
v -0.90144400 -0.21660400 -0.12180900
v -0.90144400 -0.21660400 -0.12180900
v -0.91184400 -0.20798600 -0.12180900
v -0.91184400 -0.20798600 -0.12180900
v -0.92272400 -0.19953200 -0.12468300
v -0.92272400 -0.19953200 -0.12468300
v -0.93254100 -0.18957800 -0.12767100
v -0.93254100 -0.18957800 -0.12767100
v -0.93243300 -0.13532700 -0.10748500
v -0.93319200 -0.12237500 -0.10748500
v -0.97256000 0.15242900 -0.21405700
v -0.95810700 -0.12310500 -0.21405700
v -0.96771400 -0.17298500 -0.21405700
v -0.95721900 -0.13824400 -0.21405700
v -0.88901900 0.21753700 -0.11905900
v -0.88901900 0.21753700 -0.11905900
v -0.90144400 0.21211500 -0.12180900
v -0.90144400 0.21211500 -0.12180900
v -0.91323800 0.20499100 -0.12468300
v -0.91323800 0.20499100 -0.12468300
v -0.92415100 0.19625300 -0.12767100
v -0.92415100 0.19625300 -0.12767100
v -0.93395100 0.18602500 -0.13076400
v -0.93395100 0.18602500 -0.13076400
v -0.94242400 0.17446800 -0.13395000
v -0.94242400 0.17446800 -0.13395000
v -0.94938100 0.16177100 -0.13721900
v -0.94938100 0.16177100 -0.13721900
v -0.87621500 0.22121100 -0.11644200
v -0.87621500 0.22121100 -0.11644200
v -0.94360200 -0.17955300 -0.13721900
v -0.94360200 -0.17955300 -0.13721900
v -0.94242400 -0.17895700 -0.13395000
v -0.94242400 -0.17895700 -0.13395000
v -0.94107800 -0.17827500 -0.13076400
v -0.94107800 -0.17827500 -0.13076400
v -0.93319200 -0.12237500 -0.10751500
v -0.93319200 -0.12237500 -0.10751500
v -0.95043800 -0.16664800 -0.14055900
v -0.95043800 -0.16664800 -0.14055900
v -0.95466100 0.14815600 -0.14055900
v -0.95466100 0.14815600 -0.14055900
v -0.88785100 0.21548000 -0.11644200
v -0.88785100 0.21548000 -0.11644200
v -0.86328900 0.22312700 -0.11396900
v -0.86328900 0.22312700 -0.11396900
v 0.90536300 0.18947900 -0.11396900
v 0.90536300 0.18947900 -0.11396900
v 0.90787300 -0.00224500 -0.11644200
v 0.91023400 -0.19874100 -0.11905900
v 0.91023400 -0.19874100 -0.11905900
v -0.85360200 -0.23481100 -0.11905900
v -0.85360200 -0.23481100 -0.11905900
v -0.86464700 -0.23230300 -0.11905900
v -0.86464700 -0.23230300 -0.11905900
v -0.87713400 -0.22788000 -0.11905900
v -0.87713400 -0.22788000 -0.11905900
v -0.88901900 -0.22202700 -0.11905900
v -0.88901900 -0.22202700 -0.11905900
v -0.90013800 -0.21482400 -0.11905900
v -0.90013800 -0.21482400 -0.11905900
v -0.87523800 0.21889400 -0.11396900
v -0.87523800 0.21889400 -0.11396900
v -0.91033800 -0.20637100 -0.11905900
v -0.91033800 -0.20637100 -0.11905900
v -0.92116500 -0.19821100 -0.12180900
v -0.92116500 -0.19821100 -0.12180900
v -0.93098200 -0.18854400 -0.12468300
v -0.93098200 -0.18854400 -0.12468300
v -0.93956800 -0.17751000 -0.12767100
v -0.93956800 -0.17751000 -0.12767100
v -0.97549500 0.13590700 -0.21405700
v -0.97256000 -0.15691800 -0.21405700
v -0.89873800 0.20842800 -0.11644200
v -0.89873800 0.20842800 -0.11644200
v -0.90013800 0.21033500 -0.11905900
v -0.90013800 0.21033500 -0.11905900
v -0.91184400 0.20349700 -0.12180900
v -0.91184400 0.20349700 -0.12180900
v -0.92272400 0.19504300 -0.12468300
v -0.92272400 0.19504300 -0.12468300
v -0.93254100 0.18508900 -0.12767100
v -0.93254100 0.18508900 -0.12767100
v -0.94107800 0.17378600 -0.13076400
v -0.94107800 0.17378600 -0.13076400
v -0.94814200 0.16131700 -0.13395000
v -0.94814200 0.16131700 -0.13395000
v -0.95356600 0.14789500 -0.13721900
v -0.95356600 0.14789500 -0.13721900
v -0.85310500 0.22543900 -0.11396900
v -0.85310500 0.22543900 -0.11396900
v 0.90536300 -0.19396800 -0.11396900
v 0.90536300 -0.19396800 -0.11396900
v -0.88661000 0.21329300 -0.11396900
v -0.88661000 0.21329300 -0.11396900
v -0.91948100 -0.19678400 -0.11905900
v -0.91948100 -0.19678400 -0.11905900
v -0.94938100 -0.16626100 -0.13721900
v -0.94938100 -0.16626100 -0.13721900
v -0.94814200 -0.16580600 -0.13395000
v -0.94814200 -0.16580600 -0.13395000
v -0.94672500 -0.16528700 -0.13076400
v -0.94672500 -0.16528700 -0.13076400
v -0.95466100 -0.15264500 -0.14055900
v -0.95466100 -0.15264500 -0.14055900
v -0.95721900 0.13375500 -0.14055900
v -0.95721900 0.13375500 -0.14055900
v -0.89724900 0.20640200 -0.11396900
v -0.89724900 0.20640200 -0.11396900
v -0.91033800 0.20188200 -0.11905900
v -0.91033800 0.20188200 -0.11905900
v -0.86255100 0.22057600 -0.11164600
v -0.86255100 0.22057600 -0.11164600
v -0.87420600 0.21644800 -0.11164600
v -0.87420600 0.21644800 -0.11164600
v 0.90271200 0.18688200 -0.11164600
v 0.90271200 0.18688200 -0.11164600
v 0.90536300 -0.00224500 -0.11396900
v 0.90787300 -0.19642800 -0.11644200
v 0.90787300 -0.19642800 -0.11644200
v -0.85336100 -0.23244500 -0.11644200
v -0.85336100 -0.23244500 -0.11644200
v -0.86398900 -0.23003100 -0.11644200
v -0.86398900 -0.23003100 -0.11644200
v -0.87621500 -0.22570000 -0.11644200
v -0.87621500 -0.22570000 -0.11644200
v -0.88785100 -0.21997000 -0.11644200
v -0.88785100 -0.21997000 -0.11644200
v -0.89873800 -0.21291800 -0.11644200
v -0.89873800 -0.21291800 -0.11644200
v -0.90872500 -0.20464200 -0.11644200
v -0.90872500 -0.20464200 -0.11644200
v -0.88530000 0.21098400 -0.11164600
v -0.88530000 0.21098400 -0.11164600
v -0.91767600 -0.19525500 -0.11644200
v -0.91767600 -0.19525500 -0.11644200
v -0.92927900 -0.18741400 -0.12180900
v -0.92927900 -0.18741400 -0.12180900
v -0.92744000 -0.18619300 -0.11905900
v -0.92744000 -0.18619300 -0.11905900
v -0.93789800 -0.17666500 -0.12468300
v -0.93789800 -0.17666500 -0.12468300
v -0.94513600 -0.16470400 -0.12767100
v -0.94513600 -0.16470400 -0.12767100
v -0.97647700 0.11915400 -0.21405700
v -0.97549500 -0.14039600 -0.21405700
v -0.90872500 0.20015200 -0.11644200
v -0.90872500 0.20015200 -0.11644200
v -0.90701000 0.19831300 -0.11396900
v -0.90701000 0.19831300 -0.11396900
v -0.91948100 0.19229500 -0.11905900
v -0.91948100 0.19229500 -0.11905900
v -0.92116500 0.19372200 -0.12180900
v -0.92116500 0.19372200 -0.12180900
v -0.93098200 0.18405500 -0.12468300
v -0.93098200 0.18405500 -0.12468300
v -0.93956800 0.17302100 -0.12767100
v -0.93956800 0.17302100 -0.12767100
v -0.94672500 0.16079700 -0.13076400
v -0.94672500 0.16079700 -0.13076400
v -0.95228300 0.14758800 -0.13395000
v -0.95228300 0.14758800 -0.13395000
v -0.95610100 0.13362400 -0.13721900
v -0.95610100 0.13362400 -0.13721900
v -0.85283500 0.22278300 -0.11164600
v -0.85283500 0.22278300 -0.11164600
v 0.90271200 -0.19137100 -0.11164600
v 0.90271200 -0.19137100 -0.11164600
v -0.89567800 0.20426200 -0.11164600
v -0.89567800 0.20426200 -0.11164600
v -0.92546900 -0.18488500 -0.11644200
v -0.92546900 -0.18488500 -0.11644200
v -0.95356600 -0.15238400 -0.13721900
v -0.95356600 -0.15238400 -0.13721900
v -0.95228300 -0.15207700 -0.13395000
v -0.95228300 -0.15207700 -0.13395000
v -0.95081500 -0.15172700 -0.13076400
v -0.95081500 -0.15172700 -0.13076400
v -0.95721900 -0.13824400 -0.14055900
v -0.95721900 -0.13824400 -0.14055900
v -0.95810700 0.11861600 -0.14055900
v -0.95810700 0.11861600 -0.14055900
v -0.90519900 0.19637200 -0.11164600
v -0.90519900 0.19637200 -0.11164600
v -0.91767600 0.19076500 -0.11644200
v -0.91767600 0.19076500 -0.11644200
v -0.86177600 0.21790000 -0.10948200
v -0.86177600 0.21790000 -0.10948200
v -0.87312400 0.21388000 -0.10948200
v -0.87312400 0.21388000 -0.10948200
v -0.88392400 0.20856100 -0.10948200
v -0.88392400 0.20856100 -0.10948200
v 0.89993000 0.18415600 -0.10948200
v 0.89993000 0.18415600 -0.10948200
v 0.90271200 -0.00224500 -0.11164600
v -0.85310500 -0.22992900 -0.11396900
v -0.85310500 -0.22992900 -0.11396900
v -0.86328900 -0.22761600 -0.11396900
v -0.86328900 -0.22761600 -0.11396900
v -0.87523800 -0.22338300 -0.11396900
v -0.87523800 -0.22338300 -0.11396900
v -0.88661000 -0.21778300 -0.11396900
v -0.88661000 -0.21778300 -0.11396900
v -0.89724900 -0.21089100 -0.11396900
v -0.89724900 -0.21089100 -0.11396900
v -0.90701000 -0.20280300 -0.11396900
v -0.90701000 -0.20280300 -0.11396900
v -0.91575800 -0.19362900 -0.11396900
v -0.91575800 -0.19362900 -0.11396900
v -0.89402800 0.20201500 -0.10948200
v -0.89402800 0.20201500 -0.10948200
v -0.92337400 -0.18349500 -0.11396900
v -0.92337400 -0.18349500 -0.11396900
v -0.93607600 -0.17574200 -0.12180900
v -0.93607600 -0.17574200 -0.12180900
v -0.93199600 -0.17367600 -0.11644200
v -0.93199600 -0.17367600 -0.11644200
v -0.94337900 -0.16405900 -0.12468300
v -0.94337900 -0.16405900 -0.12468300
v -0.94916800 -0.15133400 -0.12767100
v -0.94916800 -0.15133400 -0.12767100
v -0.97647700 -0.00224500 -0.21405700
v -0.91575800 0.18913900 -0.11396900
v -0.91575800 0.18913900 -0.11396900
v -0.91373200 0.18742300 -0.11164600
v -0.91373200 0.18742300 -0.11164600
v -0.92744000 0.18170400 -0.11905900
v -0.92744000 0.18170400 -0.11905900
v -0.92546900 0.18039600 -0.11644200
v -0.92546900 0.18039600 -0.11644200
v -0.92927900 0.18292500 -0.12180900
v -0.92927900 0.18292500 -0.12180900
v -0.93789800 0.17217600 -0.12468300
v -0.93789800 0.17217600 -0.12468300
v -0.94513600 0.16021400 -0.12767100
v -0.94513600 0.16021400 -0.12767100
v -0.95081500 0.14723800 -0.13076400
v -0.95081500 0.14723800 -0.13076400
v -0.95479000 0.13346900 -0.13395000
v -0.95479000 0.13346900 -0.13395000
v -0.95698300 0.11858300 -0.13721900
v -0.95698300 0.11858300 -0.13721900
v -0.85255100 0.21999400 -0.10948200
v -0.85255100 0.21999400 -0.10948200
v 0.89993000 -0.18864500 -0.10948200
v 0.89993000 -0.18864500 -0.10948200
v -0.85283500 -0.22727200 -0.11164600
v -0.85283500 -0.22727200 -0.11164600
v -0.90329800 0.19433400 -0.10948200
v -0.90329800 0.19433400 -0.10948200
v -0.92975200 -0.17254000 -0.11396900
v -0.92975200 -0.17254000 -0.11396900
v -0.93410600 -0.17474500 -0.11905900
v -0.93410600 -0.17474500 -0.11905900
v -0.95610100 -0.13811300 -0.13721900
v -0.95610100 -0.13811300 -0.13721900
v -0.95479000 -0.13795900 -0.13395000
v -0.95479000 -0.13795900 -0.13395000
v -0.95329200 -0.13778200 -0.13076400
v -0.95329200 -0.13778200 -0.13076400
v -0.97647700 -0.12364300 -0.21405700
v -0.95810700 -0.00224500 -0.14055900
v -0.91160600 0.18562100 -0.10948200
v -0.91160600 0.18562100 -0.10948200
v -0.92337400 0.17900600 -0.11396900
v -0.92337400 0.17900600 -0.11396900
v -0.86096700 0.21510600 -0.10748500
v -0.86096700 0.21510600 -0.10748500
v -0.87199400 0.21120000 -0.10748500
v -0.87199400 0.21120000 -0.10748500
v -0.88248800 0.20603100 -0.10748500
v -0.88248800 0.20603100 -0.10748500
v -0.89230700 0.19967100 -0.10748500
v -0.89230700 0.19967100 -0.10748500
v 0.89702600 0.18131100 -0.10748500
v 0.89702600 0.18131100 -0.10748500
v 0.89993000 -0.00224500 -0.10948200
v -0.86255100 -0.22506600 -0.11164600
v -0.86255100 -0.22506600 -0.11164600
v -0.87420600 -0.22093700 -0.11164600
v -0.87420600 -0.22093700 -0.11164600
v -0.88530000 -0.21547300 -0.11164600
v -0.88530000 -0.21547300 -0.11164600
v -0.89567800 -0.20875100 -0.11164600
v -0.89567800 -0.20875100 -0.11164600
v -0.90519900 -0.20086100 -0.11164600
v -0.90519900 -0.20086100 -0.11164600
v -0.91373200 -0.19191200 -0.11164600
v -0.91373200 -0.19191200 -0.11164600
v -0.92116100 -0.18202700 -0.11164600
v -0.92116100 -0.18202700 -0.11164600
v -0.90131400 0.19220700 -0.10748500
v -0.90131400 0.19220700 -0.10748500
v -0.92738300 -0.17134100 -0.11164600
v -0.92738300 -0.17134100 -0.11164600
v -0.94146100 -0.16335600 -0.12180900
v -0.94146100 -0.16335600 -0.12180900
v -0.93938800 -0.16259600 -0.11905900
v -0.93938800 -0.16259600 -0.11905900
v -0.93480600 -0.16091500 -0.11396900
v -0.93480600 -0.16091500 -0.11396900
v -0.94734800 -0.15089900 -0.12468300
v -0.94734800 -0.15089900 -0.12468300
v -0.95161000 -0.13758400 -0.12767100
v -0.95161000 -0.13758400 -0.12767100
v -0.95810700 -0.12310500 -0.14055900
v -0.95810700 -0.12310500 -0.14055900
v -0.92116100 0.17753800 -0.11164600
v -0.92116100 0.17753800 -0.11164600
v -0.91883900 0.17599700 -0.10948200
v -0.91883900 0.17599700 -0.10948200
v -0.93607600 0.17125300 -0.12180900
v -0.93607600 0.17125300 -0.12180900
v -0.93199600 0.16918700 -0.11644200
v -0.93199600 0.16918700 -0.11644200
v -0.92975200 0.16805100 -0.11396900
v -0.92975200 0.16805100 -0.11396900
v -0.94337900 0.15957000 -0.12468300
v -0.94337900 0.15957000 -0.12468300
v -0.94916800 0.14684500 -0.12767100
v -0.94916800 0.14684500 -0.12767100
v -0.95329200 0.13329300 -0.13076400
v -0.95329200 0.13329300 -0.13076400
v -0.95566500 0.11854400 -0.13395000
v -0.95566500 0.11854400 -0.13395000
v -0.95698300 -0.12307200 -0.13721900
v -0.95698300 -0.12307200 -0.13721900
v -0.85225500 0.21708400 -0.10748500
v -0.85225500 0.21708400 -0.10748500
v 0.89702600 -0.18580100 -0.10748500
v 0.89702600 -0.18580100 -0.10748500
v -0.85255100 -0.22448400 -0.10948200
v -0.85255100 -0.22448400 -0.10948200
v -0.86177600 -0.22238900 -0.10948200
v -0.86177600 -0.22238900 -0.10948200
v -0.90938800 0.18374000 -0.10748500
v -0.90938800 0.18374000 -0.10748500
v -0.93231400 -0.16000100 -0.11164600
v -0.93231400 -0.16000100 -0.11164600
v -0.93716700 -0.16178100 -0.11644200
v -0.93716700 -0.16178100 -0.11644200
v -0.95566500 -0.12303400 -0.13395000
v -0.95566500 -0.12303400 -0.13395000
v -0.95415900 -0.12298900 -0.13076400
v -0.95415900 -0.12298900 -0.13076400
v -0.91641600 0.17438800 -0.10748500
v -0.91641600 0.17438800 -0.10748500
v -0.92738300 0.16685200 -0.11164600
v -0.92738300 0.16685200 -0.11164600
v -0.93410600 0.17025600 -0.11905900
v -0.93410600 0.17025600 -0.11905900
v 0.89702600 -0.00224500 -0.10748500
v -0.87312400 -0.21836900 -0.10948200
v -0.87312400 -0.21836900 -0.10948200
v -0.88392400 -0.21305000 -0.10948200
v -0.88392400 -0.21305000 -0.10948200
v -0.89402800 -0.20650500 -0.10948200
v -0.89402800 -0.20650500 -0.10948200
v -0.90329800 -0.19882300 -0.10948200
v -0.90329800 -0.19882300 -0.10948200
v -0.91160600 -0.19011000 -0.10948200
v -0.91160600 -0.19011000 -0.10948200
v -0.91883900 -0.18048600 -0.10948200
v -0.91883900 -0.18048600 -0.10948200
v -0.92489700 -0.17008200 -0.10948200
v -0.92489700 -0.17008200 -0.10948200
v -0.92969700 -0.15904200 -0.10948200
v -0.92969700 -0.15904200 -0.10948200
v -0.94536100 -0.15042500 -0.12180900
v -0.94536100 -0.15042500 -0.12180900
v -0.94321300 -0.14991200 -0.11905900
v -0.94321300 -0.14991200 -0.11905900
v -0.93846700 -0.14877900 -0.11396900
v -0.93846700 -0.14877900 -0.11396900
v -0.93588400 -0.14816200 -0.11164600
v -0.93588400 -0.14816200 -0.11164600
v -0.94975200 -0.13736600 -0.12468300
v -0.94975200 -0.13736600 -0.12468300
v -0.95246900 -0.12294000 -0.12767100
v -0.95246900 -0.12294000 -0.12767100
v -0.92489700 0.16559300 -0.10948200
v -0.92489700 0.16559300 -0.10948200
v -0.92230200 0.16427900 -0.10748500
v -0.92230200 0.16427900 -0.10748500
v -0.94146100 0.15886700 -0.12180900
v -0.94146100 0.15886700 -0.12180900
v -0.93938800 0.15810600 -0.11905900
v -0.93938800 0.15810600 -0.11905900
v -0.93480600 0.15642600 -0.11396900
v -0.93480600 0.15642600 -0.11396900
v -0.93231400 0.15551200 -0.11164600
v -0.93231400 0.15551200 -0.11164600
v -0.94734800 0.14641000 -0.12468300
v -0.94734800 0.14641000 -0.12468300
v -0.95161000 0.13309500 -0.12767100
v -0.95161000 0.13309500 -0.12767100
v -0.95415900 0.11850000 -0.13076400
v -0.95415900 0.11850000 -0.13076400
v -0.85225500 -0.22157300 -0.10748500
v -0.85225500 -0.22157300 -0.10748500
v -0.86096700 -0.21959500 -0.10748500
v -0.86096700 -0.21959500 -0.10748500
v -0.87199400 -0.21568900 -0.10748500
v -0.87199400 -0.21568900 -0.10748500
v -0.93317400 -0.14751500 -0.10948200
v -0.93317400 -0.14751500 -0.10948200
v -0.94091300 -0.14936300 -0.11644200
v -0.94091300 -0.14936300 -0.11644200
v -0.95246900 0.11845100 -0.12767100
v -0.95246900 0.11845100 -0.12767100
v -0.92969700 0.15455200 -0.10948200
v -0.92969700 0.15455200 -0.10948200
v -0.93716700 0.15729200 -0.11644200
v -0.93716700 0.15729200 -0.11644200
v -0.88248800 -0.21052000 -0.10748500
v -0.88248800 -0.21052000 -0.10748500
v -0.89230700 -0.20416000 -0.10748500
v -0.89230700 -0.20416000 -0.10748500
v -0.90131400 -0.19669600 -0.10748500
v -0.90131400 -0.19669600 -0.10748500
v -0.90938800 -0.18823000 -0.10748500
v -0.90938800 -0.18823000 -0.10748500
v -0.91641600 -0.17887800 -0.10748500
v -0.91641600 -0.17887800 -0.10748500
v -0.92230200 -0.16876800 -0.10748500
v -0.92230200 -0.16876800 -0.10748500
v -0.92696600 -0.15804000 -0.10748500
v -0.92696600 -0.15804000 -0.10748500
v -0.93034500 -0.14684000 -0.10748500
v -0.93034500 -0.14684000 -0.10748500
v -0.94772300 -0.13712700 -0.12180900
v -0.94772300 -0.13712700 -0.12180900
v -0.94553000 -0.13686900 -0.11905900
v -0.94553000 -0.13686900 -0.11905900
v -0.94068300 -0.13629800 -0.11396900
v -0.94068300 -0.13629800 -0.11396900
v -0.93804700 -0.13598800 -0.11164600
v -0.93804700 -0.13598800 -0.11164600
v -0.93527900 -0.13566200 -0.10948200
v -0.93527900 -0.13566200 -0.10948200
v -0.95060100 -0.12288500 -0.12468300
v -0.95060100 -0.12288500 -0.12468300
v -0.95060100 0.11839600 -0.12468300
v -0.95060100 0.11839600 -0.12468300
v -0.92696600 0.15355100 -0.10748500
v -0.92696600 0.15355100 -0.10748500
v -0.94536100 0.14593600 -0.12180900
v -0.94536100 0.14593600 -0.12180900
v -0.94321300 0.14542300 -0.11905900
v -0.94321300 0.14542300 -0.11905900
v -0.93846700 0.14429000 -0.11396900
v -0.93846700 0.14429000 -0.11396900
v -0.93588400 0.14367300 -0.11164600
v -0.93588400 0.14367300 -0.11164600
v -0.93317400 0.14302600 -0.10948200
v -0.93317400 0.14302600 -0.10948200
v -0.94975200 0.13287600 -0.12468300
v -0.94975200 0.13287600 -0.12468300
v -0.93239000 -0.13532200 -0.10748500
v -0.93239000 -0.13532200 -0.10748500
v -0.94318100 -0.13659200 -0.11644200
v -0.94318100 -0.13659200 -0.11644200
v -0.93034500 0.14235100 -0.10748500
v -0.93034500 0.14235100 -0.10748500
v -0.94091300 0.14487400 -0.11644200
v -0.94091300 0.14487400 -0.11644200
v -0.94856200 -0.12282500 -0.12180900
v -0.94856200 -0.12282500 -0.12180900
v -0.94635700 -0.12276100 -0.11905900
v -0.94635700 -0.12276100 -0.11905900
v -0.94148600 -0.12261800 -0.11396900
v -0.94148600 -0.12261800 -0.11396900
v -0.93883500 -0.12254000 -0.11164600
v -0.93883500 -0.12254000 -0.11164600
v -0.93605300 -0.12245900 -0.10948200
v -0.93605300 -0.12245900 -0.10948200
v -0.93315000 -0.12237500 -0.10748500
v -0.93315000 -0.12237500 -0.10748500
v -0.94856200 0.11833600 -0.12180900
v -0.94856200 0.11833600 -0.12180900
v -0.94772300 0.13263700 -0.12180900
v -0.94772300 0.13263700 -0.12180900
v -0.94553000 0.13237900 -0.11905900
v -0.94553000 0.13237900 -0.11905900
v -0.94068300 0.13180900 -0.11396900
v -0.94068300 0.13180900 -0.11396900
v -0.93804700 0.13149800 -0.11164600
v -0.93804700 0.13149800 -0.11164600
v -0.93527900 0.13117300 -0.10948200
v -0.93527900 0.13117300 -0.10948200
v -0.93239000 0.13083300 -0.10748500
v -0.93239000 0.13083300 -0.10748500
v -0.94399600 -0.12269200 -0.11644200
v -0.94399600 -0.12269200 -0.11644200
v -0.94318100 0.13210300 -0.11644200
v -0.94318100 0.13210300 -0.11644200
v -0.94635700 0.11827200 -0.11905900
v -0.94635700 0.11827200 -0.11905900
v -0.94399600 0.11820200 -0.11644200
v -0.94399600 0.11820200 -0.11644200
v -0.94148600 0.11812900 -0.11396900
v -0.94148600 0.11812900 -0.11396900
v -0.93883500 0.11805100 -0.11164600
v -0.93883500 0.11805100 -0.11164600
v -0.93605300 0.11797000 -0.10948200
v -0.93605300 0.11797000 -0.10948200
v -0.93315000 0.11788500 -0.10748500
v -0.93315000 0.11788500 -0.10748500
v -0.86097900 0.21514700 -0.10748500
v -0.86097900 0.21514700 -0.10748500
v -0.86097900 0.21514700 -0.10748500
v -0.86097900 0.21514700 -0.10748500
v -0.86097900 0.21514700 -0.10748500
v -0.87201000 0.21123900 -0.14055900
v -0.87201000 0.21123900 -0.14055900
v -0.87201000 0.21123900 -0.14055900
v -0.87201000 0.21123900 -0.14055900
v -0.87201000 0.21123900 -0.14055900
v -0.87201000 0.21123900 -0.14055900
v -0.86097900 0.21514700 -0.14055900
v -0.86097900 0.21514700 -0.14055900
v -0.86097900 0.21514700 -0.14055900
v -0.86097900 0.21514700 -0.14055900
v -0.86097900 0.21514700 -0.14055900
v -0.86097900 0.21514700 -0.14055900
v -0.87201000 0.21123900 -0.10748500
v -0.87201000 0.21123900 -0.10748500
v -0.87201000 0.21123900 -0.10748500
v -0.87201000 0.21123900 -0.10748500
v -0.87201000 0.21123900 -0.10748500
v -0.86792000 0.23911900 -0.14055900
v -0.86792000 0.23911900 -0.14055900
v -0.86792000 0.23911900 -0.14055900
v -0.86792000 0.23911900 -0.14055900
v -0.86792000 0.23911900 -0.14055900
v -0.85225900 0.21712700 -0.10748500
v -0.85225900 0.21712700 -0.10748500
v -0.85225900 0.21712700 -0.10748500
v -0.85225900 0.21712700 -0.10748500
v -0.85225900 0.21712700 -0.10748500
v -0.86097900 -0.21963600 -0.10748500
v -0.86097900 -0.21963600 -0.10748500
v -0.86097900 -0.21963600 -0.10748500
v -0.86097900 -0.21963600 -0.10748500
v -0.86097900 -0.21963600 -0.10748500
v -0.88250900 0.20606800 -0.14055900
v -0.88250900 0.20606800 -0.14055900
v -0.88250900 0.20606800 -0.14055900
v -0.88250900 0.20606800 -0.14055900
v -0.88250900 0.20606800 -0.14055900
v -0.88250900 0.20606800 -0.14055900
v -0.85480000 0.24209800 -0.14055900
v -0.85480000 0.24209800 -0.14055900
v -0.85480000 0.24209800 -0.14055900
v -0.85480000 0.24209800 -0.14055900
v -0.85480000 0.24209800 -0.14055900
v -0.85480000 0.24209800 -0.14055900
v -0.88170700 0.23423500 -0.14055900
v -0.88170700 0.23423500 -0.14055900
v -0.88170700 0.23423500 -0.14055900
v -0.88170700 0.23423500 -0.14055900
v -0.88170700 0.23423500 -0.14055900
v -0.85225900 0.21712700 -0.14055900
v -0.85225900 0.21712700 -0.14055900
v -0.85225900 0.21712700 -0.14055900
v -0.85225900 0.21712700 -0.14055900
v -0.85225900 0.21712700 -0.14055900
v -0.85225900 0.21712700 -0.14055900
v -0.85225900 -0.22161600 -0.10748500
v -0.85225900 -0.22161600 -0.10748500
v -0.85225900 -0.22161600 -0.10748500
v -0.85225900 -0.22161600 -0.10748500
v -0.85225900 -0.22161600 -0.10748500
v -0.87201000 -0.21572800 -0.10748500
v -0.87201000 -0.21572800 -0.10748500
v -0.87201000 -0.21572800 -0.10748500
v -0.87201000 -0.21572800 -0.10748500
v -0.87201000 -0.21572800 -0.10748500
v -0.88250900 0.20606800 -0.10748500
v -0.88250900 0.20606800 -0.10748500
v -0.88250900 0.20606800 -0.10748500
v -0.88250900 0.20606800 -0.10748500
v -0.88250900 0.20606800 -0.10748500
v -0.87303900 0.25679500 -0.21405700
v -0.87303900 0.25679500 -0.21405700
v -0.85468600 0.24097200 -0.13721900
v -0.85468600 0.24097200 -0.13721900
v -0.88885700 0.25119200 -0.21405700
v -0.88885700 0.25119200 -0.21405700
v -0.86760700 0.23803800 -0.13721900
v -0.86760700 0.23803800 -0.13721900
v 0.89706900 0.18135300 -0.10748500
v 0.89706900 0.18135300 -0.10748500
v 0.89706900 0.18135300 -0.10748500
v 0.89706900 0.18135300 -0.10748500
v 0.89706900 0.18135300 -0.10748500
v -0.83916900 -0.20821700 -0.10748500
v -0.85225900 -0.22161600 -0.14055900
v -0.85225900 -0.22161600 -0.14055900
v -0.85225900 -0.22161600 -0.14055900
v -0.85225900 -0.22161600 -0.14055900
v -0.85225900 -0.22161600 -0.14055900
v -0.85225900 -0.22161600 -0.14055900
v -0.86097900 -0.21963600 -0.14055900
v -0.86097900 -0.21963600 -0.14055900
v -0.86097900 -0.21963600 -0.14055900
v -0.86097900 -0.21963600 -0.14055900
v -0.86097900 -0.21963600 -0.14055900
v -0.86097900 -0.21963600 -0.14055900
v -0.89233200 0.19970500 -0.14055900
v -0.89233200 0.19970500 -0.14055900
v -0.89233200 0.19970500 -0.14055900
v -0.89233200 0.19970500 -0.14055900
v -0.89233200 0.19970500 -0.14055900
v -0.89233200 0.19970500 -0.14055900
v -0.89482800 0.22777300 -0.14055900
v -0.89482800 0.22777300 -0.14055900
v -0.89482800 0.22777300 -0.14055900
v -0.89482800 0.22777300 -0.14055900
v -0.89482800 0.22777300 -0.14055900
v 0.89706900 0.18135300 -0.14055900
v 0.89706900 0.18135300 -0.14055900
v 0.89706900 0.18135300 -0.14055900
v 0.89706900 0.18135300 -0.14055900
v 0.89706900 0.18135300 -0.14055900
v 0.89706900 0.18135300 -0.14055900
v -0.85667400 0.26051100 -0.21405700
v -0.85667400 0.26051100 -0.21405700
v -0.85667400 0.26051100 -0.21405700
v 0.92086000 0.20466200 -0.13721900
v 0.92086000 0.20466200 -0.13721900
v -0.90391100 0.24377800 -0.21405700
v -0.90391100 0.24377800 -0.21405700
v -0.88127000 0.23319800 -0.13721900
v -0.88127000 0.23319800 -0.13721900
v 0.83234700 0.15359800 -0.10748500
v 0.83234700 0.15359800 -0.10748500
v 0.83234700 0.15359800 -0.10748500
v -0.63870100 -0.20411700 -0.10748500
v -0.83916900 0.20372800 -0.10748500
v 0.89706900 -0.18584300 -0.14055900
v 0.89706900 -0.18584300 -0.14055900
v 0.89706900 -0.18584300 -0.14055900
v 0.89706900 -0.18584300 -0.14055900
v 0.89706900 -0.18584300 -0.14055900
v 0.89706900 -0.18584300 -0.14055900
v -0.87201000 -0.21572800 -0.14055900
v -0.87201000 -0.21572800 -0.14055900
v -0.87201000 -0.21572800 -0.14055900
v -0.87201000 -0.21572800 -0.14055900
v -0.87201000 -0.21572800 -0.14055900
v -0.87201000 -0.21572800 -0.14055900
v -0.88250900 -0.21055800 -0.10748500
v -0.88250900 -0.21055800 -0.10748500
v -0.88250900 -0.21055800 -0.10748500
v -0.88250900 -0.21055800 -0.10748500
v -0.88250900 -0.21055800 -0.10748500
v -0.89233200 0.19970500 -0.10748500
v -0.89233200 0.19970500 -0.10748500
v -0.89233200 0.19970500 -0.10748500
v -0.89233200 0.19970500 -0.10748500
v -0.89233200 0.19970500 -0.10748500
v 0.92198300 0.20576300 -0.14055900
v 0.92198300 0.20576300 -0.14055900
v 0.92198300 0.20576300 -0.14055900
v 0.92198300 0.20576300 -0.14055900
v 0.92198300 0.20576300 -0.14055900
v 0.92198300 0.20576300 -0.14055900
v 0.92198300 0.20576300 -0.14055900
v 0.92198300 0.20576300 -0.14055900
v -0.86792000 0.23911900 -0.21405700
v -0.88170700 0.23423500 -0.21405700
v -0.85455100 0.23965100 -0.13395000
v -0.85455100 0.23965100 -0.13395000
v 0.91954200 0.20337100 -0.13395000
v 0.91954200 0.20337100 -0.13395000
v -0.89482800 0.22777300 -0.21405700
v -0.86724000 0.23677000 -0.13395000
v -0.86724000 0.23677000 -0.13395000
v 0.83234700 -0.15854100 -0.10748500
v 0.83234700 -0.15854100 -0.10748500
v 0.83234700 -0.15854100 -0.10748500
v 0.81768200 0.15389800 -0.10748500
v 0.35646400 -0.14565000 -0.10748500
v 0.35646400 -0.14565000 -0.10748500
v 0.35646400 -0.14565000 -0.10748500
v 0.35646400 -0.14565000 -0.10748500
v -0.65340000 -0.18971500 -0.10748500
v -0.63870100 0.19962800 -0.10748500
v -0.82446900 -0.09772900 -0.10748500
v -0.85480000 -0.24658700 -0.14055900
v -0.85480000 -0.24658700 -0.14055900
v -0.85480000 -0.24658700 -0.14055900
v -0.85480000 -0.24658700 -0.14055900
v -0.85480000 -0.24658700 -0.14055900
v -0.85480000 -0.24658700 -0.14055900
v 0.89706900 -0.18584300 -0.10748500
v 0.89706900 -0.18584300 -0.10748500
v 0.89706900 -0.18584300 -0.10748500
v 0.89706900 -0.18584300 -0.10748500
v 0.89706900 -0.18584300 -0.10748500
v -0.86792000 -0.24360800 -0.14055900
v -0.86792000 -0.24360800 -0.14055900
v -0.86792000 -0.24360800 -0.14055900
v -0.86792000 -0.24360800 -0.14055900
v -0.86792000 -0.24360800 -0.14055900
v -0.90134400 0.19223800 -0.14055900
v -0.90134400 0.19223800 -0.14055900
v -0.90134400 0.19223800 -0.14055900
v -0.90134400 0.19223800 -0.14055900
v -0.90134400 0.19223800 -0.14055900
v -0.90134400 0.19223800 -0.14055900
v -0.91799600 0.23465400 -0.21405700
v -0.91799600 0.23465400 -0.21405700
v -0.89427200 0.22679400 -0.13721900
v -0.89427200 0.22679400 -0.13721900
v -0.85480000 0.24209800 -0.21405700
v 0.94035400 0.22376200 -0.21405700
v 0.94035400 0.22376200 -0.21405700
v 0.94035400 0.22376200 -0.21405700
v 0.92198300 -0.21025200 -0.14055900
v 0.92198300 -0.21025200 -0.14055900
v 0.92198300 -0.21025200 -0.14055900
v 0.92198300 -0.21025200 -0.14055900
v 0.92198300 -0.21025200 -0.14055900
v 0.92198300 -0.21025200 -0.14055900
v 0.92198300 -0.21025200 -0.14055900
v 0.92198300 -0.21025200 -0.14055900
v 0.92086000 -0.00224500 -0.13721900
v -0.90710400 0.21982100 -0.21405700
v -0.88075700 0.23198200 -0.13395000
v -0.88075700 0.23198200 -0.13395000
v 0.83234700 -0.14565000 -0.10748500
v 0.83234700 -0.14565000 -0.10748500
v 0.83234700 -0.14565000 -0.10748500
v 0.83234700 -0.14565000 -0.10748500
v 0.35646400 0.15389800 -0.10748500
v 0.35646400 0.15389800 -0.10748500
v 0.35646400 0.15389800 -0.10748500
v 0.35646400 -0.15854100 -0.10748500
v 0.35646400 -0.15854100 -0.10748500
v 0.35646400 -0.15854100 -0.10748500
v 0.35646400 0.14100600 -0.10748500
v 0.35646400 0.14100600 -0.10748500
v 0.35646400 0.14100600 -0.10748500
v 0.35646400 0.14100600 -0.10748500
v -0.65340000 -0.09772900 -0.10748500
v -0.67411800 -0.19013900 -0.10748500
v -0.65340000 0.18522600 -0.10748500
v -0.80375200 -0.09772900 -0.10748500
v -0.82446900 -0.00224500 -0.10748500
v -0.88170700 -0.23872500 -0.14055900
v -0.88170700 -0.23872500 -0.14055900
v -0.88170700 -0.23872500 -0.14055900
v -0.88170700 -0.23872500 -0.14055900
v -0.88170700 -0.23872500 -0.14055900
v -0.88250900 -0.21055800 -0.14055900
v -0.88250900 -0.21055800 -0.14055900
v -0.88250900 -0.21055800 -0.14055900
v -0.88250900 -0.21055800 -0.14055900
v -0.88250900 -0.21055800 -0.14055900
v -0.88250900 -0.21055800 -0.14055900
v -0.89233200 -0.20419500 -0.10748500
v -0.89233200 -0.20419500 -0.10748500
v -0.89233200 -0.20419500 -0.10748500
v -0.89233200 -0.20419500 -0.10748500
v -0.89233200 -0.20419500 -0.10748500
v -0.90134400 0.19223800 -0.10748500
v -0.90134400 0.19223800 -0.10748500
v -0.90134400 0.19223800 -0.10748500
v -0.90134400 0.19223800 -0.10748500
v -0.90134400 0.19223800 -0.10748500
v -0.90710400 0.21982100 -0.14055900
v -0.90710400 0.21982100 -0.14055900
v -0.90710400 0.21982100 -0.14055900
v -0.90710400 0.21982100 -0.14055900
v -0.90710400 0.21982100 -0.14055900
v 0.92198300 0.20576300 -0.21405700
v 0.92198300 0.20576300 -0.21405700
v 0.92198300 0.20576300 -0.21405700
v -0.86792000 -0.24360800 -0.21405700
v 0.93997900 0.20539500 -0.21405700
v 0.94035400 0.20538700 -0.21405700
v 0.94035400 0.20538700 -0.21405700
v -0.88170700 -0.23872500 -0.21405700
v -0.85439800 0.23814200 -0.13076400
v -0.85439800 0.23814200 -0.13076400
v 0.91803600 0.20189600 -0.13076400
v 0.91803600 0.20189600 -0.13076400
v 0.91954200 -0.00224500 -0.13395000
v -0.89482800 -0.23226200 -0.21405700
v -0.86682000 0.23532100 -0.13076400
v -0.86682000 0.23532100 -0.13076400
v 0.83234700 -0.14565000 0.18405900
v 0.83234700 -0.14565000 0.18405900
v 0.83234700 -0.14565000 0.18405900
v 0.83234700 -0.14565000 0.18405900
v 0.83234700 0.14070400 -0.10748500
v 0.83234700 0.14070400 -0.10748500
v 0.83234700 0.14070400 -0.10748500
v 0.83234700 0.14070400 -0.10748500
v 0.35646400 -0.15854100 0.18405900
v 0.35646400 -0.15854100 0.18405900
v 0.35646400 -0.15854100 0.18405900
v 0.35646400 -0.15854100 0.18405900
v 0.35646400 -0.14565000 -0.11483500
v 0.35646400 -0.14565000 -0.11483500
v 0.35646400 -0.14565000 -0.11483500
v -0.65707500 -0.10140400 -0.10748500
v -0.70171500 -0.01143200 -0.10748500
v -0.65707500 -0.18611500 -0.10748500
v -0.67411800 0.18565000 -0.10748500
v -0.73600300 -0.00224500 -0.10748500
v -0.80742700 -0.09405400 -0.10748500
v -0.82446900 0.09324000 -0.10748500
v -0.82079500 -0.09405400 -0.10748500
v -0.85667400 -0.26500000 -0.21405700
v -0.85667400 -0.26500000 -0.21405700
v -0.85667400 -0.26500000 -0.21405700
v -0.86760700 -0.24252700 -0.13721900
v -0.86760700 -0.24252700 -0.13721900
v 0.94035400 -0.22825100 -0.21405700
v 0.94035400 -0.22825100 -0.21405700
v 0.94035400 -0.22825100 -0.21405700
v -0.85468600 -0.24546100 -0.13721900
v -0.85468600 -0.24546100 -0.13721900
v -0.87303900 -0.26128500 -0.21405700
v -0.87303900 -0.26128500 -0.21405700
v -0.88127000 -0.23768700 -0.13721900
v -0.88127000 -0.23768700 -0.13721900
v -0.90942000 0.18376800 -0.10748500
v -0.90942000 0.18376800 -0.10748500
v -0.90942000 0.18376800 -0.10748500
v -0.90942000 0.18376800 -0.10748500
v -0.90942000 0.18376800 -0.10748500
v -0.90942000 0.18376800 -0.14055900
v -0.90942000 0.18376800 -0.14055900
v -0.90942000 0.18376800 -0.14055900
v -0.90942000 0.18376800 -0.14055900
v -0.90942000 0.18376800 -0.14055900
v -0.90942000 0.18376800 -0.14055900
v -0.93091700 0.22394700 -0.21405700
v -0.93091700 0.22394700 -0.21405700
v -0.91836600 0.21048900 -0.21405700
v -0.89362100 0.22564600 -0.13395000
v -0.89362100 0.22564600 -0.13395000
v -0.90643700 0.21891400 -0.13721900
v -0.90643700 0.21891400 -0.13721900
v -0.85480000 -0.24658700 -0.21405700
v 0.92086000 -0.20915100 -0.13721900
v 0.92086000 -0.20915100 -0.13721900
v 0.92198300 -0.21025200 -0.21405700
v 0.92198300 -0.21025200 -0.21405700
v 0.92198300 -0.21025200 -0.21405700
v -0.90710400 -0.22431100 -0.21405700
v -0.88017100 0.23059200 -0.13076400
v -0.88017100 0.23059200 -0.13076400
v 0.83234700 -0.15854100 0.18405900
v 0.83234700 -0.15854100 0.18405900
v 0.83234700 -0.15854100 0.18405900
v 0.83234700 -0.15854100 0.18405900
v 0.83234700 0.14070400 -0.11483500
v 0.83234700 0.14070400 -0.11483500
v 0.83234700 0.14070400 -0.11483500
v 0.83234700 0.14070400 -0.11483500
v 0.83234700 0.15359800 0.18405900
v 0.83234700 0.15359800 0.18405900
v 0.83234700 0.15359800 0.18405900
v 0.83234700 0.15359800 0.18405900
v 0.35646400 -0.14565000 0.18405900
v 0.35646400 -0.14565000 0.18405900
v 0.35646400 -0.14565000 0.18405900
v 0.35646400 -0.14565000 0.18405900
v 0.35646400 0.14100600 0.18405900
v 0.35646400 0.14100600 0.18405900
v 0.35646400 0.14100600 0.18405900
v 0.35646400 0.14100600 0.18405900
v 0.35646400 0.14100600 -0.11483500
v 0.35646400 0.14100600 -0.11483500
v 0.35646400 0.14100600 -0.11483500
v 0.35646400 0.14100600 -0.11483500
v -0.67411800 -0.09772900 -0.10748500
v -0.65340000 0.09324000 -0.10748500
v -0.70463500 -0.01523700 -0.10748500
v -0.69988000 -0.00700000 -0.10748500
v -0.67044300 -0.18638800 -0.10748500
v -0.65707500 0.18162600 -0.10748500
v -0.67411800 0.09324000 -0.10748500
v -0.73537600 -0.00700000 -0.10748500
v -0.80375200 0.09324000 -0.10748500
v -0.80742700 -0.00592000 -0.10748500
v -0.82079500 0.00143000 -0.10748500
v -0.82079500 -0.00592000 -0.10748500
v -0.88885700 -0.25568100 -0.21405700
v -0.88885700 -0.25568100 -0.21405700
v -0.89427200 -0.23128300 -0.13721900
v -0.89427200 -0.23128300 -0.13721900
v -0.89482800 -0.23226200 -0.14055900
v -0.89482800 -0.23226200 -0.14055900
v -0.89482800 -0.23226200 -0.14055900
v -0.89482800 -0.23226200 -0.14055900
v -0.89482800 -0.23226200 -0.14055900
v -0.89233200 -0.20419500 -0.14055900
v -0.89233200 -0.20419500 -0.14055900
v -0.89233200 -0.20419500 -0.14055900
v -0.89233200 -0.20419500 -0.14055900
v -0.89233200 -0.20419500 -0.14055900
v -0.89233200 -0.20419500 -0.14055900
v -0.90134400 -0.19672700 -0.10748500
v -0.90134400 -0.19672700 -0.10748500
v -0.90134400 -0.19672700 -0.10748500
v -0.90134400 -0.19672700 -0.10748500
v -0.90134400 -0.19672700 -0.10748500
v -0.91836600 0.21048900 -0.14055900
v -0.91836600 0.21048900 -0.14055900
v -0.91836600 0.21048900 -0.14055900
v -0.91836600 0.21048900 -0.14055900
v -0.91836600 0.21048900 -0.14055900
v -0.85422500 0.23644800 -0.12767100
v -0.85422500 0.23644800 -0.12767100
v 0.91634600 0.20024000 -0.12767100
v 0.91634600 0.20024000 -0.12767100
v 0.91803600 -0.00224500 -0.13076400
v 0.91954200 -0.20786100 -0.13395000
v 0.91954200 -0.20786100 -0.13395000
v -0.90391100 -0.24826700 -0.21405700
v -0.90391100 -0.24826700 -0.21405700
v -0.86635000 0.23369500 -0.12767100
v -0.86635000 0.23369500 -0.12767100
v 0.83234700 -0.14565000 -0.11483500
v 0.83234700 -0.14565000 -0.11483500
v 0.83234700 -0.14565000 -0.11483500
v 0.83234700 0.14070400 0.18405900
v 0.83234700 0.14070400 0.18405900
v 0.83234700 0.14070400 0.18405900
v 0.83234700 0.14070400 0.18405900
v 0.35646400 0.15389800 0.18405900
v 0.35646400 0.15389800 0.18405900
v 0.35646400 0.15389800 0.18405900
v 0.35646400 0.15389800 0.18405900
v -0.67044300 -0.10140400 -0.10748500
v -0.65707500 0.09691500 -0.10748500
v -0.70844100 -0.01815700 -0.10748500
v -0.70171500 0.00694300 -0.10748500
v -0.69988000 0.00251100 -0.10748500
v -0.69925300 -0.00224500 -0.10748500
v -0.67044300 0.18189900 -0.10748500
v -0.67044300 0.09691500 -0.10748500
v -0.73354100 -0.01143200 -0.10748500
v -0.73537600 0.00251100 -0.10748500
v -0.80375200 -0.00224500 -0.10748500
v -0.80742700 0.08956500 -0.10748500
v -0.80742700 0.00143000 -0.10748500
v -0.82079500 0.08956500 -0.10748500
v -0.86724000 -0.24126000 -0.13395000
v -0.86724000 -0.24126000 -0.13395000
v -0.88075700 -0.23647100 -0.13395000
v -0.88075700 -0.23647100 -0.13395000
v -0.85455100 -0.24414100 -0.13395000
v -0.85455100 -0.24414100 -0.13395000
v -0.89362100 -0.23013600 -0.13395000
v -0.89362100 -0.23013600 -0.13395000
v -0.91645100 0.17441200 -0.10748500
v -0.91645100 0.17441200 -0.10748500
v -0.91645100 0.17441200 -0.10748500
v -0.91645100 0.17441200 -0.10748500
v -0.91645100 0.17441200 -0.10748500
v -0.90942000 -0.18825700 -0.10748500
v -0.90942000 -0.18825700 -0.10748500
v -0.90942000 -0.18825700 -0.10748500
v -0.90942000 -0.18825700 -0.10748500
v -0.90942000 -0.18825700 -0.10748500
v -0.91645100 0.17441200 -0.14055900
v -0.91645100 0.17441200 -0.14055900
v -0.91645100 0.17441200 -0.14055900
v -0.91645100 0.17441200 -0.14055900
v -0.91645100 0.17441200 -0.14055900
v -0.91645100 0.17441200 -0.14055900
v -0.94249800 0.21180200 -0.21405700
v -0.94249800 0.21180200 -0.21405700
v -0.92845900 0.19990400 -0.21405700
v -0.91836600 -0.21497800 -0.21405700
v -0.89287600 0.22433400 -0.13076400
v -0.89287600 0.22433400 -0.13076400
v -0.90565600 0.21785000 -0.13395000
v -0.90565600 0.21785000 -0.13395000
v -0.91759800 0.20966600 -0.13721900
v -0.91759800 0.20966600 -0.13721900
v -0.91799600 -0.23914300 -0.21405700
v -0.91799600 -0.23914300 -0.21405700
v -0.87951300 0.22903200 -0.12767100
v -0.87951300 0.22903200 -0.12767100
v 0.81755000 0.14100600 0.18405900
v 0.81755000 0.14100600 0.18405900
v 0.81755000 0.14100600 -0.11483500
v 0.81755000 0.14100600 -0.11483500
v -0.71287200 -0.01999300 -0.10748500
v -0.70463500 0.01074800 -0.10748500
v -0.73062100 -0.01523700 -0.10748500
v -0.73354100 0.00694300 -0.10748500
v -0.90643700 -0.22340300 -0.13721900
v -0.90643700 -0.22340300 -0.13721900
v -0.90565600 -0.22234000 -0.13395000
v -0.90565600 -0.22234000 -0.13395000
v -0.90134400 -0.19672700 -0.14055900
v -0.90134400 -0.19672700 -0.14055900
v -0.90134400 -0.19672700 -0.14055900
v -0.90134400 -0.19672700 -0.14055900
v -0.90134400 -0.19672700 -0.14055900
v -0.90134400 -0.19672700 -0.14055900
v -0.90942000 -0.18825700 -0.14055900
v -0.90942000 -0.18825700 -0.14055900
v -0.90942000 -0.18825700 -0.14055900
v -0.90942000 -0.18825700 -0.14055900
v -0.90942000 -0.18825700 -0.14055900
v -0.90942000 -0.18825700 -0.14055900
v -0.92234000 0.16429800 -0.14055900
v -0.92234000 0.16429800 -0.14055900
v -0.92234000 0.16429800 -0.14055900
v -0.92234000 0.16429800 -0.14055900
v -0.92234000 0.16429800 -0.14055900
v -0.92234000 0.16429800 -0.14055900
v -0.92845900 0.19990400 -0.14055900
v -0.92845900 0.19990400 -0.14055900
v -0.92845900 0.19990400 -0.14055900
v -0.92845900 0.19990400 -0.14055900
v -0.92845900 0.19990400 -0.14055900
v -0.93724600 0.18821200 -0.21405700
v -0.85403500 0.23457600 -0.12468300
v -0.85403500 0.23457600 -0.12468300
v 0.91447800 0.19841000 -0.12468300
v 0.91447800 0.19841000 -0.12468300
v 0.91634600 -0.00224500 -0.12767100
v 0.91803600 -0.20638500 -0.13076400
v 0.91803600 -0.20638500 -0.13076400
v -0.85439800 -0.24263100 -0.13076400
v -0.85439800 -0.24263100 -0.13076400
v -0.90710400 -0.22431100 -0.14055900
v -0.90710400 -0.22431100 -0.14055900
v -0.90710400 -0.22431100 -0.14055900
v -0.90710400 -0.22431100 -0.14055900
v -0.90710400 -0.22431100 -0.14055900
v -0.86582900 0.23189800 -0.12468300
v -0.86582900 0.23189800 -0.12468300
v -0.71762800 -0.02061900 -0.10748500
v -0.70844100 0.01366800 -0.10748500
v -0.72681500 -0.01815700 -0.10748500
v -0.73062100 0.01074800 -0.10748500
v -0.86682000 -0.23981000 -0.13076400
v -0.86682000 -0.23981000 -0.13076400
v -0.88017100 -0.23508100 -0.13076400
v -0.88017100 -0.23508100 -0.13076400
v -0.89287600 -0.22882400 -0.13076400
v -0.89287600 -0.22882400 -0.13076400
v -0.90476300 -0.22112400 -0.13076400
v -0.90476300 -0.22112400 -0.13076400
v -0.92234000 0.16429800 -0.10748500
v -0.92234000 0.16429800 -0.10748500
v -0.92234000 0.16429800 -0.10748500
v -0.92234000 0.16429800 -0.10748500
v -0.92234000 0.16429800 -0.10748500
v -0.91645100 -0.17890100 -0.10748500
v -0.91645100 -0.17890100 -0.10748500
v -0.91645100 -0.17890100 -0.10748500
v -0.91645100 -0.17890100 -0.10748500
v -0.91645100 -0.17890100 -0.10748500
v -0.91645100 -0.17890100 -0.14055900
v -0.91645100 -0.17890100 -0.14055900
v -0.91645100 -0.17890100 -0.14055900
v -0.91645100 -0.17890100 -0.14055900
v -0.91645100 -0.17890100 -0.14055900
v -0.91645100 -0.17890100 -0.14055900
v -0.95257900 0.19838700 -0.21405700
v -0.95257900 0.19838700 -0.21405700
v -0.94460600 0.17557200 -0.21405700
v -0.92845900 -0.20439300 -0.21405700
v -0.93091700 -0.22843600 -0.21405700
v -0.93091700 -0.22843600 -0.21405700
v -0.89204100 0.22286200 -0.12767100
v -0.89204100 0.22286200 -0.12767100
v -0.90476300 0.21663400 -0.13076400
v -0.90476300 0.21663400 -0.13076400
v -0.91669800 0.20870100 -0.13395000
v -0.91669800 0.20870100 -0.13395000
v -0.92760000 0.19917600 -0.13721900
v -0.92760000 0.19917600 -0.13721900
v -0.91836600 -0.21497800 -0.14055900
v -0.91836600 -0.21497800 -0.14055900
v -0.91836600 -0.21497800 -0.14055900
v -0.91836600 -0.21497800 -0.14055900
v -0.91836600 -0.21497800 -0.14055900
v -0.87878600 0.22730800 -0.12468300
v -0.87878600 0.22730800 -0.12468300
v -0.72238400 -0.01999300 -0.10748500
v -0.71287200 0.01550400 -0.10748500
v -0.72681500 0.01366800 -0.10748500
v -0.91759800 -0.21415500 -0.13721900
v -0.91759800 -0.21415500 -0.13721900
v -0.91669800 -0.21319000 -0.13395000
v -0.91669800 -0.21319000 -0.13395000
v -0.91566900 -0.21208700 -0.13076400
v -0.91566900 -0.21208700 -0.13076400
v -0.92700700 0.15356500 -0.10748500
v -0.92700700 0.15356500 -0.10748500
v -0.92700700 0.15356500 -0.10748500
v -0.92700700 0.15356500 -0.10748500
v -0.92700700 0.15356500 -0.10748500
v -0.92700700 0.15356500 -0.14055900
v -0.92700700 0.15356500 -0.14055900
v -0.92700700 0.15356500 -0.14055900
v -0.92700700 0.15356500 -0.14055900
v -0.92700700 0.15356500 -0.14055900
v -0.92700700 0.15356500 -0.14055900
v -0.93724600 0.18821200 -0.14055900
v -0.93724600 0.18821200 -0.14055900
v -0.93724600 0.18821200 -0.14055900
v -0.93724600 0.18821200 -0.14055900
v -0.93724600 0.18821200 -0.14055900
v -0.93724600 -0.19270100 -0.21405700
v -0.85382700 0.23253100 -0.12180900
v -0.85382700 0.23253100 -0.12180900
v 0.91243800 0.19641100 -0.12180900
v 0.91243800 0.19641100 -0.12180900
v 0.91447800 -0.00224500 -0.12468300
v 0.91634600 -0.20472900 -0.12767100
v 0.91634600 -0.20472900 -0.12767100
v -0.85422500 -0.24093700 -0.12767100
v -0.85422500 -0.24093700 -0.12767100
v -0.86635000 -0.23818400 -0.12767100
v -0.86635000 -0.23818400 -0.12767100
v -0.86526100 0.22993500 -0.12180900
v -0.86526100 0.22993500 -0.12180900
v -0.71762800 0.01613000 -0.10748500
v -0.72238400 0.01550400 -0.10748500
v -0.87951300 -0.23352100 -0.12767100
v -0.87951300 -0.23352100 -0.12767100
v -0.89204100 -0.22735100 -0.12767100
v -0.89204100 -0.22735100 -0.12767100
v -0.90376100 -0.21975900 -0.12767100
v -0.90376100 -0.21975900 -0.12767100
v -0.91451400 -0.21084900 -0.12767100
v -0.91451400 -0.21084900 -0.12767100
v -0.92234000 -0.16878800 -0.10748500
v -0.92234000 -0.16878800 -0.10748500
v -0.92234000 -0.16878800 -0.10748500
v -0.92234000 -0.16878800 -0.10748500
v -0.92234000 -0.16878800 -0.10748500
v -0.92234000 -0.16878800 -0.14055900
v -0.92234000 -0.16878800 -0.14055900
v -0.92234000 -0.16878800 -0.14055900
v -0.92234000 -0.16878800 -0.14055900
v -0.92234000 -0.16878800 -0.14055900
v -0.92234000 -0.16878800 -0.14055900
v -0.93038600 0.14236100 -0.14055900
v -0.93038600 0.14236100 -0.14055900
v -0.93038600 0.14236100 -0.14055900
v -0.93038600 0.14236100 -0.14055900
v -0.93038600 0.14236100 -0.14055900
v -0.93038600 0.14236100 -0.14055900
v -0.96102400 0.18388500 -0.21405700
v -0.96102400 0.18388500 -0.21405700
v -0.95043800 0.16215900 -0.21405700
v -0.94460600 -0.18006100 -0.21405700
v -0.94249800 -0.21629100 -0.21405700
v -0.94249800 -0.21629100 -0.21405700
v -0.89111700 0.22123500 -0.12468300
v -0.89111700 0.22123500 -0.12468300
v -0.90376100 0.21527000 -0.12767100
v -0.90376100 0.21527000 -0.12767100
v -0.91566900 0.20759700 -0.13076400
v -0.91566900 0.20759700 -0.13076400
v -0.92659400 0.19832300 -0.13395000
v -0.92659400 0.19832300 -0.13395000
v -0.93630800 0.18758900 -0.13721900
v -0.93630800 0.18758900 -0.13721900
v -0.92845900 -0.20439300 -0.14055900
v -0.92845900 -0.20439300 -0.14055900
v -0.92845900 -0.20439300 -0.14055900
v -0.92845900 -0.20439300 -0.14055900
v -0.92845900 -0.20439300 -0.14055900
v -0.87799200 0.22542500 -0.12180900
v -0.87799200 0.22542500 -0.12180900
v -0.92760000 -0.20366500 -0.13721900
v -0.92760000 -0.20366500 -0.13721900
v -0.92659400 -0.20281200 -0.13395000
v -0.92659400 -0.20281200 -0.13395000
v -0.92544300 -0.20183700 -0.13076400
v -0.92544300 -0.20183700 -0.13076400
v -0.93038600 0.14236100 -0.10748500
v -0.93038600 0.14236100 -0.10748500
v -0.93038600 0.14236100 -0.10748500
v -0.93038600 0.14236100 -0.10748500
v -0.93038600 0.14236100 -0.10748500
v -0.92700700 -0.15805500 -0.10748500
v -0.92700700 -0.15805500 -0.10748500
v -0.92700700 -0.15805500 -0.10748500
v -0.92700700 -0.15805500 -0.10748500
v -0.92700700 -0.15805500 -0.10748500
v -0.93243300 0.13083800 -0.14055900
v -0.93243300 0.13083800 -0.14055900
v -0.93243300 0.13083800 -0.14055900
v -0.93243300 0.13083800 -0.14055900
v -0.93243300 0.13083800 -0.14055900
v -0.93243300 0.13083800 -0.14055900
v -0.94460600 0.17557200 -0.14055900
v -0.94460600 0.17557200 -0.14055900
v -0.94460600 0.17557200 -0.14055900
v -0.94460600 0.17557200 -0.14055900
v -0.94460600 0.17557200 -0.14055900
v -0.95466100 0.14815600 -0.21405700
v -0.85360200 0.23032200 -0.11905900
v -0.85360200 0.23032200 -0.11905900
v 0.91023400 0.19425200 -0.11905900
v 0.91023400 0.19425200 -0.11905900
v 0.91243800 -0.00224500 -0.12180900
v 0.91447800 -0.20289900 -0.12468300
v 0.91447800 -0.20289900 -0.12468300
v -0.85403500 -0.23906500 -0.12468300
v -0.85403500 -0.23906500 -0.12468300
v -0.86582900 -0.23638700 -0.12468300
v -0.86582900 -0.23638700 -0.12468300
v -0.87878600 -0.23179700 -0.12468300
v -0.87878600 -0.23179700 -0.12468300
v -0.86464700 0.22781400 -0.11905900
v -0.86464700 0.22781400 -0.11905900
v -0.89111700 -0.22572400 -0.12468300
v -0.89111700 -0.22572400 -0.12468300
v -0.90265400 -0.21825100 -0.12468300
v -0.90265400 -0.21825100 -0.12468300
v -0.91323800 -0.20948000 -0.12468300
v -0.91323800 -0.20948000 -0.12468300
v -0.92415100 -0.20074200 -0.12767100
v -0.92415100 -0.20074200 -0.12767100
v -0.92700700 -0.15805500 -0.14055900
v -0.92700700 -0.15805500 -0.14055900
v -0.92700700 -0.15805500 -0.14055900
v -0.92700700 -0.15805500 -0.14055900
v -0.92700700 -0.15805500 -0.14055900
v -0.92700700 -0.15805500 -0.14055900
v -0.93038600 -0.14685000 -0.10748500
v -0.93038600 -0.14685000 -0.10748500
v -0.93038600 -0.14685000 -0.10748500
v -0.93038600 -0.14685000 -0.10748500
v -0.93038600 -0.14685000 -0.10748500
v -0.93243300 0.13083800 -0.10748500
v -0.93243300 0.13083800 -0.10748500
v -0.93243300 0.13083800 -0.10748500
v -0.93243300 0.13083800 -0.10748500
v -0.93243300 0.13083800 -0.10748500
v -0.93319200 0.11788600 -0.14055900
v -0.93319200 0.11788600 -0.14055900
v -0.93319200 0.11788600 -0.14055900
v -0.93319200 0.11788600 -0.14055900
v -0.93319200 0.11788600 -0.14055900
v -0.93319200 0.11788600 -0.14055900
v -0.93724600 -0.19270100 -0.14055900
v -0.93724600 -0.19270100 -0.14055900
v -0.93724600 -0.19270100 -0.14055900
v -0.93724600 -0.19270100 -0.14055900
v -0.93724600 -0.19270100 -0.14055900
v -0.96771400 0.16849500 -0.21405700
v -0.96771400 0.16849500 -0.21405700
v -0.95721900 0.13375500 -0.21405700
v -0.95043800 -0.16664800 -0.21405700
v -0.95257900 -0.20287600 -0.21405700
v -0.95257900 -0.20287600 -0.21405700
v -0.89010900 0.21945800 -0.12180900
v -0.89010900 0.21945800 -0.12180900
v -0.90265400 0.21376100 -0.12468300
v -0.90265400 0.21376100 -0.12468300
v -0.91451400 0.20635900 -0.12767100
v -0.91451400 0.20635900 -0.12767100
v -0.92544300 0.19734800 -0.13076400
v -0.92544300 0.19734800 -0.13076400
v -0.93520900 0.18686000 -0.13395000
v -0.93520900 0.18686000 -0.13395000
v -0.94360200 0.17506400 -0.13721900
v -0.94360200 0.17506400 -0.13721900
v -0.87713400 0.22339100 -0.11905900
v -0.87713400 0.22339100 -0.11905900
v -0.93630800 -0.19207800 -0.13721900
v -0.93630800 -0.19207800 -0.13721900
v -0.93520900 -0.19134900 -0.13395000
v -0.93520900 -0.19134900 -0.13395000
v -0.93395100 -0.19051500 -0.13076400
v -0.93395100 -0.19051500 -0.13076400
v -0.93038600 -0.14685000 -0.14055900
v -0.93038600 -0.14685000 -0.14055900
v -0.93038600 -0.14685000 -0.14055900
v -0.93038600 -0.14685000 -0.14055900
v -0.93038600 -0.14685000 -0.14055900
v -0.93038600 -0.14685000 -0.14055900
v -0.93319200 0.11788600 -0.10748500
v -0.93319200 0.11788600 -0.10748500
v -0.93319200 0.11788600 -0.10748500
v -0.93319200 0.11788600 -0.10748500
v -0.93319200 0.11788600 -0.10748500
v -0.93319200 -0.12237500 -0.14055900
v -0.93319200 -0.12237500 -0.14055900
v -0.93319200 -0.12237500 -0.14055900
v -0.93319200 -0.12237500 -0.14055900
v -0.93319200 -0.12237500 -0.14055900
v -0.93319200 -0.12237500 -0.14055900
v -0.94460600 -0.18006100 -0.14055900
v -0.94460600 -0.18006100 -0.14055900
v -0.94460600 -0.18006100 -0.14055900
v -0.94460600 -0.18006100 -0.14055900
v -0.94460600 -0.18006100 -0.14055900
v -0.95043800 0.16215900 -0.14055900
v -0.95043800 0.16215900 -0.14055900
v -0.95043800 0.16215900 -0.14055900
v -0.95043800 0.16215900 -0.14055900
v -0.95043800 0.16215900 -0.14055900
v -0.96102400 -0.18837400 -0.21405700
v -0.96102400 -0.18837400 -0.21405700
v -0.95466100 -0.15264500 -0.21405700
v -0.95810700 0.11861600 -0.21405700
v -0.85336100 0.22795500 -0.11644200
v -0.85336100 0.22795500 -0.11644200
v 0.90787300 0.19193800 -0.11644200
v 0.90787300 0.19193800 -0.11644200
v 0.91023400 -0.00224500 -0.11905900
v 0.91243800 -0.20090100 -0.12180900
v 0.91243800 -0.20090100 -0.12180900
v -0.85382700 -0.23702100 -0.12180900
v -0.85382700 -0.23702100 -0.12180900
v -0.86526100 -0.23442400 -0.12180900
v -0.86526100 -0.23442400 -0.12180900
v -0.87799200 -0.22991400 -0.12180900
v -0.87799200 -0.22991400 -0.12180900
v -0.89010900 -0.22394700 -0.12180900
v -0.89010900 -0.22394700 -0.12180900
v -0.86398900 0.22554200 -0.11644200
v -0.86398900 0.22554200 -0.11644200
v -0.90144400 -0.21660400 -0.12180900
v -0.90144400 -0.21660400 -0.12180900
v -0.91184400 -0.20798600 -0.12180900
v -0.91184400 -0.20798600 -0.12180900
v -0.92272400 -0.19953200 -0.12468300
v -0.92272400 -0.19953200 -0.12468300
v -0.93254100 -0.18957800 -0.12767100
v -0.93254100 -0.18957800 -0.12767100
v -0.93243300 -0.13532700 -0.10748500
v -0.93243300 -0.13532700 -0.10748500
v -0.93243300 -0.13532700 -0.10748500
v -0.93243300 -0.13532700 -0.10748500
v -0.93243300 -0.13532700 -0.10748500
v -0.93243300 -0.13532700 -0.14055900
v -0.93243300 -0.13532700 -0.14055900
v -0.93243300 -0.13532700 -0.14055900
v -0.93243300 -0.13532700 -0.14055900
v -0.93243300 -0.13532700 -0.14055900
v -0.93243300 -0.13532700 -0.14055900
v -0.93319200 -0.12237500 -0.10748500
v -0.93319200 -0.12237500 -0.10748500
v -0.93319200 -0.12237500 -0.10748500
v -0.93319200 -0.12237500 -0.10748500
v -0.93319200 -0.12237500 -0.10748500
v -0.93319200 -0.12237500 -0.10754200
v -0.93319200 -0.12237500 -0.10754200
v -0.93319200 -0.12237500 -0.10754200
v -0.93319200 -0.12237500 -0.10754200
v -0.97256000 0.15242900 -0.21405700
v -0.97256000 0.15242900 -0.21405700
v -0.95810700 -0.12310500 -0.21405700
v -0.96771400 -0.17298500 -0.21405700
v -0.96771400 -0.17298500 -0.21405700
v -0.95721900 -0.13824400 -0.21405700
v -0.88901900 0.21753700 -0.11905900
v -0.88901900 0.21753700 -0.11905900
v -0.90144400 0.21211500 -0.12180900
v -0.90144400 0.21211500 -0.12180900
v -0.91323800 0.20499100 -0.12468300
v -0.91323800 0.20499100 -0.12468300
v -0.92415100 0.19625300 -0.12767100
v -0.92415100 0.19625300 -0.12767100
v -0.93395100 0.18602500 -0.13076400
v -0.93395100 0.18602500 -0.13076400
v -0.94242400 0.17446800 -0.13395000
v -0.94242400 0.17446800 -0.13395000
v -0.94938100 0.16177100 -0.13721900
v -0.94938100 0.16177100 -0.13721900
v -0.87621500 0.22121100 -0.11644200
v -0.87621500 0.22121100 -0.11644200
v -0.94360200 -0.17955300 -0.13721900
v -0.94360200 -0.17955300 -0.13721900
v -0.94242400 -0.17895700 -0.13395000
v -0.94242400 -0.17895700 -0.13395000
v -0.94107800 -0.17827500 -0.13076400
v -0.94107800 -0.17827500 -0.13076400
v -0.93319200 -0.12237500 -0.10751500
v -0.93319200 -0.12237500 -0.10751500
v -0.93319200 -0.12237500 -0.10751500
v -0.93319200 -0.12237500 -0.10751500
v -0.93319200 -0.12237500 -0.10751500
v -0.93319200 -0.12237500 -0.10751500
v -0.95043800 -0.16664800 -0.14055900
v -0.95043800 -0.16664800 -0.14055900
v -0.95043800 -0.16664800 -0.14055900
v -0.95043800 -0.16664800 -0.14055900
v -0.95043800 -0.16664800 -0.14055900
v -0.95466100 0.14815600 -0.14055900
v -0.95466100 0.14815600 -0.14055900
v -0.95466100 0.14815600 -0.14055900
v -0.95466100 0.14815600 -0.14055900
v -0.95466100 0.14815600 -0.14055900
v -0.88785100 0.21548000 -0.11644200
v -0.88785100 0.21548000 -0.11644200
v -0.86328900 0.22312700 -0.11396900
v -0.86328900 0.22312700 -0.11396900
v 0.90536300 0.18947900 -0.11396900
v 0.90536300 0.18947900 -0.11396900
v 0.90787300 -0.00224500 -0.11644200
v 0.91023400 -0.19874100 -0.11905900
v 0.91023400 -0.19874100 -0.11905900
v -0.85360200 -0.23481100 -0.11905900
v -0.85360200 -0.23481100 -0.11905900
v -0.86464700 -0.23230300 -0.11905900
v -0.86464700 -0.23230300 -0.11905900
v -0.87713400 -0.22788000 -0.11905900
v -0.87713400 -0.22788000 -0.11905900
v -0.88901900 -0.22202700 -0.11905900
v -0.88901900 -0.22202700 -0.11905900
v -0.90013800 -0.21482400 -0.11905900
v -0.90013800 -0.21482400 -0.11905900
v -0.87523800 0.21889400 -0.11396900
v -0.87523800 0.21889400 -0.11396900
v -0.91033800 -0.20637100 -0.11905900
v -0.91033800 -0.20637100 -0.11905900
v -0.92116500 -0.19821100 -0.12180900
v -0.92116500 -0.19821100 -0.12180900
v -0.93098200 -0.18854400 -0.12468300
v -0.93098200 -0.18854400 -0.12468300
v -0.93956800 -0.17751000 -0.12767100
v -0.93956800 -0.17751000 -0.12767100
v -0.97549500 0.13590700 -0.21405700
v -0.97549500 0.13590700 -0.21405700
v -0.97256000 -0.15691800 -0.21405700
v -0.97256000 -0.15691800 -0.21405700
v -0.89873800 0.20842800 -0.11644200
v -0.89873800 0.20842800 -0.11644200
v -0.90013800 0.21033500 -0.11905900
v -0.90013800 0.21033500 -0.11905900
v -0.91184400 0.20349700 -0.12180900
v -0.91184400 0.20349700 -0.12180900
v -0.92272400 0.19504300 -0.12468300
v -0.92272400 0.19504300 -0.12468300
v -0.93254100 0.18508900 -0.12767100
v -0.93254100 0.18508900 -0.12767100
v -0.94107800 0.17378600 -0.13076400
v -0.94107800 0.17378600 -0.13076400
v -0.94814200 0.16131700 -0.13395000
v -0.94814200 0.16131700 -0.13395000
v -0.95356600 0.14789500 -0.13721900
v -0.95356600 0.14789500 -0.13721900
v -0.85310500 0.22543900 -0.11396900
v -0.85310500 0.22543900 -0.11396900
v 0.90536300 -0.19396800 -0.11396900
v 0.90536300 -0.19396800 -0.11396900
v -0.88661000 0.21329300 -0.11396900
v -0.88661000 0.21329300 -0.11396900
v -0.91948100 -0.19678400 -0.11905900
v -0.91948100 -0.19678400 -0.11905900
v -0.94938100 -0.16626100 -0.13721900
v -0.94938100 -0.16626100 -0.13721900
v -0.94814200 -0.16580600 -0.13395000
v -0.94814200 -0.16580600 -0.13395000
v -0.94672500 -0.16528700 -0.13076400
v -0.94672500 -0.16528700 -0.13076400
v -0.95466100 -0.15264500 -0.14055900
v -0.95466100 -0.15264500 -0.14055900
v -0.95466100 -0.15264500 -0.14055900
v -0.95466100 -0.15264500 -0.14055900
v -0.95466100 -0.15264500 -0.14055900
v -0.95721900 0.13375500 -0.14055900
v -0.95721900 0.13375500 -0.14055900
v -0.95721900 0.13375500 -0.14055900
v -0.95721900 0.13375500 -0.14055900
v -0.95721900 0.13375500 -0.14055900
v -0.89724900 0.20640200 -0.11396900
v -0.89724900 0.20640200 -0.11396900
v -0.91033800 0.20188200 -0.11905900
v -0.91033800 0.20188200 -0.11905900
v -0.86255100 0.22057600 -0.11164600
v -0.86255100 0.22057600 -0.11164600
v -0.87420600 0.21644800 -0.11164600
v -0.87420600 0.21644800 -0.11164600
v 0.90271200 0.18688200 -0.11164600
v 0.90271200 0.18688200 -0.11164600
v 0.90536300 -0.00224500 -0.11396900
v 0.90787300 -0.19642800 -0.11644200
v 0.90787300 -0.19642800 -0.11644200
v -0.85336100 -0.23244500 -0.11644200
v -0.85336100 -0.23244500 -0.11644200
v -0.86398900 -0.23003100 -0.11644200
v -0.86398900 -0.23003100 -0.11644200
v -0.87621500 -0.22570000 -0.11644200
v -0.87621500 -0.22570000 -0.11644200
v -0.88785100 -0.21997000 -0.11644200
v -0.88785100 -0.21997000 -0.11644200
v -0.89873800 -0.21291800 -0.11644200
v -0.89873800 -0.21291800 -0.11644200
v -0.90872500 -0.20464200 -0.11644200
v -0.90872500 -0.20464200 -0.11644200
v -0.88530000 0.21098400 -0.11164600
v -0.88530000 0.21098400 -0.11164600
v -0.91767600 -0.19525500 -0.11644200
v -0.91767600 -0.19525500 -0.11644200
v -0.92927900 -0.18741400 -0.12180900
v -0.92927900 -0.18741400 -0.12180900
v -0.92744000 -0.18619300 -0.11905900
v -0.92744000 -0.18619300 -0.11905900
v -0.93789800 -0.17666500 -0.12468300
v -0.93789800 -0.17666500 -0.12468300
v -0.94513600 -0.16470400 -0.12767100
v -0.94513600 -0.16470400 -0.12767100
v -0.97647700 0.11915400 -0.21405700
v -0.97647700 0.11915400 -0.21405700
v -0.97549500 -0.14039600 -0.21405700
v -0.97549500 -0.14039600 -0.21405700
v -0.90872500 0.20015200 -0.11644200
v -0.90872500 0.20015200 -0.11644200
v -0.90701000 0.19831300 -0.11396900
v -0.90701000 0.19831300 -0.11396900
v -0.91948100 0.19229500 -0.11905900
v -0.91948100 0.19229500 -0.11905900
v -0.92116500 0.19372200 -0.12180900
v -0.92116500 0.19372200 -0.12180900
v -0.93098200 0.18405500 -0.12468300
v -0.93098200 0.18405500 -0.12468300
v -0.93956800 0.17302100 -0.12767100
v -0.93956800 0.17302100 -0.12767100
v -0.94672500 0.16079700 -0.13076400
v -0.94672500 0.16079700 -0.13076400
v -0.95228300 0.14758800 -0.13395000
v -0.95228300 0.14758800 -0.13395000
v -0.95610100 0.13362400 -0.13721900
v -0.95610100 0.13362400 -0.13721900
v -0.85283500 0.22278300 -0.11164600
v -0.85283500 0.22278300 -0.11164600
v 0.90271200 -0.19137100 -0.11164600
v 0.90271200 -0.19137100 -0.11164600
v -0.89567800 0.20426200 -0.11164600
v -0.89567800 0.20426200 -0.11164600
v -0.92546900 -0.18488500 -0.11644200
v -0.92546900 -0.18488500 -0.11644200
v -0.95356600 -0.15238400 -0.13721900
v -0.95356600 -0.15238400 -0.13721900
v -0.95228300 -0.15207700 -0.13395000
v -0.95228300 -0.15207700 -0.13395000
v -0.95081500 -0.15172700 -0.13076400
v -0.95081500 -0.15172700 -0.13076400
v -0.95721900 -0.13824400 -0.14055900
v -0.95721900 -0.13824400 -0.14055900
v -0.95721900 -0.13824400 -0.14055900
v -0.95721900 -0.13824400 -0.14055900
v -0.95721900 -0.13824400 -0.14055900
v -0.95810700 0.11861600 -0.14055900
v -0.95810700 0.11861600 -0.14055900
v -0.95810700 0.11861600 -0.14055900
v -0.95810700 0.11861600 -0.14055900
v -0.95810700 0.11861600 -0.14055900
v -0.90519900 0.19637200 -0.11164600
v -0.90519900 0.19637200 -0.11164600
v -0.91767600 0.19076500 -0.11644200
v -0.91767600 0.19076500 -0.11644200
v -0.86177600 0.21790000 -0.10948200
v -0.86177600 0.21790000 -0.10948200
v -0.87312400 0.21388000 -0.10948200
v -0.87312400 0.21388000 -0.10948200
v -0.88392400 0.20856100 -0.10948200
v -0.88392400 0.20856100 -0.10948200
v 0.89993000 0.18415600 -0.10948200
v 0.89993000 0.18415600 -0.10948200
v 0.90271200 -0.00224500 -0.11164600
v -0.85310500 -0.22992900 -0.11396900
v -0.85310500 -0.22992900 -0.11396900
v -0.86328900 -0.22761600 -0.11396900
v -0.86328900 -0.22761600 -0.11396900
v -0.87523800 -0.22338300 -0.11396900
v -0.87523800 -0.22338300 -0.11396900
v -0.88661000 -0.21778300 -0.11396900
v -0.88661000 -0.21778300 -0.11396900
v -0.89724900 -0.21089100 -0.11396900
v -0.89724900 -0.21089100 -0.11396900
v -0.90701000 -0.20280300 -0.11396900
v -0.90701000 -0.20280300 -0.11396900
v -0.91575800 -0.19362900 -0.11396900
v -0.91575800 -0.19362900 -0.11396900
v -0.89402800 0.20201500 -0.10948200
v -0.89402800 0.20201500 -0.10948200
v -0.92337400 -0.18349500 -0.11396900
v -0.92337400 -0.18349500 -0.11396900
v -0.93607600 -0.17574200 -0.12180900
v -0.93607600 -0.17574200 -0.12180900
v -0.93199600 -0.17367600 -0.11644200
v -0.93199600 -0.17367600 -0.11644200
v -0.94337900 -0.16405900 -0.12468300
v -0.94337900 -0.16405900 -0.12468300
v -0.94916800 -0.15133400 -0.12767100
v -0.94916800 -0.15133400 -0.12767100
v -0.97647700 -0.00224500 -0.21405700
v -0.97647700 -0.00224500 -0.21405700
v -0.91575800 0.18913900 -0.11396900
v -0.91575800 0.18913900 -0.11396900
v -0.91373200 0.18742300 -0.11164600
v -0.91373200 0.18742300 -0.11164600
v -0.92744000 0.18170400 -0.11905900
v -0.92744000 0.18170400 -0.11905900
v -0.92546900 0.18039600 -0.11644200
v -0.92546900 0.18039600 -0.11644200
v -0.92927900 0.18292500 -0.12180900
v -0.92927900 0.18292500 -0.12180900
v -0.93789800 0.17217600 -0.12468300
v -0.93789800 0.17217600 -0.12468300
v -0.94513600 0.16021400 -0.12767100
v -0.94513600 0.16021400 -0.12767100
v -0.95081500 0.14723800 -0.13076400
v -0.95081500 0.14723800 -0.13076400
v -0.95479000 0.13346900 -0.13395000
v -0.95479000 0.13346900 -0.13395000
v -0.95698300 0.11858300 -0.13721900
v -0.95698300 0.11858300 -0.13721900
v -0.85255100 0.21999400 -0.10948200
v -0.85255100 0.21999400 -0.10948200
v 0.89993000 -0.18864500 -0.10948200
v 0.89993000 -0.18864500 -0.10948200
v -0.85283500 -0.22727200 -0.11164600
v -0.85283500 -0.22727200 -0.11164600
v -0.90329800 0.19433400 -0.10948200
v -0.90329800 0.19433400 -0.10948200
v -0.92975200 -0.17254000 -0.11396900
v -0.92975200 -0.17254000 -0.11396900
v -0.93410600 -0.17474500 -0.11905900
v -0.93410600 -0.17474500 -0.11905900
v -0.95610100 -0.13811300 -0.13721900
v -0.95610100 -0.13811300 -0.13721900
v -0.95479000 -0.13795900 -0.13395000
v -0.95479000 -0.13795900 -0.13395000
v -0.95329200 -0.13778200 -0.13076400
v -0.95329200 -0.13778200 -0.13076400
v -0.97647700 -0.12364300 -0.21405700
v -0.97647700 -0.12364300 -0.21405700
v -0.95810700 -0.00224500 -0.14055900
v -0.95810700 -0.00224500 -0.14055900
v -0.95810700 -0.00224500 -0.14055900
v -0.95810700 -0.00224500 -0.14055900
v -0.91160600 0.18562100 -0.10948200
v -0.91160600 0.18562100 -0.10948200
v -0.92337400 0.17900600 -0.11396900
v -0.92337400 0.17900600 -0.11396900
v -0.86096700 0.21510600 -0.10748500
v -0.86096700 0.21510600 -0.10748500
v -0.87199400 0.21120000 -0.10748500
v -0.87199400 0.21120000 -0.10748500
v -0.88248800 0.20603100 -0.10748500
v -0.88248800 0.20603100 -0.10748500
v -0.89230700 0.19967100 -0.10748500
v -0.89230700 0.19967100 -0.10748500
v 0.89702600 0.18131100 -0.10748500
v 0.89702600 0.18131100 -0.10748500
v 0.89993000 -0.00224500 -0.10948200
v -0.86255100 -0.22506600 -0.11164600
v -0.86255100 -0.22506600 -0.11164600
v -0.87420600 -0.22093700 -0.11164600
v -0.87420600 -0.22093700 -0.11164600
v -0.88530000 -0.21547300 -0.11164600
v -0.88530000 -0.21547300 -0.11164600
v -0.89567800 -0.20875100 -0.11164600
v -0.89567800 -0.20875100 -0.11164600
v -0.90519900 -0.20086100 -0.11164600
v -0.90519900 -0.20086100 -0.11164600
v -0.91373200 -0.19191200 -0.11164600
v -0.91373200 -0.19191200 -0.11164600
v -0.92116100 -0.18202700 -0.11164600
v -0.92116100 -0.18202700 -0.11164600
v -0.90131400 0.19220700 -0.10748500
v -0.90131400 0.19220700 -0.10748500
v -0.92738300 -0.17134100 -0.11164600
v -0.92738300 -0.17134100 -0.11164600
v -0.94146100 -0.16335600 -0.12180900
v -0.94146100 -0.16335600 -0.12180900
v -0.93938800 -0.16259600 -0.11905900
v -0.93938800 -0.16259600 -0.11905900
v -0.93480600 -0.16091500 -0.11396900
v -0.93480600 -0.16091500 -0.11396900
v -0.94734800 -0.15089900 -0.12468300
v -0.94734800 -0.15089900 -0.12468300
v -0.95161000 -0.13758400 -0.12767100
v -0.95161000 -0.13758400 -0.12767100
v -0.95810700 -0.12310500 -0.14055900
v -0.95810700 -0.12310500 -0.14055900
v -0.95810700 -0.12310500 -0.14055900
v -0.95810700 -0.12310500 -0.14055900
v -0.95810700 -0.12310500 -0.14055900
v -0.92116100 0.17753800 -0.11164600
v -0.92116100 0.17753800 -0.11164600
v -0.91883900 0.17599700 -0.10948200
v -0.91883900 0.17599700 -0.10948200
v -0.93607600 0.17125300 -0.12180900
v -0.93607600 0.17125300 -0.12180900
v -0.93199600 0.16918700 -0.11644200
v -0.93199600 0.16918700 -0.11644200
v -0.92975200 0.16805100 -0.11396900
v -0.92975200 0.16805100 -0.11396900
v -0.94337900 0.15957000 -0.12468300
v -0.94337900 0.15957000 -0.12468300
v -0.94916800 0.14684500 -0.12767100
v -0.94916800 0.14684500 -0.12767100
v -0.95329200 0.13329300 -0.13076400
v -0.95329200 0.13329300 -0.13076400
v -0.95566500 0.11854400 -0.13395000
v -0.95566500 0.11854400 -0.13395000
v -0.95698300 -0.12307200 -0.13721900
v -0.95698300 -0.12307200 -0.13721900
v -0.85225500 0.21708400 -0.10748500
v -0.85225500 0.21708400 -0.10748500
v 0.89702600 -0.18580100 -0.10748500
v 0.89702600 -0.18580100 -0.10748500
v -0.85255100 -0.22448400 -0.10948200
v -0.85255100 -0.22448400 -0.10948200
v -0.86177600 -0.22238900 -0.10948200
v -0.86177600 -0.22238900 -0.10948200
v -0.90938800 0.18374000 -0.10748500
v -0.90938800 0.18374000 -0.10748500
v -0.93231400 -0.16000100 -0.11164600
v -0.93231400 -0.16000100 -0.11164600
v -0.93716700 -0.16178100 -0.11644200
v -0.93716700 -0.16178100 -0.11644200
v -0.95566500 -0.12303400 -0.13395000
v -0.95566500 -0.12303400 -0.13395000
v -0.95415900 -0.12298900 -0.13076400
v -0.95415900 -0.12298900 -0.13076400
v -0.91641600 0.17438800 -0.10748500
v -0.91641600 0.17438800 -0.10748500
v -0.92738300 0.16685200 -0.11164600
v -0.92738300 0.16685200 -0.11164600
v -0.93410600 0.17025600 -0.11905900
v -0.93410600 0.17025600 -0.11905900
v 0.89702600 -0.00224500 -0.10748500
v -0.87312400 -0.21836900 -0.10948200
v -0.87312400 -0.21836900 -0.10948200
v -0.88392400 -0.21305000 -0.10948200
v -0.88392400 -0.21305000 -0.10948200
v -0.89402800 -0.20650500 -0.10948200
v -0.89402800 -0.20650500 -0.10948200
v -0.90329800 -0.19882300 -0.10948200
v -0.90329800 -0.19882300 -0.10948200
v -0.91160600 -0.19011000 -0.10948200
v -0.91160600 -0.19011000 -0.10948200
v -0.91883900 -0.18048600 -0.10948200
v -0.91883900 -0.18048600 -0.10948200
v -0.92489700 -0.17008200 -0.10948200
v -0.92489700 -0.17008200 -0.10948200
v -0.92969700 -0.15904200 -0.10948200
v -0.92969700 -0.15904200 -0.10948200
v -0.94536100 -0.15042500 -0.12180900
v -0.94536100 -0.15042500 -0.12180900
v -0.94321300 -0.14991200 -0.11905900
v -0.94321300 -0.14991200 -0.11905900
v -0.93846700 -0.14877900 -0.11396900
v -0.93846700 -0.14877900 -0.11396900
v -0.93588400 -0.14816200 -0.11164600
v -0.93588400 -0.14816200 -0.11164600
v -0.94975200 -0.13736600 -0.12468300
v -0.94975200 -0.13736600 -0.12468300
v -0.95246900 -0.12294000 -0.12767100
v -0.95246900 -0.12294000 -0.12767100
v -0.92489700 0.16559300 -0.10948200
v -0.92489700 0.16559300 -0.10948200
v -0.92230200 0.16427900 -0.10748500
v -0.92230200 0.16427900 -0.10748500
v -0.94146100 0.15886700 -0.12180900
v -0.94146100 0.15886700 -0.12180900
v -0.93938800 0.15810600 -0.11905900
v -0.93938800 0.15810600 -0.11905900
v -0.93480600 0.15642600 -0.11396900
v -0.93480600 0.15642600 -0.11396900
v -0.93231400 0.15551200 -0.11164600
v -0.93231400 0.15551200 -0.11164600
v -0.94734800 0.14641000 -0.12468300
v -0.94734800 0.14641000 -0.12468300
v -0.95161000 0.13309500 -0.12767100
v -0.95161000 0.13309500 -0.12767100
v -0.95415900 0.11850000 -0.13076400
v -0.95415900 0.11850000 -0.13076400
v -0.85225500 -0.22157300 -0.10748500
v -0.85225500 -0.22157300 -0.10748500
v -0.86096700 -0.21959500 -0.10748500
v -0.86096700 -0.21959500 -0.10748500
v -0.87199400 -0.21568900 -0.10748500
v -0.87199400 -0.21568900 -0.10748500
v -0.93317400 -0.14751500 -0.10948200
v -0.93317400 -0.14751500 -0.10948200
v -0.94091300 -0.14936300 -0.11644200
v -0.94091300 -0.14936300 -0.11644200
v -0.95246900 0.11845100 -0.12767100
v -0.95246900 0.11845100 -0.12767100
v -0.92969700 0.15455200 -0.10948200
v -0.92969700 0.15455200 -0.10948200
v -0.93716700 0.15729200 -0.11644200
v -0.93716700 0.15729200 -0.11644200
v -0.88248800 -0.21052000 -0.10748500
v -0.88248800 -0.21052000 -0.10748500
v -0.89230700 -0.20416000 -0.10748500
v -0.89230700 -0.20416000 -0.10748500
v -0.90131400 -0.19669600 -0.10748500
v -0.90131400 -0.19669600 -0.10748500
v -0.90938800 -0.18823000 -0.10748500
v -0.90938800 -0.18823000 -0.10748500
v -0.91641600 -0.17887800 -0.10748500
v -0.91641600 -0.17887800 -0.10748500
v -0.92230200 -0.16876800 -0.10748500
v -0.92230200 -0.16876800 -0.10748500
v -0.92696600 -0.15804000 -0.10748500
v -0.92696600 -0.15804000 -0.10748500
v -0.93034500 -0.14684000 -0.10748500
v -0.93034500 -0.14684000 -0.10748500
v -0.94772300 -0.13712700 -0.12180900
v -0.94772300 -0.13712700 -0.12180900
v -0.94553000 -0.13686900 -0.11905900
v -0.94553000 -0.13686900 -0.11905900
v -0.94068300 -0.13629800 -0.11396900
v -0.94068300 -0.13629800 -0.11396900
v -0.93804700 -0.13598800 -0.11164600
v -0.93804700 -0.13598800 -0.11164600
v -0.93527900 -0.13566200 -0.10948200
v -0.93527900 -0.13566200 -0.10948200
v -0.95060100 -0.12288500 -0.12468300
v -0.95060100 -0.12288500 -0.12468300
v -0.95060100 0.11839600 -0.12468300
v -0.95060100 0.11839600 -0.12468300
v -0.92696600 0.15355100 -0.10748500
v -0.92696600 0.15355100 -0.10748500
v -0.94536100 0.14593600 -0.12180900
v -0.94536100 0.14593600 -0.12180900
v -0.94321300 0.14542300 -0.11905900
v -0.94321300 0.14542300 -0.11905900
v -0.93846700 0.14429000 -0.11396900
v -0.93846700 0.14429000 -0.11396900
v -0.93588400 0.14367300 -0.11164600
v -0.93588400 0.14367300 -0.11164600
v -0.93317400 0.14302600 -0.10948200
v -0.93317400 0.14302600 -0.10948200
v -0.94975200 0.13287600 -0.12468300
v -0.94975200 0.13287600 -0.12468300
v -0.93239000 -0.13532200 -0.10748500
v -0.93239000 -0.13532200 -0.10748500
v -0.94318100 -0.13659200 -0.11644200
v -0.94318100 -0.13659200 -0.11644200
v -0.93034500 0.14235100 -0.10748500
v -0.93034500 0.14235100 -0.10748500
v -0.94091300 0.14487400 -0.11644200
v -0.94091300 0.14487400 -0.11644200
v -0.94856200 -0.12282500 -0.12180900
v -0.94856200 -0.12282500 -0.12180900
v -0.94635700 -0.12276100 -0.11905900
v -0.94635700 -0.12276100 -0.11905900
v -0.94148600 -0.12261800 -0.11396900
v -0.94148600 -0.12261800 -0.11396900
v -0.93883500 -0.12254000 -0.11164600
v -0.93883500 -0.12254000 -0.11164600
v -0.93605300 -0.12245900 -0.10948200
v -0.93605300 -0.12245900 -0.10948200
v -0.93315000 -0.12237500 -0.10748500
v -0.93315000 -0.12237500 -0.10748500
v -0.94856200 0.11833600 -0.12180900
v -0.94856200 0.11833600 -0.12180900
v -0.94772300 0.13263700 -0.12180900
v -0.94772300 0.13263700 -0.12180900
v -0.94553000 0.13237900 -0.11905900
v -0.94553000 0.13237900 -0.11905900
v -0.94068300 0.13180900 -0.11396900
v -0.94068300 0.13180900 -0.11396900
v -0.93804700 0.13149800 -0.11164600
v -0.93804700 0.13149800 -0.11164600
v -0.93527900 0.13117300 -0.10948200
v -0.93527900 0.13117300 -0.10948200
v -0.93239000 0.13083300 -0.10748500
v -0.93239000 0.13083300 -0.10748500
v -0.94399600 -0.12269200 -0.11644200
v -0.94399600 -0.12269200 -0.11644200
v -0.94318100 0.13210300 -0.11644200
v -0.94318100 0.13210300 -0.11644200
v -0.94635700 0.11827200 -0.11905900
v -0.94635700 0.11827200 -0.11905900
v -0.94399600 0.11820200 -0.11644200
v -0.94399600 0.11820200 -0.11644200
v -0.94148600 0.11812900 -0.11396900
v -0.94148600 0.11812900 -0.11396900
v -0.93883500 0.11805100 -0.11164600
v -0.93883500 0.11805100 -0.11164600
v -0.93605300 0.11797000 -0.10948200
v -0.93605300 0.11797000 -0.10948200
v -0.93315000 0.11788500 -0.10748500
v -0.93315000 0.11788500 -0.10748500
v 0.95228200 0.15361700 0.17905700
v 0.95228200 0.15361700 0.17905700
v -0.84886600 0.15361700 0.30758300
v -0.78827300 0.15361700 0.30758300
v -0.78827300 0.15361700 0.30758300
v -0.84886600 -0.15854100 0.30758300
v 0.95228200 -0.15854100 0.17905700
v 0.95228200 -0.15854100 0.17905700
v 0.95309400 0.15361700 0.19005100
v -0.78827300 0.16464200 0.30758300
v -0.78827300 0.16464200 0.30758300
v -0.85989100 0.16464200 0.30758300
v -0.84886600 0.15361700 0.31857800
v 0.95309400 -0.15854100 0.19005100
v 0.95228200 0.16464200 0.17905700
v 0.95228200 0.16464200 0.17905700
v -0.78746200 0.15361700 0.31857800
v -0.78746200 0.15361700 0.31857800
v -0.85989100 -0.16956600 0.30758300
v -0.84886600 -0.15854100 0.31857800
v 0.96329600 0.16464200 0.17856900
v 0.96329600 -0.16956600 0.17856900
v -0.78827300 -0.15854100 0.30758300
v -0.78827300 -0.15854100 0.30758300
v -0.78746200 -0.15854100 0.31857800
v -0.78746200 -0.15854100 0.31857800
v -0.78827300 -0.16956600 0.30758300
v -0.78827300 -0.16956600 0.30758300
v 0.95228200 -0.16956600 0.17905700
v 0.95228200 -0.16956600 0.17905700
v 0.95228200 0.15361700 0.17905700
v 0.95228200 0.15361700 0.17905700
v -0.84886600 0.15361700 0.06065800
v 0.94703900 0.15361700 0.06065800
v 0.94703900 0.15361700 0.06065800
v -0.84886600 0.15361700 0.30758300
v -0.84886600 0.15361700 0.30758300
v 0.94703900 0.16464200 0.06065800
v 0.94703900 0.16464200 0.06065800
v 0.94703900 0.16464200 0.06065800
v 0.94703900 -0.15854200 0.06065800
v 0.94703900 -0.15854200 0.06065800
v -0.78827300 0.15361700 0.30758300
v -0.84886600 -0.15854100 0.30758300
v -0.84886600 -0.15854100 0.30758300
v -0.85989100 0.16464200 0.06065800
v -0.85989100 0.16464200 0.06065800
v -0.85989100 0.16464200 0.06065800
v 0.95805300 -0.16956600 0.06017000
v 0.95805300 -0.16956600 0.06017000
v 0.95805300 -0.16956600 0.06017000
v 0.95228200 -0.15854100 0.17905700
v 0.95228200 -0.15854100 0.17905700
v 0.95309400 0.15361700 0.19005100
v 0.95309400 0.15361700 0.19005100
v -0.78827300 0.16464200 0.30758300
v -0.85989100 0.16464200 0.30758300
v -0.85989100 0.16464200 0.30758300
v -0.84886600 0.15361700 0.31857800
v -0.84886600 0.15361700 0.31857800
v -0.84886600 -0.15854100 0.06065800
v -0.85989100 -0.16956600 0.06065800
v -0.85989100 -0.16956600 0.06065800
v -0.85989100 -0.16956600 0.06065800
v 0.95805300 0.16464200 0.06017100
v 0.95805300 0.16464200 0.06017100
v 0.95805300 0.16464200 0.06017100
v 0.95309400 -0.15854100 0.19005100
v 0.95309400 -0.15854100 0.19005100
v 0.95228200 0.16464200 0.17905700
v 0.94703600 -0.16956600 0.06065800
v 0.94703600 -0.16956600 0.06065800
v 0.94703600 -0.16956600 0.06065800
v -0.78746200 0.15361700 0.31857800
v -0.85989100 -0.16956600 0.30758300
v -0.85989100 -0.16956600 0.30758300
v -0.84886600 -0.15854100 0.31857800
v -0.84886600 -0.15854100 0.31857800
v 0.96329600 0.16464200 0.17856900
v 0.96329600 0.16464200 0.17856900
v 0.96329600 -0.16956600 0.17856900
v 0.96329600 -0.16956600 0.17856900
v -0.78827300 -0.15854100 0.30758300
v -0.78746200 -0.15854100 0.31857800
v -0.78827300 -0.16956600 0.30758300
v 0.95228200 -0.16956600 0.17905700
v 0.95228200 0.15361700 0.17905700
v 0.95228200 0.15361700 0.17905700
v 0.95228200 0.15361700 0.17905700
v 0.95228200 0.15361700 0.17905700
v 0.95228200 0.15361700 0.17905700
v 0.95228200 0.15361700 0.17905700
v 0.95228200 0.15361700 0.17905700
v -0.84886600 0.15361700 0.06065800
v -0.84886600 0.15361700 0.06065800
v -0.84886600 0.15361700 0.06065800
v -0.84886600 0.15361700 0.06065800
v -0.84886600 0.15361700 0.06065800
v 0.94703900 0.15361700 0.06065800
v 0.94703900 0.15361700 0.06065800
v 0.94703900 0.15361700 0.06065800
v 0.94703900 0.15361700 0.06065800
v 0.94703900 0.15361700 0.06065800
v 0.94703900 0.15361700 0.06065800
v -0.84886600 0.15361700 0.30758300
v -0.84886600 0.15361700 0.30758300
v -0.84886600 0.15361700 0.30758300
v -0.84886600 0.15361700 0.30758300
v -0.84886600 0.15361700 0.30758300
v 0.94703900 0.16464200 0.06065800
v 0.94703900 0.16464200 0.06065800
v 0.94703900 0.16464200 0.06065800
v 0.94703900 -0.15854200 0.06065800
v 0.94703900 -0.15854200 0.06065800
v 0.94703900 -0.15854200 0.06065800
v 0.94703900 -0.15854200 0.06065800
v 0.94703900 -0.15854200 0.06065800
v 0.94703900 -0.15854200 0.06065800
v -0.78827300 0.15361700 0.30758300
v -0.78827300 0.15361700 0.30758300
v -0.78827300 0.15361700 0.30758300
v -0.78827300 0.15361700 0.30758300
v -0.84886600 -0.15854100 0.30758300
v -0.84886600 -0.15854100 0.30758300
v -0.84886600 -0.15854100 0.30758300
v -0.84886600 -0.15854100 0.30758300
v -0.84886600 -0.15854100 0.30758300
v -0.85989100 0.16464200 0.06065800
v -0.85989100 0.16464200 0.06065800
v -0.85989100 0.16464200 0.06065800
v 0.95805300 -0.16956600 0.06017000
v 0.95805300 -0.16956600 0.06017000
v 0.95805300 -0.16956600 0.06017000
v 0.95228200 -0.15854100 0.17905700
v 0.95228200 -0.15854100 0.17905700
v 0.95228200 -0.15854100 0.17905700
v 0.95228200 -0.15854100 0.17905700
v 0.95228200 -0.15854100 0.17905700
v 0.95228200 -0.15854100 0.17905700
v 0.95228200 -0.15854100 0.17905700
v 0.95309400 0.15361700 0.19005100
v 0.95309400 0.15361700 0.19005100
v 0.95309400 0.15361700 0.19005100
v -0.78827300 0.16464200 0.30758300
v -0.78827300 0.16464200 0.30758300
v -0.78827300 0.16464200 0.30758300
v -0.85989100 0.16464200 0.30758300
v -0.85989100 0.16464200 0.30758300
v -0.85989100 0.16464200 0.30758300
v -0.84886600 0.15361700 0.31857800
v -0.84886600 0.15361700 0.31857800
v -0.84886600 0.15361700 0.31857800
v -0.84886600 -0.15854100 0.06065800
v -0.84886600 -0.15854100 0.06065800
v -0.84886600 -0.15854100 0.06065800
v -0.84886600 -0.15854100 0.06065800
v -0.84886600 -0.15854100 0.06065800
v -0.85989100 -0.16956600 0.06065800
v -0.85989100 -0.16956600 0.06065800
v -0.85989100 -0.16956600 0.06065800
v 0.95805300 0.16464200 0.06017100
v 0.95805300 0.16464200 0.06017100
v 0.95805300 0.16464200 0.06017100
v 0.95309400 -0.15854100 0.19005100
v 0.95309400 -0.15854100 0.19005100
v 0.95309400 -0.15854100 0.19005100
v 0.95228200 0.16464200 0.17905700
v 0.95228200 0.16464200 0.17905700
v 0.95228200 0.16464200 0.17905700
v 0.94703600 -0.16956600 0.06065800
v 0.94703600 -0.16956600 0.06065800
v 0.94703600 -0.16956600 0.06065800
v -0.78746200 0.15361700 0.31857800
v -0.78746200 0.15361700 0.31857800
v -0.78746200 0.15361700 0.31857800
v -0.85989100 -0.16956600 0.30758300
v -0.85989100 -0.16956600 0.30758300
v -0.85989100 -0.16956600 0.30758300
v -0.84886600 -0.15854100 0.31857800
v -0.84886600 -0.15854100 0.31857800
v -0.84886600 -0.15854100 0.31857800
v 0.96329600 0.16464200 0.17856900
v 0.96329600 0.16464200 0.17856900
v 0.96329600 0.16464200 0.17856900
v 0.96329600 -0.16956600 0.17856900
v 0.96329600 -0.16956600 0.17856900
v 0.96329600 -0.16956600 0.17856900
v -0.78827300 -0.15854100 0.30758300
v -0.78827300 -0.15854100 0.30758300
v -0.78827300 -0.15854100 0.30758300
v -0.78827300 -0.15854100 0.30758300
v -0.78746200 -0.15854100 0.31857800
v -0.78746200 -0.15854100 0.31857800
v -0.78746200 -0.15854100 0.31857800
v -0.78827300 -0.16956600 0.30758300
v -0.78827300 -0.16956600 0.30758300
v -0.78827300 -0.16956600 0.30758300
v 0.95228200 -0.16956600 0.17905700
v 0.95228200 -0.16956600 0.17905700
v 0.95228200 -0.16956600 0.17905700
v 0.93617200 -0.13830000 0.18129200
v 0.93617200 -0.13830000 0.18129200
v 0.93617200 -0.13830000 0.18129200
v 0.93617200 -0.13830000 0.18129200
v -0.79838300 -0.13830000 -0.02082800
v -0.79838300 -0.13830000 -0.02082800
v 0.93617200 -0.13830000 -0.02082800
v 0.93617200 -0.13830000 -0.02082800
v 0.93617200 -0.13830000 -0.02082800
v -0.83513200 -0.13830000 -0.02082800
v -0.83513200 -0.13830000 -0.02082800
v -0.83513200 -0.13830000 -0.02082800
v 0.93617200 0.13342200 -0.02082800
v 0.93617200 0.13342200 -0.02082800
v 0.93617200 0.13342200 -0.02082800
v -0.83513200 -0.13830000 0.18129200
v -0.83513200 -0.13830000 0.18129200
v -0.83513200 -0.13830000 0.18129200
v -0.83513200 -0.13830000 0.18129200
v -0.79838300 -0.07404500 -0.02082800
v -0.79838300 0.13342200 -0.02082800
v -0.79838300 0.13342200 -0.02082800
v 0.93617200 0.13342200 0.18129200
v 0.93617200 0.13342200 0.18129200
v 0.93617200 0.13342200 0.18129200
v 0.93617200 0.13342200 0.18129200
v -0.82410700 -0.00978900 0.18129200
v -0.82410700 -0.00978900 0.18129200
v -0.82410700 -0.00978900 0.18129200
v -0.82410700 -0.00978900 0.18129200
v -0.83513200 -0.07404500 -0.02082800
v -0.83513200 -0.07404500 -0.02082800
v -0.83513200 -0.07404500 -0.02082800
v -0.82410700 -0.07404500 -0.02082800
v -0.82410700 -0.07404500 -0.02082800
v -0.82410700 -0.07404500 -0.02082800
v -0.83513200 0.13342200 0.18129200
v -0.83513200 0.13342200 0.18129200
v -0.83513200 0.13342200 0.18129200
v -0.83513200 0.13342200 0.18129200
v -0.82410700 0.00491100 0.18129200
v -0.82410700 0.00491100 0.18129200
v -0.82410700 0.00491100 0.18129200
v -0.82410700 0.00491100 0.18129200
v -0.83513200 -0.00978900 0.18129200
v -0.83513200 -0.00978900 0.18129200
v -0.83513200 -0.00978900 0.18129200
v -0.83513200 -0.00978900 0.18129200
v -0.83513200 -0.06716100 -0.02048300
v -0.83513200 -0.06716100 -0.02048300
v -0.79838300 0.06916600 -0.02082800
v -0.83513200 0.13342200 -0.02082800
v -0.83513200 0.13342200 -0.02082800
v -0.83513200 0.13342200 -0.02082800
v -0.82410700 -0.00978900 0.02315600
v -0.82410700 -0.00978900 0.02315600
v -0.82410700 -0.00978900 0.02315600
v -0.83513200 -0.01260200 0.01686300
v -0.83513200 -0.01260200 0.01686300
v -0.83513200 -0.06034500 -0.01945300
v -0.83513200 -0.06034500 -0.01945300
v -0.82410700 -0.06716100 -0.02048300
v -0.82410700 -0.06716100 -0.02048300
v -0.82410700 0.06916600 -0.02082800
v -0.82410700 0.06916600 -0.02082800
v -0.82410700 0.06916600 -0.02082800
v -0.83513200 0.06916600 -0.02082800
v -0.83513200 0.06916600 -0.02082800
v -0.83513200 0.06916600 -0.02082800
v -0.83513200 0.00491100 0.18129200
v -0.83513200 0.00491100 0.18129200
v -0.83513200 0.00491100 0.18129200
v -0.83513200 0.00491100 0.18129200
v -0.82410700 0.00491100 0.02315600
v -0.82410700 0.00491100 0.02315600
v -0.82410700 0.00491100 0.02315600
v -0.83513200 -0.00978900 0.02315600
v -0.83513200 -0.00978900 0.02315600
v -0.83513200 -0.00978900 0.02315600
v -0.83513200 -0.01602900 0.01088300
v -0.83513200 -0.01602900 0.01088300
v -0.83513200 -0.05366700 -0.01774700
v -0.83513200 -0.05366700 -0.01774700
v -0.82410700 -0.06034500 -0.01945300
v -0.82410700 -0.06034500 -0.01945300
v -0.82410700 0.04231400 -0.01538200
v -0.82410700 0.04231400 -0.01538200
v -0.82410700 0.04231400 -0.01538200
v -0.82410700 0.06228200 -0.02048300
v -0.82410700 0.06228200 -0.02048300
v -0.82410700 0.06228200 -0.02048300
v -0.83513200 0.00491100 0.02315600
v -0.83513200 0.00491100 0.02315600
v -0.83513200 0.00491100 0.02315600
v -0.82410700 -0.01260200 0.01686300
v -0.82410700 -0.01260200 0.01686300
v -0.82410700 -0.01602900 0.01088300
v -0.82410700 -0.01602900 0.01088300
v -0.83513200 -0.02003600 0.00527400
v -0.83513200 -0.02003600 0.00527400
v -0.83513200 -0.04719200 -0.01538200
v -0.83513200 -0.04719200 -0.01538200
v -0.82410700 -0.05366700 -0.01774700
v -0.82410700 -0.05366700 -0.01774700
v -0.82410700 0.03023200 -0.00877900
v -0.82410700 0.03023200 -0.00877900
v -0.82410700 0.03023200 -0.00877900
v -0.82410700 0.04878800 -0.01774700
v -0.82410700 0.04878800 -0.01774700
v -0.82410700 0.04878800 -0.01774700
v -0.82410700 0.03610800 -0.01238300
v -0.82410700 0.03610800 -0.01238300
v -0.82410700 0.03610800 -0.01238300
v -0.82410700 0.05546700 -0.01945300
v -0.82410700 0.05546700 -0.01945300
v -0.82410700 0.05546700 -0.01945300
v -0.83513200 0.06228200 -0.02048300
v -0.83513200 0.06228200 -0.02048300
v -0.83513200 0.06228200 -0.02048300
v -0.83513200 0.00772300 0.01686300
v -0.83513200 0.00772300 0.01686300
v -0.83513200 0.00772300 0.01686300
v -0.82410700 -0.02003600 0.00527400
v -0.82410700 -0.02003600 0.00527400
v -0.83513200 -0.02458300 0.00009400
v -0.83513200 -0.02458300 0.00009400
v -0.83513200 -0.04098600 -0.01238300
v -0.83513200 -0.04098600 -0.01238300
v -0.82410700 -0.04719200 -0.01538200
v -0.82410700 -0.04719200 -0.01538200
v -0.82410700 0.01970400 0.00009400
v -0.82410700 0.01970400 0.00009400
v -0.82410700 0.01970400 0.00009400
v -0.82410700 0.02474600 -0.00460600
v -0.82410700 0.02474600 -0.00460600
v -0.82410700 0.02474600 -0.00460600
v -0.83513200 0.04231400 -0.01538200
v -0.83513200 0.04231400 -0.01538200
v -0.83513200 0.04231400 -0.01538200
v -0.83513200 0.03610800 -0.01238300
v -0.83513200 0.03610800 -0.01238300
v -0.83513200 0.03610800 -0.01238300
v -0.83513200 0.05546700 -0.01945300
v -0.83513200 0.05546700 -0.01945300
v -0.83513200 0.05546700 -0.01945300
v -0.83513200 0.01115000 0.01088300
v -0.83513200 0.01115000 0.01088300
v -0.83513200 0.01115000 0.01088300
v -0.82410700 0.00772300 0.01686300
v -0.82410700 0.00772300 0.01686300
v -0.82410700 0.00772300 0.01686300
v -0.82410700 -0.02458300 0.00009400
v -0.82410700 -0.02458300 0.00009400
v -0.83513200 -0.02962500 -0.00460600
v -0.83513200 -0.02962500 -0.00460600
v -0.83513200 -0.03511100 -0.00877900
v -0.83513200 -0.03511100 -0.00877900
v -0.82410700 -0.04098600 -0.01238300
v -0.82410700 -0.04098600 -0.01238300
v -0.82410700 0.01515700 0.00527400
v -0.82410700 0.01515700 0.00527400
v -0.82410700 0.01515700 0.00527400
v -0.83513200 0.03023200 -0.00877900
v -0.83513200 0.03023200 -0.00877900
v -0.83513200 0.03023200 -0.00877900
v -0.83513200 0.02474600 -0.00460600
v -0.83513200 0.02474600 -0.00460600
v -0.83513200 0.02474600 -0.00460600
v -0.83513200 0.04878800 -0.01774700
v -0.83513200 0.04878800 -0.01774700
v -0.83513200 0.04878800 -0.01774700
v -0.83513200 0.01515700 0.00527400
v -0.83513200 0.01515700 0.00527400
v -0.83513200 0.01515700 0.00527400
v -0.82410700 -0.02962500 -0.00460600
v -0.82410700 -0.02962500 -0.00460600
v -0.82410700 -0.03511100 -0.00877900
v -0.82410700 -0.03511100 -0.00877900
v -0.82410700 0.01115000 0.01088300
v -0.82410700 0.01115000 0.01088300
v -0.82410700 0.01115000 0.01088300
v -0.83513200 0.01970400 0.00009400
v -0.83513200 0.01970400 0.00009400
v -0.83513200 0.01970400 0.00009400
v 0.93617200 -0.13830000 0.18129200
v 0.93617200 -0.13830000 0.18129200
v -0.79838300 -0.13830000 -0.02082800
v -0.79838300 -0.13830000 -0.02082800
v 0.93617200 -0.13830000 -0.02082800
v 0.93617200 -0.13830000 -0.02082800
v 0.93617200 -0.13830000 -0.02082800
v -0.83513200 -0.13830000 -0.02082800
v -0.83513200 -0.13830000 -0.02082800
v -0.83513200 -0.13830000 -0.02082800
v 0.93617200 0.13342200 -0.02082800
v 0.93617200 0.13342200 -0.02082800
v 0.93617200 0.13342200 -0.02082800
v -0.83513200 -0.13830000 0.18129200
v -0.83513200 -0.13830000 0.18129200
v -0.79838300 -0.07404500 -0.02082800
v -0.79838300 0.13342200 -0.02082800
v -0.79838300 0.13342200 -0.02082800
v 0.93617200 0.13342200 0.18129200
v 0.93617200 0.13342200 0.18129200
v -0.82410700 -0.00978900 0.18129200
v -0.82410700 -0.00978900 0.18129200
v -0.83513200 -0.07404500 -0.02082800
v -0.83513200 -0.07404500 -0.02082800
v -0.83513200 -0.07404500 -0.02082800
v -0.82410700 -0.07404500 -0.02082800
v -0.82410700 -0.07404500 -0.02082800
v -0.82410700 -0.07404500 -0.02082800
v -0.83513200 0.13342200 0.18129200
v -0.83513200 0.13342200 0.18129200
v -0.82410700 0.00491100 0.18129200
v -0.82410700 0.00491100 0.18129200
v -0.83513200 -0.00978900 0.18129200
v -0.83513200 -0.00978900 0.18129200
v -0.83513200 -0.06716100 -0.02048300
v -0.83513200 -0.06716100 -0.02048300
v -0.79838300 0.06916600 -0.02082800
v -0.83513200 0.13342200 -0.02082800
v -0.83513200 0.13342200 -0.02082800
v -0.83513200 0.13342200 -0.02082800
v -0.82410700 -0.00978900 0.02315600
v -0.82410700 -0.00978900 0.02315600
v -0.82410700 -0.00978900 0.02315600
v -0.83513200 -0.01260200 0.01686300
v -0.83513200 -0.01260200 0.01686300
v -0.83513200 -0.06034500 -0.01945300
v -0.83513200 -0.06034500 -0.01945300
v -0.82410700 -0.06716100 -0.02048300
v -0.82410700 -0.06716100 -0.02048300
v -0.82410700 0.06916600 -0.02082800
v -0.82410700 0.06916600 -0.02082800
v -0.82410700 0.06916600 -0.02082800
v -0.83513200 0.06916600 -0.02082800
v -0.83513200 0.06916600 -0.02082800
v -0.83513200 0.06916600 -0.02082800
v -0.83513200 0.00491100 0.18129200
v -0.83513200 0.00491100 0.18129200
v -0.82410700 0.00491100 0.02315600
v -0.82410700 0.00491100 0.02315600
v -0.82410700 0.00491100 0.02315600
v -0.83513200 -0.00978900 0.02315600
v -0.83513200 -0.00978900 0.02315600
v -0.83513200 -0.00978900 0.02315600
v -0.83513200 -0.01602900 0.01088300
v -0.83513200 -0.01602900 0.01088300
v -0.83513200 -0.05366700 -0.01774700
v -0.83513200 -0.05366700 -0.01774700
v -0.82410700 -0.06034500 -0.01945300
v -0.82410700 -0.06034500 -0.01945300
v -0.82410700 0.04231400 -0.01538200
v -0.82410700 0.04231400 -0.01538200
v -0.82410700 0.04231400 -0.01538200
v -0.82410700 0.06228200 -0.02048300
v -0.82410700 0.06228200 -0.02048300
v -0.82410700 0.06228200 -0.02048300
v -0.83513200 0.00491100 0.02315600
v -0.83513200 0.00491100 0.02315600
v -0.83513200 0.00491100 0.02315600
v -0.82410700 -0.01260200 0.01686300
v -0.82410700 -0.01260200 0.01686300
v -0.82410700 -0.01602900 0.01088300
v -0.82410700 -0.01602900 0.01088300
v -0.83513200 -0.02003600 0.00527400
v -0.83513200 -0.02003600 0.00527400
v -0.83513200 -0.04719200 -0.01538200
v -0.83513200 -0.04719200 -0.01538200
v -0.82410700 -0.05366700 -0.01774700
v -0.82410700 -0.05366700 -0.01774700
v -0.82410700 0.03023200 -0.00877900
v -0.82410700 0.03023200 -0.00877900
v -0.82410700 0.03023200 -0.00877900
v -0.82410700 0.04878800 -0.01774700
v -0.82410700 0.04878800 -0.01774700
v -0.82410700 0.04878800 -0.01774700
v -0.82410700 0.03610800 -0.01238300
v -0.82410700 0.03610800 -0.01238300
v -0.82410700 0.03610800 -0.01238300
v -0.82410700 0.05546700 -0.01945300
v -0.82410700 0.05546700 -0.01945300
v -0.82410700 0.05546700 -0.01945300
v -0.83513200 0.06228200 -0.02048300
v -0.83513200 0.06228200 -0.02048300
v -0.83513200 0.06228200 -0.02048300
v -0.83513200 0.00772300 0.01686300
v -0.83513200 0.00772300 0.01686300
v -0.83513200 0.00772300 0.01686300
v -0.82410700 -0.02003600 0.00527400
v -0.82410700 -0.02003600 0.00527400
v -0.83513200 -0.02458300 0.00009400
v -0.83513200 -0.02458300 0.00009400
v -0.83513200 -0.04098600 -0.01238300
v -0.83513200 -0.04098600 -0.01238300
v -0.82410700 -0.04719200 -0.01538200
v -0.82410700 -0.04719200 -0.01538200
v -0.82410700 0.01970400 0.00009400
v -0.82410700 0.01970400 0.00009400
v -0.82410700 0.01970400 0.00009400
v -0.82410700 0.02474600 -0.00460600
v -0.82410700 0.02474600 -0.00460600
v -0.82410700 0.02474600 -0.00460600
v -0.83513200 0.04231400 -0.01538200
v -0.83513200 0.04231400 -0.01538200
v -0.83513200 0.04231400 -0.01538200
v -0.83513200 0.03610800 -0.01238300
v -0.83513200 0.03610800 -0.01238300
v -0.83513200 0.03610800 -0.01238300
v -0.83513200 0.05546700 -0.01945300
v -0.83513200 0.05546700 -0.01945300
v -0.83513200 0.05546700 -0.01945300
v -0.83513200 0.01115000 0.01088300
v -0.83513200 0.01115000 0.01088300
v -0.83513200 0.01115000 0.01088300
v -0.82410700 0.00772300 0.01686300
v -0.82410700 0.00772300 0.01686300
v -0.82410700 0.00772300 0.01686300
v -0.82410700 -0.02458300 0.00009400
v -0.82410700 -0.02458300 0.00009400
v -0.83513200 -0.02962500 -0.00460600
v -0.83513200 -0.02962500 -0.00460600
v -0.83513200 -0.03511100 -0.00877900
v -0.83513200 -0.03511100 -0.00877900
v -0.82410700 -0.04098600 -0.01238300
v -0.82410700 -0.04098600 -0.01238300
v -0.82410700 0.01515700 0.00527400
v -0.82410700 0.01515700 0.00527400
v -0.82410700 0.01515700 0.00527400
v -0.83513200 0.03023200 -0.00877900
v -0.83513200 0.03023200 -0.00877900
v -0.83513200 0.03023200 -0.00877900
v -0.83513200 0.02474600 -0.00460600
v -0.83513200 0.02474600 -0.00460600
v -0.83513200 0.02474600 -0.00460600
v -0.83513200 0.04878800 -0.01774700
v -0.83513200 0.04878800 -0.01774700
v -0.83513200 0.04878800 -0.01774700
v -0.83513200 0.01515700 0.00527400
v -0.83513200 0.01515700 0.00527400
v -0.83513200 0.01515700 0.00527400
v -0.82410700 -0.02962500 -0.00460600
v -0.82410700 -0.02962500 -0.00460600
v -0.82410700 -0.03511100 -0.00877900
v -0.82410700 -0.03511100 -0.00877900
v -0.82410700 0.01115000 0.01088300
v -0.82410700 0.01115000 0.01088300
v -0.82410700 0.01115000 0.01088300
v -0.83513200 0.01970400 0.00009400
v -0.83513200 0.01970400 0.00009400
v -0.83513200 0.01970400 0.00009400
vt 0.22271825 0.28567708
vt 0.22271825 0.28567708
vt 0.22271825 0.28567708
vt 0.22271825 0.28567708
vt 0.22271825 0.28567708
vt 0.22271825 0.28567708
vt 0.22271825 0.28567708
vt 0.22271825 0.28567708
vt 0.22271825 0.28567708
vt 0.22271825 0.28567708
vt 0.22271825 0.28567708
vt 0.22271825 0.28567708
vt 0.22271825 0.28567708
vt 0.22271825 0.28567708
vt 0.22271825 0.28567708
vt 0.22271825 0.28567708
vt 0.17584325 0.28567708
vt 0.17584325 0.28567708
vt 0.17584325 0.28567708
vt 0.17584325 0.28567708
vt 0.17584325 0.28567708
vt 0.17584325 0.28567708
vt 0.17584325 0.28567708
vt 0.17584325 0.28567708
vt 0.17584325 0.28567708
vt 0.17584325 0.28567708
vt 0.17584325 0.28567708
vt 0.17584325 0.28567708
vt 0.17584325 0.28567708
vt 0.17584325 0.28567708
vt 0.17584325 0.28567708
vt 0.17584325 0.28567708
vt 0.17584325 0.28567708
vt 0.17584325 0.28567708
vt 0.17584325 0.28567708
vt 0.17584325 0.28567708
vt 0.17584325 0.28567708
vt 0.17584325 0.28567708
vt 0.17584325 0.28567708
vt 0.17584325 0.28567708
vt 0.17584325 0.28567708
vt 0.17584325 0.28567708
vt 0.17584325 0.28567708
vt 0.17584325 0.28567708
vt 0.17584325 0.28567708
vt 0.17584325 0.28567708
vt 0.17584325 0.28567708
vt 0.17584325 0.28567708
vt 0.17584325 0.28567708
vt 0.17584325 0.28567708
vt 0.17584325 0.28567708
vt 0.17584325 0.28567708
vt 0.17584325 0.28567708
vt 0.17584325 0.28567708
vt 0.17584325 0.28567708
vt 0.17584325 0.28567708
vt 0.17584325 0.28567708
vt 0.17584325 0.28567708
vt 0.17584325 0.28567708
vt 0.17584325 0.28567708
vt 0.17584325 0.28567708
vt 0.17584325 0.28567708
vt 0.17584325 0.28567708
vt 0.17584325 0.28567708
vt 0.17584325 0.28567708
vt 0.17584325 0.28567708
vt 0.17584325 0.28567708
vt 0.17584325 0.28567708
vt 0.17584325 0.28567708
vt 0.17584325 0.28567708
vt 0.08209325 0.28567708
vt 0.08209325 0.28567708
vt 0.08209325 0.28567708
vt 0.08209325 0.28567708
vt 0.08209325 0.28567708
vt 0.08209325 0.28567708
vt 0.08209325 0.28567708
vt 0.08209325 0.28567708
vt 0.08209325 0.28567708
vt 0.08209325 0.28567708
vt 0.08209325 0.28567708
vt 0.08209325 0.28567708
vt 0.08209325 0.28567708
vt 0.08209325 0.28567708
vt 0.08209325 0.28567708
vt 0.08209325 0.28567708
vt 0.08209325 0.28567708
vt 0.08209325 0.28567708
vt 0.08209325 0.28567708
vt 0.08209325 0.28567708
vt 0.08209325 0.28567708
vt 0.08209325 0.28567708
vt 0.08209325 0.28567708
vt 0.08209325 0.28567708
vt 0.08209325 0.28567708
vt 0.08209325 0.28567708
vt 0.08209325 0.28567708
vt 0.08209325 0.28567708
vt 0.08209325 0.28567708
vt 0.08209325 0.28567708
vt 0.08209325 0.28567708
vt 0.08209325 0.28567708
vt 0.08209325 0.28567708
vt 0.08209325 0.28567708
vt 0.08209325 0.28567708
vt 0.08209325 0.28567708
vt 0.08209325 0.28567708
vt 0.08209325 0.28567708
vt 0.08209325 0.28567708
vt 0.08209325 0.28567708
vt 0.08209325 0.28567708
vt 0.08209325 0.28567708
vt 0.03521825 0.28567708
vt 0.03521825 0.28567708
vt 0.03521825 0.28567708
vt 0.03521825 0.28567708
vt 0.03521825 0.28567708
vt 0.03521825 0.28567708
vt 0.03521825 0.28567708
vt 0.03521825 0.28567708
vt 0.03521825 0.28567708
vt 0.03521825 0.28567708
vt 0.03521825 0.28567708
vt 0.03521825 0.28567708
vt 0.03521825 0.28567708
vt 0.03521825 0.28567708
vt 0.03521825 0.28567708
vt 0.03521825 0.28567708
vt 0.03521825 0.28567708
vt 0.03521825 0.28567708
vt 0.03521825 0.28567708
vt 0.03521825 0.28567708
vt 0.03521825 0.28567708
vt 0.03521825 0.28567708
vt 0.03521825 0.28567708
vt 0.03521825 0.28567708
vt 0.03521825 0.28567708
vt 0.03521825 0.28567708
vt 0.03521825 0.28567708
vt 0.03521825 0.28567708
vt 0.03521825 0.28567708
vt 0.03521825 0.28567708
vt 0.03521825 0.28567708
vt 0.03521825 0.28567708
vt 0.03521825 0.28567708
vt 0.03521825 0.28567708
vt 0.03521825 0.28567708
vt 0.03521825 0.28567708
vt 0.03521825 0.28567708
vt 0.03521825 0.28567708
vt 0.03521825 0.28567708
vt 0.03521825 0.28567708
vt 0.03521825 0.28567708
vt 0.03521825 0.28567708
vt 0.03521825 0.28567708
vt 0.03521825 0.28567708
vt 0.03521825 0.28567708
vt 0.03521825 0.28567708
vt 0.03521825 0.28567708
vt 0.03521825 0.28567708
vt 0.03521825 0.28567708
vt 0.03521825 0.28567708
vt 0.03521825 0.28567708
vt 0.03521825 0.28567708
vt 0.03521825 0.28567708
vt 0.03521825 0.28567708
vt 0.03521825 0.28567708
vt 0.03521825 0.28567708
vt 0.03521825 0.28567708
vt 0.03521825 0.28567708
vt 0.03521825 0.28567708
vt 0.03521825 0.28567708
vt 0.03521825 0.28567708
vt 0.03521825 0.28567708
vt 0.03521825 0.28567708
vt 0.03521825 0.28567708
vt 0.03521825 0.28567708
vt 0.03521825 0.28567708
vt 0.03521825 0.28567708
vt 0.03521825 0.28567708
vt 0.03521825 0.28567708
vt 0.03521825 0.28567708
vt 0.03521825 0.28567708
vt 0.03521825 0.28567708
vt 0.03521825 0.28567708
vt 0.03521825 0.28567708
vt 0.03521825 0.28567708
vt 0.03521825 0.28567708
vt 0.03521825 0.28567708
vt 0.03521825 0.28567708
vt 0.03521825 0.28567708
vt 0.03521825 0.28567708
vt 0.03521825 0.28567708
vt 0.03521825 0.28567708
vt 0.03521825 0.28567708
vt 0.03521825 0.28567708
vt 0.03521825 0.28567708
vt 0.03521825 0.28567708
vt 0.03521825 0.28567708
vt 0.03521825 0.28567708
vt 0.03521825 0.28567708
vt 0.03521825 0.28567708
vt 0.03521825 0.28567708
vt 0.03521825 0.28567708
vt 0.03521825 0.28567708
vt 0.03521825 0.28567708
vt 0.03521825 0.28567708
vt 0.03521825 0.28567708
vt 0.03521825 0.28567708
vt 0.03521825 0.28567708
vt 0.03521825 0.28567708
vt 0.03521825 0.28567708
vt 0.03521825 0.28567708
vt 0.03521825 0.28567708
vt 0.03521825 0.28567708
vt 0.03521825 0.28567708
vt 0.03521825 0.28567708
vt 0.03521825 0.28567708
vt 0.03521825 0.28567708
vt 0.03521825 0.28567708
vt 0.03521825 0.28567708
vt 0.03521825 0.28567708
vt 0.03521825 0.28567708
vt 0.03521825 0.28567708
vt 0.03521825 0.28567708
vt 0.03521825 0.28567708
vt 0.03521825 0.28567708
vt 0.12896825 0.28567708
vt 0.12896825 0.28567708
vt 0.12896825 0.28567708
vt 0.12896825 0.28567708
vt 0.12896825 0.28567708
vt 0.12896825 0.28567708
vt 0.12896825 0.28567708
vt 0.12896825 0.28567708
vt 0.12896825 0.28567708
vt 0.12896825 0.28567708
vt 0.12896825 0.28567708
vt 0.12896825 0.28567708
vt 0.12896825 0.28567708
vt 0.12896825 0.28567708
vt 0.12896825 0.28567708
vt 0.12896825 0.28567708
vt 0.12896825 0.28567708
vt 0.12896825 0.28567708
vt 0.12896825 0.28567708
vt 0.12896825 0.28567708
vt 0.12896825 0.28567708
vt 0.12896825 0.28567708
vt 0.12896825 0.28567708
vt 0.12896825 0.28567708
vt 0.12896825 0.28567708
vt 0.12896825 0.28567708
vt 0.12896825 0.28567708
vt 0.12896825 0.28567708
vt 0.12896825 0.28567708
vt 0.12896825 0.28567708
vt 0.12896825 0.28567708
vt 0.12896825 0.28567708
vt 0.12896825 0.28567708
vt 0.12896825 0.28567708
vt 0.12896825 0.28567708
vt 0.12896825 0.28567708
vt 0.12896825 0.28567708
vt 0.12896825 0.28567708
vt 0.12896825 0.28567708
vt 0.12896825 0.28567708
vt 0.12896825 0.28567708
vt 0.12896825 0.28567708
vt 0.12896825 0.28567708
vt 0.12896825 0.28567708
vt 0.12896825 0.28567708
vt 0.12896825 0.28567708
vt 0.12896825 0.28567708
vt 0.12896825 0.28567708
vt 0.12896825 0.28567708
vt 0.12896825 0.28567708
vt 0.12896825 0.28567708
vt 0.12896825 0.28567708
vt 0.12896825 0.28567708
vt 0.12896825 0.28567708
vt 0.12896825 0.28567708
vt 0.12896825 0.28567708
vt 0.12896825 0.28567708
vt 0.12896825 0.28567708
vt 0.12896825 0.28567708
vt 0.12896825 0.28567708
vt 0.12896825 0.28567708
vt 0.12896825 0.28567708
vt 0.12896825 0.28567708
vt 0.12896825 0.28567708
vt 0.12896825 0.28567708
vt 0.12896825 0.28567708
vt 0.12896825 0.28567708
vt 0.12896825 0.28567708
vt 0.12896825 0.28567708
vt 0.12896825 0.28567708
vt 0.12896825 0.28567708
vt 0.12896825 0.28567708
vt 0.12896825 0.28567708
vt 0.12896825 0.28567708
vt 0.12896825 0.28567708
vt 0.12896825 0.28567708
vt 0.12896825 0.28567708
vt 0.12896825 0.28567708
vt 0.12896825 0.28567708
vt 0.12896825 0.28567708
vt 0.12896825 0.28567708
vt 0.12896825 0.28567708
vt 0.12896825 0.28567708
vt 0.12896825 0.28567708
vt 0.12896825 0.28567708
vt 0.12896825 0.28567708
vt 0.12896825 0.28567708
vt 0.12896825 0.28567708
vt 0.12896825 0.28567708
vt 0.12896825 0.28567708
vt 0.12896825 0.28567708
vt 0.12896825 0.28567708
vt 0.12896825 0.28567708
vt 0.12896825 0.28567708
vt 0.12896825 0.28567708
vt 0.12896825 0.28567708
vt 0.12896825 0.28567708
vt 0.12896825 0.28567708
vt 0.12896825 0.28567708
vt 0.12896825 0.28567708
vt 0.12896825 0.28567708
vt 0.12896825 0.28567708
vt 0.12896825 0.28567708
vt 0.12896825 0.28567708
vt 0.12896825 0.28567708
vt 0.12896825 0.28567708
vt 0.12896825 0.28567708
vt 0.12896825 0.28567708
vt 0.12896825 0.28567708
vt 0.12896825 0.28567708
vt 0.12896825 0.28567708
vt 0.12896825 0.28567708
vt 0.12896825 0.28567708
vt 0.12896825 0.28567708
vt 0.12896825 0.28567708
vt 0.12896825 0.28567708
vt 0.12896825 0.28567708
vt 0.12896825 0.28567708
vt 0.12896825 0.28567708
vt 0.12896825 0.28567708
vt 0.12896825 0.28567708
vt 0.12896825 0.28567708
vt 0.12896825 0.28567708
vt 0.12896825 0.28567708
vt 0.12896825 0.28567708
vt 0.12896825 0.28567708
vt 0.12896825 0.28567708
vt 0.12896825 0.28567708
vt 0.12896825 0.28567708
vt 0.12896825 0.28567708
vt 0.12896825 0.28567708
vt 0.12896825 0.28567708
vt 0.12896825 0.28567708
vt 0.12896825 0.28567708
vt 0.12896825 0.28567708
vt 0.12896825 0.28567708
vt 0.12896825 0.28567708
vt 0.12896825 0.28567708
vt 0.12896825 0.28567708
vt 0.12896825 0.28567708
vt 0.12896825 0.28567708
vt 0.12896825 0.28567708
vt 0.12896825 0.28567708
vt 0.12896825 0.28567708
vt 0.12896825 0.28567708
vt 0.12896825 0.28567708
vt 0.12896825 0.28567708
vt 0.12896825 0.28567708
vt 0.12896825 0.28567708
vt 0.12896825 0.28567708
vt 0.12896825 0.28567708
vt 0.12896825 0.28567708
vt 0.12896825 0.28567708
vt 0.12896825 0.28567708
vt 0.12896825 0.28567708
vt 0.12896825 0.28567708
vt 0.12896825 0.28567708
vt 0.12896825 0.28567708
vt 0.12896825 0.28567708
vt 0.12896825 0.28567708
vt 0.12896825 0.28567708
vt 0.12896825 0.28567708
vt 0.12896825 0.28567708
vt 0.12896825 0.28567708
vt 0.12896825 0.28567708
vt 0.12896825 0.28567708
vt 0.12896825 0.28567708
vt 0.12896825 0.28567708
vt 0.12896825 0.28567708
vt 0.12896825 0.28567708
vt 0.12896825 0.28567708
vt 0.12896825 0.28567708
vt 0.12896825 0.28567708
vt 0.12896825 0.28567708
vt 0.12896825 0.28567708
vt 0.12896825 0.28567708
vt 0.12896825 0.28567708
vt 0.12896825 0.28567708
vt 0.12896825 0.28567708
vt 0.12896825 0.28567708
vt 0.12896825 0.28567708
vt 0.12896825 0.28567708
vt 0.12896825 0.28567708
vt 0.12896825 0.28567708
vt 0.12896825 0.28567708
vt 0.12896825 0.28567708
vt 0.12896825 0.28567708
vt 0.12896825 0.28567708
vt 0.12896825 0.28567708
vt 0.12896825 0.28567708
vt 0.12896825 0.28567708
vt 0.12896825 0.28567708
vt 0.12896825 0.28567708
vt 0.12896825 0.28567708
vt 0.12896825 0.28567708
vt 0.12896825 0.28567708
vt 0.12896825 0.28567708
vt 0.12896825 0.28567708
vt 0.12896825 0.28567708
vt 0.12896825 0.28567708
vt 0.12896825 0.28567708
vt 0.12896825 0.28567708
vt 0.12896825 0.28567708
vt 0.12896825 0.28567708
vt 0.12896825 0.28567708
vt 0.12896825 0.28567708
vt 0.12896825 0.28567708
vt 0.12896825 0.28567708
vt 0.12896825 0.28567708
vt 0.12896825 0.28567708
vt 0.12896825 0.28567708
vt 0.12896825 0.28567708
vt 0.12896825 0.28567708
vt 0.12896825 0.28567708
vt 0.12896825 0.28567708
vt 0.12896825 0.28567708
vt 0.12896825 0.28567708
vt 0.12896825 0.28567708
vt 0.12896825 0.28567708
vt 0.12896825 0.28567708
vt 0.12896825 0.28567708
vt 0.12896825 0.28567708
vt 0.12896825 0.28567708
vt 0.12896825 0.28567708
vt 0.12896825 0.28567708
vt 0.12896825 0.28567708
vt 0.12896825 0.28567708
vt 0.12896825 0.28567708
vt 0.12896825 0.28567708
vt 0.12896825 0.28567708
vt 0.12896825 0.28567708
vt 0.12896825 0.28567708
vt 0.12896825 0.28567708
vt 0.12896825 0.28567708
vt 0.12896825 0.28567708
vt 0.12896825 0.28567708
vt 0.12896825 0.28567708
vt 0.12896825 0.28567708
vt 0.12896825 0.28567708
vt 0.12896825 0.28567708
vt 0.12896825 0.28567708
vt 0.12896825 0.28567708
vt 0.12896825 0.28567708
vt 0.12896825 0.28567708
vt 0.12896825 0.28567708
vt 0.12896825 0.28567708
vt 0.12896825 0.28567708
vt 0.12896825 0.28567708
vt 0.12896825 0.28567708
vt 0.12896825 0.28567708
vt 0.12896825 0.28567708
vt 0.12896825 0.28567708
vt 0.12896825 0.28567708
vt 0.12896825 0.28567708
vt 0.12896825 0.28567708
vt 0.12896825 0.28567708
vt 0.12896825 0.28567708
vt 0.12896825 0.28567708
vt 0.12896825 0.28567708
vt 0.12896825 0.28567708
vt 0.12896825 0.28567708
vt 0.12896825 0.28567708
vt 0.12896825 0.28567708
vt 0.12896825 0.28567708
vt 0.12896825 0.28567708
vt 0.12896825 0.28567708
vt 0.12896825 0.28567708
vt 0.12896825 0.28567708
vt 0.12896825 0.28567708
vt 0.12896825 0.28567708
vt 0.12896825 0.28567708
vt 0.12896825 0.28567708
vt 0.12896825 0.28567708
vt 0.12896825 0.28567708
vt 0.12896825 0.28567708
vt 0.12896825 0.28567708
vt 0.12896825 0.28567708
vt 0.12896825 0.28567708
vt 0.12896825 0.28567708
vt 0.12896825 0.28567708
vt 0.12896825 0.28567708
vt 0.12896825 0.28567708
vt 0.12896825 0.28567708
vt 0.12896825 0.28567708
vt 0.12896825 0.28567708
vt 0.12896825 0.28567708
vt 0.12896825 0.28567708
vt 0.12896825 0.28567708
vt 0.12896825 0.28567708
vt 0.12896825 0.28567708
vt 0.12896825 0.28567708
vt 0.12896825 0.28567708
vt 0.12896825 0.28567708
vt 0.12896825 0.28567708
vt 0.12896825 0.28567708
vt 0.12896825 0.28567708
vt 0.12896825 0.28567708
vt 0.12896825 0.28567708
vt 0.12896825 0.28567708
vt 0.12896825 0.28567708
vt 0.12896825 0.28567708
vt 0.12896825 0.28567708
vt 0.12896825 0.28567708
vt 0.12896825 0.28567708
vt 0.12896825 0.28567708
vt 0.12896825 0.28567708
vt 0.12896825 0.28567708
vt 0.12896825 0.28567708
vt 0.12896825 0.28567708
vt 0.12896825 0.28567708
vt 0.12896825 0.28567708
vt 0.12896825 0.28567708
vt 0.12896825 0.28567708
vt 0.12896825 0.28567708
vt 0.12896825 0.28567708
vt 0.12896825 0.28567708
vt 0.12896825 0.28567708
vt 0.12896825 0.28567708
vt 0.12896825 0.28567708
vt 0.12896825 0.28567708
vt 0.12896825 0.28567708
vt 0.12896825 0.28567708
vt 0.12896825 0.28567708
vt 0.12896825 0.28567708
vt 0.12896825 0.28567708
vt 0.12896825 0.28567708
vt 0.12896825 0.28567708
vt 0.12896825 0.28567708
vt 0.12896825 0.28567708
vt 0.12896825 0.28567708
vt 0.12896825 0.28567708
vt 0.12896825 0.28567708
vt 0.12896825 0.28567708
vt 0.12896825 0.28567708
vt 0.12896825 0.28567708
vt 0.12896825 0.28567708
vt 0.12896825 0.28567708
vt 0.12896825 0.28567708
vt 0.12896825 0.28567708
vt 0.12896825 0.28567708
vt 0.12896825 0.28567708
vt 0.12896825 0.28567708
vt 0.12896825 0.28567708
vt 0.12896825 0.28567708
vt 0.12896825 0.28567708
vt 0.12896825 0.28567708
vt 0.12896825 0.28567708
vt 0.12896825 0.28567708
vt 0.12896825 0.28567708
vt 0.12896825 0.28567708
vt 0.12896825 0.28567708
vt 0.12896825 0.28567708
vt 0.12896825 0.28567708
vt 0.12896825 0.28567708
vt 0.12896825 0.28567708
vt 0.12896825 0.28567708
vt 0.12896825 0.28567708
vt 0.12896825 0.28567708
vt 0.12896825 0.28567708
vt 0.12896825 0.28567708
vt 0.12896825 0.28567708
vt 0.12896825 0.28567708
vt 0.12896825 0.28567708
vt 0.12896825 0.28567708
vt 0.12896825 0.28567708
vt 0.12896825 0.28567708
vt 0.12896825 0.28567708
vt 0.12896825 0.28567708
vt 0.12896825 0.28567708
vt 0.12896825 0.28567708
vt 0.12896825 0.28567708
vt 0.12896825 0.28567708
vt 0.12896825 0.28567708
vt 0.12896825 0.28567708
vt 0.12896825 0.28567708
vt 0.12896825 0.28567708
vt 0.12896825 0.28567708
vt 0.12896825 0.28567708
vt 0.12896825 0.28567708
vt 0.12896825 0.28567708
vt 0.12896825 0.28567708
vt 0.12896825 0.28567708
vt 0.12896825 0.28567708
vt 0.12896825 0.28567708
vt 0.12896825 0.28567708
vt 0.12896825 0.28567708
vt 0.12896825 0.28567708
vt 0.12896825 0.28567708
vt 0.12896825 0.28567708
vt 0.12896825 0.28567708
vt 0.12896825 0.28567708
vt 0.12896825 0.28567708
vt 0.12896825 0.28567708
vt 0.12896825 0.28567708
vt 0.12896825 0.28567708
vt 0.12896825 0.28567708
vt 0.12896825 0.28567708
vt 0.12896825 0.28567708
vt 0.12896825 0.28567708
vt 0.12896825 0.28567708
vt 0.12896825 0.28567708
vt 0.12896825 0.28567708
vt 0.12896825 0.28567708
vt 0.12896825 0.28567708
vt 0.12896825 0.28567708
vt 0.12896825 0.28567708
vt 0.12896825 0.28567708
vt 0.12896825 0.28567708
vt 0.12896825 0.28567708
vt 0.12896825 0.28567708
vt 0.12896825 0.28567708
vt 0.12896825 0.28567708
vt 0.12896825 0.28567708
vt 0.12896825 0.28567708
vt 0.12896825 0.28567708
vt 0.12896825 0.28567708
vt 0.12896825 0.28567708
vt 0.12896825 0.28567708
vt 0.12896825 0.28567708
vt 0.12896825 0.28567708
vt 0.12896825 0.28567708
vt 0.12896825 0.28567708
vt 0.12896825 0.28567708
vt 0.12896825 0.28567708
vt 0.12896825 0.28567708
vt 0.12896825 0.28567708
vt 0.12896825 0.28567708
vt 0.12896825 0.28567708
vt 0.12896825 0.28567708
vt 0.12896825 0.28567708
vt 0.12896825 0.28567708
vt 0.12896825 0.28567708
vt 0.12896825 0.28567708
vt 0.12896825 0.28567708
vt 0.12896825 0.28567708
vt 0.12896825 0.28567708
vt 0.12896825 0.28567708
vt 0.12896825 0.28567708
vt 0.12896825 0.28567708
vt 0.12896825 0.28567708
vt 0.12896825 0.28567708
vt 0.12896825 0.28567708
vt 0.12896825 0.28567708
vt 0.12896825 0.28567708
vt 0.12896825 0.28567708
vt 0.12896825 0.28567708
vt 0.12896825 0.28567708
vt 0.12896825 0.28567708
vt 0.12896825 0.28567708
vt 0.12896825 0.28567708
vt 0.12896825 0.28567708
vt 0.12896825 0.28567708
vt 0.12896825 0.28567708
vt 0.12896825 0.28567708
vt 0.12896825 0.28567708
vt 0.12896825 0.28567708
vt 0.12896825 0.28567708
vt 0.12896825 0.28567708
vt 0.12896825 0.28567708
vt 0.12896825 0.28567708
vt 0.12896825 0.28567708
vt 0.12896825 0.28567708
vt 0.12896825 0.28567708
vt 0.12896825 0.28567708
vt 0.12896825 0.28567708
vt 0.12896825 0.28567708
vt 0.12896825 0.28567708
vt 0.12896825 0.28567708
vt 0.12896825 0.28567708
vt 0.12896825 0.28567708
vt 0.12896825 0.28567708
vt 0.12896825 0.28567708
vt 0.12896825 0.28567708
vt 0.12896825 0.28567708
vt 0.12896825 0.28567708
vt 0.12896825 0.28567708
vt 0.12896825 0.28567708
vt 0.12896825 0.28567708
vt 0.12896825 0.28567708
vt 0.12896825 0.28567708
vt 0.12896825 0.28567708
vt 0.12896825 0.28567708
vt 0.12896825 0.28567708
vt 0.12896825 0.28567708
vt 0.12896825 0.28567708
vt 0.12896825 0.28567708
vt 0.12896825 0.28567708
vt 0.12896825 0.28567708
vt 0.12896825 0.28567708
vt 0.12896825 0.28567708
vt 0.12896825 0.28567708
vt 0.12896825 0.28567708
vt 0.12896825 0.28567708
vt 0.12896825 0.28567708
vt 0.12896825 0.28567708
vt 0.12896825 0.28567708
vt 0.12896825 0.28567708
vt 0.12896825 0.28567708
vt 0.12896825 0.28567708
vt 0.12896825 0.28567708
vt 0.12896825 0.28567708
vt 0.12896825 0.28567708
vt 0.12896825 0.28567708
vt 0.12896825 0.28567708
vt 0.12896825 0.28567708
vt 0.12896825 0.28567708
vt 0.12896825 0.28567708
vt 0.12896825 0.28567708
vt 0.12896825 0.28567708
vt 0.12896825 0.28567708
vt 0.12896825 0.28567708
vt 0.12896825 0.28567708
vt 0.12896825 0.28567708
vt 0.12896825 0.28567708
vt 0.12896825 0.28567708
vt 0.12896825 0.28567708
vt 0.12896825 0.28567708
vt 0.12896825 0.28567708
vt 0.12896825 0.28567708
vt 0.12896825 0.28567708
vt 0.12896825 0.28567708
vt 0.12896825 0.28567708
vt 0.12896825 0.28567708
vt 0.12896825 0.28567708
vt 0.12896825 0.28567708
vt 0.12896825 0.28567708
vt 0.12896825 0.28567708
vt 0.12896825 0.28567708
vt 0.12896825 0.28567708
vt 0.12896825 0.28567708
vt 0.12896825 0.28567708
vt 0.12896825 0.28567708
vt 0.12896825 0.28567708
vt 0.12896825 0.28567708
vt 0.12896825 0.28567708
vt 0.12896825 0.28567708
vt 0.12896825 0.28567708
vt 0.12896825 0.28567708
vt 0.12896825 0.28567708
vt 0.12896825 0.28567708
vt 0.12896825 0.28567708
vt 0.12896825 0.28567708
vt 0.12896825 0.28567708
vt 0.12896825 0.28567708
vt 0.12896825 0.28567708
vt 0.12896825 0.28567708
vt 0.12896825 0.28567708
vt 0.12896825 0.28567708
vt 0.12896825 0.28567708
vt 0.12896825 0.28567708
vt 0.12896825 0.28567708
vt 0.12896825 0.28567708
vt 0.12896825 0.28567708
vt 0.12896825 0.28567708
vt 0.12896825 0.28567708
vt 0.12896825 0.28567708
vt 0.12896825 0.28567708
vt 0.12896825 0.28567708
vt 0.12896825 0.28567708
vt 0.12896825 0.28567708
vt 0.12896825 0.28567708
vt 0.12896825 0.28567708
vt 0.12896825 0.28567708
vt 0.12896825 0.28567708
vt 0.12896825 0.28567708
vt 0.12896825 0.28567708
vt 0.12896825 0.28567708
vt 0.12896825 0.28567708
vt 0.12896825 0.28567708
vt 0.12896825 0.28567708
vt 0.12896825 0.28567708
vt 0.12896825 0.28567708
vt 0.12896825 0.28567708
vt 0.12896825 0.28567708
vt 0.12896825 0.28567708
vt 0.12896825 0.28567708
vt 0.12896825 0.28567708
vt 0.12896825 0.28567708
vt 0.12896825 0.28567708
vt 0.12896825 0.28567708
vt 0.12896825 0.28567708
vt 0.12896825 0.28567708
vt 0.12896825 0.28567708
vt 0.12896825 0.28567708
vt 0.12896825 0.28567708
vt 0.12896825 0.28567708
vt 0.12896825 0.28567708
vt 0.12896825 0.28567708
vt 0.12896825 0.28567708
vt 0.12896825 0.28567708
vt 0.12896825 0.28567708
vt 0.12896825 0.28567708
vt 0.12896825 0.28567708
vt 0.12896825 0.28567708
vt 0.12896825 0.28567708
vt 0.12896825 0.28567708
vt 0.12896825 0.28567708
vt 0.12896825 0.28567708
vt 0.12896825 0.28567708
vt 0.12896825 0.28567708
vt 0.12896825 0.28567708
vt 0.12896825 0.28567708
vt 0.12896825 0.28567708
vt 0.12896825 0.28567708
vt 0.12896825 0.28567708
vt 0.12896825 0.28567708
vt 0.12896825 0.28567708
vt 0.12896825 0.28567708
vt 0.12896825 0.28567708
vt 0.12896825 0.28567708
vt 0.12896825 0.28567708
vt 0.12896825 0.28567708
vt 0.12896825 0.28567708
vt 0.12896825 0.28567708
vt 0.12896825 0.28567708
vt 0.12896825 0.28567708
vt 0.12896825 0.28567708
vt 0.12896825 0.28567708
vt 0.12896825 0.28567708
vt 0.12896825 0.28567708
vt 0.12896825 0.28567708
vt 0.12896825 0.28567708
vt 0.12896825 0.28567708
vt 0.12896825 0.28567708
vt 0.12896825 0.28567708
vt 0.12896825 0.28567708
vt 0.12896825 0.28567708
vt 0.12896825 0.28567708
vt 0.12896825 0.28567708
vt 0.12896825 0.28567708
vt 0.12896825 0.28567708
vt 0.12896825 0.28567708
vt 0.12896825 0.28567708
vt 0.12896825 0.28567708
vt 0.12896825 0.28567708
vt 0.12896825 0.28567708
vt 0.12896825 0.28567708
vt 0.12896825 0.28567708
vt 0.12896825 0.28567708
vt 0.12896825 0.28567708
vt 0.12896825 0.28567708
vt 0.12896825 0.28567708
vt 0.12896825 0.28567708
vt 0.12896825 0.28567708
vt 0.12896825 0.28567708
vt 0.12896825 0.28567708
vt 0.12896825 0.28567708
vt 0.12896825 0.28567708
vt 0.12896825 0.28567708
vt 0.12896825 0.28567708
vt 0.12896825 0.28567708
vt 0.12896825 0.28567708
vt 0.12896825 0.28567708
vt 0.12896825 0.28567708
vt 0.12896825 0.28567708
vt 0.12896825 0.28567708
vt 0.12896825 0.28567708
vt 0.12896825 0.28567708
vt 0.12896825 0.28567708
vt 0.12896825 0.28567708
vt 0.12896825 0.28567708
vt 0.12896825 0.28567708
vt 0.12896825 0.28567708
vt 0.12896825 0.28567708
vt 0.12896825 0.28567708
vt 0.12896825 0.28567708
vt 0.12896825 0.28567708
vt 0.12896825 0.28567708
vt 0.12896825 0.28567708
vt 0.12896825 0.28567708
vt 0.12896825 0.28567708
vt 0.12896825 0.28567708
vt 0.12896825 0.28567708
vt 0.12896825 0.28567708
vt 0.12896825 0.28567708
vt 0.12896825 0.28567708
vt 0.12896825 0.28567708
vt 0.12896825 0.28567708
vt 0.12896825 0.28567708
vt 0.12896825 0.28567708
vt 0.12896825 0.28567708
vt 0.12896825 0.28567708
vt 0.12896825 0.28567708
vt 0.12896825 0.28567708
vt 0.12896825 0.28567708
vt 0.12896825 0.28567708
vt 0.12896825 0.28567708
vt 0.12896825 0.28567708
vt 0.12896825 0.28567708
vt 0.12896825 0.28567708
vt 0.12896825 0.28567708
vt 0.12896825 0.28567708
vt 0.12896825 0.28567708
vt 0.12896825 0.28567708
vt 0.12896825 0.28567708
vt 0.12896825 0.28567708
vt 0.12896825 0.28567708
vt 0.12896825 0.28567708
vt 0.12896825 0.28567708
vt 0.12896825 0.28567708
vt 0.12896825 0.28567708
vt 0.12896825 0.28567708
vt 0.12896825 0.28567708
vt 0.12896825 0.28567708
vt 0.12896825 0.28567708
vt 0.12896825 0.28567708
vt 0.12896825 0.28567708
vt 0.12896825 0.28567708
vt 0.12896825 0.28567708
vt 0.12896825 0.28567708
vt 0.12896825 0.28567708
vt 0.12896825 0.28567708
vt 0.12896825 0.28567708
vt 0.12896825 0.28567708
vt 0.12896825 0.28567708
vt 0.12896825 0.28567708
vt 0.12896825 0.28567708
vt 0.12896825 0.28567708
vt 0.12896825 0.28567708
vt 0.12896825 0.28567708
vt 0.12896825 0.28567708
vt 0.12896825 0.28567708
vt 0.12896825 0.28567708
vt 0.12896825 0.28567708
vt 0.12896825 0.28567708
vt 0.12896825 0.28567708
vt 0.12896825 0.28567708
vt 0.12896825 0.28567708
vt 0.12896825 0.28567708
vt 0.12896825 0.28567708
vt 0.12896825 0.28567708
vt 0.12896825 0.28567708
vt 0.12896825 0.28567708
vt 0.12896825 0.28567708
vt 0.12896825 0.28567708
vt 0.12896825 0.28567708
vt 0.12896825 0.28567708
vt 0.12896825 0.28567708
vt 0.12896825 0.28567708
vt 0.12896825 0.28567708
vt 0.12896825 0.28567708
vt 0.12896825 0.28567708
vt 0.12896825 0.28567708
vt 0.12896825 0.28567708
vt 0.12896825 0.28567708
vt 0.12896825 0.28567708
vt 0.12896825 0.28567708
vt 0.12896825 0.28567708
vt 0.12896825 0.28567708
vt 0.12896825 0.28567708
vt 0.12896825 0.28567708
vt 0.12896825 0.28567708
vt 0.12896825 0.28567708
vt 0.12896825 0.28567708
vt 0.12896825 0.28567708
vt 0.12896825 0.28567708
vt 0.12896825 0.28567708
vt 0.12896825 0.28567708
vt 0.12896825 0.28567708
vt 0.12896825 0.28567708
vt 0.12896825 0.28567708
vt 0.12896825 0.28567708
vt 0.12896825 0.28567708
vt 0.12896825 0.28567708
vt 0.12896825 0.28567708
vt 0.12896825 0.28567708
vt 0.12896825 0.28567708
vt 0.12896825 0.28567708
vt 0.12896825 0.28567708
vt 0.12896825 0.28567708
vt 0.12896825 0.28567708
vt 0.12896825 0.28567708
vt 0.12896825 0.28567708
vt 0.12896825 0.28567708
vt 0.12896825 0.28567708
vt 0.12896825 0.28567708
vt 0.12896825 0.28567708
vt 0.12896825 0.28567708
vt 0.12896825 0.28567708
vt 0.12896825 0.28567708
vt 0.12896825 0.28567708
vt 0.12896825 0.28567708
vt 0.12896825 0.28567708
vt 0.12896825 0.28567708
vt 0.12896825 0.28567708
vt 0.12896825 0.28567708
vt 0.12896825 0.28567708
vt 0.12896825 0.28567708
vt 0.12896825 0.28567708
vt 0.12896825 0.28567708
vt 0.12896825 0.28567708
vt 0.12896825 0.28567708
vt 0.12896825 0.28567708
vt 0.12896825 0.28567708
vt 0.12896825 0.28567708
vt 0.12896825 0.28567708
vt 0.12896825 0.28567708
vt 0.12896825 0.28567708
vt 0.12896825 0.28567708
vt 0.12896825 0.28567708
vt 0.12896825 0.28567708
vt 0.12896825 0.28567708
vt 0.12896825 0.28567708
vt 0.12896825 0.28567708
vt 0.12896825 0.28567708
vt 0.12896825 0.28567708
vt 0.12896825 0.28567708
vt 0.12896825 0.28567708
vt 0.12896825 0.28567708
vt 0.12896825 0.28567708
vt 0.12896825 0.28567708
vt 0.12896825 0.28567708
vt 0.12896825 0.28567708
vt 0.12896825 0.28567708
vt 0.12896825 0.28567708
vt 0.12896825 0.28567708
vt 0.12896825 0.28567708
vt 0.12896825 0.28567708
vt 0.12896825 0.28567708
vt 0.12896825 0.28567708
vt 0.12896825 0.28567708
vt 0.12896825 0.28567708
vt 0.12896825 0.28567708
vt 0.12896825 0.28567708
vt 0.12896825 0.28567708
vt 0.12896825 0.28567708
vt 0.12896825 0.28567708
vt 0.12896825 0.28567708
vt 0.12896825 0.28567708
vt 0.12896825 0.28567708
vt 0.12896825 0.28567708
vt 0.12896825 0.28567708
vt 0.12896825 0.28567708
vt 0.12896825 0.28567708
vt 0.12896825 0.28567708
vt 0.12896825 0.28567708
vt 0.12896825 0.28567708
vt 0.12896825 0.28567708
vt 0.12896825 0.28567708
vt 0.12896825 0.28567708
vt 0.12896825 0.28567708
vt 0.12896825 0.28567708
vt 0.12896825 0.28567708
vt 0.26959325 0.28567708
vt 0.26959325 0.28567708
vt 0.26959325 0.28567708
vt 0.26959325 0.28567708
vt 0.26959325 0.28567708
vt 0.26959325 0.28567708
vt 0.26959325 0.28567708
vt 0.26959325 0.28567708
vt 0.26959325 0.28567708
vt 0.26959325 0.28567708
vt 0.26959325 0.28567708
vt 0.26959325 0.28567708
vt 0.26959325 0.28567708
vt 0.26959325 0.28567708
vt 0.26959325 0.28567708
vt 0.26959325 0.28567708
vt 0.26959325 0.28567708
vt 0.26959325 0.28567708
vt 0.26959325 0.28567708
vt 0.26959325 0.28567708
vt 0.26959325 0.28567708
vt 0.26959325 0.28567708
vt 0.26959325 0.28567708
vt 0.26959325 0.28567708
vt 0.26959325 0.28567708
vt 0.26959325 0.28567708
vt 0.26959325 0.28567708
vt 0.26959325 0.28567708
vt 0.26959325 0.28567708
vt 0.26959325 0.28567708
vt 0.26959325 0.28567708
vt 0.26959325 0.28567708
vt 0.26959325 0.28567708
vt 0.26959325 0.28567708
vt 0.26959325 0.28567708
vt 0.26959325 0.28567708
vt 0.26959325 0.28567708
vt 0.26959325 0.28567708
vt 0.26959325 0.28567708
vt 0.26959325 0.28567708
vt 0.26959325 0.28567708
vt 0.26959325 0.28567708
vt 0.26959325 0.28567708
vt 0.26959325 0.28567708
vt 0.26959325 0.28567708
vt 0.26959325 0.28567708
vt 0.26959325 0.28567708
vt 0.26959325 0.28567708
vt 0.26959325 0.28567708
vt 0.26959325 0.28567708
vt 0.26959325 0.28567708
vt 0.26959325 0.28567708
vt 0.26959325 0.28567708
vt 0.26959325 0.28567708
vt 0.26959325 0.28567708
vt 0.26959325 0.28567708
vt 0.26959325 0.28567708
vt 0.26959325 0.28567708
vt 0.26959325 0.28567708
vt 0.26959325 0.28567708
vt 0.26959325 0.28567708
vt 0.26959325 0.28567708
vt 0.26959325 0.28567708
vt 0.26959325 0.28567708
vt 0.26959325 0.28567708
vt 0.26959325 0.28567708
vt 0.26959325 0.28567708
vt 0.26959325 0.28567708
vt 0.26959325 0.28567708
vt 0.26959325 0.28567708
vt 0.26959325 0.28567708
vt 0.26959325 0.28567708
vt 0.26959325 0.28567708
vt 0.26959325 0.28567708
vt 0.26959325 0.28567708
vt 0.26959325 0.28567708
vt 0.26959325 0.28567708
vt 0.26959325 0.28567708
vt 0.26959325 0.28567708
vt 0.26959325 0.28567708
vt 0.26959325 0.28567708
vt 0.26959325 0.28567708
vt 0.26959325 0.28567708
vt 0.26959325 0.28567708
vt 0.26959325 0.28567708
vt 0.26959325 0.28567708
vt 0.26959325 0.28567708
vt 0.26959325 0.28567708
vt 0.26959325 0.28567708
vt 0.26959325 0.28567708
vt 0.26959325 0.28567708
vt 0.26959325 0.28567708
vt 0.26959325 0.28567708
vt 0.26959325 0.28567708
vt 0.26959325 0.28567708
vt 0.26959325 0.28567708
vt 0.26959325 0.28567708
vt 0.26959325 0.28567708
vt 0.26959325 0.28567708
vt 0.26959325 0.28567708
vt 0.26959325 0.28567708
vt 0.26959325 0.28567708
vt 0.26959325 0.28567708
vt 0.26959325 0.28567708
vt 0.26959325 0.28567708
vt 0.26959325 0.28567708
vt 0.26959325 0.28567708
vt 0.26959325 0.28567708
vt 0.26959325 0.28567708
vt 0.26959325 0.28567708
vt 0.26959325 0.28567708
vt 0.26959325 0.28567708
vt 0.26959325 0.28567708
vt 0.26959325 0.28567708
vt 0.26959325 0.28567708
vt 0.26959325 0.28567708
vt 0.26959325 0.28567708
vt 0.26959325 0.28567708
vt 0.26959325 0.28567708
vt 0.26959325 0.28567708
vt 0.26959325 0.28567708
vt 0.26959325 0.28567708
vt 0.26959325 0.28567708
vt 0.26959325 0.28567708
vt 0.26959325 0.28567708
vt 0.26959325 0.28567708
vt 0.26959325 0.28567708
vt 0.26959325 0.28567708
vt 0.26959325 0.28567708
vt 0.26959325 0.28567708
vt 0.26959325 0.28567708
vt 0.26959325 0.28567708
vt 0.26959325 0.28567708
vt 0.26959325 0.28567708
vt 0.26959325 0.28567708
vt 0.26959325 0.28567708
vt 0.26959325 0.28567708
vt 0.26959325 0.28567708
vt 0.26959325 0.28567708
vt 0.26959325 0.28567708
vt 0.26959325 0.28567708
vt 0.26959325 0.28567708
vt 0.26959325 0.28567708
vt 0.26959325 0.28567708
vt 0.26959325 0.28567708
vt 0.26959325 0.28567708
vt 0.26959325 0.28567708
vt 0.26959325 0.28567708
vt 0.26959325 0.28567708
vt 0.26959325 0.28567708
vt 0.26959325 0.28567708
vt 0.26959325 0.28567708
vt 0.26959325 0.28567708
vt 0.26959325 0.28567708
vt 0.26959325 0.28567708
vt 0.26959325 0.28567708
vt 0.26959325 0.28567708
vt 0.26959325 0.28567708
vt 0.26959325 0.28567708
vt 0.26959325 0.28567708
vt 0.26959325 0.28567708
vt 0.26959325 0.28567708
vt 0.26959325 0.28567708
vt 0.26959325 0.28567708
vt 0.26959325 0.28567708
vt 0.26959325 0.28567708
vt 0.26959325 0.28567708
vt 0.26959325 0.28567708
vt 0.26959325 0.28567708
vt 0.26959325 0.28567708
vt 0.26959325 0.28567708
vt 0.26959325 0.28567708
vt 0.26959325 0.28567708
vt 0.26959325 0.28567708
vt 0.26959325 0.28567708
vt 0.26959325 0.28567708
vt 0.26959325 0.28567708
vt 0.26959325 0.28567708
vt 0.26959325 0.28567708
vt 0.26959325 0.28567708
vt 0.26959325 0.28567708
vt 0.26959325 0.28567708
vt 0.26959325 0.28567708
vt 0.26959325 0.28567708
vt 0.26959325 0.28567708
vt 0.26959325 0.28567708
vt 0.26959325 0.28567708
vt 0.26959325 0.28567708
vt 0.26959325 0.28567708
vt 0.26959325 0.28567708
vt 0.26959325 0.28567708
vt 0.26959325 0.28567708
vt 0.26959325 0.28567708
vt 0.26959325 0.28567708
vt 0.26959325 0.28567708
vt 0.26959325 0.28567708
vt 0.26959325 0.28567708
vt 0.26959325 0.28567708
vt 0.26959325 0.28567708
vt 0.26959325 0.28567708
vt 0.26959325 0.28567708
vt 0.26959325 0.28567708
vt 0.26959325 0.28567708
vt 0.26959325 0.28567708
vt 0.26959325 0.28567708
vt 0.26959325 0.28567708
vt 0.26959325 0.28567708
vt 0.26959325 0.28567708
vt 0.26959325 0.28567708
vt 0.26959325 0.28567708
vt 0.26959325 0.28567708
vt 0.26959325 0.28567708
vt 0.26959325 0.28567708
vt 0.26959325 0.28567708
vt 0.26959325 0.28567708
vt 0.26959325 0.28567708
vt 0.26959325 0.28567708
vt 0.26959325 0.28567708
vt 0.26959325 0.28567708
vt 0.26959325 0.28567708
vt 0.26959325 0.28567708
vt 0.26959325 0.28567708
vt 0.26959325 0.28567708
vt 0.26959325 0.28567708
vt 0.26959325 0.28567708
vt 0.26959325 0.28567708
vt 0.26959325 0.28567708
vt 0.26959325 0.28567708
vt 0.26959325 0.28567708
vt 0.26959325 0.28567708
vt 0.26959325 0.28567708
vt 0.26959325 0.28567708
vt 0.26959325 0.28567708
vt 0.26959325 0.28567708
vt 0.26959325 0.28567708
vt 0.26959325 0.28567708
vt 0.26959325 0.28567708
vt 0.26959325 0.28567708
vt 0.26959325 0.28567708
vt 0.26959325 0.28567708
vt 0.26959325 0.28567708
vt 0.26959325 0.28567708
vt 0.26959325 0.28567708
vt 0.26959325 0.28567708
vt 0.26959325 0.28567708
vt 0.26959325 0.28567708
vt 0.26959325 0.28567708
vt 0.26959325 0.28567708
vt 0.26959325 0.28567708
vt 0.26959325 0.28567708
vt 0.26959325 0.28567708
vt 0.26959325 0.28567708
vt 0.26959325 0.28567708
vt 0.26959325 0.28567708
vt 0.26959325 0.28567708
vt 0.26959325 0.28567708
vt 0.26959325 0.28567708
vt 0.26959325 0.28567708
vt 0.26959325 0.28567708
vt 0.26959325 0.28567708
vt 0.26959325 0.28567708
vt 0.26959325 0.28567708
vt 0.26959325 0.28567708
vt 0.26959325 0.28567708
vt 0.26959325 0.28567708
vt 0.26959325 0.28567708
vt 0.26959325 0.28567708
vt 0.26959325 0.28567708
vt 0.26959325 0.28567708
vt 0.26959325 0.28567708
vt 0.26959325 0.28567708
vt 0.26959325 0.28567708
vt 0.26959325 0.28567708
vt 0.26959325 0.28567708
vt 0.26959325 0.28567708
vt 0.26959325 0.28567708
vt 0.26959325 0.28567708
vt 0.26959325 0.28567708
vt 0.26959325 0.28567708
vt 0.26959325 0.28567708
vt 0.26959325 0.28567708
vt 0.26959325 0.28567708
vt 0.26959325 0.28567708
vt 0.26959325 0.28567708
vt 0.26959325 0.28567708
vt 0.26959325 0.28567708
vt 0.26959325 0.28567708
vt 0.26959325 0.28567708
vt 0.26959325 0.28567708
vt 0.26959325 0.28567708
vt 0.26959325 0.28567708
vt 0.26959325 0.28567708
vt 0.26959325 0.28567708
vt 0.26959325 0.28567708
vt 0.26959325 0.28567708
vt 0.26959325 0.28567708
vt 0.26959325 0.28567708
vt 0.26959325 0.28567708
vt 0.26959325 0.28567708
vt 0.26959325 0.28567708
vt 0.26959325 0.28567708
vt 0.26959325 0.28567708
vt 0.26959325 0.28567708
vt 0.26959325 0.28567708
vt 0.26959325 0.28567708
vt 0.26959325 0.28567708
vt 0.26959325 0.28567708
vt 0.26959325 0.28567708
vt 0.26959325 0.28567708
vt 0.26959325 0.28567708
vt 0.26959325 0.28567708
vt 0.26959325 0.28567708
vt 0.26959325 0.28567708
vt 0.26959325 0.28567708
vt 0.26959325 0.28567708
vt 0.26959325 0.28567708
vt 0.26959325 0.28567708
vt 0.26959325 0.28567708
vt 0.26959325 0.28567708
vt 0.26959325 0.28567708
vt 0.26959325 0.28567708
vt 0.26959325 0.28567708
vt 0.26959325 0.28567708
vt 0.26959325 0.28567708
vt 0.26959325 0.28567708
vt 0.26959325 0.28567708
vt 0.26959325 0.28567708
vt 0.26959325 0.28567708
vt 0.26959325 0.28567708
vt 0.26959325 0.28567708
vt 0.26959325 0.28567708
vt 0.26959325 0.28567708
vt 0.26959325 0.28567708
vt 0.26959325 0.28567708
vt 0.26959325 0.28567708
vt 0.26959325 0.28567708
vt 0.26959325 0.28567708
vt 0.26959325 0.28567708
vt 0.26959325 0.28567708
vt 0.26959325 0.28567708
vt 0.26959325 0.28567708
vt 0.26959325 0.28567708
vt 0.26959325 0.28567708
vt 0.26959325 0.28567708
vt 0.26959325 0.28567708
vt 0.26959325 0.28567708
vt 0.26959325 0.28567708
vt 0.26959325 0.28567708
vt 0.26959325 0.28567708
vt 0.26959325 0.28567708
vt 0.26959325 0.28567708
vt 0.26959325 0.28567708
vt 0.26959325 0.28567708
vt 0.26959325 0.28567708
vt 0.26959325 0.28567708
vt 0.26959325 0.28567708
vt 0.26959325 0.28567708
vt 0.26959325 0.28567708
vt 0.26959325 0.28567708
vt 0.26959325 0.28567708
vt 0.26959325 0.28567708
vt 0.26959325 0.28567708
vt 0.26959325 0.28567708
vt 0.26959325 0.28567708
vt 0.26959325 0.28567708
vt 0.26959325 0.28567708
vt 0.26959325 0.28567708
vt 0.26959325 0.28567708
vt 0.26959325 0.28567708
vt 0.26959325 0.28567708
vt 0.26959325 0.28567708
vt 0.26959325 0.28567708
vt 0.26959325 0.28567708
vt 0.26959325 0.28567708
vt 0.26959325 0.28567708
vt 0.26959325 0.28567708
vt 0.26959325 0.28567708
vt 0.26959325 0.28567708
vt 0.26959325 0.28567708
vt 0.26959325 0.28567708
vt 0.26959325 0.28567708
vt 0.26959325 0.28567708
vt 0.26959325 0.28567708
vt 0.26959325 0.28567708
vt 0.26959325 0.28567708
vt 0.26959325 0.28567708
vt 0.26959325 0.28567708
vt 0.26959325 0.28567708
vt 0.26959325 0.28567708
vt 0.26959325 0.28567708
vt 0.26959325 0.28567708
vt 0.26959325 0.28567708
vt 0.26959325 0.28567708
vt 0.26959325 0.28567708
vt 0.26959325 0.28567708
vt 0.26959325 0.28567708
vt 0.26959325 0.28567708
vt 0.26959325 0.28567708
vt 0.26959325 0.28567708
vt 0.26959325 0.28567708
vt 0.26959325 0.28567708
vt 0.26959325 0.28567708
vt 0.26959325 0.28567708
vt 0.26959325 0.28567708
vt 0.26959325 0.28567708
vt 0.26959325 0.28567708
vt 0.26959325 0.28567708
vt 0.26959325 0.28567708
vt 0.26959325 0.28567708
vt 0.26959325 0.28567708
vt 0.26959325 0.28567708
vt 0.26959325 0.28567708
vt 0.26959325 0.28567708
vt 0.26959325 0.28567708
vt 0.26959325 0.28567708
vt 0.26959325 0.28567708
vt 0.26959325 0.28567708
vt 0.26959325 0.28567708
vt 0.26959325 0.28567708
vt 0.26959325 0.28567708
vt 0.26959325 0.28567708
vt 0.26959325 0.28567708
vt 0.26959325 0.28567708
vt 0.26959325 0.28567708
vt 0.26959325 0.28567708
vt 0.26959325 0.28567708
vt 0.26959325 0.28567708
vt 0.26959325 0.28567708
vt 0.26959325 0.28567708
vt 0.26959325 0.28567708
vt 0.26959325 0.28567708
vt 0.26959325 0.28567708
vt 0.26959325 0.28567708
vt 0.26959325 0.28567708
vt 0.26959325 0.28567708
vt 0.26959325 0.28567708
vt 0.26959325 0.28567708
vt 0.26959325 0.28567708
vt 0.26959325 0.28567708
vt 0.26959325 0.28567708
vt 0.26959325 0.28567708
vt 0.26959325 0.28567708
vt 0.26959325 0.28567708
vt 0.26959325 0.28567708
vt 0.26959325 0.28567708
vt 0.26959325 0.28567708
vt 0.26959325 0.28567708
vt 0.26959325 0.28567708
vt 0.26959325 0.28567708
vt 0.26959325 0.28567708
vt 0.26959325 0.28567708
vt 0.26959325 0.28567708
vt 0.26959325 0.28567708
vt 0.26959325 0.28567708
vt 0.26959325 0.28567708
vt 0.26959325 0.28567708
vt 0.26959325 0.28567708
vt 0.26959325 0.28567708
vt 0.26959325 0.28567708
vt 0.26959325 0.28567708
vt 0.26959325 0.28567708
vt 0.26959325 0.28567708
vt 0.26959325 0.28567708
vt 0.26959325 0.28567708
vt 0.26959325 0.28567708
vt 0.26959325 0.28567708
vt 0.26959325 0.28567708
vt 0.26959325 0.28567708
vt 0.26959325 0.28567708
vt 0.26959325 0.28567708
vt 0.26959325 0.28567708
vt 0.26959325 0.28567708
vt 0.26959325 0.28567708
vt 0.26959325 0.28567708
vt 0.26959325 0.28567708
vt 0.26959325 0.28567708
vt 0.26959325 0.28567708
vt 0.26959325 0.28567708
vt 0.26959325 0.28567708
vt 0.26959325 0.28567708
vt 0.26959325 0.28567708
vt 0.26959325 0.28567708
vt 0.26959325 0.28567708
vt 0.26959325 0.28567708
vt 0.26959325 0.28567708
vt 0.26959325 0.28567708
vt 0.26959325 0.28567708
vt 0.26959325 0.28567708
vt 0.26959325 0.28567708
vt 0.26959325 0.28567708
vt 0.26959325 0.28567708
vt 0.26959325 0.28567708
vt 0.26959325 0.28567708
vt 0.26959325 0.28567708
vt 0.26959325 0.28567708
vt 0.26959325 0.28567708
vt 0.26959325 0.28567708
vt 0.26959325 0.28567708
vt 0.26959325 0.28567708
vt 0.26959325 0.28567708
vt 0.26959325 0.28567708
vt 0.26959325 0.28567708
vt 0.26959325 0.28567708
vt 0.26959325 0.28567708
vt 0.26959325 0.28567708
vt 0.26959325 0.28567708
vt 0.26959325 0.28567708
vt 0.26959325 0.28567708
vt 0.26959325 0.28567708
vt 0.26959325 0.28567708
vt 0.26959325 0.28567708
vt 0.26959325 0.28567708
vt 0.26959325 0.28567708
vt 0.26959325 0.28567708
vt 0.26959325 0.28567708
vt 0.26959325 0.28567708
vt 0.26959325 0.28567708
vt 0.26959325 0.28567708
vt 0.26959325 0.28567708
vt 0.26959325 0.28567708
vt 0.26959325 0.28567708
vt 0.26959325 0.28567708
vt 0.26959325 0.28567708
vt 0.26959325 0.28567708
vt 0.26959325 0.28567708
vt 0.26959325 0.28567708
vt 0.26959325 0.28567708
vt 0.26959325 0.28567708
vt 0.26959325 0.28567708
vt 0.26959325 0.28567708
vt 0.26959325 0.28567708
vt 0.26959325 0.28567708
vt 0.26959325 0.28567708
vt 0.26959325 0.28567708
vt 0.26959325 0.28567708
vt 0.26959325 0.28567708
vt 0.26959325 0.28567708
vt 0.26959325 0.28567708
vt 0.26959325 0.28567708
vt 0.26959325 0.28567708
vt 0.26959325 0.28567708
vt 0.26959325 0.28567708
vt 0.26959325 0.28567708
vt 0.26959325 0.28567708
vt 0.26959325 0.28567708
vt 0.26959325 0.28567708
vt 0.26959325 0.28567708
vt 0.26959325 0.28567708
vt 0.26959325 0.28567708
vt 0.26959325 0.28567708
vt 0.26959325 0.28567708
vt 0.26959325 0.28567708
vt 0.26959325 0.28567708
vt 0.26959325 0.28567708
vt 0.26959325 0.28567708
vt 0.26959325 0.28567708
vt 0.26959325 0.28567708
vt 0.26959325 0.28567708
vt 0.26959325 0.28567708
vt 0.26959325 0.28567708
vt 0.26959325 0.28567708
vt 0.26959325 0.28567708
vt 0.26959325 0.28567708
vt 0.26959325 0.28567708
vt 0.26959325 0.28567708
vt 0.26959325 0.28567708
vt 0.26959325 0.28567708
vt 0.26959325 0.28567708
vt 0.26959325 0.28567708
vt 0.26959325 0.28567708
vt 0.26959325 0.28567708
vt 0.26959325 0.28567708
vt 0.26959325 0.28567708
vt 0.26959325 0.28567708
vt 0.26959325 0.28567708
vt 0.26959325 0.28567708
vt 0.26959325 0.28567708
vt 0.26959325 0.28567708
vt 0.26959325 0.28567708
vt 0.26959325 0.28567708
vt 0.26959325 0.28567708
vt 0.26959325 0.28567708
vt 0.26959325 0.28567708
vt 0.26959325 0.28567708
vt 0.26959325 0.28567708
vt 0.26959325 0.28567708
vt 0.26959325 0.28567708
vt 0.26959325 0.28567708
vt 0.26959325 0.28567708
vt 0.26959325 0.28567708
vt 0.26959325 0.28567708
vt 0.26959325 0.28567708
vt 0.26959325 0.28567708
vt 0.26959325 0.28567708
vt 0.26959325 0.28567708
vt 0.26959325 0.28567708
vt 0.26959325 0.28567708
vt 0.26959325 0.28567708
vt 0.26959325 0.28567708
vt 0.26959325 0.28567708
vt 0.26959325 0.28567708
vt 0.26959325 0.28567708
vt 0.26959325 0.28567708
vt 0.26959325 0.28567708
vt 0.26959325 0.28567708
vt 0.26959325 0.28567708
vt 0.26959325 0.28567708
vt 0.26959325 0.28567708
vt 0.26959325 0.28567708
vt 0.26959325 0.28567708
vt 0.26959325 0.28567708
vt 0.26959325 0.28567708
vt 0.26959325 0.28567708
vt 0.26959325 0.28567708
vt 0.26959325 0.28567708
vt 0.26959325 0.28567708
vt 0.26959325 0.28567708
vt 0.26959325 0.28567708
vt 0.26959325 0.28567708
vt 0.26959325 0.28567708
vt 0.26959325 0.28567708
vt 0.26959325 0.28567708
vt 0.26959325 0.28567708
vt 0.26959325 0.28567708
vt 0.26959325 0.28567708
vt 0.26959325 0.28567708
vt 0.26959325 0.28567708
vt 0.26959325 0.28567708
vt 0.26959325 0.28567708
vt 0.26959325 0.28567708
vt 0.26959325 0.28567708
vt 0.26959325 0.28567708
vt 0.26959325 0.28567708
vt 0.26959325 0.28567708
vt 0.26959325 0.28567708
vt 0.26959325 0.28567708
vt 0.26959325 0.28567708
vt 0.26959325 0.28567708
vt 0.26959325 0.28567708
vt 0.26959325 0.28567708
vt 0.26959325 0.28567708
vt 0.26959325 0.28567708
vt 0.26959325 0.28567708
vt 0.26959325 0.28567708
vt 0.26959325 0.28567708
vt 0.26959325 0.28567708
vt 0.26959325 0.28567708
vt 0.26959325 0.28567708
vt 0.26959325 0.28567708
vt 0.26959325 0.28567708
vt 0.26959325 0.28567708
vt 0.26959325 0.28567708
vt 0.26959325 0.28567708
vt 0.26959325 0.28567708
vt 0.26959325 0.28567708
vt 0.26959325 0.28567708
vt 0.26959325 0.28567708
vt 0.26959325 0.28567708
vt 0.26959325 0.28567708
vt 0.26959325 0.28567708
vt 0.26959325 0.28567708
vt 0.26959325 0.28567708
vt 0.26959325 0.28567708
vt 0.26959325 0.28567708
vt 0.26959325 0.28567708
vt 0.26959325 0.28567708
vt 0.26959325 0.28567708
vt 0.26959325 0.28567708
vt 0.26959325 0.28567708
vt 0.26959325 0.28567708
vt 0.26959325 0.28567708
vt 0.26959325 0.28567708
vt 0.26959325 0.28567708
vt 0.26959325 0.28567708
vt 0.26959325 0.28567708
vt 0.26959325 0.28567708
vt 0.26959325 0.28567708
vt 0.26959325 0.28567708
vt 0.26959325 0.28567708
vt 0.26959325 0.28567708
vt 0.26959325 0.28567708
vt 0.26959325 0.28567708
vt 0.26959325 0.28567708
vt 0.26959325 0.28567708
vt 0.26959325 0.28567708
vt 0.26959325 0.28567708
vt 0.26959325 0.28567708
vt 0.26959325 0.28567708
vt 0.26959325 0.28567708
vt 0.26959325 0.28567708
vt 0.26959325 0.28567708
vt 0.26959325 0.28567708
vt 0.26959325 0.28567708
vt 0.26959325 0.28567708
vt 0.26959325 0.28567708
vt 0.26959325 0.28567708
vt 0.26959325 0.28567708
vt 0.26959325 0.28567708
vt 0.26959325 0.28567708
vt 0.26959325 0.28567708
vt 0.26959325 0.28567708
vt 0.26959325 0.28567708
vt 0.26959325 0.28567708
vt 0.26959325 0.28567708
vt 0.26959325 0.28567708
vt 0.26959325 0.28567708
vt 0.26959325 0.28567708
vt 0.26959325 0.28567708
vt 0.26959325 0.28567708
vt 0.26959325 0.28567708
vt 0.26959325 0.28567708
vt 0.26959325 0.28567708
vt 0.26959325 0.28567708
vt 0.26959325 0.28567708
vt 0.26959325 0.28567708
vt 0.26959325 0.28567708
vt 0.26959325 0.28567708
vt 0.26959325 0.28567708
vt 0.26959325 0.28567708
vt 0.26959325 0.28567708
vt 0.26959325 0.28567708
vt 0.26959325 0.28567708
vt 0.26959325 0.28567708
vt 0.26959325 0.28567708
vt 0.26959325 0.28567708
vt 0.26959325 0.28567708
vt 0.26959325 0.28567708
vt 0.26959325 0.28567708
vt 0.26959325 0.28567708
vt 0.26959325 0.28567708
vt 0.26959325 0.28567708
vt 0.26959325 0.28567708
vt 0.26959325 0.28567708
vt 0.26959325 0.28567708
vt 0.26959325 0.28567708
vt 0.26959325 0.28567708
vt 0.26959325 0.28567708
vt 0.26959325 0.28567708
vt 0.26959325 0.28567708
vt 0.26959325 0.28567708
vt 0.26959325 0.28567708
vt 0.26959325 0.28567708
vt 0.26959325 0.28567708
vt 0.26959325 0.28567708
vt 0.26959325 0.28567708
vt 0.26959325 0.28567708
vt 0.26959325 0.28567708
vt 0.26959325 0.28567708
vt 0.26959325 0.28567708
vt 0.26959325 0.28567708
vt 0.26959325 0.28567708
vt 0.26959325 0.28567708
vt 0.26959325 0.28567708
vt 0.26959325 0.28567708
vt 0.26959325 0.28567708
vt 0.26959325 0.28567708
vt 0.26959325 0.28567708
vt 0.26959325 0.28567708
vt 0.26959325 0.28567708
vt 0.26959325 0.28567708
vt 0.26959325 0.28567708
vt 0.26959325 0.28567708
vt 0.26959325 0.28567708
vt 0.26959325 0.28567708
vt 0.26959325 0.28567708
vt 0.26959325 0.28567708
vt 0.26959325 0.28567708
vt 0.26959325 0.28567708
vt 0.26959325 0.28567708
vt 0.26959325 0.28567708
vt 0.26959325 0.28567708
vt 0.26959325 0.28567708
vt 0.26959325 0.28567708
vt 0.26959325 0.28567708
vt 0.26959325 0.28567708
vt 0.26959325 0.28567708
vt 0.26959325 0.28567708
vt 0.26959325 0.28567708
vt 0.26959325 0.28567708
vt 0.26959325 0.28567708
vt 0.26959325 0.28567708
vt 0.26959325 0.28567708
vt 0.26959325 0.28567708
vt 0.26959325 0.28567708
vt 0.26959325 0.28567708
vt 0.26959325 0.28567708
vt 0.26959325 0.28567708
vt 0.26959325 0.28567708
vt 0.26959325 0.28567708
vt 0.26959325 0.28567708
vt 0.26959325 0.28567708
vt 0.26959325 0.28567708
vt 0.26959325 0.28567708
vt 0.26959325 0.28567708
vt 0.26959325 0.28567708
vt 0.26959325 0.28567708
vt 0.26959325 0.28567708
vt 0.26959325 0.28567708
vt 0.26959325 0.28567708
vt 0.26959325 0.28567708
vt 0.26959325 0.28567708
vt 0.26959325 0.28567708
vt 0.26959325 0.28567708
vt 0.26959325 0.28567708
vt 0.26959325 0.28567708
vt 0.26959325 0.28567708
vt 0.26959325 0.28567708
vt 0.26959325 0.28567708
vt 0.26959325 0.28567708
vt 0.26959325 0.28567708
vt 0.26959325 0.28567708
vt 0.26959325 0.28567708
vt 0.26959325 0.28567708
vt 0.26959325 0.28567708
vt 0.26959325 0.28567708
vt 0.26959325 0.28567708
vt 0.26959325 0.28567708
vt 0.26959325 0.28567708
vt 0.26959325 0.28567708
vt 0.26959325 0.28567708
vt 0.26959325 0.28567708
vt 0.26959325 0.28567708
vt 0.26959325 0.28567708
vt 0.26959325 0.28567708
vt 0.26959325 0.28567708
vt 0.26959325 0.28567708
vt 0.26959325 0.28567708
vt 0.26959325 0.28567708
vt 0.26959325 0.28567708
vt 0.26959325 0.28567708
vt 0.26959325 0.28567708
vt 0.26959325 0.28567708
vt 0.26959325 0.28567708
vt 0.26959325 0.28567708
vt 0.26959325 0.28567708
vt 0.26959325 0.28567708
vt 0.26959325 0.28567708
vt 0.26959325 0.28567708
vt 0.26959325 0.28567708
vt 0.26959325 0.28567708
vt 0.26959325 0.28567708
vt 0.26959325 0.28567708
vt 0.26959325 0.28567708
vt 0.26959325 0.28567708
vt 0.26959325 0.28567708
vt 0.26959325 0.28567708
vt 0.26959325 0.28567708
vt 0.26959325 0.28567708
vt 0.26959325 0.28567708
vt 0.26959325 0.28567708
vt 0.26959325 0.28567708
vt 0.26959325 0.28567708
vt 0.26959325 0.28567708
vt 0.26959325 0.28567708
vt 0.26959325 0.28567708
vt 0.26959325 0.28567708
vt 0.26959325 0.28567708
vt 0.26959325 0.28567708
vt 0.26959325 0.28567708
vt 0.26959325 0.28567708
vt 0.26959325 0.28567708
vt 0.26959325 0.28567708
vt 0.26959325 0.28567708
vt 0.26959325 0.28567708
vt 0.26959325 0.28567708
vt 0.26959325 0.28567708
vt 0.26959325 0.28567708
vt 0.26959325 0.28567708
vt 0.26959325 0.28567708
vt 0.26959325 0.28567708
vt 0.26959325 0.28567708
vt 0.26959325 0.28567708
vt 0.26959325 0.28567708
vt 0.26959325 0.28567708
vt 0.26959325 0.28567708
vt 0.26959325 0.28567708
vt 0.26959325 0.28567708
vt 0.26959325 0.28567708
vt 0.26959325 0.28567708
vt 0.26959325 0.28567708
vt 0.26959325 0.28567708
vt 0.26959325 0.28567708
vt 0.26959325 0.28567708
vt 0.26959325 0.28567708
vt 0.26959325 0.28567708
vt 0.26959325 0.28567708
vt 0.26959325 0.28567708
vt 0.26959325 0.28567708
vt 0.26959325 0.28567708
vt 0.26959325 0.28567708
vt 0.26959325 0.28567708
vt 0.26959325 0.28567708
vt 0.26959325 0.28567708
vt 0.26959325 0.28567708
vt 0.26959325 0.28567708
vt 0.26959325 0.28567708
vt 0.26959325 0.28567708
vt 0.26959325 0.28567708
vt 0.26959325 0.28567708
vt 0.26959325 0.28567708
vt 0.26959325 0.28567708
vt 0.26959325 0.28567708
vt 0.26959325 0.28567708
vt 0.26959325 0.28567708
vt 0.26959325 0.28567708
vt 0.26959325 0.28567708
vt 0.26959325 0.28567708
vt 0.26959325 0.28567708
vt 0.26959325 0.28567708
vt 0.26959325 0.28567708
vt 0.26959325 0.28567708
vt 0.26959325 0.28567708
vt 0.26959325 0.28567708
vt 0.26959325 0.28567708
vt 0.26959325 0.28567708
vt 0.26959325 0.28567708
vt 0.26959325 0.28567708
vt 0.26959325 0.28567708
vt 0.26959325 0.28567708
vt 0.26959325 0.28567708
vt 0.26959325 0.28567708
vt 0.26959325 0.28567708
vt 0.26959325 0.28567708
vt 0.26959325 0.28567708
vt 0.26959325 0.28567708
vt 0.26959325 0.28567708
vt 0.26959325 0.28567708
vt 0.26959325 0.28567708
vt 0.26959325 0.28567708
vt 0.26959325 0.28567708
vt 0.26959325 0.28567708
vt 0.26959325 0.28567708
vt 0.26959325 0.28567708
vt 0.26959325 0.28567708
vt 0.26959325 0.28567708
vt 0.26959325 0.28567708
vt 0.26959325 0.28567708
vt 0.26959325 0.28567708
vt 0.26959325 0.28567708
vt 0.26959325 0.28567708
vt 0.26959325 0.28567708
vt 0.26959325 0.28567708
vt 0.26959325 0.28567708
vt 0.26959325 0.28567708
vt 0.26959325 0.28567708
vt 0.26959325 0.28567708
vt 0.26959325 0.28567708
vt 0.26959325 0.28567708
vt 0.26959325 0.28567708
vt 0.26959325 0.28567708
vt 0.26959325 0.28567708
vt 0.26959325 0.28567708
vt 0.26959325 0.28567708
vt 0.26959325 0.28567708
vt 0.26959325 0.28567708
vt 0.26959325 0.28567708
vt 0.26959325 0.28567708
vt 0.26959325 0.28567708
vt 0.26959325 0.28567708
vt 0.26959325 0.28567708
vt 0.26959325 0.28567708
vt 0.26959325 0.28567708
vt 0.26959325 0.28567708
vt 0.26959325 0.28567708
vt 0.26959325 0.28567708
vt 0.26959325 0.28567708
vt 0.26959325 0.28567708
vt 0.26959325 0.28567708
vt 0.26959325 0.28567708
vt 0.26959325 0.28567708
vt 0.26959325 0.28567708
vt 0.26959325 0.28567708
vt 0.26959325 0.28567708
vt 0.26959325 0.28567708
vt 0.26959325 0.28567708
vt 0.26959325 0.28567708
vt 0.26959325 0.28567708
vt 0.26959325 0.28567708
vt 0.26959325 0.28567708
vt 0.26959325 0.28567708
vt 0.26959325 0.28567708
vt 0.26959325 0.28567708
vt 0.26959325 0.28567708
vt 0.26959325 0.28567708
vt 0.26959325 0.28567708
vt 0.26959325 0.28567708
vt 0.26959325 0.28567708
vt 0.26959325 0.28567708
vt 0.26959325 0.28567708
vt 0.26959325 0.28567708
vt 0.26959325 0.28567708
vt 0.26959325 0.28567708
vt 0.26959325 0.28567708
vt 0.26959325 0.28567708
vt 0.26959325 0.28567708
vt 0.26959325 0.28567708
vt 0.26959325 0.28567708
vt 0.26959325 0.28567708
vt 0.26959325 0.28567708
vt 0.26959325 0.28567708
vt 0.26959325 0.28567708
vt 0.26959325 0.28567708
vt 0.26959325 0.28567708
vt 0.26959325 0.28567708
vt 0.26959325 0.28567708
vt 0.26959325 0.28567708
vt 0.26959325 0.28567708
vt 0.26959325 0.28567708
vt 0.26959325 0.28567708
vt 0.26959325 0.28567708
vt 0.26959325 0.28567708
vt 0.26959325 0.28567708
vt 0.26959325 0.28567708
vt 0.26959325 0.28567708
vt 0.26959325 0.28567708
vt 0.26959325 0.28567708
vt 0.26959325 0.28567708
vt 0.26959325 0.28567708
vt 0.26959325 0.28567708
vt 0.26959325 0.28567708
vt 0.26959325 0.28567708
vt 0.26959325 0.28567708
vt 0.26959325 0.28567708
vt 0.26959325 0.28567708
vt 0.26959325 0.28567708
vt 0.26959325 0.28567708
vt 0.26959325 0.28567708
vt 0.26959325 0.28567708
vt 0.26959325 0.28567708
vt 0.26959325 0.28567708
vt 0.26959325 0.28567708
vt 0.26959325 0.28567708
vt 0.26959325 0.28567708
vt 0.26959325 0.28567708
vt 0.26959325 0.28567708
vt 0.26959325 0.28567708
vt 0.26959325 0.28567708
vt 0.26959325 0.28567708
vt 0.26959325 0.28567708
vt 0.26959325 0.28567708
vt 0.26959325 0.28567708
vt 0.26959325 0.28567708
vt 0.26959325 0.28567708
vt 0.26959325 0.28567708
vt 0.26959325 0.28567708
vt 0.26959325 0.28567708
vt 0.26959325 0.28567708
vt 0.26959325 0.28567708
vt 0.26959325 0.28567708
vt 0.26959325 0.28567708
vt 0.26959325 0.28567708
vt 0.26959325 0.28567708
vt 0.26959325 0.28567708
vt 0.26959325 0.28567708
vt 0.26959325 0.28567708
vt 0.26959325 0.28567708
vt 0.26959325 0.28567708
vt 0.26959325 0.28567708
vt 0.26959325 0.28567708
vt 0.26959325 0.28567708
vt 0.26959325 0.28567708
vt 0.26959325 0.28567708
vt 0.26959325 0.28567708
vt 0.26959325 0.28567708
vt 0.26959325 0.28567708
vt 0.26959325 0.28567708
vt 0.26959325 0.28567708
vt 0.26959325 0.28567708
vt 0.26959325 0.28567708
vt 0.26959325 0.28567708
vt 0.26959325 0.28567708
vt 0.26959325 0.28567708
vt 0.26959325 0.28567708
vt 0.26959325 0.28567708
vt 0.26959325 0.28567708
vt 0.26959325 0.28567708
vt 0.26959325 0.28567708
vt 0.26959325 0.28567708
vt 0.26959325 0.28567708
vt 0.26959325 0.28567708
vt 0.26959325 0.28567708
vt 0.26959325 0.28567708
vt 0.26959325 0.28567708
vt 0.26959325 0.28567708
vt 0.26959325 0.28567708
vt 0.26959325 0.28567708
vt 0.26959325 0.28567708
vt 0.26959325 0.28567708
vt 0.26959325 0.28567708
vt 0.26959325 0.28567708
vt 0.26959325 0.28567708
vt 0.26959325 0.28567708
vt 0.26959325 0.28567708
vt 0.26959325 0.28567708
vt 0.26959325 0.28567708
vt 0.26959325 0.28567708
vt 0.26959325 0.28567708
vt 0.26959325 0.28567708
vt 0.26959325 0.28567708
vt 0.26959325 0.28567708
vt 0.26959325 0.28567708
vt 0.26959325 0.28567708
vt 0.26959325 0.28567708
vt 0.26959325 0.28567708
vt 0.26959325 0.28567708
vt 0.26959325 0.28567708
vt 0.26959325 0.28567708
vt 0.26959325 0.28567708
vt 0.26959325 0.28567708
vt 0.26959325 0.28567708
vt 0.26959325 0.28567708
vt 0.26959325 0.28567708
vt 0.26959325 0.28567708
vt 0.26959325 0.28567708
vt 0.26959325 0.28567708
vt 0.26959325 0.28567708
vt 0.26959325 0.28567708
vt 0.26959325 0.28567708
vt 0.26959325 0.28567708
vt 0.26959325 0.28567708
vt 0.26959325 0.28567708
vt 0.26959325 0.28567708
vt 0.26959325 0.28567708
vt 0.26959325 0.28567708
vt 0.26959325 0.28567708
vt 0.26959325 0.28567708
vt 0.26959325 0.28567708
vt 0.26959325 0.28567708
vt 0.26959325 0.28567708
vt 0.26959325 0.28567708
vt 0.26959325 0.28567708
vt 0.26959325 0.28567708
vt 0.26959325 0.28567708
vt 0.26959325 0.28567708
vt 0.26959325 0.28567708
vt 0.26959325 0.28567708
vt 0.26959325 0.28567708
vt 0.26959325 0.28567708
vt 0.26959325 0.28567708
vt 0.26959325 0.28567708
vt 0.26959325 0.28567708
vt 0.26959325 0.28567708
vt 0.26959325 0.28567708
vt 0.26959325 0.28567708
vt 0.26959325 0.28567708
vt 0.26959325 0.28567708
vt 0.26959325 0.28567708
vt 0.26959325 0.28567708
vt 0.26959325 0.28567708
vt 0.26959325 0.28567708
vt 0.26959325 0.28567708
vt 0.26959325 0.28567708
vt 0.26959325 0.28567708
vt 0.26959325 0.28567708
vt 0.26959325 0.28567708
vt 0.26959325 0.28567708
vt 0.26959325 0.28567708
vt 0.26959325 0.28567708
vt 0.26959325 0.28567708
vt 0.26959325 0.28567708
vt 0.26959325 0.28567708
vt 0.26959325 0.28567708
vt 0.26959325 0.28567708
vt 0.26959325 0.28567708
vt 0.26959325 0.28567708
vt 0.26959325 0.28567708
vt 0.26959325 0.28567708
vt 0.26959325 0.28567708
vt 0.26959325 0.28567708
vt 0.26959325 0.28567708
vt 0.26959325 0.28567708
vt 0.26959325 0.28567708
vt 0.26959325 0.28567708
vt 0.26959325 0.28567708
vt 0.26959325 0.28567708
vt 0.26959325 0.28567708
vt 0.26959325 0.28567708
vt 0.26959325 0.28567708
vt 0.26959325 0.28567708
vt 0.26959325 0.28567708
vt 0.26959325 0.28567708
vt 0.26959325 0.28567708
vt 0.26959325 0.28567708
vt 0.26959325 0.28567708
vt 0.26959325 0.28567708
vt 0.26959325 0.28567708
vt 0.26959325 0.28567708
vt 0.26959325 0.28567708
vt 0.26959325 0.28567708
vt 0.26959325 0.28567708
vt 0.26959325 0.28567708
vt 0.26959325 0.28567708
vt 0.26959325 0.28567708
vt 0.26959325 0.28567708
vt 0.26959325 0.28567708
vt 0.26959325 0.28567708
vt 0.26959325 0.28567708
vt 0.26959325 0.28567708
vt 0.26959325 0.28567708
vt 0.26959325 0.28567708
vt 0.26959325 0.28567708
vt 0.26959325 0.28567708
vt 0.26959325 0.28567708
vt 0.26959325 0.28567708
vt 0.26959325 0.28567708
vt 0.26959325 0.28567708
vt 0.26959325 0.28567708
vt 0.26959325 0.28567708
vt 0.26959325 0.28567708
vt 0.26959325 0.28567708
vt 0.26959325 0.28567708
vt 0.26959325 0.28567708
vt 0.26959325 0.28567708
vt 0.26959325 0.28567708
vt 0.26959325 0.28567708
vt 0.26959325 0.28567708
vt 0.26959325 0.28567708
vt 0.26959325 0.28567708
vt 0.26959325 0.28567708
vt 0.26959325 0.28567708
vt 0.26959325 0.28567708
vt 0.26959325 0.28567708
vt 0.26959325 0.28567708
vt 0.26959325 0.28567708
vt 0.26959325 0.28567708
vt 0.26959325 0.28567708
vt 0.26959325 0.28567708
vt 0.26959325 0.28567708
vt 0.26959325 0.28567708
vt 0.26959325 0.28567708
vt 0.26959325 0.28567708
vt 0.26959325 0.28567708
vt 0.26959325 0.28567708
vt 0.26959325 0.28567708
vt 0.26959325 0.28567708
vt 0.26959325 0.28567708
vt 0.26959325 0.28567708
vt 0.26959325 0.28567708
vt 0.26959325 0.28567708
vt 0.26959325 0.28567708
vt 0.26959325 0.28567708
vt 0.26959325 0.28567708
vt 0.26959325 0.28567708
vt 0.26959325 0.28567708
vt 0.26959325 0.28567708
vt 0.26959325 0.28567708
vt 0.26959325 0.28567708
vt 0.26959325 0.28567708
vt 0.26959325 0.28567708
vt 0.26959325 0.28567708
vt 0.26959325 0.28567708
vt 0.26959325 0.28567708
vt 0.26959325 0.28567708
vt 0.26959325 0.28567708
vt 0.26959325 0.28567708
vt 0.26959325 0.28567708
vt 0.26959325 0.28567708
vt 0.26959325 0.28567708
vt 0.26959325 0.28567708
vt 0.26959325 0.28567708
vt 0.26959325 0.28567708
vt 0.26959325 0.28567708
vt 0.26959325 0.28567708
vt 0.26959325 0.28567708
vt 0.26959325 0.28567708
vt 0.26959325 0.28567708
vt 0.26959325 0.28567708
vt 0.26959325 0.28567708
vt 0.26959325 0.28567708
vt 0.26959325 0.28567708
vt 0.26959325 0.28567708
vt 0.26959325 0.28567708
vt 0.26959325 0.28567708
vt 0.26959325 0.28567708
vt 0.26959325 0.28567708
vt 0.26959325 0.28567708
vt 0.26959325 0.28567708
vt 0.26959325 0.28567708
vt 0.26959325 0.28567708
vt 0.26959325 0.28567708
vt 0.26959325 0.28567708
vt 0.26959325 0.28567708
vt 0.26959325 0.28567708
vt 0.26959325 0.28567708
vt 0.26959325 0.28567708
vt 0.26959325 0.28567708
vt 0.26959325 0.28567708
vt 0.26959325 0.28567708
vt 0.26959325 0.28567708
vt 0.26959325 0.28567708
vt 0.26959325 0.28567708
vt 0.26959325 0.28567708
vt 0.26959325 0.28567708
vt 0.26959325 0.28567708
vt 0.26959325 0.28567708
vt 0.26959325 0.28567708
vt 0.26959325 0.28567708
vt 0.26959325 0.28567708
vt 0.26959325 0.28567708
vt 0.26959325 0.28567708
vt 0.26959325 0.28567708
vt 0.26959325 0.28567708
vt 0.26959325 0.28567708
vt 0.26959325 0.28567708
vt 0.26959325 0.28567708
vt 0.26959325 0.28567708
vt 0.26959325 0.28567708
vt 0.26959325 0.28567708
vt 0.26959325 0.28567708
vt 0.26959325 0.28567708
vt 0.26959325 0.28567708
vt 0.26959325 0.28567708
vt 0.26959325 0.28567708
vt 0.26959325 0.28567708
vt 0.26959325 0.28567708
vt 0.26959325 0.28567708
vt 0.26959325 0.28567708
vt 0.26959325 0.28567708
vt 0.26959325 0.28567708
vt 0.26959325 0.28567708
vt 0.26959325 0.28567708
vt 0.26959325 0.28567708
vt 0.26959325 0.28567708
vt 0.26959325 0.28567708
vt 0.26959325 0.28567708
vt 0.26959325 0.28567708
vt 0.26959325 0.28567708
vt 0.26959325 0.28567708
vt 0.26959325 0.28567708
vt 0.26959325 0.28567708
vt 0.26959325 0.28567708
vt 0.26959325 0.28567708
vt 0.26959325 0.28567708
vt 0.26959325 0.28567708
vt 0.26959325 0.28567708
vt 0.26959325 0.28567708
vt 0.26959325 0.28567708
vt 0.26959325 0.28567708
vt 0.26959325 0.28567708
vt 0.26959325 0.28567708
vt 0.26959325 0.28567708
vt 0.26959325 0.28567708
vt 0.26959325 0.28567708
vt 0.26959325 0.28567708
vt 0.26959325 0.28567708
vt 0.26959325 0.28567708
vt 0.26959325 0.28567708
vt 0.26959325 0.28567708
vt 0.26959325 0.28567708
vt 0.26959325 0.28567708
vt 0.26959325 0.28567708
vt 0.26959325 0.28567708
vt 0.26959325 0.28567708
vt 0.26959325 0.28567708
vt 0.26959325 0.28567708
vt 0.26959325 0.28567708
vt 0.26959325 0.28567708
vt 0.26959325 0.28567708
vt 0.26959325 0.28567708
vt 0.26959325 0.28567708
vt 0.26959325 0.28567708
vt 0.26959325 0.28567708
vt 0.26959325 0.28567708
vt 0.26959325 0.28567708
vt 0.26959325 0.28567708
vt 0.26959325 0.28567708
vt 0.26959325 0.28567708
vt 0.26959325 0.28567708
vt 0.26959325 0.28567708
vt 0.26959325 0.28567708
vt 0.26959325 0.28567708
vt 0.26959325 0.28567708
vt 0.26959325 0.28567708
vt 0.26959325 0.28567708
vt 0.26959325 0.28567708
vt 0.26959325 0.28567708
vt 0.26959325 0.28567708
vt 0.26959325 0.28567708
vt 0.26959325 0.28567708
vt 0.26959325 0.28567708
vt 0.26959325 0.28567708
vt 0.26959325 0.28567708
vt 0.26959325 0.28567708
vt 0.26959325 0.28567708
vt 0.26959325 0.28567708
vt 0.26959325 0.28567708
vt 0.26959325 0.28567708
vt 0.26959325 0.28567708
vt 0.61746528 0.28567708
vt 0.61746528 0.28567708
vt 0.61746528 0.28567708
vt 0.61746528 0.28567708
vt 0.61746528 0.28567708
vt 0.61746528 0.28567708
vt 0.61746528 0.28567708
vt 0.61746528 0.28567708
vt 0.61746528 0.28567708
vt 0.61746528 0.28567708
vt 0.61746528 0.28567708
vt 0.61746528 0.28567708
vt 0.61746528 0.28567708
vt 0.61746528 0.28567708
vt 0.61746528 0.28567708
vt 0.61746528 0.28567708
vt 0.61746528 0.28567708
vt 0.61746528 0.28567708
vt 0.61746528 0.28567708
vt 0.61746528 0.28567708
vt 0.61746528 0.28567708
vt 0.61746528 0.28567708
vt 0.61746528 0.28567708
vt 0.61746528 0.28567708
vt 0.61746528 0.28567708
vt 0.61746528 0.28567708
vt 0.61746528 0.28567708
vt 0.61746528 0.28567708
vt 0.61746528 0.28567708
vt 0.61746528 0.28567708
vt 0.57059028 0.28567708
vt 0.57059028 0.28567708
vt 0.57059028 0.28567708
vt 0.57059028 0.28567708
vt 0.57059028 0.28567708
vt 0.57059028 0.28567708
vt 0.57059028 0.28567708
vt 0.57059028 0.28567708
vt 0.57059028 0.28567708
vt 0.57059028 0.28567708
vt 0.57059028 0.28567708
vt 0.57059028 0.28567708
vt 0.57059028 0.28567708
vt 0.57059028 0.28567708
vt 0.57059028 0.28567708
vt 0.57059028 0.28567708
vt 0.57059028 0.28567708
vt 0.57059028 0.28567708
vt 0.57059028 0.28567708
vt 0.57059028 0.28567708
vt 0.57059028 0.28567708
vt 0.57059028 0.28567708
vt 0.57059028 0.28567708
vt 0.57059028 0.28567708
vt 0.57059028 0.28567708
vt 0.57059028 0.28567708
vt 0.57059028 0.28567708
vt 0.57059028 0.28567708
vt 0.57059028 0.28567708
vt 0.57059028 0.28567708
vt 0.57059028 0.28567708
vt 0.57059028 0.28567708
vt 0.57059028 0.28567708
vt 0.57059028 0.28567708
vt 0.57059028 0.28567708
vt 0.57059028 0.28567708
vt 0.57059028 0.28567708
vt 0.57059028 0.28567708
vt 0.57059028 0.28567708
vt 0.57059028 0.28567708
vt 0.57059028 0.28567708
vt 0.57059028 0.28567708
vt 0.57059028 0.28567708
vt 0.57059028 0.28567708
vt 0.57059028 0.28567708
vt 0.57059028 0.28567708
vt 0.57059028 0.28567708
vt 0.57059028 0.28567708
vt 0.57059028 0.28567708
vt 0.57059028 0.28567708
vt 0.57059028 0.28567708
vt 0.57059028 0.28567708
vt 0.57059028 0.28567708
vt 0.57059028 0.28567708
vt 0.57059028 0.28567708
vt 0.57059028 0.28567708
vt 0.66434028 0.28567708
vt 0.66434028 0.28567708
vt 0.66434028 0.28567708
vt 0.66434028 0.28567708
vt 0.66434028 0.28567708
vt 0.66434028 0.28567708
vt 0.66434028 0.28567708
vt 0.66434028 0.28567708
vt 0.66434028 0.28567708
vt 0.66434028 0.28567708
vt 0.66434028 0.28567708
vt 0.66434028 0.28567708
vt 0.66434028 0.28567708
vt 0.66434028 0.28567708
vt 0.66434028 0.28567708
vt 0.66434028 0.28567708
vt 0.66434028 0.28567708
vt 0.66434028 0.28567708
vt 0.66434028 0.28567708
vt 0.66434028 0.28567708
vt 0.66434028 0.28567708
vt 0.66434028 0.28567708
vt 0.66434028 0.28567708
vt 0.66434028 0.28567708
vt 0.66434028 0.28567708
vt 0.66434028 0.28567708
vt 0.66434028 0.28567708
vt 0.66434028 0.28567708
vt 0.66434028 0.28567708
vt 0.66434028 0.28567708
vt 0.66434028 0.28567708
vt 0.66434028 0.28567708
vt 0.66434028 0.28567708
vt 0.66434028 0.28567708
vt 0.66434028 0.28567708
vt 0.66434028 0.28567708
vt 0.66434028 0.28567708
vt 0.66434028 0.28567708
vt 0.66434028 0.28567708
vt 0.66434028 0.28567708
vt 0.66434028 0.28567708
vt 0.66434028 0.28567708
vt 0.66434028 0.28567708
vt 0.66434028 0.28567708
vt 0.66434028 0.28567708
vt 0.66434028 0.28567708
vt 0.66434028 0.28567708
vt 0.66434028 0.28567708
vt 0.66434028 0.28567708
vt 0.66434028 0.28567708
vt 0.66434028 0.28567708
vt 0.66434028 0.28567708
vt 0.66434028 0.28567708
vt 0.66434028 0.28567708
vt 0.66434028 0.28567708
vt 0.66434028 0.28567708
vt 0.66434028 0.28567708
vt 0.66434028 0.28567708
vt 0.66434028 0.28567708
vt 0.66434028 0.28567708
vt 0.66434028 0.28567708
vt 0.66434028 0.28567708
vt 0.66434028 0.28567708
vt 0.66434028 0.28567708
vt 0.66434028 0.28567708
vt 0.66434028 0.28567708
vt 0.66434028 0.28567708
vt 0.66434028 0.28567708
vt 0.66434028 0.28567708
vt 0.66434028 0.28567708
vt 0.66434028 0.28567708
vt 0.66434028 0.28567708
vt 0.66434028 0.28567708
vt 0.66434028 0.28567708
vt 0.66434028 0.28567708
vt 0.66434028 0.28567708
vt 0.66434028 0.28567708
vt 0.66434028 0.28567708
vt 0.66434028 0.28567708
vt 0.66434028 0.28567708
vt 0.66434028 0.28567708
vt 0.66434028 0.28567708
vt 0.66434028 0.28567708
vt 0.66434028 0.28567708
vt 0.66434028 0.28567708
vt 0.66434028 0.28567708
vt 0.66434028 0.28567708
vt 0.66434028 0.28567708
vt 0.66434028 0.28567708
vt 0.66434028 0.28567708
vt 0.66434028 0.28567708
vt 0.66434028 0.28567708
vt 0.66434028 0.28567708
vt 0.66434028 0.28567708
vt 0.66434028 0.28567708
vt 0.66434028 0.28567708
vt 0.66434028 0.28567708
vt 0.66434028 0.28567708
vt 0.66434028 0.28567708
vt 0.66434028 0.28567708
vt 0.66434028 0.28567708
vt 0.66434028 0.28567708
vt 0.66434028 0.28567708
vt 0.66434028 0.28567708
vt 0.66434028 0.28567708
vt 0.66434028 0.28567708
vt 0.66434028 0.28567708
vt 0.66434028 0.28567708
vt 0.66434028 0.28567708
vt 0.66434028 0.28567708
vt 0.66434028 0.28567708
vt 0.66434028 0.28567708
vt 0.66434028 0.28567708
vt 0.66434028 0.28567708
vt 0.90080778 0.28567708
vt 0.90080778 0.28567708
vt 0.90080778 0.28567708
vt 0.90080778 0.28567708
vt 0.90080778 0.28567708
vt 0.90080778 0.28567708
vt 0.90080778 0.28567708
vt 0.90080778 0.28567708
vt 0.90080778 0.28567708
vt 0.90080778 0.28567708
vt 0.90080778 0.28567708
vt 0.90080778 0.28567708
vt 0.90080778 0.28567708
vt 0.90080778 0.28567708
vt 0.90080778 0.28567708
vt 0.90080778 0.28567708
vt 0.90080778 0.28567708
vt 0.90080778 0.28567708
vt 0.90080778 0.28567708
vt 0.90080778 0.28567708
vt 0.90080778 0.28567708
vt 0.90080778 0.28567708
vt 0.90080778 0.28567708
vt 0.90080778 0.28567708
vt 0.90080778 0.28567708
vt 0.90080778 0.28567708
vt 0.90080778 0.28567708
vt 0.90080778 0.28567708
vt 0.90080778 0.28567708
vt 0.90080778 0.28567708
vt 0.90080778 0.28567708
vt 0.90080778 0.28567708
vt 0.90080778 0.28567708
vt 0.90080778 0.28567708
vt 0.90080778 0.28567708
vt 0.90080778 0.28567708
vt 0.90080778 0.28567708
vt 0.90080778 0.28567708
vt 0.90080778 0.28567708
vt 0.90080778 0.28567708
vt 0.90080778 0.28567708
vt 0.90080778 0.28567708
vt 0.90080778 0.28567708
vt 0.90080778 0.28567708
vt 0.90080778 0.28567708
vt 0.90080778 0.28567708
vt 0.90080778 0.28567708
vt 0.90080778 0.28567708
vt 0.90080778 0.28567708
vt 0.90080778 0.28567708
vt 0.90080778 0.28567708
vt 0.90080778 0.28567708
vt 0.90080778 0.28567708
vt 0.90080778 0.28567708
vt 0.90080778 0.28567708
vt 0.90080778 0.28567708
vt 0.90080778 0.28567708
vt 0.90080778 0.28567708
vt 0.90080778 0.28567708
vt 0.90080778 0.28567708
vt 0.90080778 0.28567708
vt 0.90080778 0.28567708
vt 0.90080778 0.28567708
vt 0.90080778 0.28567708
vt 0.90080778 0.28567708
vt 0.90080778 0.28567708
vt 0.90080778 0.28567708
vt 0.90080778 0.28567708
vt 0.90080778 0.28567708
vt 0.90080778 0.28567708
vt 0.90080778 0.28567708
vt 0.90080778 0.28567708
vt 0.90080778 0.28567708
vt 0.90080778 0.28567708
vt 0.90080778 0.28567708
vt 0.90080778 0.28567708
vt 0.90080778 0.28567708
vt 0.90080778 0.28567708
vt 0.90080778 0.28567708
vt 0.90080778 0.28567708
vt 0.90080778 0.28567708
vt 0.90080778 0.28567708
vt 0.90080778 0.28567708
vt 0.90080778 0.28567708
vt 0.90080778 0.28567708
vt 0.90080778 0.28567708
vt 0.90080778 0.28567708
vt 0.90080778 0.28567708
vt 0.90080778 0.28567708
vt 0.90080778 0.28567708
vt 0.90080778 0.28567708
vt 0.90080778 0.28567708
vt 0.90080778 0.28567708
vt 0.90080778 0.28567708
vt 0.90080778 0.28567708
vt 0.90080778 0.28567708
vt 0.90080778 0.28567708
vt 0.90080778 0.28567708
vt 0.90080778 0.28567708
vt 0.90080778 0.28567708
vt 0.90080778 0.28567708
vt 0.90080778 0.28567708
vt 0.90080778 0.28567708
vt 0.90080778 0.28567708
vt 0.90080778 0.28567708
vt 0.90080778 0.28567708
vt 0.90080778 0.28567708
vt 0.90080778 0.28567708
vt 0.90080778 0.28567708
vt 0.90080778 0.28567708
vt 0.90080778 0.28567708
vt 0.90080778 0.28567708
vt 0.90080778 0.28567708
vt 0.90080778 0.28567708
vt 0.90080778 0.28567708
vt 0.90080778 0.28567708
vt 0.90080778 0.28567708
vt 0.90080778 0.28567708
vt 0.90080778 0.28567708
vt 0.90080778 0.28567708
vt 0.90080778 0.28567708
vt 0.90080778 0.28567708
vt 0.90080778 0.28567708
vt 0.90080778 0.28567708
vt 0.90080778 0.28567708
vt 0.90080778 0.28567708
vt 0.90080778 0.28567708
vt 0.90080778 0.28567708
vt 0.90080778 0.28567708
vt 0.90080778 0.28567708
vt 0.90080778 0.28567708
vt 0.90080778 0.28567708
vt 0.90080778 0.28567708
vt 0.90080778 0.28567708
vt 0.90080778 0.28567708
vt 0.90080778 0.28567708
vt 0.90080778 0.28567708
vt 0.90080778 0.28567708
vt 0.90080778 0.28567708
vt 0.90080778 0.28567708
vt 0.90080778 0.28567708
vt 0.90080778 0.28567708
vt 0.90080778 0.28567708
vt 0.90080778 0.28567708
vt 0.90080778 0.28567708
vt 0.90080778 0.28567708
vt 0.90080778 0.28567708
vt 0.90080778 0.28567708
vt 0.90080778 0.28567708
vt 0.90080778 0.28567708
vt 0.90080778 0.28567708
vt 0.90080778 0.28567708
vt 0.90080778 0.28567708
vt 0.90080778 0.28567708
vt 0.90080778 0.28567708
vt 0.90080778 0.28567708
vt 0.90080778 0.28567708
vt 0.90080778 0.28567708
vt 0.90080778 0.28567708
vt 0.90080778 0.28567708
vt 0.90080778 0.28567708
vt 0.90080778 0.28567708
vt 0.90080778 0.28567708
vt 0.90080778 0.28567708
vt 0.90080778 0.28567708
vt 0.90080778 0.28567708
vt 0.90080778 0.28567708
vt 0.90080778 0.28567708
vt 0.90080778 0.28567708
vt 0.90080778 0.28567708
vt 0.90080778 0.28567708
vt 0.90080778 0.28567708
vt 0.90080778 0.28567708
vt 0.90080778 0.28567708
vt 0.90080778 0.28567708
vt 0.90080778 0.28567708
vt 0.90080778 0.28567708
vt 0.90080778 0.28567708
vt 0.90080778 0.28567708
vt 0.90080778 0.28567708
vt 0.90080778 0.28567708
vt 0.90080778 0.28567708
vt 0.90080778 0.28567708
vt 0.90080778 0.28567708
vt 0.85393278 0.28567708
vt 0.85393278 0.28567708
vt 0.85393278 0.28567708
vt 0.85393278 0.28567708
vt 0.85393278 0.28567708
vt 0.85393278 0.28567708
vt 0.85393278 0.28567708
vt 0.85393278 0.28567708
vt 0.85393278 0.28567708
vt 0.85393278 0.28567708
vt 0.85393278 0.28567708
vt 0.85393278 0.28567708
vt 0.85393278 0.28567708
vt 0.85393278 0.28567708
vt 0.85393278 0.28567708
vt 0.85393278 0.28567708
vt 0.85393278 0.28567708
vt 0.85393278 0.28567708
vt 0.85393278 0.28567708
vt 0.85393278 0.28567708
vt 0.85393278 0.28567708
vt 0.85393278 0.28567708
vt 0.85393278 0.28567708
vt 0.85393278 0.28567708
vt 0.85393278 0.28567708
vt 0.85393278 0.28567708
vt 0.85393278 0.28567708
vt 0.85393278 0.28567708
vt 0.85393278 0.28567708
vt 0.85393278 0.28567708
vt 0.85393278 0.28567708
vt 0.85393278 0.28567708
vt 0.85393278 0.28567708
vt 0.85393278 0.28567708
vt 0.85393278 0.28567708
vt 0.85393278 0.28567708
vt 0.85393278 0.28567708
vt 0.85393278 0.28567708
vt 0.85393278 0.28567708
vt 0.85393278 0.28567708
vt 0.85393278 0.28567708
vt 0.85393278 0.28567708
vt 0.85393278 0.28567708
vt 0.85393278 0.28567708
vt 0.85393278 0.28567708
vt 0.85393278 0.28567708
vt 0.85393278 0.28567708
vt 0.85393278 0.28567708
vt 0.85393278 0.28567708
vt 0.85393278 0.28567708
vt 0.85393278 0.28567708
vt 0.85393278 0.28567708
vt 0.85393278 0.28567708
vt 0.85393278 0.28567708
vt 0.85393278 0.28567708
vt 0.85393278 0.28567708
vt 0.85393278 0.28567708
vt 0.85393278 0.28567708
vt 0.85393278 0.28567708
vt 0.85393278 0.28567708
vt 0.85393278 0.28567708
vt 0.85393278 0.28567708
vt 0.85393278 0.28567708
vt 0.85393278 0.28567708
vt 0.85393278 0.28567708
vt 0.85393278 0.28567708
vt 0.85393278 0.28567708
vt 0.85393278 0.28567708
vt 0.85393278 0.28567708
vt 0.85393278 0.28567708
vt 0.85393278 0.28567708
vt 0.85393278 0.28567708
vt 0.85393278 0.28567708
vt 0.85393278 0.28567708
vt 0.85393278 0.28567708
vt 0.85393278 0.28567708
vt 0.85393278 0.28567708
vt 0.85393278 0.28567708
vt 0.85393278 0.28567708
vt 0.85393278 0.28567708
vt 0.85393278 0.28567708
vt 0.85393278 0.28567708
vt 0.85393278 0.28567708
vt 0.85393278 0.28567708
vt 0.85393278 0.28567708
vt 0.85393278 0.28567708
vt 0.85393278 0.28567708
vt 0.85393278 0.28567708
vt 0.85393278 0.28567708
vt 0.85393278 0.28567708
vt 0.85393278 0.28567708
vt 0.85393278 0.28567708
vt 0.85393278 0.28567708
vt 0.85393278 0.28567708
vt 0.85393278 0.28567708
vt 0.85393278 0.28567708
vt 0.85393278 0.28567708
vt 0.85393278 0.28567708
vt 0.85393278 0.28567708
vt 0.85393278 0.28567708
vt 0.85393278 0.28567708
vt 0.85393278 0.28567708
vt 0.85393278 0.28567708
vt 0.85393278 0.28567708
vt 0.85393278 0.28567708
vt 0.85393278 0.28567708
vt 0.85393278 0.28567708
vt 0.85393278 0.28567708
vt 0.85393278 0.28567708
vt 0.85393278 0.28567708
vt 0.85393278 0.28567708
vt 0.85393278 0.28567708
vt 0.85393278 0.28567708
vt 0.85393278 0.28567708
vt 0.85393278 0.28567708
vt 0.85393278 0.28567708
vt 0.85393278 0.28567708
vt 0.85393278 0.28567708
vt 0.85393278 0.28567708
vt 0.85393278 0.28567708
vt 0.85393278 0.28567708
vt 0.85393278 0.28567708
vt 0.85393278 0.28567708
vt 0.85393278 0.28567708
vt 0.85393278 0.28567708
vt 0.85393278 0.28567708
vt 0.85393278 0.28567708
vt 0.85393278 0.28567708
vt 0.85393278 0.28567708
vt 0.85393278 0.28567708
vt 0.85393278 0.28567708
vt 0.85393278 0.28567708
vt 0.85393278 0.28567708
vt 0.85393278 0.28567708
vt 0.85393278 0.28567708
vt 0.85393278 0.28567708
vt 0.85393278 0.28567708
vt 0.85393278 0.28567708
vt 0.85393278 0.28567708
vt 0.85393278 0.28567708
vt 0.85393278 0.28567708
vt 0.85393278 0.28567708
vt 0.85393278 0.28567708
vt 0.85393278 0.28567708
vt 0.85393278 0.28567708
vt 0.85393278 0.28567708
vt 0.85393278 0.28567708
vt 0.85393278 0.28567708
vt 0.85393278 0.28567708
vt 0.85393278 0.28567708
vt 0.85393278 0.28567708
vt 0.85393278 0.28567708
vt 0.85393278 0.28567708
vt 0.85393278 0.28567708
vt 0.85393278 0.28567708
vt 0.85393278 0.28567708
vt 0.85393278 0.28567708
vt 0.85393278 0.28567708
vt 0.85393278 0.28567708
vt 0.85393278 0.28567708
vt 0.85393278 0.28567708
vt 0.85393278 0.28567708
vt 0.85393278 0.28567708
vt 0.85393278 0.28567708
vt 0.85393278 0.28567708
vt 0.85393278 0.28567708
vt 0.85393278 0.28567708
vt 0.85393278 0.28567708
f 1/1 10/10 2/2
f 5/5 2/2 10/10
f 7/7 9/9 3/3
f 4/4 3/3 9/9
f 11/11 6/6 13/13
f 12/12 13/13 6/6
f 8/8 15/15 16/16
f 14/14 16/16 15/15
f 17/17 19/19 24/24
f 20/20 17/17 26/26
f 18/18 22/22 29/29
f 23/23 18/18 31/31
f 32/32 24/24 19/19
f 24/24 26/26 17/17
f 36/36 20/20 26/26
f 27/27 37/37 21/21
f 41/41 29/29 22/22
f 31/31 18/18 29/29
f 30/30 23/23 42/42
f 31/31 43/43 23/23
f 44/44 24/24 32/32
f 21/21 45/45 33/33
f 34/34 25/25 47/47
f 25/25 35/35 48/48
f 32/32 20/20 36/36
f 45/45 21/21 37/37
f 50/50 37/37 27/27
f 27/27 38/38 51/51
f 28/28 39/39 53/53
f 22/22 54/54 41/41
f 30/30 55/55 40/40
f 42/42 23/23 56/56
f 42/42 57/57 30/30
f 43/43 41/41 23/23
f 36/36 44/44 32/32
f 38/38 33/33 45/45
f 46/46 34/34 59/59
f 47/47 25/25 48/48
f 59/59 34/34 47/47
f 49/49 48/48 35/35
f 51/51 50/50 27/27
f 51/51 38/38 45/45
f 39/39 52/52 61/61
f 53/53 39/39 61/61
f 54/54 40/40 55/55
f 23/23 41/41 54/54
f 57/57 55/55 30/30
f 23/23 54/54 56/56
f 58/58 46/46 63/63
f 63/63 46/46 59/59
f 52/52 60/60 65/65
f 61/61 52/52 65/65
f 55/55 56/56 54/54
f 62/62 58/58 67/67
f 67/67 58/58 63/63
f 60/60 64/64 68/68
f 65/65 60/60 68/68
f 66/66 62/62 69/69
f 69/69 62/62 67/67
f 64/64 66/66 70/70
f 68/68 64/64 70/70
f 70/70 66/66 69/69
f 71/71 72/72 74/74
f 73/73 71/71 76/76
f 77/77 74/74 72/72
f 78/78 71/71 74/74
f 73/73 79/79 75/75
f 76/76 71/71 80/80
f 76/76 81/81 73/73
f 77/77 72/72 79/79
f 82/82 71/71 78/78
f 72/72 75/75 79/79
f 83/83 79/79 73/73
f 80/80 71/71 84/84
f 81/81 85/85 73/73
f 87/87 77/77 79/79
f 88/88 71/71 82/82
f 89/89 82/82 78/78
f 90/90 83/83 73/73
f 84/84 71/71 91/91
f 92/92 80/80 84/84
f 85/85 92/92 73/73
f 77/77 87/87 86/86
f 93/93 71/71 88/88
f 96/96 89/89 78/78
f 94/94 90/90 73/73
f 91/91 71/71 97/97
f 99/99 80/80 92/92
f 92/92 84/84 73/73
f 90/90 86/86 87/87
f 100/100 71/71 93/93
f 96/96 78/78 95/95
f 78/78 86/86 95/95
f 95/95 90/90 94/94
f 101/101 94/94 73/73
f 97/97 71/71 102/102
f 84/84 98/98 73/73
f 86/86 90/90 95/95
f 104/104 71/71 100/100
f 105/105 101/101 73/73
f 102/102 71/71 106/106
f 98/98 103/103 73/73
f 108/108 71/71 104/104
f 109/109 105/105 73/73
f 106/106 71/71 108/108
f 103/103 107/107 73/73
f 111/111 109/109 73/73
f 107/107 110/110 73/73
f 112/112 111/111 73/73
f 110/110 112/112 73/73
f 113/113 114/114 117/117
f 116/116 113/113 118/118
f 120/120 117/117 114/114
f 117/117 118/118 113/113
f 118/118 122/122 116/116
f 119/119 116/116 122/122
f 115/115 125/125 121/121
f 122/122 135/135 119/119
f 137/137 121/121 125/125
f 151/151 119/119 135/135
f 136/136 126/126 152/152
f 138/138 152/152 126/126
f 142/142 153/153 127/127
f 146/146 158/158 129/129
f 131/131 162/162 149/149
f 132/132 134/134 163/163
f 139/139 133/133 165/165
f 134/134 150/150 167/167
f 135/135 168/168 151/151
f 166/166 152/152 138/138
f 170/170 127/127 153/153
f 154/154 140/140 130/130
f 155/155 173/173 141/141
f 123/123 175/175 156/156
f 145/145 128/128 159/159
f 176/176 129/129 158/158
f 147/147 178/178 144/144
f 182/182 149/149 162/162
f 130/130 140/140 161/161
f 167/167 163/163 134/134
f 164/164 165/165 133/133
f 183/183 167/167 150/150
f 185/185 151/151 168/168
f 169/169 159/159 128/128
f 177/177 154/154 130/130
f 187/187 141/141 173/173
f 157/157 148/148 172/172
f 191/191 156/156 175/175
f 124/124 143/143 174/174
f 192/192 144/144 178/178
f 179/179 148/148 157/157
f 180/180 172/172 148/148
f 181/181 160/160 171/171
f 189/189 161/161 140/140
f 150/150 184/184 183/183
f 168/168 194/194 185/185
f 188/188 171/171 160/160
f 190/190 179/179 157/157
f 193/193 174/174 143/143
f 186/186 183/183 184/184
f 196/196 185/185 194/194
f 195/195 186/186 197/197
f 184/184 197/197 186/186
f 194/194 198/198 196/196
f 197/197 200/200 195/195
f 201/201 196/196 198/198
f 199/199 195/195 200/200
f 198/198 202/202 201/201
f 199/199 200/200 203/203
f 205/205 201/201 202/202
f 204/204 203/203 200/200
f 202/202 207/207 205/205
f 203/203 204/204 208/208
f 210/210 205/205 207/207
f 206/206 208/208 204/204
f 209/209 211/211 206/206
f 207/207 212/212 210/210
f 208/208 206/206 211/211
f 211/211 209/209 213/213
f 215/215 210/210 212/212
f 214/214 213/213 209/209
f 212/212 216/216 215/215
f 213/213 214/214 217/217
f 219/219 215/215 216/216
f 218/218 217/217 214/214
f 216/216 220/220 219/219
f 217/217 218/218 221/221
f 223/223 219/219 220/220
f 222/222 221/221 218/218
f 220/220 224/224 223/223
f 221/221 222/222 225/225
f 226/226 223/223 224/224
f 227/227 225/225 222/222
f 227/227 226/226 224/224
f 225/225 227/227 224/224
f 229/229 233/233 228/228
f 228/228 238/238 232/232
f 233/233 238/238 228/228
f 239/239 233/233 229/229
f 234/234 230/230 243/243
f 231/231 236/236 246/246
f 232/232 238/238 248/248
f 240/240 239/239 229/229
f 245/245 243/243 230/230
f 242/242 253/253 235/235
f 255/255 246/246 236/236
f 232/232 257/257 247/247
f 248/248 238/238 258/258
f 248/248 259/259 232/232
f 260/260 239/239 240/240
f 237/237 250/250 256/256
f 251/251 264/264 241/241
f 241/241 265/265 244/244
f 243/243 245/245 267/267
f 263/263 235/235 253/253
f 253/253 242/242 268/268
f 244/244 270/270 254/254
f 246/246 255/255 271/271
f 273/273 247/247 257/257
f 274/274 257/257 232/232
f 258/258 238/238 275/275
f 259/259 276/276 232/232
f 261/261 260/260 240/240
f 284/284 256/256 250/250
f 251/251 285/285 264/264
f 241/241 264/264 265/265
f 244/244 265/265 270/270
f 272/272 267/267 245/245
f 266/266 268/268 242/242
f 262/262 252/252 288/288
f 252/252 269/269 289/289
f 254/254 270/270 290/290
f 292/292 271/271 255/255
f 247/247 273/273 279/279
f 293/293 273/273 257/257
f 294/294 274/274 232/232
f 275/275 238/238 295/295
f 296/296 258/258 275/275
f 276/276 294/294 232/232
f 238/238 279/279 273/273
f 299/299 260/260 261/261
f 254/254 290/290 282/282
f 256/256 284/284 291/291
f 249/249 301/301 283/283
f 251/251 303/303 285/285
f 285/285 304/304 264/264
f 264/264 304/304 265/265
f 286/286 305/305 251/251
f 265/265 307/307 270/270
f 267/267 272/272 309/309
f 268/268 266/266 311/311
f 289/289 288/288 252/252
f 312/312 289/289 269/269
f 270/270 313/313 290/290
f 271/271 292/292 315/315
f 316/316 293/293 257/257
f 295/295 238/238 273/273
f 294/294 258/258 296/296
f 276/276 258/258 294/294
f 280/280 278/278 318/318
f 277/277 287/287 322/322
f 298/298 281/281 325/325
f 300/300 299/299 261/261
f 282/282 290/290 328/328
f 330/330 291/291 284/284
f 331/331 283/283 301/301
f 251/251 305/305 303/303
f 303/303 333/333 285/285
f 285/285 333/333 304/304
f 265/265 304/304 307/307
f 305/305 286/286 306/306
f 270/270 307/307 313/313
f 314/314 309/309 272/272
f 308/308 311/311 266/266
f 269/269 310/310 312/312
f 334/334 288/288 289/289
f 334/334 289/289 312/312
f 290/290 313/313 337/337
f 338/338 315/315 292/292
f 321/321 318/318 278/278
f 319/319 325/325 281/281
f 335/335 322/322 287/287
f 324/324 342/342 297/297
f 345/345 299/299 300/300
f 326/326 345/345 300/300
f 282/282 328/328 327/327
f 290/290 337/337 328/328
f 291/291 330/330 339/339
f 283/283 331/331 329/329
f 302/302 346/346 332/332
f 303/303 305/305 336/336
f 333/333 303/303 336/336
f 333/333 317/317 304/304
f 304/304 323/323 307/307
f 306/306 336/336 305/305
f 307/307 340/340 313/313
f 309/309 314/314 349/349
f 311/311 308/308 350/350
f 352/352 312/312 310/310
f 320/320 336/336 306/306
f 353/353 334/334 312/312
f 313/313 355/355 337/337
f 315/315 338/338 357/357
f 304/304 317/317 323/323
f 336/336 320/320 317/317
f 318/318 321/321 358/358
f 325/325 319/319 361/361
f 322/322 335/335 362/362
f 307/307 323/323 340/340
f 343/343 297/297 342/342
f 342/342 324/324 365/365
f 367/367 345/345 326/326
f 327/327 328/328 369/369
f 328/328 337/337 370/370
f 371/371 339/339 330/330
f 373/373 329/329 331/331
f 375/375 332/332 346/346
f 336/336 317/317 333/333
f 313/313 340/340 355/355
f 356/356 349/349 314/314
f 348/348 350/350 308/308
f 310/310 351/351 352/352
f 353/353 312/312 352/352
f 354/354 362/362 335/335
f 337/337 355/355 377/377
f 379/379 357/357 338/338
f 363/363 358/358 321/321
f 359/359 361/361 319/319
f 360/360 365/365 324/324
f 341/341 380/380 344/344
f 364/364 382/382 341/341
f 366/366 367/367 326/326
f 327/327 386/386 368/368
f 328/328 370/370 369/369
f 327/327 369/369 386/386
f 337/337 377/377 370/370
f 339/339 371/371 378/378
f 329/329 373/373 372/372
f 332/332 375/375 374/374
f 347/347 385/385 376/376
f 349/349 356/356 387/387
f 350/350 348/348 389/389
f 391/391 352/352 351/351
f 393/393 353/353 352/352
f 362/362 354/354 394/394
f 357/357 379/379 398/398
f 358/358 363/363 401/401
f 361/361 359/359 403/403
f 365/365 360/360 404/404
f 397/397 344/344 380/380
f 380/380 341/341 382/382
f 382/382 364/364 407/407
f 409/409 367/367 366/366
f 368/368 386/386 411/411
f 369/369 370/370 412/412
f 369/369 412/412 386/386
f 370/370 377/377 413/413
f 414/414 378/378 371/371
f 417/417 372/372 373/373
f 418/418 374/374 375/375
f 421/421 376/376 385/385
f 399/399 387/387 356/356
f 388/388 389/389 348/348
f 351/351 390/390 391/391
f 393/393 352/352 391/391
f 392/392 394/394 354/354
f 395/395 401/401 363/363
f 425/425 398/398 379/379
f 400/400 403/403 359/359
f 402/402 404/404 360/360
f 405/405 407/407 364/364
f 381/381 426/426 396/396
f 383/383 429/429 381/381
f 406/406 431/431 383/383
f 408/408 409/409 366/366
f 368/368 411/411 410/410
f 386/386 435/435 411/411
f 370/370 413/413 412/412
f 386/386 412/412 435/435
f 378/378 414/414 424/424
f 372/372 417/417 415/415
f 374/374 418/418 416/416
f 376/376 421/421 419/419
f 384/384 433/433 420/420
f 387/387 399/399 437/437
f 389/389 388/388 439/439
f 440/440 391/391 390/390
f 441/441 393/393 391/391
f 394/394 392/392 444/444
f 401/401 395/395 445/445
f 422/422 396/396 426/426
f 398/398 425/425 448/448
f 403/403 400/400 450/450
f 404/404 402/402 452/452
f 407/407 405/405 454/454
f 426/426 381/381 429/429
f 429/429 383/383 431/431
f 431/431 406/406 455/455
f 457/457 409/409 408/408
f 432/432 457/457 408/408
f 410/410 411/411 459/459
f 411/411 435/435 460/460
f 412/412 413/413 435/435
f 462/462 424/424 414/414
f 464/464 415/415 417/417
f 466/466 416/416 418/418
f 469/469 419/419 421/421
f 470/470 420/420 433/433
f 447/447 437/437 399/399
f 436/436 439/439 388/388
f 390/390 438/438 440/440
f 441/441 391/391 440/440
f 442/442 444/444 392/392
f 443/443 445/445 395/395
f 446/446 450/450 400/400
f 423/423 427/427 472/472
f 475/475 448/448 425/425
f 449/449 452/452 402/402
f 451/451 454/454 405/405
f 453/453 455/455 406/406
f 427/427 428/428 476/476
f 428/428 430/430 479/479
f 430/430 456/456 480/480
f 483/483 457/457 432/432
f 410/410 486/486 458/458
f 411/411 460/460 459/459
f 410/410 459/459 486/486
f 435/435 461/461 460/460
f 435/435 413/413 461/461
f 424/424 462/462 474/474
f 415/415 464/464 463/463
f 416/416 466/466 465/465
f 419/419 469/469 467/467
f 420/420 470/470 468/468
f 434/434 484/484 471/471
f 437/437 447/447 488/488
f 439/439 436/436 490/490
f 491/491 440/440 438/438
f 493/493 441/441 440/440
f 444/444 442/442 495/495
f 445/445 443/443 496/496
f 450/450 446/446 499/499
f 476/476 472/472 427/427
f 448/448 475/475 501/501
f 452/452 449/449 503/503
f 454/454 451/451 504/504
f 455/455 453/453 506/506
f 479/479 476/476 428/428
f 480/480 479/479 430/430
f 508/508 480/480 456/456
f 482/482 510/510 432/432
f 510/510 483/483 432/432
f 458/458 486/486 515/515
f 459/459 460/460 516/516
f 459/459 516/516 486/486
f 460/460 461/461 517/517
f 519/519 474/474 462/462
f 521/521 463/463 464/464
f 522/522 465/465 466/466
f 525/525 467/467 469/469
f 527/527 468/468 470/470
f 529/529 471/471 484/484
f 500/500 488/488 447/447
f 487/487 490/490 436/436
f 438/438 489/489 491/491
f 493/493 440/440 491/491
f 492/492 495/495 442/442
f 494/494 496/496 443/443
f 497/497 499/499 446/446
f 498/498 503/503 449/449
f 473/473 477/477 513/513
f 530/530 501/501 475/475
f 502/502 504/504 451/451
f 505/505 506/506 453/453
f 456/456 507/507 508/508
f 477/477 478/478 532/532
f 478/478 481/481 534/534
f 481/481 509/509 536/536
f 511/511 510/510 482/482
f 458/458 543/543 514/514
f 486/486 544/544 515/515
f 458/458 515/515 545/545
f 460/460 517/517 516/516
f 486/486 516/516 544/544
f 474/474 519/519 531/531
f 463/463 521/521 518/518
f 465/465 522/522 520/520
f 467/467 525/525 523/523
f 468/468 527/527 524/524
f 471/471 529/529 526/526
f 485/485 542/542 528/528
f 488/488 500/500 547/547
f 490/490 487/487 548/548
f 550/550 491/491 489/489
f 551/551 493/493 491/491
f 495/495 492/492 554/554
f 496/496 494/494 556/556
f 499/499 497/497 557/557
f 503/503 498/498 559/559
f 532/532 513/513 477/477
f 501/501 530/530 561/561
f 504/504 502/502 563/563
f 506/506 505/505 566/566
f 567/567 508/508 507/507
f 534/534 532/532 478/478
f 536/536 534/534 481/481
f 570/570 536/536 509/509
f 571/571 510/510 511/511
f 538/538 571/571 511/511
f 512/512 533/533 539/539
f 574/574 543/543 458/458
f 514/514 543/543 575/575
f 515/515 544/544 576/576
f 515/515 576/576 545/545
f 458/458 545/545 574/574
f 516/516 517/517 544/544
f 578/578 531/531 519/519
f 579/579 518/518 521/521
f 581/581 520/520 522/522
f 583/583 523/523 525/525
f 585/585 524/524 527/527
f 588/588 526/526 529/529
f 590/590 528/528 542/542
f 562/562 547/547 500/500
f 546/546 548/548 487/487
f 489/489 549/549 550/550
f 551/551 491/491 550/550
f 552/552 554/554 492/492
f 553/553 556/556 494/494
f 555/555 557/557 497/497
f 558/558 559/559 498/498
f 560/560 563/563 502/502
f 591/591 561/561 530/530
f 564/564 566/566 505/505
f 507/507 565/565 567/567
f 509/509 568/568 570/570
f 533/533 535/535 594/594
f 535/535 537/537 596/596
f 537/537 569/569 598/598
f 572/572 571/571 538/538
f 594/594 539/539 533/533
f 514/514 575/575 573/573
f 576/576 543/543 574/574
f 544/544 543/543 576/576
f 545/545 576/576 574/574
f 544/544 517/517 543/543
f 578/578 605/605 531/531
f 518/518 579/579 577/577
f 520/520 581/581 580/580
f 523/523 583/583 582/582
f 524/524 585/585 584/584
f 526/526 588/588 586/586
f 528/528 590/590 587/587
f 541/541 603/603 589/589
f 562/562 607/607 547/547
f 548/548 546/546 610/610
f 611/611 550/550 549/549
f 613/613 551/551 550/550
f 554/554 552/552 615/615
f 556/556 553/553 617/617
f 557/557 555/555 619/619
f 559/559 558/558 620/620
f 563/563 560/560 622/622
f 591/591 625/625 561/561
f 592/592 531/531 605/605
f 566/566 564/564 626/626
f 629/629 567/567 565/565
f 631/631 570/570 568/568
f 596/596 594/594 535/535
f 598/598 596/596 537/537
f 632/632 598/598 569/569
f 540/540 593/593 601/601
f 573/573 575/575 635/635
f 606/606 577/577 636/636
f 638/638 577/577 579/579
f 641/641 580/580 581/581
f 643/643 582/582 583/583
f 644/644 584/584 585/585
f 647/647 586/586 588/588
f 649/649 587/587 590/590
f 650/650 589/589 603/603
f 652/652 547/547 607/607
f 608/608 561/561 625/625
f 653/653 610/610 546/546
f 609/609 655/655 549/549
f 613/613 550/550 611/611
f 549/549 655/655 611/611
f 612/612 615/615 552/552
f 614/614 617/617 553/553
f 616/616 619/619 555/555
f 618/618 620/620 558/558
f 621/621 622/622 560/560
f 623/623 626/626 564/564
f 624/624 592/592 656/656
f 605/605 656/656 592/592
f 627/627 658/658 565/565
f 568/568 628/628 631/631
f 629/629 565/565 658/658
f 569/569 630/630 632/632
f 593/593 595/595 660/660
f 595/595 597/597 662/662
f 597/597 633/633 665/665
f 660/660 601/601 593/593
f 573/573 635/635 634/634
f 638/638 636/636 577/577
f 636/636 670/670 606/606
f 639/639 580/580 673/673
f 641/641 673/673 580/580
f 582/582 643/643 640/640
f 584/584 644/644 642/642
f 586/586 647/647 645/645
f 587/587 649/649 646/646
f 589/589 650/650 648/648
f 604/604 669/669 651/651
f 607/607 674/674 652/652
f 625/625 677/677 608/608
f 610/610 653/653 679/679
f 680/680 655/655 609/609
f 682/682 613/613 611/611
f 682/682 611/611 655/655
f 615/615 612/612 684/684
f 617/617 614/614 685/685
f 619/619 616/616 687/687
f 620/620 618/618 689/689
f 622/622 621/621 691/691
f 626/626 623/623 693/693
f 656/656 696/696 624/624
f 657/657 606/606 670/670
f 658/658 627/627 697/697
f 699/699 631/631 628/628
f 659/659 702/702 628/628
f 703/703 632/632 630/630
f 662/662 660/660 595/595
f 665/665 662/662 597/597
f 705/705 665/665 633/633
f 602/602 661/661 666/666
f 634/634 635/635 708/708
f 637/637 639/639 710/710
f 671/671 637/637 711/711
f 673/673 710/710 639/639
f 672/672 640/640 714/714
f 716/716 640/640 643/643
f 717/717 642/642 644/644
f 720/720 645/645 647/647
f 722/722 646/646 649/649
f 723/723 648/648 650/650
f 726/726 651/651 669/669
f 728/728 652/652 674/674
f 675/675 608/608 677/677
f 676/676 624/624 696/696
f 727/727 679/679 653/653
f 678/678 729/729 609/609
f 655/655 680/680 729/729
f 609/609 729/729 680/680
f 681/681 684/684 612/612
f 681/681 654/654 684/684
f 683/683 685/685 614/614
f 686/686 687/687 616/616
f 688/688 689/689 618/618
f 690/690 691/691 621/621
f 692/692 693/693 623/623
f 694/694 697/697 627/627
f 695/695 657/657 731/731
f 670/670 731/731 657/657
f 698/698 734/734 659/659
f 630/630 700/700 703/703
f 699/699 628/628 702/702
f 702/702 659/659 734/734
f 633/633 704/704 705/705
f 661/661 663/663 736/736
f 663/663 664/664 737/737
f 664/664 706/706 740/740
f 736/736 666/666 661/661
f 634/634 708/708 707/707
f 710/710 711/711 637/637
f 711/711 745/745 671/671
f 709/709 672/672 748/748
f 716/716 714/714 640/640
f 714/714 748/748 672/672
f 642/642 717/717 715/715
f 645/645 720/720 718/718
f 646/646 722/722 719/719
f 648/648 723/723 721/721
f 651/651 726/726 724/724
f 668/668 744/744 725/725
f 674/674 750/750 728/728
f 677/677 751/751 675/675
f 696/696 753/753 676/676
f 679/679 727/727 755/755
f 757/757 729/729 678/678
f 654/654 730/730 758/758
f 758/758 684/684 654/654
f 685/685 683/683 761/761
f 687/687 686/686 762/762
f 689/689 688/688 764/764
f 691/691 690/690 767/767
f 693/693 692/692 768/768
f 697/697 694/694 770/770
f 731/731 772/772 695/695
f 732/732 671/671 745/745
f 734/734 698/698 774/774
f 777/777 703/703 700/700
f 700/700 701/701 777/777
f 733/733 779/779 701/701
f 780/780 705/705 704/704
f 737/737 736/736 663/663
f 740/740 737/737 664/664
f 783/783 740/740 706/706
f 667/667 735/735 742/742
f 707/707 708/708 784/784
f 712/712 709/709 786/786
f 746/746 712/712 787/787
f 748/748 786/786 709/709
f 713/713 715/715 789/789
f 747/747 713/713 791/791
f 793/793 715/715 717/717
f 795/795 718/718 720/720
f 797/797 719/719 722/722
f 800/800 721/721 723/723
f 801/801 724/724 726/726
f 804/804 725/725 744/744
f 805/805 728/728 750/750
f 749/749 675/675 751/751
f 752/752 676/676 753/753
f 754/754 695/695 772/772
f 806/806 755/755 727/727
f 756/756 808/808 678/678
f 729/729 757/757 808/808
f 678/678 808/808 757/757
f 809/809 758/758 730/730
f 759/759 761/761 683/683
f 760/760 762/762 686/686
f 763/763 764/764 688/688
f 765/765 767/767 690/690
f 766/766 768/768 692/692
f 769/769 770/770 694/694
f 771/771 774/774 698/698
f 773/773 732/732 811/811
f 745/745 811/811 732/732
f 775/775 814/814 733/733
f 704/704 776/776 780/780
f 816/816 777/777 701/701
f 816/816 701/701 779/779
f 779/779 733/733 814/814
f 706/706 781/781 783/783
f 735/735 738/738 818/818
f 738/738 739/739 820/820
f 739/739 782/782 821/821
f 818/818 742/742 735/735
f 823/823 784/784 708/708
f 786/786 787/787 712/712
f 787/787 826/826 746/746
f 785/785 747/747 828/828
f 793/793 789/789 715/715
f 789/789 791/791 713/713
f 791/791 828/828 747/747
f 718/718 795/795 794/794
f 719/719 797/797 796/796
f 721/721 800/800 798/798
f 724/724 801/801 799/799
f 725/725 804/804 802/802
f 743/743 824/824 803/803
f 750/750 830/830 805/805
f 751/751 832/832 749/749
f 753/753 833/833 752/752
f 772/772 836/836 754/754
f 755/755 806/806 838/838
f 839/839 808/808 756/756
f 730/730 807/807 809/809
f 810/810 840/840 759/759
f 761/761 759/759 840/840
f 762/762 760/760 842/842
f 764/764 763/763 844/844
f 767/767 765/765 847/847
f 768/768 766/766 848/848
f 770/770 769/769 851/851
f 774/774 771/771 852/852
f 811/811 855/855 773/773
f 812/812 746/746 826/826
f 814/814 775/775 857/857
f 859/859 780/780 776/776
f 776/776 815/815 859/859
f 815/815 778/778 860/860
f 813/813 862/862 778/778
f 865/865 783/783 781/781
f 820/820 818/818 738/738
f 821/821 820/820 739/739
f 867/867 821/821 782/782
f 741/741 817/817 868/868
f 788/788 785/785 871/871
f 825/825 788/788 872/872
f 828/828 871/871 785/785
f 794/794 875/875 790/790
f 792/792 790/790 877/877
f 827/827 792/792 879/879
f 875/875 794/794 795/795
f 880/880 796/796 797/797
f 883/883 798/798 800/800
f 885/885 799/799 801/801
f 887/887 802/802 804/804
f 888/888 803/803 824/824
f 891/891 805/805 830/830
f 829/829 749/749 832/832
f 831/831 752/752 833/833
f 834/834 754/754 836/836
f 835/835 773/773 855/855
f 890/890 838/838 806/806
f 837/837 893/893 756/756
f 808/808 839/839 893/893
f 756/756 893/893 839/839
f 895/895 809/809 807/807
f 840/840 810/810 896/896
f 841/841 842/842 760/760
f 843/843 844/844 763/763
f 845/845 847/847 765/765
f 846/846 848/848 766/766
f 849/849 851/851 769/769
f 850/850 852/852 771/771
f 853/853 857/857 775/775
f 854/854 812/812 898/898
f 826/826 898/898 812/812
f 856/856 900/900 813/813
f 781/781 858/858 865/865
f 860/860 859/859 815/815
f 902/902 860/860 778/778
f 902/902 778/778 862/862
f 862/862 813/813 900/900
f 782/782 864/864 867/867
f 817/817 819/819 889/889
f 819/819 822/822 905/905
f 822/822 866/866 907/907
f 889/889 868/868 817/817
f 869/869 888/888 824/824
f 871/871 872/872 788/788
f 872/872 908/908 825/825
f 870/870 827/827 910/910
f 912/912 790/790 875/875
f 912/912 877/877 790/790
f 877/877 879/879 792/792
f 879/879 910/910 827/827
f 796/796 880/880 874/874
f 798/798 883/883 881/881
f 799/799 885/885 882/882
f 802/802 887/887 884/884
f 803/803 888/888 886/886
f 914/914 893/893 837/837
f 807/807 892/892 895/895
f 894/894 896/896 810/810
f 897/897 916/916 841/841
f 842/842 841/841 916/916
f 844/844 843/843 918/918
f 847/847 845/845 919/919
f 848/848 846/846 921/921
f 851/851 849/849 924/924
f 852/852 850/850 926/926
f 857/857 853/853 927/927
f 899/899 825/825 908/908
f 900/900 856/856 929/929
f 932/932 865/865 858/858
f 858/858 861/861 932/932
f 861/861 903/903 933/933
f 863/863 935/935 903/903
f 901/901 937/937 863/863
f 940/940 867/867 864/864
f 905/905 889/889 819/819
f 907/907 905/905 822/822
f 942/942 907/907 866/866
f 873/873 870/870 943/943
f 909/909 873/873 945/945
f 910/910 943/943 870/870
f 874/874 947/947 913/913
f 913/913 950/950 876/876
f 878/878 876/876 951/951
f 911/911 878/878 953/953
f 947/947 874/874 880/880
f 956/956 881/881 883/883
f 957/957 882/882 885/885
f 959/959 884/884 887/887
f 904/904 886/886 888/888
f 962/962 895/895 892/892
f 896/896 894/894 963/963
f 916/916 897/897 966/966
f 915/915 918/918 843/843
f 917/917 919/919 845/845
f 920/920 921/921 846/846
f 922/922 924/924 849/849
f 923/923 926/926 850/850
f 925/925 927/927 853/853
f 928/928 929/929 856/856
f 930/930 967/967 901/901
f 864/864 931/931 940/940
f 933/933 932/932 861/861
f 970/970 933/933 903/903
f 970/970 903/903 935/935
f 935/935 863/863 937/937
f 937/937 901/901 967/967
f 866/866 939/939 942/942
f 906/906 960/960 904/904
f 941/941 972/972 906/906
f 943/943 945/945 873/873
f 944/944 911/911 973/973
f 950/950 913/913 947/947
f 976/976 876/876 950/950
f 976/976 951/951 876/876
f 951/951 953/953 878/878
f 953/953 973/973 911/911
f 881/881 956/956 948/948
f 882/882 957/957 955/955
f 884/884 959/959 958/958
f 886/886 904/904 960/960
f 961/961 963/963 894/894
f 964/964 966/966 897/897
f 965/965 977/977 915/915
f 918/918 915/915 977/977
f 919/919 917/917 979/979
f 921/921 920/920 981/981
f 924/924 922/922 984/984
f 926/926 923/923 985/985
f 927/927 925/925 988/988
f 929/929 928/928 990/990
f 967/967 930/930 992/992
f 993/993 940/940 931/931
f 931/931 934/934 993/993
f 934/934 969/969 995/995
f 936/936 997/997 969/969
f 938/938 1000/1000 936/936
f 968/968 1001/1001 938/938
f 1004/1004 942/942 939/939
f 960/960 906/906 972/972
f 972/972 941/941 1006/1006
f 946/946 944/944 1008/1008
f 973/973 1008/1008 944/944
f 948/948 1010/1010 949/949
f 949/949 1011/1011 975/975
f 952/952 975/975 1013/1013
f 954/954 952/952 1016/1016
f 974/974 954/954 1018/1018
f 1010/1010 948/948 956/956
f 1020/1020 955/955 957/957
f 971/971 958/958 959/959
f 978/978 979/979 917/917
f 980/980 981/981 920/920
f 982/982 984/984 922/922
f 983/983 985/985 923/923
f 986/986 988/988 925/925
f 987/987 990/990 928/928
f 989/989 992/992 930/930
f 991/991 1021/1021 968/968
f 939/939 994/994 1004/1004
f 995/995 993/993 934/934
f 1024/1024 995/995 969/969
f 1024/1024 969/969 997/997
f 997/997 936/936 1000/1000
f 1000/1000 938/938 1001/1001
f 1001/1001 968/968 1021/1021
f 1003/1003 1006/1006 941/941
f 1005/1005 1019/1019 971/971
f 1007/1007 974/974 1026/1026
f 1011/1011 949/949 1010/1010
f 1027/1027 975/975 1011/1011
f 1027/1027 1013/1013 975/975
f 1013/1013 1016/1016 952/952
f 1016/1016 1018/1018 954/954
f 1018/1018 1026/1026 974/974
f 955/955 1020/1020 1009/1009
f 958/958 971/971 1019/1019
f 1029/1029 1004/1004 994/994
f 994/994 996/996 1029/1029
f 996/996 1023/1023 1032/1032
f 998/998 1034/1034 1023/1023
f 999/999 1035/1035 998/998
f 1002/1002 1037/1037 999/999
f 1022/1022 1039/1039 1002/1002
f 1006/1006 1003/1003 1042/1042
f 1019/1019 1005/1005 1043/1043
f 1009/1009 1044/1044 1012/1012
f 1012/1012 1046/1046 1028/1028
f 1014/1014 1028/1028 1048/1048
f 1015/1015 1014/1014 1050/1050
f 1017/1017 1015/1015 1051/1051
f 1025/1025 1017/1017 1054/1054
f 1044/1044 1009/1009 1020/1020
f 1030/1030 1042/1042 1003/1003
f 1032/1032 1029/1029 996/996
f 1056/1056 1032/1032 1023/1023
f 1056/1056 1023/1023 1034/1034
f 1034/1034 998/998 1035/1035
f 1035/1035 999/999 1037/1037
f 1037/1037 1002/1002 600/600
f 600/600 1002/1002 1039/1039
f 1041/1041 1043/1043 1005/1005
f 1046/1046 1012/1012 1044/1044
f 1057/1057 1028/1028 1046/1046
f 1057/1057 1048/1048 1028/1028
f 1048/1048 1050/1050 1014/1014
f 1050/1050 1051/1051 1015/1015
f 1051/1051 1054/1054 1017/1017
f 1042/1042 1030/1030 1060/1060
f 1031/1031 1060/1060 1030/1030
f 1055/1055 1062/1062 1031/1031
f 1055/1055 1033/1033 1062/1062
f 1033/1033 1036/1036 1063/1063
f 1036/1036 1038/1038 1065/1065
f 1038/1038 599/599 1067/1067
f 599/599 1040/1040 1067/1067
f 1043/1043 1041/1041 1045/1045
f 1045/1045 1059/1059 1058/1058
f 1047/1047 1058/1058 1064/1064
f 1049/1049 1047/1047 1066/1066
f 1052/1052 1049/1049 1068/1068
f 1053/1053 1052/1052 1070/1070
f 1059/1059 1045/1045 1041/1041
f 1060/1060 1031/1031 1062/1062
f 1063/1063 1062/1062 1033/1033
f 1065/1065 1063/1063 1036/1036
f 1067/1067 1065/1065 1038/1038
f 1069/1069 1067/1067 1040/1040
f 1061/1061 1058/1058 1059/1059
f 1061/1061 1064/1064 1058/1058
f 1064/1064 1066/1066 1047/1047
f 1066/1066 1068/1068 1049/1049
f 1068/1068 1070/1070 1052/1052
f 1071/1071 1080/1080 1086/1086
f 1080/1080 1071/1071 1090/1090
f 1082/1082 1076/1076 1074/1074
f 1091/1091 1074/1074 1076/1076
f 1095/1095 1084/1084 1078/1078
f 1081/1081 1083/1083 1097/1097
f 1087/1087 1102/1102 1072/1072
f 1073/1073 1100/1100 1085/1085
f 1075/1075 1104/1104 1092/1092
f 1089/1089 1111/1111 1079/1079
f 1077/1077 1108/1108 1088/1088
f 1116/1116 1084/1084 1095/1095
f 1097/1097 1083/1083 1114/1114
f 1095/1095 1078/1078 1122/1122
f 1121/1121 1081/1081 1097/1097
f 1102/1102 1087/1087 1125/1125
f 1129/1129 1085/1085 1100/1100
f 1101/1101 1135/1135 1075/1075
f 1075/1075 1135/1135 1104/1104
f 1092/1092 1104/1104 1137/1137
f 1111/1111 1089/1089 1144/1144
f 1145/1145 1088/1088 1108/1108
f 1122/1122 1078/1078 1110/1110
f 1112/1112 1081/1081 1121/1121
f 1116/1116 1126/1126 1084/1084
f 1083/1083 1128/1128 1114/1114
f 1147/1147 1115/1115 1096/1096
f 1148/1148 1093/1093 1117/1117
f 1151/1151 1096/1096 1124/1124
f 1153/1153 1123/1123 1094/1094
f 1127/1127 1158/1158 1099/1099
f 1098/1098 1157/1157 1130/1130
f 1159/1159 1135/1135 1101/1101
f 1163/1163 1103/1103 1131/1131
f 1134/1134 1107/1107 1164/1164
f 1170/1170 1140/1140 1105/1105
f 1106/1106 1139/1139 1169/1169
f 1092/1092 1137/1137 1141/1141
f 1143/1143 1173/1173 1113/1113
f 1109/1109 1172/1172 1142/1142
f 1122/1122 1110/1110 1180/1180
f 1182/1182 1112/1112 1121/1121
f 1116/1116 1185/1185 1126/1126
f 1128/1128 1188/1188 1114/1114
f 1115/1115 1147/1147 1191/1191
f 1096/1096 1151/1151 1147/1147
f 1093/1093 1148/1148 1152/1152
f 1119/1119 1193/1193 1149/1149
f 1124/1124 1195/1195 1151/1151
f 1123/1123 1153/1153 1196/1196
f 1158/1158 1127/1127 1186/1186
f 1187/1187 1130/1130 1157/1157
f 1154/1154 1200/1200 1101/1101
f 1201/1201 1135/1135 1159/1159
f 1101/1101 1202/1202 1159/1159
f 1103/1103 1163/1163 1171/1171
f 1168/1168 1164/1164 1107/1107
f 1132/1132 1208/1208 1160/1160
f 1162/1162 1205/1205 1133/1133
f 1140/1140 1170/1170 1210/1210
f 1209/1209 1169/1169 1139/1139
f 1141/1141 1137/1137 1218/1218
f 1173/1173 1143/1143 1224/1224
f 1223/1223 1142/1142 1172/1172
f 1180/1180 1110/1110 1174/1174
f 1177/1177 1112/1112 1182/1182
f 1195/1195 1124/1124 1179/1179
f 1197/1197 1178/1178 1120/1120
f 1225/1225 1185/1185 1116/1116
f 1114/1114 1188/1188 1229/1229
f 1146/1146 1233/1233 1189/1189
f 1190/1190 1230/1230 1118/1118
f 1150/1150 1234/1234 1146/1146
f 1236/1236 1152/1152 1148/1148
f 1193/1193 1119/1119 1227/1227
f 1237/1237 1149/1149 1193/1193
f 1194/1194 1239/1239 1150/1150
f 1240/1240 1196/1196 1153/1153
f 1203/1203 1156/1156 1184/1184
f 1183/1183 1155/1155 1204/1204
f 1200/1200 1154/1154 1242/1242
f 1101/1101 1200/1200 1245/1245
f 1246/1246 1135/1135 1201/1201
f 1250/1250 1201/1201 1159/1159
f 1101/1101 1251/1251 1202/1202
f 1252/1252 1159/1159 1202/1202
f 1161/1161 1254/1254 1167/1167
f 1166/1166 1256/1256 1165/1165
f 1208/1208 1132/1132 1259/1259
f 1262/1262 1133/1133 1205/1205
f 1206/1206 1254/1254 1161/1161
f 1165/1165 1256/1256 1207/1207
f 1167/1167 1267/1267 1211/1211
f 1212/1212 1264/1264 1166/1166
f 1213/1213 1219/1219 1138/1138
f 1136/1136 1215/1215 1214/1214
f 1141/1141 1218/1218 1221/1221
f 1222/1222 1270/1270 1175/1175
f 1176/1176 1269/1269 1220/1220
f 1180/1180 1174/1174 1273/1273
f 1271/1271 1177/1177 1182/1182
f 1179/1179 1276/1276 1195/1195
f 1178/1178 1197/1197 1278/1278
f 1185/1185 1225/1225 1206/1206
f 1207/1207 1229/1229 1188/1188
f 1233/1233 1279/1279 1189/1189
f 1234/1234 1233/1233 1146/1146
f 1230/1230 1190/1190 1282/1282
f 1239/1239 1234/1234 1150/1150
f 1152/1152 1236/1236 1241/1241
f 1149/1149 1237/1237 1235/1235
f 1285/1285 1192/1192 1226/1226
f 1291/1291 1238/1238 1192/1192
f 1292/1292 1239/1239 1194/1194
f 1196/1196 1240/1240 1293/1293
f 1156/1156 1203/1203 1261/1261
f 1260/1260 1204/1204 1155/1155
f 1263/1263 1242/1242 1154/1154
f 1200/1200 1242/1242 1298/1298
f 1101/1101 1245/1245 1300/1300
f 1302/1302 1135/1135 1246/1246
f 1246/1246 1201/1201 1305/1305
f 1201/1201 1250/1250 1309/1309
f 1250/1250 1159/1159 1310/1310
f 1101/1101 1300/1300 1251/1251
f 1251/1251 1311/1311 1202/1202
f 1312/1312 1159/1159 1252/1252
f 1202/1202 1313/1313 1252/1252
f 1167/1167 1254/1254 1267/1267
f 1264/1264 1256/1256 1166/1166
f 1242/1242 1263/1263 1135/1135
f 1206/1206 1289/1289 1254/1254
f 1256/1256 1290/1290 1207/1207
f 1211/1211 1267/1267 1316/1316
f 1318/1318 1264/1264 1212/1212
f 1219/1219 1213/1213 1322/1322
f 1321/1321 1214/1214 1215/1215
f 1221/1221 1218/1218 1328/1328
f 1270/1270 1222/1222 1333/1333
f 1334/1334 1220/1220 1269/1269
f 1180/1180 1273/1273 1338/1338
f 1339/1339 1271/1271 1182/1182
f 1276/1276 1179/1179 1336/1336
f 1275/1275 1292/1292 1194/1194
f 1294/1294 1278/1278 1197/1197
f 1277/1277 1337/1337 1181/1181
f 1289/1289 1206/1206 1225/1225
f 1229/1229 1207/1207 1290/1290
f 1279/1279 1341/1341 1189/1189
f 1233/1233 1343/1343 1279/1279
f 1234/1234 1343/1343 1233/1233
f 1189/1189 1344/1344 1281/1281
f 1345/1345 1228/1228 1280/1280
f 1239/1239 1347/1347 1234/1234
f 1348/1348 1241/1241 1236/1236
f 1351/1351 1235/1235 1237/1237
f 1192/1192 1285/1285 1291/1291
f 1228/1228 1345/1345 1287/1287
f 1286/1286 1340/1340 1231/1231
f 1232/1232 1342/1342 1284/1284
f 1238/1238 1291/1291 1352/1352
f 1292/1292 1353/1353 1239/1239
f 1354/1354 1293/1293 1240/1240
f 1243/1243 1356/1356 1295/1295
f 1200/1200 1298/1298 1362/1362
f 1242/1242 1135/1135 1302/1302
f 1248/1248 1365/1365 1304/1304
f 1305/1305 1201/1201 1300/1300
f 1307/1307 1368/1368 1247/1247
f 1371/1371 1309/1309 1250/1250
f 1311/1311 1201/1201 1309/1309
f 1310/1310 1159/1159 1372/1372
f 1373/1373 1250/1250 1310/1310
f 1300/1300 1201/1201 1251/1251
f 1311/1311 1251/1251 1201/1201
f 1202/1202 1311/1311 1374/1374
f 1375/1375 1159/1159 1312/1312
f 1376/1376 1312/1312 1252/1252
f 1202/1202 1377/1377 1313/1313
f 1378/1378 1252/1252 1313/1313
f 1379/1379 1268/1268 1257/1257
f 1382/1382 1255/1255 1266/1266
f 1385/1385 1253/1253 1288/1288
f 1388/1388 1283/1283 1258/1258
f 1390/1390 1315/1315 1268/1268
f 1392/1392 1265/1265 1314/1314
f 1211/1211 1316/1316 1319/1319
f 1324/1324 1318/1318 1212/1212
f 1320/1320 1327/1327 1217/1217
f 1216/1216 1329/1329 1323/1323
f 1221/1221 1328/1328 1332/1332
f 1397/1397 1274/1274 1331/1331
f 1330/1330 1272/1272 1396/1396
f 1338/1338 1273/1273 1401/1401
f 1398/1398 1271/1271 1339/1339
f 1336/1336 1404/1404 1276/1276
f 1406/1406 1292/1292 1275/1275
f 1278/1278 1294/1294 1408/1408
f 1337/1337 1277/1277 1409/1409
f 1341/1341 1344/1344 1189/1189
f 1279/1279 1411/1411 1341/1341
f 1343/1343 1411/1411 1279/1279
f 1347/1347 1343/1343 1234/1234
f 1346/1346 1281/1281 1344/1344
f 1353/1353 1347/1347 1239/1239
f 1241/1241 1348/1348 1355/1355
f 1235/1235 1351/1351 1349/1349
f 1352/1352 1350/1350 1238/1238
f 1291/1291 1285/1285 1413/1413
f 1287/1287 1345/1345 1384/1384
f 1340/1340 1286/1286 1416/1416
f 1415/1415 1284/1284 1342/1342
f 1352/1352 1291/1291 1413/1413
f 1417/1417 1353/1353 1292/1292
f 1293/1293 1354/1354 1419/1419
f 1356/1356 1243/1243 1423/1423
f 1249/1249 1297/1297 1358/1358
f 1296/1296 1427/1427 1363/1363
f 1360/1360 1428/1428 1198/1198
f 1364/1364 1244/1244 1303/1303
f 1365/1365 1248/1248 1433/1433
f 1299/1299 1437/1437 1306/1306
f 1368/1368 1307/1307 1442/1442
f 1369/1369 1297/1297 1249/1249
f 1309/1309 1371/1371 1444/1444
f 1250/1250 1373/1373 1371/1371
f 1311/1311 1309/1309 1445/1445
f 1372/1372 1159/1159 1446/1446
f 1310/1310 1372/1372 1447/1447
f 1373/1373 1310/1310 1448/1448
f 1311/1311 1449/1449 1374/1374
f 1202/1202 1374/1374 1450/1450
f 1451/1451 1159/1159 1375/1375
f 1375/1375 1312/1312 1452/1452
f 1312/1312 1376/1376 1453/1453
f 1376/1376 1252/1252 1378/1378
f 1202/1202 1452/1452 1377/1377
f 1454/1454 1313/1313 1377/1377
f 1313/1313 1455/1455 1378/1378
f 1268/1268 1379/1379 1390/1390
f 1253/1253 1385/1385 1381/1381
f 1255/1255 1382/1382 1387/1387
f 1265/1265 1392/1392 1383/1383
f 1283/1283 1388/1388 1412/1412
f 1315/1315 1390/1390 1456/1456
f 1317/1317 1458/1458 1391/1391
f 1319/1319 1316/1316 1463/1463
f 1462/1462 1318/1318 1324/1324
f 1327/1327 1320/1320 1467/1467
f 1465/1465 1323/1323 1329/1329
f 1332/1332 1328/1328 1475/1475
f 1274/1274 1397/1397 1400/1400
f 1403/1403 1396/1396 1272/1272
f 1332/1332 1475/1475 1394/1394
f 1338/1338 1401/1401 1476/1476
f 1480/1480 1398/1398 1339/1339
f 1404/1404 1336/1336 1479/1479
f 1405/1405 1406/1406 1275/1275
f 1406/1406 1417/1417 1292/1292
f 1418/1418 1408/1408 1294/1294
f 1407/1407 1409/1409 1277/1277
f 1410/1410 1477/1477 1335/1335
f 1414/1414 1344/1344 1341/1341
f 1414/1414 1341/1341 1411/1411
f 1343/1343 1380/1380 1411/1411
f 1347/1347 1389/1389 1343/1343
f 1344/1344 1414/1414 1346/1346
f 1353/1353 1457/1457 1347/1347
f 1482/1482 1355/1355 1348/1348
f 1484/1484 1349/1349 1351/1351
f 1350/1350 1352/1352 1485/1485
f 1346/1346 1414/1414 1386/1386
f 1352/1352 1413/1413 1486/1486
f 1417/1417 1489/1489 1353/1353
f 1490/1490 1419/1419 1354/1354
f 1244/1244 1364/1364 1422/1422
f 1366/1366 1359/1359 1421/1421
f 1420/1420 1357/1357 1367/1367
f 1249/1249 1358/1358 1434/1434
f 1427/1427 1296/1296 1492/1492
f 1424/1424 1308/1308 1361/1361
f 1428/1428 1360/1360 1497/1497
f 1431/1431 1301/1301 1199/1199
f 1359/1359 1366/1366 1435/1435
f 1432/1432 1367/1367 1357/1357
f 1437/1437 1299/1299 1502/1502
f 1361/1361 1308/1308 1439/1439
f 1308/1308 1424/1424 1440/1440
f 1425/1425 1370/1370 1443/1443
f 1297/1297 1369/1369 1493/1493
f 1444/1444 1371/1371 1503/1503
f 1444/1444 1445/1445 1309/1309
f 1373/1373 1503/1503 1371/1371
f 1445/1445 1504/1504 1311/1311
f 1446/1446 1159/1159 1505/1505
f 1506/1506 1372/1372 1446/1446
f 1507/1507 1447/1447 1372/1372
f 1310/1310 1447/1447 1508/1508
f 1448/1448 1310/1310 1444/1444
f 1503/1503 1373/1373 1448/1448
f 1449/1449 1311/1311 1504/1504
f 1374/1374 1449/1449 1509/1509
f 1510/1510 1450/1450 1374/1374
f 1202/1202 1450/1450 1506/1506
f 1511/1511 1159/1159 1451/1451
f 1512/1512 1451/1451 1375/1375
f 1452/1452 1312/1312 1513/1513
f 1202/1202 1375/1375 1452/1452
f 1376/1376 1455/1455 1453/1453
f 1453/1453 1513/1513 1312/1312
f 1455/1455 1376/1376 1378/1378
f 1452/1452 1514/1514 1377/1377
f 1515/1515 1313/1313 1454/1454
f 1377/1377 1516/1516 1454/1454
f 1313/1313 1453/1453 1455/1455
f 1389/1389 1380/1380 1343/1343
f 1380/1380 1386/1386 1414/1414
f 1518/1518 1387/1387 1382/1382
f 1519/1519 1383/1383 1392/1392
f 1522/1522 1412/1412 1388/1388
f 1457/1457 1389/1389 1347/1347
f 1456/1456 1464/1464 1315/1315
f 1458/1458 1317/1317 1460/1460
f 1523/1523 1391/1391 1458/1458
f 1319/1319 1463/1463 1466/1466
f 1468/1468 1462/1462 1324/1324
f 1470/1470 1474/1474 1326/1326
f 1325/1325 1473/1473 1469/1469
f 1526/1526 1399/1399 1395/1395
f 1393/1393 1402/1402 1529/1529
f 1394/1394 1475/1475 1531/1531
f 1476/1476 1401/1401 1540/1540
f 1538/1538 1398/1398 1480/1480
f 1479/1479 1542/1542 1404/1404
f 1543/1543 1406/1406 1405/1405
f 1544/1544 1417/1417 1406/1406
f 1408/1408 1418/1418 1546/1546
f 1409/1409 1407/1407 1547/1547
f 1477/1477 1410/1410 1550/1550
f 1411/1411 1380/1380 1414/1414
f 1489/1489 1457/1457 1353/1353
f 1355/1355 1482/1482 1491/1491
f 1349/1349 1484/1484 1481/1481
f 1485/1485 1483/1483 1350/1350
f 1485/1485 1352/1352 1486/1486
f 1412/1412 1522/1522 1487/1487
f 1552/1552 1489/1489 1417/1417
f 1419/1419 1490/1490 1554/1554
f 1370/1370 1425/1425 1494/1494
f 1361/1361 1439/1439 1496/1496
f 1555/1555 1430/1430 1498/1498
f 1495/1495 1429/1429 1556/1556
f 1301/1301 1431/1431 1501/1501
f 1499/1499 1555/1555 1436/1436
f 1438/1438 1556/1556 1500/1500
f 1443/1443 1557/1557 1425/1425
f 1426/1426 1558/1558 1441/1441
f 1444/1444 1503/1503 1448/1448
f 1445/1445 1444/1444 1450/1450
f 1504/1504 1445/1445 1450/1450
f 1505/1505 1159/1159 1559/1559
f 1560/1560 1446/1446 1505/1505
f 1507/1507 1372/1372 1506/1506
f 1506/1506 1446/1446 1560/1560
f 1447/1447 1507/1507 1508/1508
f 1507/1507 1310/1310 1508/1508
f 1507/1507 1444/1444 1310/1310
f 1510/1510 1449/1449 1504/1504
f 1449/1449 1510/1510 1509/1509
f 1374/1374 1509/1509 1510/1510
f 1504/1504 1450/1450 1510/1510
f 1506/1506 1450/1450 1507/1507
f 1202/1202 1506/1506 1560/1560
f 1561/1561 1159/1159 1511/1511
f 1562/1562 1511/1511 1451/1451
f 1562/1562 1451/1451 1512/1512
f 1202/1202 1512/1512 1375/1375
f 1514/1514 1452/1452 1513/1513
f 1513/1513 1453/1453 1313/1313
f 1377/1377 1514/1514 1516/1516
f 1515/1515 1513/1513 1313/1313
f 1516/1516 1515/1515 1454/1454
f 1387/1387 1518/1518 1521/1521
f 1383/1383 1519/1519 1517/1517
f 1391/1391 1523/1523 1520/1520
f 1464/1464 1456/1456 1488/1488
f 1461/1461 1564/1564 1459/1459
f 1459/1459 1565/1565 1524/1524
f 1466/1466 1463/1463 1567/1567
f 1569/1569 1462/1462 1468/1468
f 1474/1474 1470/1470 1570/1570
f 1568/1568 1469/1469 1473/1473
f 1399/1399 1526/1526 1536/1536
f 1539/1539 1529/1529 1402/1402
f 1394/1394 1531/1531 1527/1527
f 1472/1472 1578/1578 1533/1533
f 1532/1532 1577/1577 1471/1471
f 1476/1476 1540/1540 1579/1579
f 1584/1584 1538/1538 1480/1480
f 1542/1542 1479/1479 1585/1585
f 1541/1541 1590/1590 1405/1405
f 1543/1543 1544/1544 1406/1406
f 1590/1590 1543/1543 1405/1405
f 1544/1544 1552/1552 1417/1417
f 1553/1553 1546/1546 1418/1418
f 1545/1545 1547/1547 1407/1407
f 1548/1548 1550/1550 1410/1410
f 1549/1549 1586/1586 1478/1478
f 1592/1592 1491/1491 1482/1482
f 1593/1593 1481/1481 1484/1484
f 1483/1483 1485/1485 1595/1595
f 1485/1485 1486/1486 1597/1597
f 1598/1598 1487/1487 1522/1522
f 1604/1604 1488/1488 1551/1551
f 1605/1605 1554/1554 1490/1490
f 1436/1436 1555/1555 1498/1498
f 1495/1495 1556/1556 1438/1438
f 1430/1430 1555/1555 1499/1499
f 1500/1500 1556/1556 1429/1429
f 1507/1507 1450/1450 1444/1444
f 1559/1559 1159/1159 1607/1607
f 1608/1608 1505/1505 1559/1559
f 1560/1560 1505/1505 1608/1608
f 1202/1202 1560/1560 1608/1608
f 1609/1609 1159/1159 1561/1561
f 1610/1610 1561/1561 1511/1511
f 1610/1610 1511/1511 1562/1562
f 1202/1202 1562/1562 1512/1512
f 1513/1513 1515/1515 1514/1514
f 1515/1515 1516/1516 1514/1514
f 1612/1612 1521/1521 1518/1518
f 1614/1614 1517/1517 1519/1519
f 1615/1615 1520/1520 1523/1523
f 1488/1488 1604/1604 1464/1464
f 1564/1564 1461/1461 1601/1601
f 1565/1565 1459/1459 1564/1564
f 1618/1618 1524/1524 1565/1565
f 1567/1567 1463/1463 1602/1602
f 1600/1600 1462/1462 1569/1569
f 1578/1578 1472/1472 1571/1571
f 1572/1572 1471/1471 1577/1577
f 1619/1619 1537/1537 1525/1525
f 1528/1528 1535/1535 1623/1623
f 1527/1527 1531/1531 1625/1625
f 1629/1629 1530/1530 1574/1574
f 1575/1575 1534/1534 1630/1630
f 1537/1537 1619/1619 1582/1582
f 1583/1583 1623/1623 1535/1535
f 1476/1476 1579/1579 1587/1587
f 1589/1589 1584/1584 1480/1480
f 1585/1585 1636/1636 1542/1542
f 1637/1637 1590/1590 1541/1541
f 1638/1638 1544/1544 1543/1543
f 1590/1590 1638/1638 1543/1543
f 1640/1640 1552/1552 1544/1544
f 1546/1546 1553/1553 1642/1642
f 1547/1547 1545/1545 1644/1644
f 1550/1550 1548/1548 1646/1646
f 1586/1586 1549/1549 1647/1647
f 1491/1491 1592/1592 1606/1606
f 1481/1481 1593/1593 1591/1591
f 1595/1595 1594/1594 1483/1483
f 1595/1595 1485/1485 1597/1597
f 1487/1487 1598/1598 1596/1596
f 1521/1521 1612/1612 1599/1599
f 1551/1551 1651/1651 1604/1604
f 1554/1554 1605/1605 1654/1654
f 1607/1607 1159/1159 1656/1656
f 1657/1657 1559/1559 1607/1607
f 1608/1608 1559/1559 1657/1657
f 1202/1202 1608/1608 1657/1657
f 1656/1656 1159/1159 1609/1609
f 1658/1658 1609/1609 1561/1561
f 1658/1658 1561/1561 1610/1610
f 1202/1202 1610/1610 1562/1562
f 1517/1517 1614/1614 1611/1611
f 1520/1520 1615/1615 1613/1613
f 1524/1524 1618/1618 1616/1616
f 1603/1603 1660/1660 1563/1563
f 1563/1563 1662/1662 1566/1566
f 1566/1566 1664/1664 1617/1617
f 1567/1567 1602/1602 1573/1573
f 1576/1576 1600/1600 1569/1569
f 1527/1527 1625/1625 1620/1620
f 1530/1530 1629/1629 1627/1627
f 1624/1624 1630/1630 1534/1534
f 1573/1573 1649/1649 1634/1634
f 1632/1632 1652/1652 1576/1576
f 1665/1665 1580/1580 1622/1622
f 1621/1621 1581/1581 1669/1669
f 1587/1587 1579/1579 1673/1673
f 1672/1672 1584/1584 1589/1589
f 1636/1636 1585/1585 1679/1679
f 1635/1635 1637/1637 1541/1541
f 1637/1637 1681/1681 1590/1590
f 1638/1638 1640/1640 1544/1544
f 1681/1681 1638/1638 1590/1590
f 1651/1651 1551/1551 1639/1639
f 1655/1655 1642/1642 1553/1553
f 1641/1641 1644/1644 1545/1545
f 1643/1643 1646/1646 1548/1548
f 1645/1645 1647/1647 1549/1549
f 1648/1648 1676/1676 1588/1588
f 1683/1683 1606/1606 1592/1592
f 1684/1684 1591/1591 1593/1593
f 1594/1594 1595/1595 1686/1686
f 1595/1595 1597/1597 1688/1688
f 1690/1690 1596/1596 1598/1598
f 1691/1691 1599/1599 1612/1612
f 1573/1573 1602/1602 1649/1649
f 1652/1652 1600/1600 1576/1576
f 1660/1660 1603/1603 1650/1650
f 1693/1693 1654/1654 1605/1605
f 1695/1695 1607/1607 1656/1656
f 1657/1657 1607/1607 1695/1695
f 1202/1202 1657/1657 1695/1695
f 1696/1696 1656/1656 1609/1609
f 1696/1696 1609/1609 1658/1658
f 1202/1202 1658/1658 1610/1610
f 1698/1698 1611/1611 1614/1614
f 1700/1700 1613/1613 1615/1615
f 1702/1702 1616/1616 1618/1618
f 1662/1662 1563/1563 1660/1660
f 1664/1664 1566/1566 1662/1662
f 1703/1703 1617/1617 1664/1664
f 1620/1620 1625/1625 1709/1709
f 1713/1713 1628/1628 1633/1633
f 1631/1631 1626/1626 1714/1714
f 1634/1634 1649/1649 1712/1712
f 1710/1710 1652/1652 1632/1632
f 1580/1580 1665/1665 1674/1674
f 1670/1670 1669/1669 1581/1581
f 1620/1620 1709/1709 1667/1667
f 1587/1587 1673/1673 1718/1718
f 1716/1716 1672/1672 1589/1589
f 1587/1587 1718/1718 1678/1678
f 1677/1677 1716/1716 1589/1589
f 1679/1679 1722/1722 1636/1636
f 1724/1724 1637/1637 1635/1635
f 1725/1725 1681/1681 1637/1637
f 1681/1681 1640/1640 1638/1638
f 1726/1726 1651/1651 1639/1639
f 1642/1642 1655/1655 1728/1728
f 1644/1644 1641/1641 1731/1731
f 1646/1646 1643/1643 1733/1733
f 1647/1647 1645/1645 1734/1734
f 1676/1676 1648/1648 1737/1737
f 1606/1606 1683/1683 1694/1694
f 1591/1591 1684/1684 1682/1682
f 1686/1686 1685/1685 1594/1594
f 1686/1686 1595/1595 1688/1688
f 1596/1596 1690/1690 1687/1687
f 1599/1599 1691/1691 1689/1689
f 1611/1611 1698/1698 1692/1692
f 1738/1738 1659/1659 1653/1653
f 1654/1654 1693/1693 1743/1743
f 1695/1695 1656/1656 1696/1696
f 1202/1202 1695/1695 1696/1696
f 1202/1202 1696/1696 1658/1658
f 1613/1613 1700/1700 1697/1697
f 1616/1616 1702/1702 1699/1699
f 1617/1617 1703/1703 1701/1701
f 1746/1746 1661/1661 1659/1659
f 1747/1747 1663/1663 1661/1661
f 1750/1750 1704/1704 1663/1663
f 1628/1628 1713/1713 1707/1707
f 1706/1706 1714/1714 1626/1626
f 1712/1712 1649/1649 1742/1742
f 1741/1741 1652/1652 1710/1710
f 1755/1755 1671/1671 1668/1668
f 1666/1666 1675/1675 1754/1754
f 1667/1667 1709/1709 1758/1758
f 1671/1671 1755/1755 1717/1717
f 1721/1721 1754/1754 1675/1675
f 1678/1678 1718/1718 1762/1762
f 1764/1764 1716/1716 1677/1677
f 1722/1722 1679/1679 1769/1769
f 1723/1723 1772/1772 1635/1635
f 1724/1724 1725/1725 1637/1637
f 1772/1772 1724/1724 1635/1635
f 1725/1725 1727/1727 1681/1681
f 1727/1727 1640/1640 1681/1681
f 1651/1651 1726/1726 1740/1740
f 1744/1744 1728/1728 1655/1655
f 1729/1729 1731/1731 1641/1641
f 1730/1730 1733/1733 1643/1643
f 1732/1732 1734/1734 1645/1645
f 1735/1735 1737/1737 1648/1648
f 1736/1736 1767/1767 1680/1680
f 1774/1774 1694/1694 1683/1683
f 1776/1776 1682/1682 1684/1684
f 1685/1685 1686/1686 1777/1777
f 1686/1686 1688/1688 1779/1779
f 1780/1780 1687/1687 1690/1690
f 1782/1782 1689/1689 1691/1691
f 1784/1784 1692/1692 1698/1698
f 1659/1659 1738/1738 1746/1746
f 1786/1786 1743/1743 1693/1693
f 1789/1789 1697/1697 1700/1700
f 1791/1791 1699/1699 1702/1702
f 1793/1793 1701/1701 1703/1703
f 1661/1661 1746/1746 1747/1747
f 1663/1663 1747/1747 1750/1750
f 1704/1704 1750/1750 1795/1795
f 1796/1796 1708/1708 1715/1715
f 1711/1711 1705/1705 1798/1798
f 1712/1712 1742/1742 1800/1800
f 1801/1801 1741/1741 1710/1710
f 1667/1667 1802/1802 1751/1751
f 1708/1708 1796/1796 1759/1759
f 1760/1760 1798/1798 1705/1705
f 1667/1667 1758/1758 1802/1802
f 1809/1809 1719/1719 1752/1752
f 1753/1753 1720/1720 1810/1810
f 1719/1719 1809/1809 1765/1765
f 1766/1766 1810/1810 1720/1720
f 1678/1678 1762/1762 1812/1812
f 1816/1816 1764/1764 1677/1677
f 1678/1678 1822/1822 1768/1768
f 1770/1770 1818/1818 1677/1677
f 1769/1769 1824/1824 1722/1722
f 1825/1825 1772/1772 1723/1723
f 1826/1826 1725/1725 1724/1724
f 1772/1772 1826/1826 1724/1724
f 1828/1828 1727/1727 1725/1725
f 1827/1827 1740/1740 1726/1726
f 1728/1728 1744/1744 1830/1830
f 1731/1731 1729/1729 1832/1832
f 1733/1733 1730/1730 1833/1833
f 1734/1734 1732/1732 1836/1836
f 1737/1737 1735/1735 1838/1838
f 1767/1767 1736/1736 1840/1840
f 1694/1694 1774/1774 1787/1787
f 1682/1682 1776/1776 1773/1773
f 1777/1777 1775/1775 1685/1685
f 1777/1777 1686/1686 1779/1779
f 1687/1687 1780/1780 1778/1778
f 1689/1689 1782/1782 1781/1781
f 1692/1692 1784/1784 1783/1783
f 1697/1697 1789/1789 1785/1785
f 1820/1820 1745/1745 1739/1739
f 1743/1743 1786/1786 1841/1841
f 1699/1699 1791/1791 1788/1788
f 1701/1701 1793/1793 1790/1790
f 1795/1795 1792/1792 1704/1704
f 1843/1843 1748/1748 1745/1745
f 1845/1845 1749/1749 1748/1748
f 1848/1848 1794/1794 1749/1749
f 1800/1800 1742/1742 1852/1852
f 1854/1854 1741/1741 1801/1801
f 1751/1751 1802/1802 1811/1811
f 1851/1851 1757/1757 1799/1799
f 1797/1797 1756/1756 1850/1850
f 1757/1757 1851/1851 1804/1804
f 1803/1803 1850/1850 1756/1756
f 1859/1859 1761/1761 1808/1808
f 1807/1807 1763/1763 1856/1856
f 1761/1761 1859/1859 1815/1815
f 1813/1813 1856/1856 1763/1763
f 1678/1678 1812/1812 1862/1862
f 1864/1864 1816/1816 1677/1677
f 1862/1862 1822/1822 1678/1678
f 1677/1677 1818/1818 1864/1864
f 1768/1768 1822/1822 1866/1866
f 1870/1870 1818/1818 1770/1770
f 1824/1824 1769/1769 1874/1874
f 1823/1823 1876/1876 1723/1723
f 1825/1825 1878/1878 1772/1772
f 1879/1879 1825/1825 1723/1723
f 1826/1826 1828/1828 1725/1725
f 1878/1878 1826/1826 1772/1772
f 1740/1740 1827/1827 1819/1819
f 1842/1842 1830/1830 1744/1744
f 1829/1829 1832/1832 1729/1729
f 1831/1831 1833/1833 1730/1730
f 1834/1834 1836/1836 1732/1732
f 1835/1835 1838/1838 1735/1735
f 1837/1837 1840/1840 1736/1736
f 1839/1839 1872/1872 1771/1771
f 1881/1881 1787/1787 1774/1774
f 1882/1882 1773/1773 1776/1776
f 1775/1775 1777/1777 1884/1884
f 1777/1777 1779/1779 1885/1885
f 1887/1887 1778/1778 1780/1780
f 1890/1890 1781/1781 1782/1782
f 1891/1891 1783/1783 1784/1784
f 1893/1893 1785/1785 1789/1789
f 1745/1745 1820/1820 1843/1843
f 1852/1852 1742/1742 1822/1822
f 1818/1818 1741/1741 1854/1854
f 1895/1895 1841/1841 1786/1786
f 1898/1898 1788/1788 1791/1791
f 1899/1899 1790/1790 1793/1793
f 1792/1792 1795/1795 1901/1901
f 1748/1748 1843/1843 1845/1845
f 1749/1749 1845/1845 1848/1848
f 1794/1794 1848/1848 1904/1904
f 1811/1811 1802/1802 1905/1905
f 1912/1912 1805/1805 1849/1849
f 1853/1853 1806/1806 1913/1913
f 1811/1811 1905/1905 1857/1857
f 1916/1916 1814/1814 1855/1855
f 1858/1858 1817/1817 1920/1920
f 1861/1861 1814/1814 1923/1923
f 1924/1924 1817/1817 1860/1860
f 1911/1911 1822/1822 1862/1862
f 1864/1864 1818/1818 1910/1910
f 1819/1819 1877/1877 1869/1869
f 1868/1868 1844/1844 1821/1821
f 1768/1768 1866/1866 1875/1875
f 1873/1873 1870/1870 1770/1770
f 1874/1874 1926/1926 1824/1824
f 1723/1723 1876/1876 1927/1927
f 1928/1928 1876/1876 1823/1823
f 1930/1930 1878/1878 1825/1825
f 1879/1879 1930/1930 1825/1825
f 1927/1927 1879/1879 1723/1723
f 1878/1878 1828/1828 1826/1826
f 1877/1877 1819/1819 1827/1827
f 1830/1830 1842/1842 1932/1932
f 1832/1832 1829/1829 1933/1933
f 1833/1833 1831/1831 1935/1935
f 1836/1836 1834/1834 1938/1938
f 1838/1838 1835/1835 1940/1940
f 1840/1840 1837/1837 1942/1942
f 1872/1872 1839/1839 1944/1944
f 1787/1787 1881/1881 1896/1896
f 1773/1773 1882/1882 1880/1880
f 1884/1884 1883/1883 1775/1775
f 1884/1884 1777/1777 1885/1885
f 1778/1778 1887/1887 1886/1886
f 1781/1781 1890/1890 1888/1888
f 1783/1783 1891/1891 1889/1889
f 1785/1785 1893/1893 1892/1892
f 1788/1788 1898/1898 1894/1894
f 1852/1852 1822/1822 1911/1911
f 1910/1910 1818/1818 1854/1854
f 1841/1841 1895/1895 1946/1946
f 1790/1790 1899/1899 1897/1897
f 1901/1901 1900/1900 1792/1792
f 1904/1904 1902/1902 1794/1794
f 1948/1948 1846/1846 1844/1844
f 1949/1949 1847/1847 1846/1846
f 1952/1952 1903/1903 1847/1847
f 1805/1805 1912/1912 1907/1907
f 1908/1908 1913/1913 1806/1806
f 1857/1857 1905/1905 1918/1918
f 1814/1814 1916/1916 1923/1923
f 1924/1924 1920/1920 1817/1817
f 1953/1953 1863/1863 1921/1921
f 1922/1922 1865/1865 1956/1956
f 1863/1863 1909/1909 1915/1915
f 1914/1914 1906/1906 1865/1865
f 1929/1929 1869/1869 1877/1877
f 1844/1844 1868/1868 1948/1948
f 1875/1875 1866/1866 1963/1963
f 1959/1959 1870/1870 1873/1873
f 1926/1926 1874/1874 1967/1967
f 1925/1925 1928/1928 1823/1823
f 1927/1927 1876/1876 1930/1930
f 1930/1930 1876/1876 1878/1878
f 1927/1927 1930/1930 1879/1879
f 1876/1876 1828/1828 1878/1878
f 1842/1842 1970/1970 1932/1932
f 1931/1931 1933/1933 1829/1829
f 1934/1934 1935/1935 1831/1831
f 1936/1936 1938/1938 1834/1834
f 1937/1937 1940/1940 1835/1835
f 1939/1939 1942/1942 1837/1837
f 1941/1941 1944/1944 1839/1839
f 1943/1943 1964/1964 1871/1871
f 1881/1881 1972/1972 1896/1896
f 1973/1973 1880/1880 1882/1882
f 1883/1883 1884/1884 1975/1975
f 1884/1884 1885/1885 1977/1977
f 1979/1979 1886/1886 1887/1887
f 1981/1981 1888/1888 1890/1890
f 1983/1983 1889/1889 1891/1891
f 1985/1985 1892/1892 1893/1893
f 1986/1986 1894/1894 1898/1898
f 1895/1895 1988/1988 1946/1946
f 1970/1970 1842/1842 1945/1945
f 1990/1990 1897/1897 1899/1899
f 1900/1900 1901/1901 1992/1992
f 1902/1902 1904/1904 1994/1994
f 1846/1846 1948/1948 1949/1949
f 1847/1847 1949/1949 1952/1952
f 1903/1903 1952/1952 1996/1996
f 1863/1863 1917/1917 1909/1909
f 1906/1906 1919/1919 1865/1865
f 1923/1923 1916/1916 1958/1958
f 1957/1957 1920/1920 1924/1924
f 1863/1863 1953/1953 1917/1917
f 1919/1919 1956/1956 1865/1865
f 1869/1869 1929/1929 1960/1960
f 1961/1961 1947/1947 1867/1867
f 1875/1875 1963/1963 1968/1968
f 1965/1965 1959/1959 1873/1873
f 1967/1967 1998/1998 1926/1926
f 2000/2000 1928/1928 1925/1925
f 2002/2002 1931/1931 1969/1969
f 1933/1933 1931/1931 2005/2005
f 1935/1935 1934/1934 2007/2007
f 1938/1938 1936/1936 2009/2009
f 1940/1940 1937/1937 2011/2011
f 1942/1942 1939/1939 2013/2013
f 1944/1944 1941/1941 2015/2015
f 1964/1964 1943/1943 2017/2017
f 1972/1972 1881/1881 2018/2018
f 1988/1988 1895/1895 1971/1971
f 1880/1880 1973/1973 2019/2019
f 1883/1883 2021/2021 1974/1974
f 1975/1975 1884/1884 1977/1977
f 1975/1975 2021/2021 1883/1883
f 1886/1886 1979/1979 1976/1976
f 1888/1888 1981/1981 1978/1978
f 1889/1889 1983/1983 1980/1980
f 1892/1892 1985/1985 1982/1982
f 1894/1894 1986/1986 1984/1984
f 1897/1897 1990/1990 1987/1987
f 2023/2023 1945/1945 1989/1989
f 1945/1945 2023/2023 1970/1970
f 1900/1900 2025/2025 1991/1991
f 1994/1994 1993/1993 1902/1902
f 2025/2025 1900/1900 1992/1992
f 1996/1996 1995/1995 1903/1903
f 2027/2027 1950/1950 1947/1947
f 2029/2029 1951/1951 1950/1950
f 2031/2031 1997/1997 1951/1951
f 2001/2001 1960/1960 1929/1929
f 1947/1947 1961/1961 2027/2027
f 1968/1968 1963/1963 2036/2036
f 2035/2035 1959/1959 1965/1965
f 1998/1998 1967/1967 2040/2040
f 1999/1999 2000/2000 1925/1925
f 1931/1931 2002/2002 2005/2005
f 1969/1969 2042/2042 2002/2002
f 2045/2045 1934/1934 2004/2004
f 1934/1934 2045/2045 2007/2007
f 2006/2006 2009/2009 1936/1936
f 2008/2008 2011/2011 1937/1937
f 2010/2010 2013/2013 1939/1939
f 2012/2012 2015/2015 1941/1941
f 2014/2014 2017/2017 1943/1943
f 2016/2016 2037/2037 1966/1966
f 2018/2018 2047/2047 1972/1972
f 1971/1971 2049/2049 1988/1988
f 2050/2050 2019/2019 1973/1973
f 1974/1974 2021/2021 2052/2052
f 1975/1975 1977/1977 2053/2053
f 2021/2021 1975/1975 2053/2053
f 2056/2056 1976/1976 1979/1979
f 2057/2057 1978/1978 1981/1981
f 2060/2060 1980/1980 1983/1983
f 2062/2062 1982/1982 1985/1985
f 2064/2064 1984/1984 1986/1986
f 2065/2065 1987/1987 1990/1990
f 1989/1989 2067/2067 2023/2023
f 2042/2042 1969/1969 2022/2022
f 2070/2070 1991/1991 2025/2025
f 1993/1993 1994/1994 2072/2072
f 1993/1993 2074/2074 2024/2024
f 1995/1995 1996/1996 2075/2075
f 1950/1950 2027/2027 2029/2029
f 1951/1951 2029/2029 2031/2031
f 1997/1997 2031/2031 2077/2077
f 1960/1960 2001/2001 2032/2032
f 2034/2034 2026/2026 1962/1962
f 1968/1968 2036/2036 2041/2041
f 2039/2039 2035/2035 1965/1965
f 2040/2040 2080/2080 1998/1998
f 2081/2081 2000/2000 1999/1999
f 2084/2084 2004/2004 2003/2003
f 2085/2085 2003/2003 2043/2043
f 2004/2004 2084/2084 2045/2045
f 2088/2088 2006/2006 2044/2044
f 2009/2009 2006/2006 2090/2090
f 2011/2011 2008/2008 2092/2092
f 2013/2013 2010/2010 2093/2093
f 2015/2015 2012/2012 2096/2096
f 2017/2017 2014/2014 2097/2097
f 2037/2037 2016/2016 2099/2099
f 2047/2047 2018/2018 2101/2101
f 2049/2049 1971/1971 2046/2046
f 2067/2067 1989/1989 2048/2048
f 2019/2019 2050/2050 2102/2102
f 1974/1974 2103/2103 2051/2051
f 2103/2103 2052/2052 2021/2021
f 2052/2052 2103/2103 1974/1974
f 1976/1976 2056/2056 2054/2054
f 2056/2056 2020/2020 2054/2054
f 1978/1978 2057/2057 2055/2055
f 1980/1980 2060/2060 2058/2058
f 1982/1982 2062/2062 2059/2059
f 1984/1984 2064/2064 2061/2061
f 1987/1987 2065/2065 2063/2063
f 1991/1991 2070/2070 2066/2066
f 2105/2105 2022/2022 2068/2068
f 2022/2022 2105/2105 2042/2042
f 2024/2024 2107/2107 2069/2069
f 2075/2075 2071/2071 1995/1995
f 2074/2074 1993/1993 2072/2072
f 2107/2107 2024/2024 2074/2074
f 2077/2077 2076/2076 1997/1997
f 2110/2110 2028/2028 2026/2026
f 2111/2111 2030/2030 2028/2028
f 2113/2113 2078/2078 2030/2030
f 2082/2082 2032/2032 2001/2001
f 2026/2026 2034/2034 2110/2110
f 2041/2041 2036/2036 2116/2116
f 2118/2118 2035/2035 2039/2039
f 2080/2080 2040/2040 2120/2120
f 2079/2079 2081/2081 1999/1999
f 2003/2003 2085/2085 2084/2084
f 2043/2043 2125/2125 2085/2085
f 2128/2128 2044/2044 2083/2083
f 2006/2006 2088/2088 2090/2090
f 2044/2044 2128/2128 2088/2088
f 2089/2089 2092/2092 2008/2008
f 2091/2091 2093/2093 2010/2010
f 2094/2094 2096/2096 2012/2012
f 2095/2095 2097/2097 2014/2014
f 2098/2098 2099/2099 2016/2016
f 2100/2100 2122/2122 2038/2038
f 2101/2101 2129/2129 2047/2047
f 2046/2046 2132/2132 2049/2049
f 2048/2048 2134/2134 2067/2067
f 2135/2135 2102/2102 2050/2050
f 2051/2051 2103/2103 2137/2137
f 2138/2138 2104/2104 2020/2020
f 2020/2020 2056/2056 2138/2138
f 2140/2140 2055/2055 2057/2057
f 2143/2143 2058/2058 2060/2060
f 2144/2144 2059/2059 2062/2062
f 2146/2146 2061/2061 2064/2064
f 2148/2148 2063/2063 2065/2065
f 2150/2150 2066/2066 2070/2070
f 2068/2068 2152/2152 2105/2105
f 2125/2125 2043/2043 2106/2106
f 2155/2155 2069/2069 2107/2107
f 2071/2071 2075/2075 2156/2156
f 2156/2156 2073/2073 2071/2071
f 2073/2073 2159/2159 2108/2108
f 2076/2076 2077/2077 2160/2160
f 2028/2028 2110/2110 2111/2111
f 2030/2030 2111/2111 2113/2113
f 2078/2078 2113/2113 2163/2163
f 2032/2032 2082/2082 2115/2115
f 2119/2119 2109/2109 2033/2033
f 2041/2041 2116/2116 2124/2124
f 2123/2123 2118/2118 2039/2039
f 2120/2120 2165/2165 2080/2080
f 2164/2164 2081/2081 2079/2079
f 2167/2167 2083/2083 2086/2086
f 2168/2168 2086/2086 2126/2126
f 2083/2083 2167/2167 2128/2128
f 2171/2171 2089/2089 2087/2087
f 2173/2173 2087/2087 2127/2127
f 2092/2092 2089/2089 2174/2174
f 2093/2093 2091/2091 2177/2177
f 2096/2096 2094/2094 2179/2179
f 2097/2097 2095/2095 2181/2181
f 2099/2099 2098/2098 2183/2183
f 2122/2122 2100/2100 2185/2185
f 2129/2129 2101/2101 2186/2186
f 2132/2132 2046/2046 2130/2130
f 2134/2134 2048/2048 2131/2131
f 2152/2152 2068/2068 2133/2133
f 2102/2102 2135/2135 2187/2187
f 2051/2051 2189/2189 2136/2136
f 2189/2189 2137/2137 2103/2103
f 2137/2137 2189/2189 2051/2051
f 2104/2104 2138/2138 2191/2191
f 2055/2055 2140/2140 2139/2139
f 2058/2058 2143/2143 2141/2141
f 2059/2059 2144/2144 2142/2142
f 2061/2061 2146/2146 2145/2145
f 2063/2063 2148/2148 2147/2147
f 2066/2066 2150/2150 2149/2149
f 2069/2069 2155/2155 2151/2151
f 2193/2193 2106/2106 2153/2153
f 2106/2106 2193/2193 2125/2125
f 2108/2108 2195/2195 2154/2154
f 2160/2160 2157/2157 2076/2076
f 2073/2073 2156/2156 2196/2196
f 2159/2159 2073/2073 2196/2196
f 2195/2195 2108/2108 2159/2159
f 2163/2163 2161/2161 2078/2078
f 2198/2198 2112/2112 2109/2109
f 2201/2201 2114/2114 2112/2112
f 2203/2203 2162/2162 2114/2114
f 2204/2204 2115/2115 2082/2082
f 2109/2109 2119/2119 2198/2198
f 2124/2124 2116/2116 2208/2208
f 2206/2206 2118/2118 2123/2123
f 2165/2165 2120/2120 2207/2207
f 2081/2081 2164/2164 2205/2205
f 2086/2086 2168/2168 2167/2167
f 2126/2126 2210/2210 2168/2168
f 2212/2212 2127/2127 2166/2166
f 2089/2089 2171/2171 2174/2174
f 2087/2087 2173/2173 2171/2171
f 2127/2127 2212/2212 2173/2173
f 2175/2175 2177/2177 2091/2091
f 2176/2176 2179/2179 2094/2094
f 2178/2178 2181/2181 2095/2095
f 2180/2180 2183/2183 2098/2098
f 2182/2182 2185/2185 2100/2100
f 2184/2184 2209/2209 2121/2121
f 2186/2186 2214/2214 2129/2129
f 2130/2130 2216/2216 2132/2132
f 2131/2131 2219/2219 2134/2134
f 2133/2133 2220/2220 2152/2152
f 2222/2222 2187/2187 2135/2135
f 2136/2136 2189/2189 2224/2224
f 2191/2191 2188/2188 2104/2104
f 2139/2139 2225/2225 2190/2190
f 2225/2225 2139/2139 2140/2140
f 2227/2227 2141/2141 2143/2143
f 2229/2229 2142/2142 2144/2144
f 2231/2231 2145/2145 2146/2146
f 2233/2233 2147/2147 2148/2148
f 2236/2236 2149/2149 2150/2150
f 2237/2237 2151/2151 2155/2155
f 2153/2153 2240/2240 2193/2193
f 2210/2210 2126/2126 2192/2192
f 2242/2242 2154/2154 2195/2195
f 2157/2157 2160/2160 2243/2243
f 2243/2243 2197/2197 2157/2157
f 2246/2246 2158/2158 2197/2197
f 2158/2158 2247/2247 2194/2194
f 2161/2161 2163/2163 2249/2249
f 2112/2112 2198/2198 2201/2201
f 2114/2114 2201/2201 2203/2203
f 2162/2162 2203/2203 2252/2252
f 2115/2115 2204/2204 2256/2256
f 2255/2255 2199/2199 2117/2117
f 2253/2253 2208/2208 2116/2116
f 2118/2118 2206/2206 2257/2257
f 2165/2165 2207/2207 2256/2256
f 2165/2165 2256/2256 2204/2204
f 2259/2259 2166/2166 2169/2169
f 2260/2260 2169/2169 2211/2211
f 2166/2166 2259/2259 2212/2212
f 2170/2170 2262/2262 2175/2175
f 2265/2265 2170/2170 2172/2172
f 2267/2267 2172/2172 2213/2213
f 2177/2177 2175/2175 2262/2262
f 2179/2179 2176/2176 2268/2268
f 2181/2181 2178/2178 2271/2271
f 2183/2183 2180/2180 2272/2272
f 2185/2185 2182/2182 2274/2274
f 2209/2209 2184/2184 2277/2277
f 2214/2214 2186/2186 2278/2278
f 2216/2216 2130/2130 2215/2215
f 2219/2219 2131/2131 2217/2217
f 2220/2220 2133/2133 2218/2218
f 2240/2240 2153/2153 2221/2221
f 2187/2187 2222/2222 2279/2279
f 2136/2136 2281/2281 2223/2223
f 2281/2281 2224/2224 2189/2189
f 2224/2224 2281/2281 2136/2136
f 2188/2188 2191/2191 2282/2282
f 2284/2284 2190/2190 2225/2225
f 2141/2141 2227/2227 2226/2226
f 2142/2142 2229/2229 2228/2228
f 2145/2145 2231/2231 2230/2230
f 2147/2147 2233/2233 2232/2232
f 2149/2149 2236/2236 2234/2234
f 2151/2151 2237/2237 2235/2235
f 2154/2154 2242/2242 2238/2238
f 2286/2286 2192/2192 2239/2239
f 2192/2192 2286/2286 2210/2210
f 2194/2194 2289/2289 2241/2241
f 2249/2249 2244/2244 2161/2161
f 2197/2197 2243/2243 2246/2246
f 2158/2158 2246/2246 2290/2290
f 2247/2247 2158/2158 2290/2290
f 2289/2289 2194/2194 2247/2247
f 2252/2252 2250/2250 2162/2162
f 2276/2276 2200/2200 2199/2199
f 2292/2292 2202/2202 2200/2200
f 2294/2294 2251/2251 2202/2202
f 2199/2199 2255/2255 2276/2276
f 2209/2209 2277/2277 2254/2254
f 2169/2169 2260/2260 2259/2259
f 2211/2211 2296/2296 2260/2260
f 2299/2299 2213/2213 2258/2258
f 2262/2262 2170/2170 2300/2300
f 2170/2170 2265/2265 2300/2300
f 2172/2172 2267/2267 2265/2265
f 2213/2213 2299/2299 2267/2267
f 2263/2263 2268/2268 2176/2176
f 2269/2269 2271/2271 2178/2178
f 2270/2270 2272/2272 2180/2180
f 2273/2273 2274/2274 2182/2182
f 2275/2275 2277/2277 2184/2184
f 2223/2223 2281/2281 2302/2302
f 2282/2282 2280/2280 2188/2188
f 2190/2190 2284/2284 2283/2283
f 2226/2226 2303/2303 2285/2285
f 2303/2303 2226/2226 2227/2227
f 2305/2305 2228/2228 2229/2229
f 2307/2307 2230/2230 2231/2231
f 2310/2310 2232/2232 2233/2233
f 2312/2312 2234/2234 2236/2236
f 2314/2314 2235/2235 2237/2237
f 2315/2315 2238/2238 2242/2242
f 2296/2296 2211/2211 2287/2287
f 2318/2318 2241/2241 2289/2289
f 2244/2244 2249/2249 2319/2319
f 2319/2319 2245/2245 2244/2244
f 2321/2321 2291/2291 2245/2245
f 2291/2291 2324/2324 2248/2248
f 2248/2248 2325/2325 2288/2288
f 2250/2250 2252/2252 2328/2328
f 2200/2200 2276/2276 2292/2292
f 2202/2202 2292/2292 2294/2294
f 2251/2251 2294/2294 2330/2330
f 2331/2331 2258/2258 2261/2261
f 2334/2334 2261/2261 2297/2297
f 2258/2258 2331/2331 2299/2299
f 2301/2301 2336/2336 2263/2263
f 2264/2264 2337/2337 2301/2301
f 2340/2340 2264/2264 2266/2266
f 2342/2342 2266/2266 2298/2298
f 2268/2268 2263/2263 2336/2336
f 2271/2271 2269/2269 2343/2343
f 2272/2272 2270/2270 2345/2345
f 2274/2274 2273/2273 2348/2348
f 2277/2277 2275/2275 2293/2293
f 2280/2280 2282/2282 2350/2350
f 2352/2352 2283/2283 2284/2284
f 2353/2353 2285/2285 2303/2303
f 2228/2228 2305/2305 2304/2304
f 2230/2230 2307/2307 2306/2306
f 2232/2232 2310/2310 2308/2308
f 2234/2234 2312/2312 2309/2309
f 2235/2235 2314/2314 2311/2311
f 2238/2238 2315/2315 2313/2313
f 2241/2241 2318/2318 2316/2316
f 2288/2288 2355/2355 2317/2317
f 2328/2328 2320/2320 2250/2250
f 2245/2245 2319/2319 2321/2321
f 2291/2291 2321/2321 2357/2357
f 2324/2324 2291/2291 2357/2357
f 2325/2325 2248/2248 2324/2324
f 2355/2355 2288/2288 2325/2325
f 2330/2330 2327/2327 2251/2251
f 2293/2293 2347/2347 2295/2295
f 2295/2295 2359/2359 2329/2329
f 2261/2261 2334/2334 2331/2331
f 2362/2362 2298/2298 2332/2332
f 2336/2336 2301/2301 2337/2337
f 2337/2337 2264/2264 2363/2363
f 2264/2264 2340/2340 2363/2363
f 2266/2266 2342/2342 2340/2340
f 2298/2298 2362/2362 2342/2342
f 2335/2335 2343/2343 2269/2269
f 2344/2344 2345/2345 2270/2270
f 2346/2346 2348/2348 2273/2273
f 2347/2347 2293/2293 2275/2275
f 2283/2283 2352/2352 2349/2349
f 2285/2285 2353/2353 2351/2351
f 2304/2304 2366/2366 2354/2354
f 2366/2366 2304/2304 2305/2305
f 2367/2367 2306/2306 2307/2307
f 2369/2369 2308/2308 2310/2310
f 2371/2371 2309/2309 2312/2312
f 2373/2373 2311/2311 2314/2314
f 2376/2376 2313/2313 2315/2315
f 2378/2378 2316/2316 2318/2318
f 2379/2379 2317/2317 2355/2355
f 2320/2320 2328/2328 2382/2382
f 2382/2382 2322/2322 2320/2320
f 2384/2384 2358/2358 2322/2322
f 2358/2358 2386/2386 2323/2323
f 2323/2323 2387/2387 2326/2326
f 2326/2326 2390/2390 2356/2356
f 2327/2327 2330/2330 2391/2391
f 2359/2359 2295/2295 2347/2347
f 2394/2394 2329/2329 2359/2359
f 2396/2396 2332/2332 2333/2333
f 2332/2332 2396/2396 2362/2362
f 2338/2338 2397/2397 2335/2335
f 2364/2364 2399/2399 2338/2338
f 2402/2402 2364/2364 2339/2339
f 2403/2403 2339/2339 2341/2341
f 2405/2405 2341/2341 2361/2361
f 2343/2343 2335/2335 2397/2397
f 2345/2345 2344/2344 2408/2408
f 2348/2348 2346/2346 2360/2360
f 2306/2306 2367/2367 2365/2365
f 2308/2308 2369/2369 2368/2368
f 2309/2309 2371/2371 2370/2370
f 2311/2311 2373/2373 2372/2372
f 2313/2313 2376/2376 2374/2374
f 2316/2316 2378/2378 2375/2375
f 2317/2317 2379/2379 2377/2377
f 2356/2356 2409/2409 2380/2380
f 2391/2391 2381/2381 2327/2327
f 2322/2322 2382/2382 2384/2384
f 2358/2358 2384/2384 2412/2412
f 2386/2386 2358/2358 2412/2412
f 2387/2387 2323/2323 2386/2386
f 2390/2390 2326/2326 2387/2387
f 2409/2409 2356/2356 2390/2390
f 2329/2329 2394/2394 2392/2392
f 2360/2360 2407/2407 2393/2393
f 2414/2414 2361/2361 2395/2395
f 2397/2397 2338/2338 2399/2399
f 2399/2399 2364/2364 2415/2415
f 2364/2364 2402/2402 2415/2415
f 2339/2339 2403/2403 2402/2402
f 2341/2341 2405/2405 2403/2403
f 2361/2361 2414/2414 2405/2405
f 2398/2398 2408/2408 2344/2344
f 2407/2407 2360/2360 2346/2346
f 2381/2381 2391/2391 2418/2418
f 2418/2418 2383/2383 2381/2381
f 2420/2420 2411/2411 2383/2383
f 2411/2411 2422/2422 2385/2385
f 2385/2385 2423/2423 2388/2388
f 2388/2388 2426/2426 2389/2389
f 2389/2389 2427/2427 2410/2410
f 2430/2430 2392/2392 2394/2394
f 2432/2432 2393/2393 2407/2407
f 2400/2400 2431/2431 2398/2398
f 2416/2416 2434/2434 2400/2400
f 2436/2436 2416/2416 2401/2401
f 2437/2437 2401/2401 2404/2404
f 2439/2439 2404/2404 2406/2406
f 2442/2442 2406/2406 2413/2413
f 2408/2408 2398/2398 2431/2431
f 2392/2392 2430/2430 2417/2417
f 2383/2383 2418/2418 2420/2420
f 2411/2411 2420/2420 2443/2443
f 2422/2422 2411/2411 2443/2443
f 2423/2423 2385/2385 2422/2422
f 2426/2426 2388/2388 2423/2423
f 1954/1954 2389/2389 2426/2426
f 2427/2427 2389/2389 1954/1954
f 2393/2393 2432/2432 2429/2429
f 2431/2431 2400/2400 2434/2434
f 2434/2434 2416/2416 2445/2445
f 2416/2416 2436/2436 2445/2445
f 2401/2401 2437/2437 2436/2436
f 2404/2404 2439/2439 2437/2437
f 2406/2406 2442/2442 2439/2439
f 2447/2447 2417/2417 2430/2430
f 2417/2417 2447/2447 2419/2419
f 2419/2419 2450/2450 2444/2444
f 2450/2450 2421/2421 2444/2444
f 2452/2452 2424/2424 2421/2421
f 2453/2453 2425/2425 2424/2424
f 2455/2455 1955/1955 2425/2425
f 2455/2455 2428/2428 1955/1955
f 2433/2433 2429/2429 2432/2432
f 2446/2446 2448/2448 2433/2433
f 2451/2451 2446/2446 2435/2435
f 2454/2454 2435/2435 2438/2438
f 2456/2456 2438/2438 2440/2440
f 2458/2458 2440/2440 2441/2441
f 2429/2429 2433/2433 2448/2448
f 2450/2450 2419/2419 2447/2447
f 2421/2421 2450/2450 2452/2452
f 2424/2424 2452/2452 2453/2453
f 2425/2425 2453/2453 2455/2455
f 2428/2428 2455/2455 2457/2457
f 2448/2448 2446/2446 2449/2449
f 2446/2446 2451/2451 2449/2449
f 2435/2435 2454/2454 2451/2451
f 2438/2438 2456/2456 2454/2454
f 2440/2440 2458/2458 2456/2456
f 2460/2460 2469/2469 2463/2463
f 2462/2462 2470/2470 2461/2461
f 2461/2461 2470/2470 2464/2464
f 2465/2465 2474/2474 2459/2459
f 2469/2469 2460/2460 2473/2473
f 2470/2470 2462/2462 2468/2468
f 2477/2477 2464/2464 2470/2470
f 2474/2474 2465/2465 2479/2479
f 2483/2483 2467/2467 2476/2476
f 2467/2467 2483/2483 2472/2472
f 2478/2478 2475/2475 2471/2471
f 2486/2486 2464/2464 2477/2477
f 2481/2481 2487/2487 2466/2466
f 2488/2488 2479/2479 2465/2465
f 2475/2475 2478/2478 2484/2484
f 2464/2464 2486/2486 2482/2482
f 2479/2479 2488/2488 2480/2480
f 2487/2487 2481/2481 2485/2485
f 2491/2491 2496/2496 2492/2492
f 2496/2496 2491/2491 2505/2505
f 2498/2498 2509/2509 2493/2493
f 2509/2509 2499/2499 2493/2493
f 2501/2501 2513/2513 2489/2489
f 2517/2517 2501/2501 2494/2494
f 2502/2502 2518/2518 2495/2495
f 2505/2505 2491/2491 2522/2522
f 2516/2516 2497/2497 2506/2506
f 2509/2509 2498/2498 2523/2523
f 2490/2490 2526/2526 2511/2511
f 2499/2499 2509/2509 2530/2530
f 2513/2513 2501/2501 2532/2532
f 2526/2526 2490/2490 2512/2512
f 2532/2532 2501/2501 2517/2517
f 2519/2519 2522/2522 2491/2491
f 2518/2518 2502/2502 2536/2536
f 2520/2520 2515/2515 2504/2504
f 2497/2497 2516/2516 2528/2528
f 2537/2537 2525/2525 2497/2497
f 2524/2524 2539/2539 2507/2507
f 2531/2531 2519/2519 2500/2500
f 2527/2527 2541/2541 2510/2510
f 2540/2540 2529/2529 2508/2508
f 2528/2528 2516/2516 2514/2514
f 2519/2519 2531/2531 2522/2522
f 2515/2515 2520/2520 2534/2534
f 2503/2503 2542/2542 2535/2535
f 2497/2497 2528/2528 2537/2537
f 2539/2539 2524/2524 2538/2538
f 2541/2541 2527/2527 2542/2542
f 2529/2529 2540/2540 2521/2521
f 2541/2541 2542/2542 2503/2503
f 2533/2533 2544/2544 2543/2543
f 2521/2521 2544/2544 2533/2533
f 2521/2521 2540/2540 2544/2544
f 2545/2545 2553/2553 2561/2561
f 2553/2553 2545/2545 2567/2567
f 2562/2562 2554/2554 2546/2546
f 2565/2565 2546/2546 2554/2554
f 2560/2560 2568/2568 2552/2552
f 2573/2573 2551/2551 2559/2559
f 2558/2558 2548/2548 2571/2571
f 2567/2567 2545/2545 2579/2579
f 2580/2580 2546/2546 2565/2565
f 2581/2581 2556/2556 2566/2566
f 2564/2564 2555/2555 2583/2583
f 2588/2588 2552/2552 2568/2568
f 2557/2557 2589/2589 2569/2569
f 2551/2551 2573/2573 2593/2593
f 2596/2596 2571/2571 2548/2548
f 2557/2557 2575/2575 2589/2589
f 2545/2545 2601/2601 2579/2579
f 2577/2577 2604/2604 2550/2550
f 2563/2563 2606/2606 2578/2578
f 2567/2567 2579/2579 2610/2610
f 2556/2556 2581/2581 2613/2613
f 2612/2612 2583/2583 2555/2555
f 2582/2582 2606/2606 2563/2563
f 2566/2566 2609/2609 2581/2581
f 2618/2618 2552/2552 2588/2588
f 2586/2586 2570/2570 2607/2607
f 2620/2620 2569/2569 2589/2589
f 2614/2614 2595/2595 2574/2574
f 2572/2572 2594/2594 2611/2611
f 2597/2597 2623/2623 2547/2547
f 2549/2549 2625/2625 2598/2598
f 2629/2629 2589/2589 2575/2575
f 2633/2633 2579/2579 2601/2601
f 2599/2599 2547/2547 2623/2623
f 2626/2626 2550/2550 2604/2604
f 2603/2603 2578/2578 2606/2606
f 2610/2610 2579/2579 2633/2633
f 2595/2595 2614/2614 2584/2584
f 2585/2585 2611/2611 2594/2594
f 2552/2552 2618/2618 2615/2615
f 2606/2606 2582/2582 2636/2636
f 2638/2638 2581/2581 2609/2609
f 2587/2587 2605/2605 2616/2616
f 2627/2627 2607/2607 2570/2570
f 2570/2570 2619/2619 2641/2641
f 2591/2591 2645/2645 2621/2621
f 2576/2576 2615/2615 2628/2628
f 2595/2595 2648/2648 2624/2624
f 2640/2640 2598/2598 2625/2625
f 2590/2590 2630/2630 2643/2643
f 2632/2632 2600/2600 2652/2652
f 2622/2622 2652/2652 2600/2600
f 2602/2602 2607/2607 2627/2627
f 2608/2608 2631/2631 2639/2639
f 2595/2595 2584/2584 2648/2648
f 2646/2646 2585/2585 2594/2594
f 2618/2618 2628/2628 2615/2615
f 2636/2636 2582/2582 2653/2653
f 2635/2635 2616/2616 2605/2605
f 2637/2637 2650/2650 2584/2584
f 2641/2641 2627/2627 2570/2570
f 2642/2642 2621/2621 2645/2645
f 2650/2650 2624/2624 2648/2648
f 2592/2592 2656/2656 2649/2649
f 2598/2598 2640/2640 2658/2658
f 2617/2617 2643/2643 2630/2630
f 2651/2651 2639/2639 2631/2631
f 2647/2647 2653/2653 2582/2582
f 2584/2584 2650/2650 2648/2648
f 2654/2654 2657/2657 2634/2634
f 2634/2634 2657/2657 2617/2617
f 2644/2644 2658/2658 2640/2640
f 2655/2655 2649/2649 2656/2656
f 2657/2657 2643/2643 2617/2617
f 2666/2666 2664/2664 2660/2660
f 2669/2669 2660/2660 2664/2664
f 2665/2665 2671/2671 2663/2663
f 2667/2667 2662/2662 2672/2672
f 2676/2676 2660/2660 2669/2669
f 2663/2663 2678/2678 2668/2668
f 2680/2680 2663/2663 2671/2671
f 2681/2681 2672/2672 2662/2662
f 2659/2659 2685/2685 2677/2677
f 2674/2674 2687/2687 2661/2661
f 2670/2670 2691/2691 2675/2675
f 2693/2693 2668/2668 2678/2678
f 2678/2678 2663/2663 2680/2680
f 2673/2673 2696/2696 2679/2679
f 2682/2682 2696/2696 2673/2673
f 2697/2697 2659/2659 2683/2683
f 2684/2684 2661/2661 2698/2698
f 2685/2685 2659/2659 2699/2699
f 2702/2702 2661/2661 2687/2687
f 2677/2677 2685/2685 2704/2704
f 2705/2705 2687/2687 2674/2674
f 2691/2691 2708/2708 2675/2675
f 2689/2689 2668/2668 2693/2693
f 2678/2678 2709/2709 2693/2693
f 2709/2709 2678/2678 2680/2680
f 2711/2711 2679/2679 2696/2696
f 2659/2659 2697/2697 2699/2699
f 2702/2702 2698/2698 2661/2661
f 2715/2715 2700/2700 2688/2688
f 2686/2686 2703/2703 2714/2714
f 2675/2675 2716/2716 2706/2706
f 2708/2708 2718/2718 2675/2675
f 2707/2707 2690/2690 2720/2720
f 2694/2694 2720/2720 2690/2690
f 2723/2723 2693/2693 2709/2709
f 2709/2709 2680/2680 2723/2723
f 2710/2710 2723/2723 2680/2680
f 2712/2712 2695/2695 2726/2726
f 2699/2699 2697/2697 2728/2728
f 2731/2731 2698/2698 2702/2702
f 2700/2700 2715/2715 2732/2732
f 2737/2737 2714/2714 2703/2703
f 2736/2736 2706/2706 2716/2716
f 2738/2738 2716/2716 2675/2675
f 2718/2718 2741/2741 2675/2675
f 2719/2719 2707/2707 2743/2743
f 2720/2720 2743/2743 2707/2707
f 2721/2721 2692/2692 2744/2744
f 2722/2722 2747/2747 2692/2692
f 2725/2725 2723/2723 2710/2710
f 2730/2730 2726/2726 2695/2695
f 2729/2729 2701/2701 2751/2751
f 2715/2715 2754/2754 2732/2732
f 2734/2734 2751/2751 2701/2701
f 2713/2713 2735/2735 2753/2753
f 2717/2717 2753/2753 2735/2735
f 2739/2739 2755/2755 2717/2717
f 2757/2757 2738/2738 2675/2675
f 2741/2741 2760/2760 2675/2675
f 2740/2740 2719/2719 2762/2762
f 2743/2743 2762/2762 2719/2719
f 2742/2742 2721/2721 2765/2765
f 2744/2744 2692/2692 2768/2768
f 2770/2770 2721/2721 2744/2744
f 2774/2774 2692/2692 2747/2747
f 2749/2749 2724/2724 2775/2775
f 2727/2727 2775/2775 2724/2724
f 2776/2776 2726/2726 2730/2730
f 2752/2752 2779/2779 2730/2730
f 2754/2754 2756/2756 2732/2732
f 2750/2750 2733/2733 2778/2778
f 2753/2753 2717/2717 2755/2755
f 2755/2755 2739/2739 2781/2781
f 2758/2758 2781/2781 2739/2739
f 2783/2783 2757/2757 2675/2675
f 2760/2760 2786/2786 2675/2675
f 2759/2759 2740/2740 2787/2787
f 2762/2762 2787/2787 2740/2740
f 2761/2761 2742/2742 2789/2789
f 2765/2765 2721/2721 2770/2770
f 2793/2793 2742/2742 2765/2765
f 2768/2768 2692/2692 2774/2774
f 2746/2746 2766/2766 2795/2795
f 2771/2771 2745/2745 2800/2800
f 2772/2772 2748/2748 2801/2801
f 2777/2777 2801/2801 2748/2748
f 2803/2803 2776/2776 2730/2730
f 2779/2779 2806/2806 2730/2730
f 2756/2756 2782/2782 2732/2732
f 2809/2809 2778/2778 2733/2733
f 2781/2781 2758/2758 2811/2811
f 2784/2784 2811/2811 2758/2758
f 2813/2813 2783/2783 2675/2675
f 2786/2786 2815/2815 2675/2675
f 2785/2785 2759/2759 2816/2816
f 2787/2787 2816/2816 2759/2759
f 2788/2788 2761/2761 2820/2820
f 2789/2789 2742/2742 2793/2793
f 2820/2820 2761/2761 2789/2789
f 2763/2763 2769/2769 2823/2823
f 2792/2792 2764/2764 2825/2825
f 2767/2767 2773/2773 2827/2827
f 2829/2829 2795/2795 2766/2766
f 2796/2796 2800/2800 2745/2745
f 2798/2798 2823/2823 2769/2769
f 2802/2802 2827/2827 2773/2773
f 2828/2828 2803/2803 2730/2730
f 2806/2806 2831/2831 2730/2730
f 2780/2780 2808/2808 2804/2804
f 2782/2782 2810/2810 2732/2732
f 2732/2732 2833/2833 2807/2807
f 2784/2784 2812/2812 2811/2811
f 2815/2815 2813/2813 2675/2675
f 2814/2814 2785/2785 2835/2835
f 2816/2816 2835/2835 2785/2785
f 2817/2817 2788/2788 2839/2839
f 2839/2839 2788/2788 2820/2820
f 2790/2790 2794/2794 2841/2841
f 2791/2791 2840/2840 2819/2819
f 2821/2821 2825/2825 2764/2764
f 2826/2826 2841/2841 2794/2794
f 2797/2797 2828/2828 2730/2730
f 2799/2799 2797/2797 2730/2730
f 2822/2822 2799/2799 2730/2730
f 2831/2831 2842/2842 2730/2730
f 2805/2805 2837/2837 2832/2832
f 2838/2838 2804/2804 2808/2808
f 2810/2810 2833/2833 2732/2732
f 2833/2833 2836/2836 2807/2807
f 2834/2834 2811/2811 2812/2812
f 2812/2812 2814/2814 2834/2834
f 2835/2835 2834/2834 2814/2814
f 2836/2836 2817/2817 2807/2807
f 2807/2807 2817/2817 2839/2839
f 2818/2818 2832/2832 2837/2837
f 2830/2830 2819/2819 2840/2840
f 2824/2824 2822/2822 2730/2730
f 2842/2842 2824/2824 2730/2730
f 2843/2843 2845/2845 2847/2847
f 2845/2845 2843/2843 2850/2850
f 2846/2846 2854/2854 2849/2849
f 2853/2853 2844/2844 2848/2848
f 2850/2850 2843/2843 2856/2856
f 2852/2852 2858/2858 2846/2846
f 2854/2854 2846/2846 2860/2860
f 2844/2844 2853/2853 2862/2862
f 2857/2857 2867/2867 2851/2851
f 2858/2858 2852/2852 2869/2869
f 2860/2860 2846/2846 2858/2858
f 2859/2859 2871/2871 2855/2855
f 2855/2855 2871/2871 2861/2861
f 2857/2857 2877/2877 2867/2867
f 2869/2869 2852/2852 2865/2865
f 2869/2869 2879/2879 2858/2858
f 2860/2860 2858/2858 2879/2879
f 2871/2871 2859/2859 2880/2880
f 2864/2864 2874/2874 2884/2884
f 2883/2883 2875/2875 2863/2863
f 2876/2876 2887/2887 2857/2857
f 2857/2857 2888/2888 2877/2877
f 2890/2890 2866/2866 2878/2878
f 2866/2866 2890/2890 2868/2868
f 2879/2879 2869/2869 2893/2893
f 2893/2893 2860/2860 2879/2879
f 2860/2860 2893/2893 2882/2882
f 2896/2896 2872/2872 2881/2881
f 2901/2901 2884/2884 2874/2874
f 2875/2875 2883/2883 2905/2905
f 2887/2887 2876/2876 2904/2904
f 2857/2857 2887/2887 2906/2906
f 2857/2857 2909/2909 2888/2888
f 2911/2911 2878/2878 2889/2889
f 2878/2878 2911/2911 2890/2890
f 2912/2912 2870/2870 2891/2891
f 2870/2870 2916/2916 2894/2894
f 2882/2882 2893/2893 2897/2897
f 2872/2872 2896/2896 2898/2898
f 2919/2919 2873/2873 2899/2899
f 2901/2901 2922/2922 2884/2884
f 2873/2873 2919/2919 2902/2902
f 2921/2921 2903/2903 2885/2885
f 2903/2903 2921/2921 2886/2886
f 2886/2886 2923/2923 2907/2907
f 2857/2857 2906/2906 2926/2926
f 2857/2857 2927/2927 2909/2909
f 2930/2930 2889/2889 2908/2908
f 2889/2889 2930/2930 2911/2911
f 2933/2933 2891/2891 2910/2910
f 2936/2936 2870/2870 2912/2912
f 2912/2912 2891/2891 2939/2939
f 2916/2916 2870/2870 2940/2940
f 2944/2944 2892/2892 2917/2917
f 2892/2892 2944/2944 2895/2895
f 2898/2898 2896/2896 2943/2943
f 2898/2898 2946/2946 2920/2920
f 2901/2901 2924/2924 2922/2922
f 2948/2948 2900/2900 2918/2918
f 2923/2923 2886/2886 2921/2921
f 2950/2950 2907/2907 2923/2923
f 2907/2907 2950/2950 2925/2925
f 2857/2857 2926/2926 2951/2951
f 2857/2857 2953/2953 2927/2927
f 2956/2956 2908/2908 2928/2928
f 2908/2908 2956/2956 2930/2930
f 2959/2959 2910/2910 2929/2929
f 2939/2939 2891/2891 2933/2933
f 2933/2933 2910/2910 2961/2961
f 2940/2940 2870/2870 2936/2936
f 2963/2963 2934/2934 2913/2913
f 2966/2966 2914/2914 2937/2937
f 2969/2969 2915/2915 2942/2942
f 2915/2915 2969/2969 2945/2945
f 2898/2898 2943/2943 2971/2971
f 2898/2898 2973/2973 2946/2946
f 2901/2901 2949/2949 2924/2924
f 2900/2900 2948/2948 2976/2976
f 2979/2979 2925/2925 2950/2950
f 2925/2925 2979/2979 2952/2952
f 2857/2857 2951/2951 2980/2980
f 2857/2857 2982/2982 2953/2953
f 2984/2984 2928/2928 2954/2954
f 2928/2928 2984/2984 2956/2956
f 2987/2987 2929/2929 2955/2955
f 2961/2961 2910/2910 2959/2959
f 2959/2959 2929/2929 2987/2987
f 2990/2990 2938/2938 2932/2932
f 2994/2994 2931/2931 2962/2962
f 2996/2996 2941/2941 2935/2935
f 2934/2934 2963/2963 2997/2997
f 2914/2914 2966/2966 2965/2965
f 2938/2938 2990/2990 2967/2967
f 2941/2941 2996/2996 2970/2970
f 2898/2898 2971/2971 2995/2995
f 2898/2898 3000/3000 2973/2973
f 2972/2972 2975/2975 2947/2947
f 2901/2901 2978/2978 2949/2949
f 2977/2977 3002/3002 2901/2901
f 2979/2979 2981/2981 2952/2952
f 2857/2857 2980/2980 2982/2982
f 3004/3004 2954/2954 2983/2983
f 2954/2954 3004/3004 2984/2984
f 3005/3005 2955/2955 2985/2985
f 2987/2987 2955/2955 3005/3005
f 3010/3010 2960/2960 2958/2958
f 2986/2986 3008/3008 2957/2957
f 2931/2931 2994/2994 2989/2989
f 2960/2960 3010/3010 2992/2992
f 2898/2898 2995/2995 2964/2964
f 2898/2898 2964/2964 2968/2968
f 2898/2898 2968/2968 2991/2991
f 2898/2898 3009/3009 3000/3000
f 2998/2998 3007/3007 2974/2974
f 2975/2975 2972/2972 3006/3006
f 2901/2901 3002/3002 2978/2978
f 2977/2977 3003/3003 3002/3002
f 2981/2981 2979/2979 3001/3001
f 3001/3001 2983/2983 2981/2981
f 2983/2983 3001/3001 3004/3004
f 2977/2977 2985/2985 3003/3003
f 3005/3005 2985/2985 2977/2977
f 3007/3007 2998/2998 2988/2988
f 3008/3008 2986/2986 2999/2999
f 2898/2898 2991/2991 2993/2993
f 2898/2898 2993/2993 3009/3009

