# https://github.com/mikedh/trimesh
mtllib material.mtl
usemtl material_0
v 0.00180500 0.00056700 -1.04776600
v 0.00180500 0.00056700 -1.04776600
v 0.00180500 0.00056700 -1.04776600
v 0.00180500 0.00056700 -1.04776600
v 0.00221600 -0.00155000 -1.04776600
v 0.00221600 -0.00155000 -1.04776600
v 0.00221600 -0.00155000 -1.04776600
v 0.00221600 -0.00155000 -1.04776600
v 0.00187100 -0.00051800 -1.04776600
v 0.00187100 -0.00051800 -1.04776600
v 0.00187100 -0.00051800 -1.04776600
v 0.00187100 -0.00051800 -1.04776600
v 0.00202200 0.00163300 -1.04776600
v 0.00202200 0.00163300 -1.04776600
v 0.00202200 0.00163300 -1.04776600
v 0.00202200 0.00163300 -1.04776600
v 0.00187100 -0.00051800 -0.15740500
v 0.00187100 -0.00051800 -0.15740500
v 0.00187100 -0.00051800 -0.15740500
v 0.00187100 -0.00051800 -0.15740500
v 0.00180500 0.00056700 -0.15740500
v 0.00180500 0.00056700 -0.15740500
v 0.00180500 0.00056700 -0.15740500
v 0.00180500 0.00056700 -0.15740500
v 0.00202200 0.00163300 -0.15740500
v 0.00202200 0.00163300 -0.15740500
v 0.00202200 0.00163300 -0.15740500
v 0.00202200 0.00163300 -0.15740500
v 0.00281700 -0.00245700 -1.04776600
v 0.00281700 -0.00245700 -1.04776600
v 0.00281700 -0.00245700 -1.04776600
v 0.00281700 -0.00245700 -1.04776600
v 0.00221600 -0.00155000 -0.15740500
v 0.00221600 -0.00155000 -0.15740500
v 0.00221600 -0.00155000 -0.15740500
v 0.00221600 -0.00155000 -0.15740500
v 0.00250700 0.00260600 -0.15740500
v 0.00250700 0.00260600 -0.15740500
v 0.00250700 0.00260600 -0.15740500
v 0.00250700 0.00260600 -0.15740500
v 0.00250700 0.00260600 -1.04776600
v 0.00250700 0.00260600 -1.04776600
v 0.00250700 0.00260600 -1.04776600
v 0.00250700 0.00260600 -1.04776600
v 0.00187100 -0.00051800 0.70182700
v 0.00187100 -0.00051800 0.70182700
v 0.00187100 -0.00051800 0.70182700
v 0.00187100 -0.00051800 0.70182700
v 0.00180500 0.00056700 0.70182700
v 0.00180500 0.00056700 0.70182700
v 0.00180500 0.00056700 0.70182700
v 0.00180500 0.00056700 0.70182700
v 0.00281700 -0.00245700 -0.15740500
v 0.00281700 -0.00245700 -0.15740500
v 0.00281700 -0.00245700 -0.15740500
v 0.00281700 -0.00245700 -0.15740500
v 0.00202200 0.00163300 0.70182700
v 0.00202200 0.00163300 0.70182700
v 0.00202200 0.00163300 0.70182700
v 0.00202200 0.00163300 0.70182700
v 0.00363100 -0.00317700 -0.15740500
v 0.00363100 -0.00317700 -0.15740500
v 0.00363100 -0.00317700 -0.15740500
v 0.00363100 -0.00317700 -0.15740500
v 0.00250700 0.00260600 0.70182700
v 0.00250700 0.00260600 0.70182700
v 0.00250700 0.00260600 0.70182700
v 0.00250700 0.00260600 0.70182700
v 0.00363100 -0.00317700 -1.04776600
v 0.00363100 -0.00317700 -1.04776600
v 0.00363100 -0.00317700 -1.04776600
v 0.00363100 -0.00317700 -1.04776600
v 0.00221600 -0.00155000 0.70182700
v 0.00221600 -0.00155000 0.70182700
v 0.00221600 -0.00155000 0.70182700
v 0.00221600 -0.00155000 0.70182700
v 0.00322800 0.00342100 -1.04776600
v 0.00322800 0.00342100 -1.04776600
v 0.00322800 0.00342100 -1.04776600
v 0.00322800 0.00342100 -1.04776600
v 0.00460500 -0.00366300 -0.15740500
v 0.00460500 -0.00366300 -0.15740500
v 0.00460500 -0.00366300 -0.15740500
v 0.00460500 -0.00366300 -0.15740500
v 0.00322800 0.00342100 -0.15740500
v 0.00322800 0.00342100 -0.15740500
v 0.00322800 0.00342100 -0.15740500
v 0.00322800 0.00342100 -0.15740500
v 0.00281700 -0.00245700 0.70182700
v 0.00281700 -0.00245700 0.70182700
v 0.00281700 -0.00245700 0.70182700
v 0.00281700 -0.00245700 0.70182700
v 0.00363100 -0.00317700 0.70182700
v 0.00363100 -0.00317700 0.70182700
v 0.00363100 -0.00317700 0.70182700
v 0.00363100 -0.00317700 0.70182700
v 0.00460500 -0.00366300 0.70182700
v 0.00460500 -0.00366300 0.70182700
v 0.00460500 -0.00366300 0.70182700
v 0.00460500 -0.00366300 0.70182700
v 0.00322800 0.00342100 0.70182700
v 0.00322800 0.00342100 0.70182700
v 0.00322800 0.00342100 0.70182700
v 0.00322800 0.00342100 0.70182700
v 0.00460500 -0.00366300 -1.04776600
v 0.00460500 -0.00366300 -1.04776600
v 0.00460500 -0.00366300 -1.04776600
v 0.00460500 -0.00366300 -1.04776600
v 0.00413500 0.00402100 -1.04776600
v 0.00413500 0.00402100 -1.04776600
v 0.00413500 0.00402100 -1.04776600
v 0.00413500 0.00402100 -1.04776600
v 0.00567000 -0.00387900 0.70182700
v 0.00567000 -0.00387900 0.70182700
v 0.00567000 -0.00387900 0.70182700
v 0.00567000 -0.00387900 0.70182700
v 0.00567000 -0.00387900 -0.15740500
v 0.00567000 -0.00387900 -0.15740500
v 0.00567000 -0.00387900 -0.15740500
v 0.00567000 -0.00387900 -0.15740500
v 0.00413500 0.00402100 -0.15740500
v 0.00413500 0.00402100 -0.15740500
v 0.00413500 0.00402100 -0.15740500
v 0.00413500 0.00402100 -0.15740500
v 0.00413500 0.00402100 0.70182700
v 0.00413500 0.00402100 0.70182700
v 0.00413500 0.00402100 0.70182700
v 0.00413500 0.00402100 0.70182700
v 0.00567000 -0.00387900 -1.04776600
v 0.00567000 -0.00387900 -1.04776600
v 0.00567000 -0.00387900 -1.04776600
v 0.00567000 -0.00387900 -1.04776600
v 0.00516600 0.00436600 -1.04776600
v 0.00516600 0.00436600 -1.04776600
v 0.00516600 0.00436600 -1.04776600
v 0.00516600 0.00436600 -1.04776600
v 0.00675600 -0.00381300 0.70182700
v 0.00675600 -0.00381300 0.70182700
v 0.00675600 -0.00381300 0.70182700
v 0.00675600 -0.00381300 0.70182700
v 0.00675600 -0.00381300 -0.15740500
v 0.00675600 -0.00381300 -0.15740500
v 0.00675600 -0.00381300 -0.15740500
v 0.00675600 -0.00381300 -0.15740500
v 0.00516600 0.00436600 -0.15740500
v 0.00516600 0.00436600 -0.15740500
v 0.00516600 0.00436600 -0.15740500
v 0.00516600 0.00436600 -0.15740500
v 0.00516600 0.00436600 0.70182700
v 0.00516600 0.00436600 0.70182700
v 0.00516600 0.00436600 0.70182700
v 0.00516600 0.00436600 0.70182700
v 0.00675600 -0.00381300 -1.04776600
v 0.00675600 -0.00381300 -1.04776600
v 0.00675600 -0.00381300 -1.04776600
v 0.00675600 -0.00381300 -1.04776600
v 0.00625100 0.00443200 -1.04776600
v 0.00625100 0.00443200 -1.04776600
v 0.00625100 0.00443200 -1.04776600
v 0.00625100 0.00443200 -1.04776600
v 0.00778700 -0.00346800 0.70182700
v 0.00778700 -0.00346800 0.70182700
v 0.00778700 -0.00346800 0.70182700
v 0.00778700 -0.00346800 0.70182700
v 0.00778700 -0.00346800 -0.15740500
v 0.00778700 -0.00346800 -0.15740500
v 0.00778700 -0.00346800 -0.15740500
v 0.00778700 -0.00346800 -0.15740500
v 0.00625100 0.00443200 -0.15740500
v 0.00625100 0.00443200 -0.15740500
v 0.00625100 0.00443200 -0.15740500
v 0.00625100 0.00443200 -0.15740500
v 0.00625100 0.00443200 0.70182700
v 0.00625100 0.00443200 0.70182700
v 0.00625100 0.00443200 0.70182700
v 0.00625100 0.00443200 0.70182700
v 0.00778700 -0.00346800 -1.04776600
v 0.00778700 -0.00346800 -1.04776600
v 0.00778700 -0.00346800 -1.04776600
v 0.00778700 -0.00346800 -1.04776600
v 0.00731700 0.00421500 -1.04776600
v 0.00731700 0.00421500 -1.04776600
v 0.00731700 0.00421500 -1.04776600
v 0.00731700 0.00421500 -1.04776600
v 0.00869400 -0.00286800 0.70182700
v 0.00869400 -0.00286800 0.70182700
v 0.00869400 -0.00286800 0.70182700
v 0.00869400 -0.00286800 0.70182700
v 0.00869400 -0.00286800 -0.15740500
v 0.00869400 -0.00286800 -0.15740500
v 0.00869400 -0.00286800 -0.15740500
v 0.00869400 -0.00286800 -0.15740500
v 0.00731700 0.00421500 -0.15740500
v 0.00731700 0.00421500 -0.15740500
v 0.00731700 0.00421500 -0.15740500
v 0.00731700 0.00421500 -0.15740500
v 0.00731700 0.00421500 0.70182700
v 0.00731700 0.00421500 0.70182700
v 0.00731700 0.00421500 0.70182700
v 0.00731700 0.00421500 0.70182700
v 0.00869400 -0.00286800 -1.04776600
v 0.00869400 -0.00286800 -1.04776600
v 0.00869400 -0.00286800 -1.04776600
v 0.00869400 -0.00286800 -1.04776600
v 0.00829000 0.00373000 -1.04776600
v 0.00829000 0.00373000 -1.04776600
v 0.00829000 0.00373000 -1.04776600
v 0.00829000 0.00373000 -1.04776600
v 0.00941500 -0.00205300 0.70182700
v 0.00941500 -0.00205300 0.70182700
v 0.00941500 -0.00205300 0.70182700
v 0.00941500 -0.00205300 0.70182700
v 0.00941500 -0.00205300 -0.15740500
v 0.00941500 -0.00205300 -0.15740500
v 0.00941500 -0.00205300 -0.15740500
v 0.00941500 -0.00205300 -0.15740500
v 0.00829000 0.00373000 -0.15740500
v 0.00829000 0.00373000 -0.15740500
v 0.00829000 0.00373000 -0.15740500
v 0.00829000 0.00373000 -0.15740500
v 0.00829000 0.00373000 0.70182700
v 0.00829000 0.00373000 0.70182700
v 0.00829000 0.00373000 0.70182700
v 0.00829000 0.00373000 0.70182700
v 0.00941500 -0.00205300 -1.04776600
v 0.00941500 -0.00205300 -1.04776600
v 0.00941500 -0.00205300 -1.04776600
v 0.00941500 -0.00205300 -1.04776600
v 0.00910500 0.00301000 -0.15740500
v 0.00910500 0.00301000 -0.15740500
v 0.00910500 0.00301000 -0.15740500
v 0.00910500 0.00301000 -0.15740500
v 0.00990000 -0.00108000 -0.15740500
v 0.00990000 -0.00108000 -0.15740500
v 0.00990000 -0.00108000 -0.15740500
v 0.00990000 -0.00108000 -0.15740500
v 0.00910500 0.00301000 0.70182700
v 0.00910500 0.00301000 0.70182700
v 0.00910500 0.00301000 0.70182700
v 0.00910500 0.00301000 0.70182700
v 0.00910500 0.00301000 -1.04776600
v 0.00910500 0.00301000 -1.04776600
v 0.00910500 0.00301000 -1.04776600
v 0.00910500 0.00301000 -1.04776600
v 0.00990000 -0.00108000 -1.04776600
v 0.00990000 -0.00108000 -1.04776600
v 0.00990000 -0.00108000 -1.04776600
v 0.00990000 -0.00108000 -1.04776600
v 0.00990000 -0.00108000 0.70182700
v 0.00990000 -0.00108000 0.70182700
v 0.00990000 -0.00108000 0.70182700
v 0.00990000 -0.00108000 0.70182700
v 0.00970500 0.00210300 -0.15740500
v 0.00970500 0.00210300 -0.15740500
v 0.00970500 0.00210300 -0.15740500
v 0.00970500 0.00210300 -0.15740500
v 0.01011700 -0.00001400 -0.15740500
v 0.01011700 -0.00001400 -0.15740500
v 0.01011700 -0.00001400 -0.15740500
v 0.01011700 -0.00001400 -0.15740500
v 0.00970500 0.00210300 0.70182700
v 0.00970500 0.00210300 0.70182700
v 0.00970500 0.00210300 0.70182700
v 0.00970500 0.00210300 0.70182700
v 0.01011700 -0.00001400 -1.04776600
v 0.01011700 -0.00001400 -1.04776600
v 0.01011700 -0.00001400 -1.04776600
v 0.01011700 -0.00001400 -1.04776600
v 0.01011700 -0.00001400 0.70182700
v 0.01011700 -0.00001400 0.70182700
v 0.01011700 -0.00001400 0.70182700
v 0.01011700 -0.00001400 0.70182700
v 0.00970500 0.00210300 -1.04776600
v 0.00970500 0.00210300 -1.04776600
v 0.00970500 0.00210300 -1.04776600
v 0.00970500 0.00210300 -1.04776600
v 0.01005000 0.00107100 -0.15740500
v 0.01005000 0.00107100 -0.15740500
v 0.01005000 0.00107100 -0.15740500
v 0.01005000 0.00107100 -0.15740500
v 0.01005000 0.00107100 0.70182700
v 0.01005000 0.00107100 0.70182700
v 0.01005000 0.00107100 0.70182700
v 0.01005000 0.00107100 0.70182700
v 0.01005000 0.00107100 -1.04776600
v 0.01005000 0.00107100 -1.04776600
v 0.01005000 0.00107100 -1.04776600
v 0.01005000 0.00107100 -1.04776600
v -0.00871500 0.12169600 0.68918300
v -0.00871500 0.12169600 0.68918300
v -0.01800400 0.12100100 0.68918300
v -0.01800400 0.12100100 0.68918300
v -0.01915200 0.12215500 0.68918300
v -0.01915200 0.12215500 0.68918300
v 0.07638000 0.10273800 0.68918300
v 0.04595700 0.12034000 0.68918300
v 0.07637100 0.10517600 0.68918300
v 0.07637100 0.10517600 0.68918300
v 0.04595700 0.12034000 0.68918300
v 0.07638000 0.10273800 0.68918300
v 0.04265100 0.12106800 0.68918300
v 0.01490200 0.12314100 0.68918300
v 0.01346700 0.12561100 0.68918300
v 0.01346700 0.12561100 0.68918300
v 0.01490200 0.12314100 0.68918300
v 0.04265100 0.12106800 0.68918300
v 0.10161600 0.08102100 0.68918300
v 0.10161600 0.08102100 0.68918300
v 0.10182500 0.08265600 0.68918300
v 0.10182500 0.08265600 0.68918300
v 0.12037100 0.05351200 0.68918300
v 0.12058300 0.05431600 0.68918300
v 0.12058300 0.05431600 0.68918300
v 0.12037100 0.05351200 0.68918300
v 0.13136700 0.02208700 0.68918300
v 0.13136700 0.02208700 0.68918300
v 0.12766400 -0.04382700 0.68918300
v 0.12905500 -0.04210800 0.68918300
v 0.11389000 -0.07252300 0.68918300
v 0.11389000 -0.07252300 0.68918300
v 0.12905500 -0.04210800 0.68918300
v 0.12766400 -0.04382700 0.68918300
v 0.13253700 -0.01807500 0.68918300
v 0.13253700 -0.01807500 0.68918300
v -0.11832900 -0.03001000 0.68918300
v -0.10990400 -0.05910000 0.68918300
v -0.12028500 -0.02916200 0.68918300
v -0.12028500 -0.02916200 0.68918300
v -0.10990400 -0.05910000 0.68918300
v -0.11832900 -0.03001000 0.68918300
v -0.10733300 -0.06143600 0.68918300
v -0.10733300 -0.06143600 0.68918300
v -0.12256500 0.00244300 0.68918300
v -0.12256500 0.00244300 0.68918300
v -0.09212700 -0.08533100 0.68918300
v -0.09212700 -0.08533100 0.68918300
v -0.11462700 0.03590300 0.68918300
v -0.11841900 0.02282100 0.68918300
v -0.11578900 0.03574700 0.68918300
v -0.11578900 0.03574700 0.68918300
v -0.11841900 0.02282100 0.68918300
v -0.11462700 0.03590300 0.68918300
v -0.12081700 0.00319000 0.68918300
v -0.12081700 0.00319000 0.68918300
v -0.08948000 -0.08762200 0.68918300
v -0.08948000 -0.08762200 0.68918300
v -0.10062500 0.06616100 0.68918300
v -0.10062500 0.06616100 0.68918300
v -0.10018100 0.06590000 0.68918300
v -0.10018100 0.06590000 0.68918300
v -0.06626600 0.09945100 0.68918300
v -0.07846400 0.09113500 0.68918300
v -0.07810500 0.09161500 0.68918300
v -0.07810500 0.09161500 0.68918300
v -0.07846400 0.09113500 0.68918300
v -0.06626600 0.09945100 0.68918300
v -0.12276800 0.00349100 0.49986500
v -0.12265300 0.00289700 0.60731800
v -0.12265300 0.00289700 0.49986500
v -0.12265300 0.00289700 0.49986500
v -0.12265300 0.00289700 0.60731800
v -0.12276800 0.00349100 0.49986500
v -0.12276800 0.00349100 0.60731800
v -0.12276800 0.00349100 0.60731800
v -0.12152000 -0.01383000 0.66363500
v -0.14754900 -0.01317600 0.56819000
v -0.12152000 -0.01383000 0.56819000
v -0.12152000 -0.01383000 0.56819000
v -0.14692700 0.01156500 0.56819000
v -0.12089800 0.01091100 0.56819000
v -0.17357800 -0.01252200 0.66363500
v -0.14754900 -0.01317600 0.56819000
v -0.14692700 0.01156500 0.56819000
v -0.17295700 0.01222000 0.66363500
v -0.12089800 0.01091100 0.56819000
v -0.12089800 0.01091100 0.66363500
v -0.14754900 -0.01317600 0.02606600
v -0.12028500 -0.02916200 0.68918300
v -0.17357800 -0.01252200 0.66363500
v -0.12152000 -0.01383000 0.66363500
v -0.14754900 -0.01317600 0.56819000
v -0.14692700 0.01156500 0.02606600
v -0.14692700 0.01156500 0.56819000
v -0.14692700 0.01156500 0.02606600
v -0.11841900 0.02282100 0.68918300
v -0.12089800 0.01091100 0.66363500
v -0.17295700 0.01222000 0.66363500
v -0.17357800 -0.01252200 -0.00463100
v -0.14754900 -0.01317600 0.02606600
v -0.17339600 -0.00528000 0.66370100
v -0.17357800 -0.01252200 -0.00463100
v -0.17357800 -0.01252200 0.66363500
v -0.12028500 -0.02916200 0.68918300
v -0.17344400 -0.00716200 0.66684500
v -0.17357800 -0.01252200 0.66363500
v -0.17344400 -0.00716200 0.66684500
v -0.17353100 -0.01064000 0.66049100
v -0.14692700 0.01156500 -0.00463100
v -0.17295700 0.01222000 0.66363500
v -0.11859400 0.01587400 0.69243900
v -0.11841900 0.02282100 0.68918300
v -0.17295700 0.01222000 -0.00463100
v -0.17295700 0.01222000 0.66363500
v -0.17313100 0.00527300 0.66689100
v -0.12937900 -0.01363300 0.01882000
v -0.12937900 -0.01363300 0.01882000
v -0.14692700 0.01156500 0.02606600
v -0.14754900 -0.01317600 0.02606600
v -0.12015100 -0.02380200 0.69239300
v -0.12015100 -0.02380200 0.69239300
v -0.12138600 -0.00847100 0.66684500
v -0.17344400 -0.00716200 0.66684500
v -0.17344400 -0.00716200 0.66684500
v -0.12138600 -0.00847100 0.66684500
v -0.12213500 -0.00334000 0.68570200
v -0.17295700 0.01222000 -0.00463100
v -0.12875700 0.01110900 0.01882000
v -0.17313100 0.00527300 0.66689100
v -0.14754900 -0.01317600 -0.00463100
v -0.12875700 0.01110900 0.01882000
v -0.17295700 0.01222000 -0.00463100
v -0.14754900 -0.01317600 -0.00463100
v -0.17357800 -0.01252200 -0.00463100
v -0.17313100 0.00527300 0.66689100
v -0.17344400 -0.00716200 0.66684500
v -0.12213500 -0.00334000 0.68570200
v -0.14692700 0.01156500 -0.00463100
v -0.12875700 0.01110900 0.01882000
v -0.14754900 -0.01317600 -0.00463100
v -0.14692700 0.01156500 -0.00463100
v -0.17313100 0.00527300 0.66689100
v -0.12107300 0.00396400 0.66689100
v -0.11859400 0.01587400 0.69243900
v -0.17317100 0.00367600 0.66348200
v -0.12111300 0.00236800 0.66348200
v -0.12937900 -0.01363300 0.01882000
v -0.12229800 0.00399500 0.66689100
v -0.17313100 0.00527300 0.66689100
v -0.12213500 -0.00334000 0.68570200
v -0.12152000 -0.01383000 0.56819000
v -0.14754900 -0.01317600 0.56819000
v -0.12152000 -0.01383000 0.66363500
v -0.12089800 0.01091100 0.56819000
v -0.14692700 0.01156500 0.56819000
v -0.12152000 -0.01383000 0.56819000
v -0.17357800 -0.01252200 0.66363500
v -0.14754900 -0.01317600 0.56819000
v -0.12089800 0.01091100 0.56819000
v -0.17295700 0.01222000 0.66363500
v -0.14692700 0.01156500 0.56819000
v -0.12089800 0.01091100 0.66363500
v -0.14754900 -0.01317600 0.02606600
v -0.12152000 -0.01383000 0.66363500
v -0.17357800 -0.01252200 0.66363500
v -0.12028500 -0.02916200 0.68918300
v -0.14692700 0.01156500 0.56819000
v -0.14692700 0.01156500 0.02606600
v -0.14754900 -0.01317600 0.56819000
v -0.14692700 0.01156500 0.02606600
v -0.17295700 0.01222000 0.66363500
v -0.12089800 0.01091100 0.66363500
v -0.11841900 0.02282100 0.68918300
v -0.17357800 -0.01252200 -0.00463100
v -0.14754900 -0.01317600 0.02606600
v -0.17357800 -0.01252200 0.66363500
v -0.17357800 -0.01252200 -0.00463100
v -0.17339600 -0.00528000 0.66370100
v -0.17357800 -0.01252200 0.66363500
v -0.17344400 -0.00716200 0.66684500
v -0.12028500 -0.02916200 0.68918300
v -0.17353100 -0.01064000 0.66049100
v -0.17344400 -0.00716200 0.66684500
v -0.14692700 0.01156500 -0.00463100
v -0.11841900 0.02282100 0.68918300
v -0.11859400 0.01587400 0.69243900
v -0.17295700 0.01222000 0.66363500
v -0.17295700 0.01222000 0.66363500
v -0.17295700 0.01222000 -0.00463100
v -0.17313100 0.00527300 0.66689100
v -0.12937900 -0.01363300 0.01882000
v -0.14754900 -0.01317600 0.02606600
v -0.14692700 0.01156500 0.02606600
v -0.12937900 -0.01363300 0.01882000
v -0.12015100 -0.02380200 0.69239300
v -0.17344400 -0.00716200 0.66684500
v -0.12138600 -0.00847100 0.66684500
v -0.12015100 -0.02380200 0.69239300
v -0.12213500 -0.00334000 0.68570200
v -0.12138600 -0.00847100 0.66684500
v -0.17344400 -0.00716200 0.66684500
v -0.17295700 0.01222000 -0.00463100
v -0.12875700 0.01110900 0.01882000
v -0.17313100 0.00527300 0.66689100
v -0.14754900 -0.01317600 -0.00463100
v -0.12875700 0.01110900 0.01882000
v -0.17357800 -0.01252200 -0.00463100
v -0.14754900 -0.01317600 -0.00463100
v -0.17295700 0.01222000 -0.00463100
v -0.12213500 -0.00334000 0.68570200
v -0.17344400 -0.00716200 0.66684500
v -0.17313100 0.00527300 0.66689100
v -0.14692700 0.01156500 -0.00463100
v -0.14692700 0.01156500 -0.00463100
v -0.14754900 -0.01317600 -0.00463100
v -0.12875700 0.01110900 0.01882000
v -0.11859400 0.01587400 0.69243900
v -0.12107300 0.00396400 0.66689100
v -0.17313100 0.00527300 0.66689100
v -0.12111300 0.00236800 0.66348200
v -0.17317100 0.00367600 0.66348200
v -0.12937900 -0.01363300 0.01882000
v -0.12213500 -0.00334000 0.68570200
v -0.17313100 0.00527300 0.66689100
v -0.12229800 0.00399500 0.66689100
v -0.12183400 -0.02456400 -0.56060900
v -0.12028500 -0.02916200 0.68918300
v -0.12390900 0.00935800 -0.56060900
v -0.12265300 0.00289700 0.49986500
v -0.10990400 -0.05910000 0.68918300
v -0.11105000 -0.05679400 -0.56060900
v -0.11713300 0.04266100 -0.56060900
v -0.12390900 0.00935800 -0.56060900
v -0.11841900 0.02282100 0.68918300
v -0.12259000 0.00257300 0.60731800
v -0.12276800 0.00349100 0.49986500
v -0.09212700 -0.08533100 0.68918300
v -0.09229200 -0.08513400 -0.56060900
v -0.12276800 0.00349100 0.49986500
v -0.11578900 0.03574700 0.68918300
v -0.10196900 0.07307600 -0.56060900
v -0.10062500 0.06616100 0.68918300
v -0.12256500 0.00244300 0.68918300
v -0.12265300 0.00289700 0.60731800
v -0.08948000 -0.08762200 0.68918300
v -0.06683900 -0.10765300 -0.56060900
v -0.06683900 -0.10765300 0.68918300
v -0.12265300 0.00289700 0.60731800
v -0.07810500 0.09161500 0.68918300
v -0.07944900 0.09853000 -0.56060900
v -0.12259000 0.00257300 0.66579000
v -0.10733300 -0.06143600 0.68918300
v -0.06321200 -0.03916300 0.74125800
v -0.11832900 -0.03001000 0.68918300
v -0.03642400 -0.12281800 -0.56060900
v -0.12259000 0.00257300 0.66579000
v -0.07846400 0.09113500 0.68918300
v -0.05110900 0.11728700 -0.56060900
v -0.04976500 0.11037300 0.68918300
v -0.12256500 0.00244300 0.68918300
v -0.12276800 0.00349100 0.60731800
v -0.12265300 0.00289700 0.60731800
v -0.12276800 0.00349100 0.66579000
v -0.06994700 -0.01991600 0.74125800
v -0.08948000 -0.08762200 0.68918300
v -0.12081700 0.00319000 0.68918300
v -0.03642400 -0.12281800 0.68918300
v -0.00312000 -0.12959300 -0.56060900
v -0.12259000 0.00257300 0.66579000
v -0.07147000 0.00041800 0.74125800
v -0.11462700 0.03590300 0.68918300
v -0.01888000 0.12807100 -0.56060900
v -0.01915200 0.12215500 0.68918300
v -0.08857800 -0.08894500 0.68918300
v 0.03080100 -0.12751800 -0.56060900
v -0.00312000 -0.12959300 0.68918300
v -0.06767900 0.02045400 0.74125800
v -0.10018100 0.06590000 0.68918300
v -0.05883200 0.03882600 0.74125800
v -0.07846400 0.09113500 0.68918300
v 0.01504200 0.13014600 -0.56060900
v 0.01346700 0.12561100 0.68918300
v -0.05172500 -0.05601100 0.74125800
v 0.06303100 -0.11673500 -0.56060900
v 0.03080100 -0.12751800 0.68918300
v -0.04553000 0.05428200 0.74125800
v 0.04834500 0.12337000 -0.56060900
v 0.04595700 0.12034000 0.68918300
v -0.06683900 -0.10765300 0.68918300
v 0.09137100 -0.09797700 -0.56060900
v 0.06303100 -0.11673500 0.68918300
v -0.05095500 0.10989000 0.68918300
v 0.07876000 0.10820600 -0.56060900
v 0.07637100 0.10517600 0.68918300
v 0.04265100 0.12106800 0.68918300
v -0.06334300 -0.11066200 0.68918300
v 0.11389000 -0.07252300 -0.56060900
v 0.09137100 -0.09797700 0.68918300
v -0.02868200 0.06576900 0.74125800
v 0.10421400 0.08568700 -0.56060900
v -0.03626900 -0.06931200 0.74125800
v 0.12905500 -0.04210800 -0.56060900
v 0.12905500 -0.04210800 0.68918300
v 0.11389000 -0.07252300 0.68918300
v -0.00943500 0.07250400 0.74125800
v 0.10182500 0.08265600 0.68918300
v 0.12297200 0.05734700 -0.56060900
v 0.04265100 0.12106800 0.68918300
v 0.04930700 0.06138900 0.74125800
v 0.07638000 0.10273800 0.68918300
v -0.03334600 -0.12510800 0.68918300
v 0.13344100 -0.01183500 0.68918300
v 0.13583000 -0.00880500 -0.56060900
v 0.11379000 -0.07263600 0.68918300
v -0.04976500 0.11037300 0.68918300
v 0.12058300 0.05431600 0.68918300
v 0.13375500 0.02511700 -0.56060900
v 0.10161600 0.08102100 0.68918300
v 0.06476300 0.04808800 0.74125800
v 0.03093500 0.07023600 0.74125800
v -0.01789700 -0.07816000 0.74125800
v 0.13344100 -0.01183500 0.68918300
v 0.13583000 -0.00880500 -0.56060900
v 0.13136700 0.02208700 0.68918300
v 0.11389000 -0.07252300 0.68918300
v 0.12766400 -0.04382700 0.68918300
v 0.11379000 -0.07263600 0.68918300
v -0.01953000 0.12088600 0.68918300
v 0.07625000 0.03123900 0.74125800
v 0.01367100 0.12337400 0.68918300
v -0.00063300 -0.13129800 0.68918300
v 0.08071700 -0.02837800 0.74125800
v 0.01089900 0.07402800 0.74125800
v 0.12037100 0.05351200 0.68918300
v 0.00213800 -0.08195100 0.74125800
v 0.11321900 -0.07382300 0.68918300
v 0.08450800 -0.00834200 0.74125800
v 0.13136700 0.02208700 0.68918300
v 0.03256700 -0.12881000 0.68918300
v 0.07186900 -0.04675000 0.74125800
v 0.13385400 -0.01111400 0.68918300
v 0.08298400 0.01199200 0.74125800
v 0.02247300 -0.08042700 0.74125800
v 0.09150100 -0.09905900 0.68918300
v 0.06399300 -0.11781400 0.68918300
v 0.05856800 -0.06220600 0.74125800
v 0.04172000 -0.07369200 0.74125800
v -0.12390900 0.00935800 -0.56060900
v -0.12028500 -0.02916200 0.68918300
v -0.12183400 -0.02456400 -0.56060900
v -0.12265300 0.00289700 0.49986500
v -0.10990400 -0.05910000 0.68918300
v -0.11105000 -0.05679400 -0.56060900
v -0.11841900 0.02282100 0.68918300
v -0.12390900 0.00935800 -0.56060900
v -0.11713300 0.04266100 -0.56060900
v -0.12259000 0.00257300 0.60731800
v -0.12276800 0.00349100 0.49986500
v -0.09212700 -0.08533100 0.68918300
v -0.09229200 -0.08513400 -0.56060900
v -0.12276800 0.00349100 0.49986500
v -0.11578900 0.03574700 0.68918300
v -0.10062500 0.06616100 0.68918300
v -0.10196900 0.07307600 -0.56060900
v -0.12256500 0.00244300 0.68918300
v -0.12265300 0.00289700 0.60731800
v -0.08948000 -0.08762200 0.68918300
v -0.06683900 -0.10765300 0.68918300
v -0.06683900 -0.10765300 -0.56060900
v -0.12265300 0.00289700 0.60731800
v -0.07810500 0.09161500 0.68918300
v -0.07944900 0.09853000 -0.56060900
v -0.12259000 0.00257300 0.66579000
v -0.11832900 -0.03001000 0.68918300
v -0.06321200 -0.03916300 0.74125800
v -0.10733300 -0.06143600 0.68918300
v -0.03642400 -0.12281800 -0.56060900
v -0.12259000 0.00257300 0.66579000
v -0.07846400 0.09113500 0.68918300
v -0.04976500 0.11037300 0.68918300
v -0.05110900 0.11728700 -0.56060900
v -0.12256500 0.00244300 0.68918300
v -0.12276800 0.00349100 0.66579000
v -0.12265300 0.00289700 0.60731800
v -0.12276800 0.00349100 0.60731800
v -0.06994700 -0.01991600 0.74125800
v -0.08948000 -0.08762200 0.68918300
v -0.12081700 0.00319000 0.68918300
v -0.03642400 -0.12281800 0.68918300
v -0.00312000 -0.12959300 -0.56060900
v -0.12259000 0.00257300 0.66579000
v -0.11462700 0.03590300 0.68918300
v -0.07147000 0.00041800 0.74125800
v -0.01915200 0.12215500 0.68918300
v -0.01888000 0.12807100 -0.56060900
v -0.08857800 -0.08894500 0.68918300
v -0.00312000 -0.12959300 0.68918300
v 0.03080100 -0.12751800 -0.56060900
v -0.10018100 0.06590000 0.68918300
v -0.06767900 0.02045400 0.74125800
v -0.07846400 0.09113500 0.68918300
v -0.05883200 0.03882600 0.74125800
v 0.01346700 0.12561100 0.68918300
v 0.01504200 0.13014600 -0.56060900
v -0.05172500 -0.05601100 0.74125800
v 0.03080100 -0.12751800 0.68918300
v 0.06303100 -0.11673500 -0.56060900
v -0.04553000 0.05428200 0.74125800
v 0.04595700 0.12034000 0.68918300
v 0.04834500 0.12337000 -0.56060900
v -0.06683900 -0.10765300 0.68918300
v 0.06303100 -0.11673500 0.68918300
v 0.09137100 -0.09797700 -0.56060900
v -0.05095500 0.10989000 0.68918300
v 0.07637100 0.10517600 0.68918300
v 0.07876000 0.10820600 -0.56060900
v 0.04265100 0.12106800 0.68918300
v -0.06334300 -0.11066200 0.68918300
v 0.09137100 -0.09797700 0.68918300
v 0.11389000 -0.07252300 -0.56060900
v -0.02868200 0.06576900 0.74125800
v 0.10421400 0.08568700 -0.56060900
v -0.03626900 -0.06931200 0.74125800
v 0.12905500 -0.04210800 0.68918300
v 0.12905500 -0.04210800 -0.56060900
v 0.11389000 -0.07252300 0.68918300
v -0.00943500 0.07250400 0.74125800
v 0.12297200 0.05734700 -0.56060900
v 0.10182500 0.08265600 0.68918300
v 0.07638000 0.10273800 0.68918300
v 0.04930700 0.06138900 0.74125800
v 0.04265100 0.12106800 0.68918300
v -0.03334600 -0.12510800 0.68918300
v 0.13344100 -0.01183500 0.68918300
v 0.13583000 -0.00880500 -0.56060900
v 0.11379000 -0.07263600 0.68918300
v -0.04976500 0.11037300 0.68918300
v 0.13375500 0.02511700 -0.56060900
v 0.12058300 0.05431600 0.68918300
v 0.06476300 0.04808800 0.74125800
v 0.10161600 0.08102100 0.68918300
v 0.03093500 0.07023600 0.74125800
v -0.01789700 -0.07816000 0.74125800
v 0.13136700 0.02208700 0.68918300
v 0.13583000 -0.00880500 -0.56060900
v 0.13344100 -0.01183500 0.68918300
v 0.11379000 -0.07263600 0.68918300
v 0.12766400 -0.04382700 0.68918300
v 0.11389000 -0.07252300 0.68918300
v -0.01953000 0.12088600 0.68918300
v 0.07625000 0.03123900 0.74125800
v 0.01367100 0.12337400 0.68918300
v -0.00063300 -0.13129800 0.68918300
v 0.08071700 -0.02837800 0.74125800
v 0.01089900 0.07402800 0.74125800
v 0.12037100 0.05351200 0.68918300
v 0.00213800 -0.08195100 0.74125800
v 0.11321900 -0.07382300 0.68918300
v 0.08450800 -0.00834200 0.74125800
v 0.13136700 0.02208700 0.68918300
v 0.03256700 -0.12881000 0.68918300
v 0.07186900 -0.04675000 0.74125800
v 0.13385400 -0.01111400 0.68918300
v 0.08298400 0.01199200 0.74125800
v 0.02247300 -0.08042700 0.74125800
v 0.09150100 -0.09905900 0.68918300
v 0.06399300 -0.11781400 0.68918300
v 0.05856800 -0.06220600 0.74125800
v 0.04172000 -0.07369200 0.74125800
v -0.06994700 -0.01991600 0.74125800
v -0.06321200 -0.03916300 0.68918300
v -0.06321200 -0.03916300 0.74125800
v -0.06321200 -0.03916300 0.74125800
v -0.06321200 -0.03916300 0.68918300
v -0.06994700 -0.01991600 0.74125800
v -0.06994700 -0.01991600 0.68918300
v -0.06994700 -0.01991600 0.68918300
v -0.05172500 -0.05601100 0.68918300
v -0.05172500 -0.05601100 0.68918300
v -0.07147000 0.00041800 0.74125800
v -0.07147000 0.00041800 0.74125800
v -0.06767900 0.02045400 0.74125800
v -0.07147000 0.00041800 0.68918300
v -0.07147000 0.00041800 0.68918300
v -0.06767900 0.02045400 0.74125800
v -0.07147000 0.00041800 0.68918300
v -0.06321200 -0.03916300 0.68918300
v -0.06994700 -0.01991600 0.68918300
v -0.06994700 -0.01991600 0.68918300
v -0.06321200 -0.03916300 0.68918300
v -0.07147000 0.00041800 0.68918300
v -0.05172500 -0.05601100 0.74125800
v -0.05172500 -0.05601100 0.74125800
v -0.06393400 -0.02270900 0.68918300
v -0.05172500 -0.05601100 0.68918300
v -0.05172500 -0.05601100 0.68918300
v -0.06393400 -0.02270900 0.68918300
v -0.05883200 0.03882600 0.74125800
v -0.06767900 0.02045400 0.68918300
v -0.06767900 0.02045400 0.68918300
v -0.05883200 0.03882600 0.74125800
v -0.04553000 0.05428200 0.68918300
v -0.04553000 0.05428200 0.74125800
v -0.04553000 0.05428200 0.74125800
v -0.04553000 0.05428200 0.68918300
v -0.06638600 -0.00383500 0.68918300
v -0.06638600 -0.00383500 0.68918300
v -0.03626900 -0.06931200 0.68918300
v -0.03626900 -0.06931200 0.68918300
v -0.05668200 -0.04030500 0.68918300
v -0.05668200 -0.04030500 0.68918300
v -0.05883200 0.03882600 0.68918300
v -0.05883200 0.03882600 0.68918300
v -0.06767900 0.02045400 0.68918300
v -0.06767900 0.02045400 0.68918300
v -0.02868200 0.06576900 0.68918300
v -0.02868200 0.06576900 0.68918300
v -0.03626900 -0.06931200 0.74125800
v -0.03626900 -0.06931200 0.74125800
v -0.04512200 -0.05542300 0.68918300
v -0.03626900 -0.06931200 0.68918300
v -0.03626900 -0.06931200 0.68918300
v -0.04512200 -0.05542300 0.68918300
v -0.06386900 0.01502900 0.68918300
v -0.05883200 0.03882600 0.68918300
v -0.05883200 0.03882600 0.68918300
v -0.06386900 0.01502900 0.68918300
v -0.02868200 0.06576900 0.74125800
v -0.02868200 0.06576900 0.74125800
v -0.05655500 0.03260000 0.68918300
v -0.04553000 0.05428200 0.68918300
v -0.04553000 0.05428200 0.68918300
v -0.05655500 0.03260000 0.68918300
v -0.02982400 0.05923900 0.68918300
v -0.02868200 0.06576900 0.68918300
v -0.02868200 0.06576900 0.68918300
v -0.02982400 0.05923900 0.68918300
v -0.01789700 -0.07816000 0.74125800
v -0.01789700 -0.07816000 0.74125800
v -0.03004300 -0.06703600 0.68918300
v -0.03004300 -0.06703600 0.68918300
v -0.00943500 0.07250400 0.68918300
v -0.00943500 0.07250400 0.74125800
v -0.00943500 0.07250400 0.74125800
v -0.00943500 0.07250400 0.68918300
v -0.04494300 0.04767900 0.68918300
v -0.04494300 0.04767900 0.68918300
v -0.01222800 0.06649100 0.68918300
v -0.01222800 0.06649100 0.68918300
v -0.01789700 -0.07816000 0.68918300
v -0.01789700 -0.07816000 0.68918300
v -0.01789700 -0.07816000 0.68918300
v -0.01789700 -0.07816000 0.68918300
v 0.01089900 0.07402800 0.68918300
v 0.01089900 0.07402800 0.68918300
v -0.00943500 0.07250400 0.68918300
v -0.00943500 0.07250400 0.68918300
v 0.06476300 0.04808800 0.74125800
v 0.04930700 0.06138900 0.68918300
v 0.04930700 0.06138900 0.74125800
v 0.04930700 0.06138900 0.74125800
v 0.04930700 0.06138900 0.68918300
v 0.06476300 0.04808800 0.74125800
v 0.03093500 0.07023600 0.74125800
v 0.03093500 0.07023600 0.74125800
v 0.00213800 -0.08195100 0.74125800
v 0.00213800 -0.08195100 0.74125800
v -0.01247200 -0.07434900 0.68918300
v -0.01247200 -0.07434900 0.68918300
v 0.01089900 0.07402800 0.74125800
v 0.01089900 0.07402800 0.74125800
v 0.00664500 0.06894200 0.68918300
v 0.01089900 0.07402800 0.68918300
v 0.01089900 0.07402800 0.68918300
v 0.00664500 0.06894200 0.68918300
v 0.07625000 0.03123900 0.74125800
v 0.06476300 0.04808800 0.68918300
v 0.06476300 0.04808800 0.68918300
v 0.07625000 0.03123900 0.74125800
v 0.03093500 0.07023600 0.68918300
v 0.03093500 0.07023600 0.68918300
v 0.00213800 -0.08195100 0.68918300
v 0.00213800 -0.08195100 0.68918300
v 0.00213800 -0.08195100 0.68918300
v 0.00213800 -0.08195100 0.68918300
v 0.02551000 0.06642600 0.68918300
v 0.02551000 0.06642600 0.68918300
v 0.07625000 0.03123900 0.68918300
v 0.07625000 0.03123900 0.68918300
v 0.05815900 0.04750000 0.68918300
v 0.04930700 0.06138900 0.68918300
v 0.06476300 0.04808800 0.68918300
v 0.06476300 0.04808800 0.68918300
v 0.04930700 0.06138900 0.68918300
v 0.05815900 0.04750000 0.68918300
v 0.04308000 0.05911200 0.68918300
v 0.03093500 0.07023600 0.68918300
v 0.03093500 0.07023600 0.68918300
v 0.04308000 0.05911200 0.68918300
v 0.02247300 -0.08042700 0.74125800
v 0.02247300 -0.08042700 0.74125800
v 0.00639200 -0.07686600 0.68918300
v 0.00639200 -0.07686600 0.68918300
v 0.08071700 -0.02837800 0.74125800
v 0.08450800 -0.00834200 0.68918300
v 0.08450800 -0.00834200 0.74125800
v 0.08450800 -0.00834200 0.74125800
v 0.08450800 -0.00834200 0.68918300
v 0.08071700 -0.02837800 0.74125800
v 0.08298400 0.01199200 0.74125800
v 0.08298400 0.01199200 0.74125800
v 0.06971900 0.03238100 0.68918300
v 0.07625000 0.03123900 0.68918300
v 0.07625000 0.03123900 0.68918300
v 0.06971900 0.03238100 0.68918300
v 0.02247300 -0.08042700 0.68918300
v 0.02247300 -0.08042700 0.68918300
v 0.02247300 -0.08042700 0.68918300
v 0.02247300 -0.08042700 0.68918300
v 0.07186900 -0.04675000 0.74125800
v 0.08071700 -0.02837800 0.68918300
v 0.08071700 -0.02837800 0.68918300
v 0.07186900 -0.04675000 0.74125800
v 0.08298400 0.01199200 0.68918300
v 0.08298400 0.01199200 0.68918300
v 0.07697200 0.01478500 0.68918300
v 0.07697200 0.01478500 0.68918300
v 0.04172000 -0.07369200 0.74125800
v 0.04172000 -0.07369200 0.74125800
v 0.02526600 -0.07441400 0.68918300
v 0.02526600 -0.07441400 0.68918300
v 0.07186900 -0.04675000 0.68918300
v 0.07186900 -0.04675000 0.68918300
v 0.08071700 -0.02837800 0.68918300
v 0.07942300 -0.00408800 0.68918300
v 0.08450800 -0.00834200 0.68918300
v 0.08450800 -0.00834200 0.68918300
v 0.07942300 -0.00408800 0.68918300
v 0.08071700 -0.02837800 0.68918300
v 0.08298400 0.01199200 0.68918300
v 0.08298400 0.01199200 0.68918300
v 0.04172000 -0.07369200 0.68918300
v 0.04172000 -0.07369200 0.68918300
v 0.04172000 -0.07369200 0.68918300
v 0.04172000 -0.07369200 0.68918300
v 0.05856800 -0.06220600 0.68918300
v 0.05856800 -0.06220600 0.74125800
v 0.05856800 -0.06220600 0.74125800
v 0.05856800 -0.06220600 0.68918300
v 0.07186900 -0.04675000 0.68918300
v 0.07690600 -0.02295300 0.68918300
v 0.07690600 -0.02295300 0.68918300
v 0.07186900 -0.04675000 0.68918300
v 0.04286200 -0.06716200 0.68918300
v 0.04286200 -0.06716200 0.68918300
v 0.05856800 -0.06220600 0.68918300
v 0.05798100 -0.05560300 0.68918300
v 0.05798100 -0.05560300 0.68918300
v 0.05856800 -0.06220600 0.68918300
v 0.06959300 -0.04052300 0.68918300
v 0.06959300 -0.04052300 0.68918300
v 0.00596100 0.00027700 -1.05531800
v -0.12183400 -0.02456400 -0.56060900
v -0.12390900 0.00935800 -0.56060900
v -0.11105000 -0.05679400 -0.56060900
v -0.11713300 0.04266100 -0.56060900
v -0.09229200 -0.08513400 -0.56060900
v -0.10196900 0.07307600 -0.56060900
v -0.06683900 -0.10765300 -0.56060900
v -0.07944900 0.09853000 -0.56060900
v -0.03642400 -0.12281800 -0.56060900
v -0.05110900 0.11728700 -0.56060900
v -0.00312000 -0.12959300 -0.56060900
v -0.01888000 0.12807100 -0.56060900
v 0.03080100 -0.12751800 -0.56060900
v 0.01504200 0.13014600 -0.56060900
v 0.06303100 -0.11673500 -0.56060900
v 0.04834500 0.12337000 -0.56060900
v 0.09137100 -0.09797700 -0.56060900
v 0.07876000 0.10820600 -0.56060900
v 0.11389000 -0.07252300 -0.56060900
v 0.10421400 0.08568700 -0.56060900
v 0.12905500 -0.04210800 -0.56060900
v 0.12297200 0.05734700 -0.56060900
v 0.13583000 -0.00880500 -0.56060900
v 0.13375500 0.02511700 -0.56060900
v -0.12390900 0.00935800 -0.56060900
v -0.12183400 -0.02456400 -0.56060900
v 0.00596100 0.00027700 -1.05531800
v -0.11105000 -0.05679400 -0.56060900
v -0.11713300 0.04266100 -0.56060900
v -0.09229200 -0.08513400 -0.56060900
v -0.10196900 0.07307600 -0.56060900
v -0.06683900 -0.10765300 -0.56060900
v -0.07944900 0.09853000 -0.56060900
v -0.03642400 -0.12281800 -0.56060900
v -0.05110900 0.11728700 -0.56060900
v -0.00312000 -0.12959300 -0.56060900
v -0.01888000 0.12807100 -0.56060900
v 0.03080100 -0.12751800 -0.56060900
v 0.01504200 0.13014600 -0.56060900
v 0.06303100 -0.11673500 -0.56060900
v 0.04834500 0.12337000 -0.56060900
v 0.09137100 -0.09797700 -0.56060900
v 0.07876000 0.10820600 -0.56060900
v 0.11389000 -0.07252300 -0.56060900
v 0.10421400 0.08568700 -0.56060900
v 0.12905500 -0.04210800 -0.56060900
v 0.12297200 0.05734700 -0.56060900
v 0.13583000 -0.00880500 -0.56060900
v 0.13375500 0.02511700 -0.56060900
v -0.12089800 0.01091100 0.56819000
v -0.12152000 -0.01383000 0.66363500
v -0.12152000 -0.01383000 0.56819000
v -0.12133800 -0.00658900 0.66370100
v -0.12152000 -0.01383000 0.56819000
v -0.12152000 -0.01383000 0.66363500
v -0.12089800 0.01091100 0.56819000
v -0.12133800 -0.00658900 0.66370100
v -0.12089800 0.01091100 0.66363500
v -0.12089800 0.01091100 0.66363500
v -0.12089800 0.01091100 0.66363500
v -0.12152000 -0.01383000 0.66363500
v -0.12133800 -0.00658900 0.66370100
v -0.12133800 -0.00658900 0.66370100
v -0.12152000 -0.01383000 0.66363500
v -0.12089800 0.01091100 0.66363500
v -0.17295700 0.01222000 0.66363500
v -0.17295700 0.01222000 0.66363500
v -0.17339600 -0.00528000 0.66370100
v -0.17357800 -0.01252200 0.66363500
v -0.17357800 -0.01252200 0.66363500
v -0.17339600 -0.00528000 0.66370100
v -0.17353100 -0.01064000 0.66049100
v -0.12152000 -0.01383000 0.66363500
v -0.17357800 -0.01252200 0.66363500
v -0.17357800 -0.01252200 0.66363500
v -0.12152000 -0.01383000 0.66363500
v -0.17353100 -0.01064000 0.66049100
v -0.12152000 -0.01383000 0.66363500
v -0.17344400 -0.00716200 0.66684500
v -0.17357800 -0.01252200 0.66363500
v -0.17357800 -0.01252200 0.66363500
v -0.17344400 -0.00716200 0.66684500
v -0.12152000 -0.01383000 0.66363500
v -0.12093800 0.00931500 0.66022700
v -0.17295700 0.01222000 0.66363500
v -0.12089800 0.01091100 0.66363500
v -0.12089800 0.01091100 0.66363500
v -0.17295700 0.01222000 0.66363500
v -0.12093800 0.00931500 0.66022700
v -0.12152000 -0.01383000 0.66363500
v -0.12015100 -0.02380200 0.69239300
v -0.12028500 -0.02916200 0.68918300
v -0.12028500 -0.02916200 0.68918300
v -0.12015100 -0.02380200 0.69239300
v -0.12152000 -0.01383000 0.66363500
v -0.12147300 -0.01194800 0.66049100
v -0.12147300 -0.01194800 0.66049100
v -0.12138600 -0.00847100 0.66684500
v -0.12138600 -0.00847100 0.66684500
v -0.11859400 0.01587400 0.69243900
v -0.12089800 0.01091100 0.66363500
v -0.11841900 0.02282100 0.68918300
v -0.11841900 0.02282100 0.68918300
v -0.12089800 0.01091100 0.66363500
v -0.11859400 0.01587400 0.69243900
v -0.17299700 0.01062400 0.66022700
v -0.17299700 0.01062400 0.66022700
v -0.12107300 0.00396400 0.66689100
v -0.12093800 0.00931500 0.66022700
v -0.12093800 0.00931500 0.66022700
v -0.12107300 0.00396400 0.66689100
v -0.12138600 -0.00847100 0.66684500
v -0.12138600 -0.00847100 0.66684500
v -0.17339600 -0.00528000 0.66370100
v -0.12147300 -0.01194800 0.66049100
v -0.17353100 -0.01064000 0.66049100
v -0.17353100 -0.01064000 0.66049100
v -0.12147300 -0.01194800 0.66049100
v -0.17339600 -0.00528000 0.66370100
v -0.12147300 -0.01194800 0.66049100
v -0.12138600 -0.00847100 0.66684500
v -0.12138600 -0.00847100 0.66684500
v -0.12147300 -0.01194800 0.66049100
v -0.12133800 -0.00658900 0.66370100
v -0.17344400 -0.00716200 0.66684500
v -0.12138600 -0.00847100 0.66684500
v -0.12138600 -0.00847100 0.66684500
v -0.17344400 -0.00716200 0.66684500
v -0.12133800 -0.00658900 0.66370100
v -0.12138600 -0.00847100 0.66684500
v -0.17313100 0.00527300 0.66689100
v -0.17344400 -0.00716200 0.66684500
v -0.17344400 -0.00716200 0.66684500
v -0.17313100 0.00527300 0.66689100
v -0.12138600 -0.00847100 0.66684500
v -0.12107300 0.00396400 0.66689100
v -0.12107300 0.00396400 0.66689100
v -0.12111300 0.00236800 0.66348200
v -0.17299700 0.01062400 0.66022700
v -0.12093800 0.00931500 0.66022700
v -0.12093800 0.00931500 0.66022700
v -0.17299700 0.01062400 0.66022700
v -0.12111300 0.00236800 0.66348200
v -0.12111300 0.00236800 0.66348200
v -0.12111300 0.00236800 0.66348200
v -0.17313100 0.00527300 0.66689100
v -0.17339600 -0.00528000 0.66370100
v -0.17344400 -0.00716200 0.66684500
v -0.17316900 0.00376300 0.66366700
v -0.17316900 0.00376300 0.66366700
v -0.17313100 0.00527300 0.66689100
v -0.17339600 -0.00528000 0.66370100
v -0.12133800 -0.00658900 0.66370100
v -0.12133800 -0.00658900 0.66370100
v -0.17339600 -0.00528000 0.66370100
v -0.17339600 -0.00528000 0.66370100
v -0.12229800 0.00399500 0.66689100
v -0.12229800 0.00399500 0.66689100
v -0.12229800 0.00399500 0.66689100
v -0.12138600 -0.00847100 0.66684500
v -0.12213500 -0.00334000 0.68570200
v -0.12213500 -0.00334000 0.68570200
v -0.12138600 -0.00847100 0.66684500
v -0.12229800 0.00399500 0.66689100
v -0.17317100 0.00367600 0.66348200
v -0.17317100 0.00367600 0.66348200
v -0.05668200 -0.04030500 0.68918300
v -0.05668200 -0.04030500 0.81937000
v -0.06393400 -0.02270900 0.68918300
v -0.06393400 -0.02270900 0.81937000
v -0.06638600 -0.00383500 0.68918300
v -0.04512200 -0.05542300 0.81937000
v -0.04512200 -0.05542300 0.68918300
v -0.06638600 -0.00383500 0.81937000
v -0.06386900 0.01502900 0.68918300
v -0.03004300 -0.06703600 0.68918300
v -0.03004300 -0.06703600 0.81937000
v -0.06386900 0.01502900 0.81937000
v -0.05655500 0.03260000 0.68918300
v -0.04494300 0.04767900 0.68918300
v -0.04494300 0.04767900 0.81937000
v -0.02982400 0.05923900 0.68918300
v -0.02982400 0.05923900 0.81937000
v -0.01222800 0.06649100 0.68918300
v -0.01222800 0.06649100 0.81937000
v -0.01247200 -0.07434900 0.68918300
v -0.05655500 0.03260000 0.81937000
v 0.00664500 0.06894200 0.81937000
v -0.01247200 -0.07434900 0.81937000
v 0.00664500 0.06894200 0.68918300
v 0.00639200 -0.07686600 0.68918300
v 0.02551000 0.06642600 0.68918300
v 0.02551000 0.06642600 0.81937000
v 0.00639200 -0.07686600 0.81937000
v 0.04308000 0.05911200 0.81937000
v 0.04308000 0.05911200 0.68918300
v 0.05815900 0.04750000 0.68918300
v 0.05815900 0.04750000 0.81937000
v 0.06971900 0.03238100 0.68918300
v 0.02526600 -0.07441400 0.68918300
v 0.06971900 0.03238100 0.81937000
v 0.07697200 0.01478500 0.68918300
v 0.02526600 -0.07441400 0.81937000
v 0.07697200 0.01478500 0.81937000
v 0.04286200 -0.06716200 0.68918300
v 0.07942300 -0.00408800 0.68918300
v 0.07942300 -0.00408800 0.81937000
v 0.07690600 -0.02295300 0.68918300
v 0.04286200 -0.06716200 0.81937000
v 0.07690600 -0.02295300 0.81937000
v 0.06959300 -0.04052300 0.68918300
v 0.05798100 -0.05560300 0.68918300
v 0.05798100 -0.05560300 0.81937000
v 0.06959300 -0.04052300 0.81937000
v -0.06393400 -0.02270900 0.68918300
v -0.05668200 -0.04030500 0.81937000
v -0.05668200 -0.04030500 0.68918300
v -0.06638600 -0.00383500 0.68918300
v -0.06393400 -0.02270900 0.81937000
v -0.04512200 -0.05542300 0.81937000
v -0.04512200 -0.05542300 0.68918300
v -0.06638600 -0.00383500 0.81937000
v -0.06386900 0.01502900 0.68918300
v -0.03004300 -0.06703600 0.81937000
v -0.03004300 -0.06703600 0.68918300
v -0.05655500 0.03260000 0.68918300
v -0.06386900 0.01502900 0.81937000
v -0.04494300 0.04767900 0.81937000
v -0.04494300 0.04767900 0.68918300
v -0.02982400 0.05923900 0.81937000
v -0.02982400 0.05923900 0.68918300
v -0.01222800 0.06649100 0.81937000
v -0.01222800 0.06649100 0.68918300
v -0.01247200 -0.07434900 0.68918300
v -0.05655500 0.03260000 0.81937000
v 0.00664500 0.06894200 0.81937000
v -0.01247200 -0.07434900 0.81937000
v 0.00664500 0.06894200 0.68918300
v 0.00639200 -0.07686600 0.68918300
v 0.02551000 0.06642600 0.81937000
v 0.02551000 0.06642600 0.68918300
v 0.00639200 -0.07686600 0.81937000
v 0.04308000 0.05911200 0.81937000
v 0.05815900 0.04750000 0.68918300
v 0.04308000 0.05911200 0.68918300
v 0.06971900 0.03238100 0.68918300
v 0.05815900 0.04750000 0.81937000
v 0.02526600 -0.07441400 0.68918300
v 0.07697200 0.01478500 0.68918300
v 0.06971900 0.03238100 0.81937000
v 0.02526600 -0.07441400 0.81937000
v 0.07697200 0.01478500 0.81937000
v 0.04286200 -0.06716200 0.68918300
v 0.07690600 -0.02295300 0.68918300
v 0.07942300 -0.00408800 0.81937000
v 0.07942300 -0.00408800 0.68918300
v 0.04286200 -0.06716200 0.81937000
v 0.06959300 -0.04052300 0.68918300
v 0.07690600 -0.02295300 0.81937000
v 0.05798100 -0.05560300 0.68918300
v 0.05798100 -0.05560300 0.81937000
v 0.06959300 -0.04052300 0.81937000
v -0.06393400 -0.02270900 0.81937000
v -0.05668200 -0.04030500 0.81937000
v -0.06638600 -0.00383500 0.81937000
v -0.04512200 -0.05542300 0.81937000
v -0.05292300 -0.03635900 0.81937000
v -0.06386900 0.01502900 0.81937000
v -0.05928200 -0.01987100 0.81937000
v -0.04251200 -0.05064000 0.81937000
v -0.03004300 -0.06703600 0.81937000
v -0.05292300 -0.03635900 0.81937000
v -0.05292300 -0.03635900 0.81208000
v -0.05928200 -0.01987100 0.81937000
v -0.04251200 -0.05064000 0.81937000
v -0.04251200 -0.05064000 0.81208000
v -0.02876100 -0.06173900 0.81937000
v -0.05655500 0.03260000 0.81937000
v -0.05842100 0.01516100 0.81937000
v -0.04494300 0.04767900 0.81937000
v -0.05125900 0.03131700 0.81937000
v -0.02982400 0.05923900 0.81937000
v -0.04015900 0.04506900 0.81937000
v -0.01222800 0.06649100 0.81937000
v -0.02587800 0.05548000 0.81937000
v 0.00664500 0.06894200 0.81937000
v -0.00939000 0.06183900 0.81937000
v -0.01247200 -0.07434900 0.81937000
v -0.06115800 -0.00229800 0.81937000
v -0.05928200 -0.01987100 0.81208000
v -0.02876100 -0.06173900 0.81208000
v -0.02876100 -0.06173900 0.81937000
v 0.00818300 0.06371500 0.81937000
v -0.01260400 -0.06890200 0.81937000
v -0.06115800 -0.00229800 0.81937000
v -0.05928200 -0.01987100 0.81208000
v -0.05292300 -0.03635900 0.81208000
v -0.06115800 -0.00229800 0.81208000
v -0.04251200 -0.05064000 0.81208000
v -0.05017900 -0.03486400 0.81208000
v -0.02876100 -0.06173900 0.81208000
v -0.04024900 -0.04848500 0.81208000
v -0.01260400 -0.06890200 0.81937000
v -0.06115800 -0.00229800 0.81208000
v -0.05842100 0.01516100 0.81937000
v -0.05842100 0.01516100 0.81208000
v -0.05125900 0.03131700 0.81937000
v 0.02551000 0.06642600 0.81937000
v -0.04015900 0.04506900 0.81937000
v -0.04015900 0.04506900 0.81208000
v -0.02587800 0.05548000 0.81937000
v -0.02587800 0.05548000 0.81208000
v -0.00939000 0.06183900 0.81937000
v -0.00939000 0.06183900 0.81208000
v 0.00818300 0.06371500 0.81937000
v 0.00818300 0.06371500 0.81208000
v 0.00639200 -0.07686600 0.81937000
v -0.05624600 -0.01913600 0.81208000
v -0.02713200 -0.05907300 0.81208000
v -0.01260400 -0.06890200 0.81208000
v -0.05125900 0.03131700 0.81208000
v 0.04308000 0.05911200 0.81937000
v 0.04179800 0.05381600 0.81937000
v 0.02564200 0.06097800 0.81937000
v 0.02564200 0.06097800 0.81208000
v 0.00485500 -0.07163800 0.81937000
v -0.05803400 -0.00237500 0.81208000
v -0.05017900 -0.03486400 0.81208000
v -0.05017900 -0.03486400 0.81416300
v -0.05624600 -0.01913600 0.81208000
v -0.04024900 -0.04848500 0.81208000
v -0.04024900 -0.04848500 0.81416300
v -0.02713200 -0.05907300 0.81208000
v -0.02713200 -0.05907300 0.81416300
v -0.01260400 -0.06890200 0.81208000
v 0.00485500 -0.07163800 0.81937000
v -0.05842100 0.01516100 0.81208000
v -0.05125900 0.03131700 0.81208000
v -0.05542400 0.01427900 0.81208000
v 0.05555000 0.04271600 0.81937000
v 0.02564200 0.06097800 0.81937000
v -0.04015900 0.04506900 0.81208000
v -0.04859200 0.02968900 0.81208000
v -0.02587800 0.05548000 0.81208000
v -0.03800500 0.04280600 0.81208000
v -0.00939000 0.06183900 0.81208000
v -0.02438300 0.05273700 0.81208000
v 0.00818300 0.06371500 0.81208000
v -0.00865600 0.05880200 0.81208000
v 0.02564200 0.06097800 0.81208000
v 0.02475900 0.05798100 0.81208000
v 0.05815900 0.04750000 0.81937000
v 0.06971900 0.03238100 0.81937000
v 0.06596000 0.02843500 0.81937000
v 0.02242800 -0.06976300 0.81937000
v 0.02526600 -0.07441400 0.81937000
v -0.05624600 -0.01913600 0.81416300
v -0.05803400 -0.00237500 0.81208000
v -0.01172200 -0.06590500 0.81208000
v -0.01172200 -0.06590500 0.81208000
v 0.00485500 -0.07163800 0.81208000
v 0.04179800 0.05381600 0.81937000
v 0.04179800 0.05381600 0.81208000
v 0.05555000 0.04271600 0.81937000
v 0.00810600 0.06059100 0.81208000
v 0.04017000 0.05114900 0.81208000
v 0.07697200 0.01478500 0.81937000
v 0.07942300 -0.00408800 0.81937000
v 0.07232000 0.01194700 0.81937000
v 0.02242800 -0.06976300 0.81937000
v 0.03891600 -0.06340300 0.81937000
v -0.05803400 -0.00237500 0.81416300
v -0.05624600 -0.01913600 0.81416300
v -0.05017900 -0.03486400 0.81416300
v -0.05803400 -0.00237500 0.81416300
v -0.04024900 -0.04848500 0.81416300
v -0.05542400 0.01427900 0.81416300
v -0.02713200 -0.05907300 0.81416300
v -0.04859200 0.02968900 0.81416300
v -0.01172200 -0.06590500 0.81416300
v 0.00485500 -0.07163800 0.81208000
v -0.05542400 0.01427900 0.81208000
v -0.05542400 0.01427900 0.81416300
v -0.04859200 0.02968900 0.81208000
v 0.05555000 0.04271600 0.81208000
v 0.04179800 0.05381600 0.81208000
v -0.03800500 0.04280600 0.81208000
v -0.03800500 0.04280600 0.81416300
v -0.02438300 0.05273700 0.81208000
v -0.02438300 0.05273700 0.81416300
v -0.00865600 0.05880200 0.81208000
v -0.00865600 0.05880200 0.81416300
v 0.00810600 0.06059100 0.81208000
v 0.00810600 0.06059100 0.81416300
v 0.02475900 0.05798100 0.81208000
v 0.02475900 0.05798100 0.81416300
v 0.04017000 0.05114900 0.81208000
v 0.04017000 0.05114900 0.81416300
v 0.06596000 0.02843500 0.81937000
v 0.06596000 0.02843500 0.81208000
v 0.07232000 0.01194700 0.81937000
v 0.02242800 -0.06976300 0.81208000
v 0.03891600 -0.06340300 0.81937000
v 0.04286200 -0.06716200 0.81937000
v -0.03800500 0.04280600 0.81416300
v -0.01172200 -0.06590500 0.81416300
v 0.00493200 -0.06851500 0.81208000
v 0.00493200 -0.06851500 0.81208000
v 0.07419600 -0.00562600 0.81937000
v 0.07690600 -0.02295300 0.81937000
v -0.04859200 0.02968900 0.81416300
v 0.05555000 0.04271600 0.81208000
v 0.05328700 0.04056200 0.81208000
v 0.05328700 0.04056200 0.81208000
v 0.07232000 0.01194700 0.81208000
v 0.02242800 -0.06976300 0.81208000
v 0.03891600 -0.06340300 0.81208000
v 0.05319700 -0.05299300 0.81937000
v -0.02438300 0.05273700 0.81416300
v 0.00493200 -0.06851500 0.81416300
v 0.07145900 -0.02308500 0.81937000
v 0.06959300 -0.04052300 0.81937000
v 0.06321700 0.02694000 0.81208000
v -0.00865600 0.05880200 0.81416300
v 0.00493200 -0.06851500 0.81416300
v 0.00810600 0.06059100 0.81416300
v 0.02169300 -0.06672600 0.81416300
v 0.02475900 0.05798100 0.81416300
v 0.03742100 -0.06066000 0.81416300
v 0.04017000 0.05114900 0.81416300
v 0.05104200 -0.05073000 0.81416300
v 0.05328700 0.04056200 0.81416300
v 0.07419600 -0.00562600 0.81937000
v 0.06596000 0.02843500 0.81208000
v 0.07232000 0.01194700 0.81208000
v 0.07419600 -0.00562600 0.81208000
v 0.02169300 -0.06672600 0.81208000
v 0.03891600 -0.06340300 0.81208000
v 0.03742100 -0.06066000 0.81208000
v 0.05319700 -0.05299300 0.81937000
v 0.05798100 -0.05560300 0.81937000
v 0.02169300 -0.06672600 0.81208000
v 0.06429600 -0.03924100 0.81937000
v 0.07419600 -0.00562600 0.81208000
v 0.07145900 -0.02308500 0.81937000
v 0.06321700 0.02694000 0.81208000
v 0.06163000 -0.03761300 0.81416300
v 0.05328700 0.04056200 0.81416300
v 0.06928300 0.01121300 0.81208000
v 0.05104200 -0.05073000 0.81208000
v 0.05319700 -0.05299300 0.81208000
v 0.02169300 -0.06672600 0.81416300
v 0.07145900 -0.02308500 0.81208000
v 0.06429600 -0.03924100 0.81937000
v 0.06321700 0.02694000 0.81416300
v 0.03742100 -0.06066000 0.81416300
v 0.03742100 -0.06066000 0.81208000
v 0.05104200 -0.05073000 0.81416300
v 0.05104200 -0.05073000 0.81208000
v 0.06163000 -0.03761300 0.81416300
v 0.06163000 -0.03761300 0.81208000
v 0.06846200 -0.02220200 0.81416300
v 0.06928300 0.01121300 0.81208000
v 0.07107200 -0.00554900 0.81208000
v 0.05319700 -0.05299300 0.81208000
v 0.06429600 -0.03924100 0.81208000
v 0.07145900 -0.02308500 0.81208000
v 0.06321700 0.02694000 0.81416300
v 0.06846200 -0.02220200 0.81416300
v 0.06928300 0.01121300 0.81416300
v 0.07107200 -0.00554900 0.81208000
v 0.06163000 -0.03761300 0.81208000
v 0.06846200 -0.02220200 0.81208000
v 0.06429600 -0.03924100 0.81208000
v 0.07107200 -0.00554900 0.81416300
v 0.06846200 -0.02220200 0.81208000
v 0.06928300 0.01121300 0.81416300
v 0.07107200 -0.00554900 0.81416300
v -0.06638600 -0.00383500 0.81937000
v -0.05668200 -0.04030500 0.81937000
v -0.06393400 -0.02270900 0.81937000
v -0.05292300 -0.03635900 0.81937000
v -0.04512200 -0.05542300 0.81937000
v -0.06386900 0.01502900 0.81937000
v -0.05928200 -0.01987100 0.81937000
v -0.04251200 -0.05064000 0.81937000
v -0.03004300 -0.06703600 0.81937000
v -0.05928200 -0.01987100 0.81937000
v -0.05292300 -0.03635900 0.81208000
v -0.05292300 -0.03635900 0.81937000
v -0.04251200 -0.05064000 0.81208000
v -0.04251200 -0.05064000 0.81937000
v -0.02876100 -0.06173900 0.81937000
v -0.05842100 0.01516100 0.81937000
v -0.05655500 0.03260000 0.81937000
v -0.05125900 0.03131700 0.81937000
v -0.04494300 0.04767900 0.81937000
v -0.04015900 0.04506900 0.81937000
v -0.02982400 0.05923900 0.81937000
v -0.02587800 0.05548000 0.81937000
v -0.01222800 0.06649100 0.81937000
v -0.00939000 0.06183900 0.81937000
v 0.00664500 0.06894200 0.81937000
v -0.01247200 -0.07434900 0.81937000
v -0.06115800 -0.00229800 0.81937000
v -0.05928200 -0.01987100 0.81208000
v -0.02876100 -0.06173900 0.81208000
v -0.02876100 -0.06173900 0.81937000
v 0.00818300 0.06371500 0.81937000
v -0.01260400 -0.06890200 0.81937000
v -0.06115800 -0.00229800 0.81937000
v -0.06115800 -0.00229800 0.81208000
v -0.05292300 -0.03635900 0.81208000
v -0.05928200 -0.01987100 0.81208000
v -0.05017900 -0.03486400 0.81208000
v -0.04251200 -0.05064000 0.81208000
v -0.04024900 -0.04848500 0.81208000
v -0.02876100 -0.06173900 0.81208000
v -0.01260400 -0.06890200 0.81937000
v -0.05842100 0.01516100 0.81937000
v -0.06115800 -0.00229800 0.81208000
v -0.05125900 0.03131700 0.81937000
v -0.05842100 0.01516100 0.81208000
v 0.02551000 0.06642600 0.81937000
v -0.04015900 0.04506900 0.81208000
v -0.04015900 0.04506900 0.81937000
v -0.02587800 0.05548000 0.81208000
v -0.02587800 0.05548000 0.81937000
v -0.00939000 0.06183900 0.81208000
v -0.00939000 0.06183900 0.81937000
v 0.00818300 0.06371500 0.81208000
v 0.00818300 0.06371500 0.81937000
v 0.00639200 -0.07686600 0.81937000
v -0.05624600 -0.01913600 0.81208000
v -0.02713200 -0.05907300 0.81208000
v -0.01260400 -0.06890200 0.81208000
v -0.05125900 0.03131700 0.81208000
v 0.04179800 0.05381600 0.81937000
v 0.04308000 0.05911200 0.81937000
v 0.02564200 0.06097800 0.81937000
v 0.02564200 0.06097800 0.81208000
v 0.00485500 -0.07163800 0.81937000
v -0.05803400 -0.00237500 0.81208000
v -0.05624600 -0.01913600 0.81208000
v -0.05017900 -0.03486400 0.81416300
v -0.05017900 -0.03486400 0.81208000
v -0.04024900 -0.04848500 0.81416300
v -0.04024900 -0.04848500 0.81208000
v -0.02713200 -0.05907300 0.81416300
v -0.02713200 -0.05907300 0.81208000
v -0.01260400 -0.06890200 0.81208000
v 0.00485500 -0.07163800 0.81937000
v -0.05842100 0.01516100 0.81208000
v -0.05542400 0.01427900 0.81208000
v -0.05125900 0.03131700 0.81208000
v 0.05555000 0.04271600 0.81937000
v 0.02564200 0.06097800 0.81937000
v -0.04859200 0.02968900 0.81208000
v -0.04015900 0.04506900 0.81208000
v -0.03800500 0.04280600 0.81208000
v -0.02587800 0.05548000 0.81208000
v -0.02438300 0.05273700 0.81208000
v -0.00939000 0.06183900 0.81208000
v -0.00865600 0.05880200 0.81208000
v 0.00818300 0.06371500 0.81208000
v 0.02475900 0.05798100 0.81208000
v 0.02564200 0.06097800 0.81208000
v 0.05815900 0.04750000 0.81937000
v 0.06596000 0.02843500 0.81937000
v 0.06971900 0.03238100 0.81937000
v 0.02242800 -0.06976300 0.81937000
v 0.02526600 -0.07441400 0.81937000
v -0.05803400 -0.00237500 0.81208000
v -0.05624600 -0.01913600 0.81416300
v -0.01172200 -0.06590500 0.81208000
v -0.01172200 -0.06590500 0.81208000
v 0.00485500 -0.07163800 0.81208000
v 0.04179800 0.05381600 0.81208000
v 0.04179800 0.05381600 0.81937000
v 0.05555000 0.04271600 0.81937000
v 0.00810600 0.06059100 0.81208000
v 0.04017000 0.05114900 0.81208000
v 0.07942300 -0.00408800 0.81937000
v 0.07697200 0.01478500 0.81937000
v 0.07232000 0.01194700 0.81937000
v 0.02242800 -0.06976300 0.81937000
v 0.03891600 -0.06340300 0.81937000
v -0.05803400 -0.00237500 0.81416300
v -0.05803400 -0.00237500 0.81416300
v -0.05017900 -0.03486400 0.81416300
v -0.05624600 -0.01913600 0.81416300
v -0.05542400 0.01427900 0.81416300
v -0.04024900 -0.04848500 0.81416300
v -0.04859200 0.02968900 0.81416300
v -0.02713200 -0.05907300 0.81416300
v -0.01172200 -0.06590500 0.81416300
v 0.00485500 -0.07163800 0.81208000
v -0.05542400 0.01427900 0.81208000
v -0.04859200 0.02968900 0.81208000
v -0.05542400 0.01427900 0.81416300
v 0.05555000 0.04271600 0.81208000
v 0.04179800 0.05381600 0.81208000
v -0.03800500 0.04280600 0.81416300
v -0.03800500 0.04280600 0.81208000
v -0.02438300 0.05273700 0.81416300
v -0.02438300 0.05273700 0.81208000
v -0.00865600 0.05880200 0.81416300
v -0.00865600 0.05880200 0.81208000
v 0.00810600 0.06059100 0.81416300
v 0.00810600 0.06059100 0.81208000
v 0.02475900 0.05798100 0.81416300
v 0.02475900 0.05798100 0.81208000
v 0.04017000 0.05114900 0.81416300
v 0.04017000 0.05114900 0.81208000
v 0.06596000 0.02843500 0.81937000
v 0.07232000 0.01194700 0.81937000
v 0.06596000 0.02843500 0.81208000
v 0.02242800 -0.06976300 0.81208000
v 0.03891600 -0.06340300 0.81937000
v 0.04286200 -0.06716200 0.81937000
v -0.03800500 0.04280600 0.81416300
v -0.01172200 -0.06590500 0.81416300
v 0.00493200 -0.06851500 0.81208000
v 0.00493200 -0.06851500 0.81208000
v 0.07690600 -0.02295300 0.81937000
v 0.07419600 -0.00562600 0.81937000
v -0.04859200 0.02968900 0.81416300
v 0.05328700 0.04056200 0.81208000
v 0.05555000 0.04271600 0.81208000
v 0.05328700 0.04056200 0.81208000
v 0.07232000 0.01194700 0.81208000
v 0.02242800 -0.06976300 0.81208000
v 0.03891600 -0.06340300 0.81208000
v 0.05319700 -0.05299300 0.81937000
v -0.02438300 0.05273700 0.81416300
v 0.00493200 -0.06851500 0.81416300
v 0.06959300 -0.04052300 0.81937000
v 0.07145900 -0.02308500 0.81937000
v 0.06321700 0.02694000 0.81208000
v 0.00493200 -0.06851500 0.81416300
v -0.00865600 0.05880200 0.81416300
v 0.02169300 -0.06672600 0.81416300
v 0.00810600 0.06059100 0.81416300
v 0.03742100 -0.06066000 0.81416300
v 0.02475900 0.05798100 0.81416300
v 0.05104200 -0.05073000 0.81416300
v 0.04017000 0.05114900 0.81416300
v 0.05328700 0.04056200 0.81416300
v 0.07419600 -0.00562600 0.81937000
v 0.06596000 0.02843500 0.81208000
v 0.07419600 -0.00562600 0.81208000
v 0.07232000 0.01194700 0.81208000
v 0.02169300 -0.06672600 0.81208000
v 0.03742100 -0.06066000 0.81208000
v 0.03891600 -0.06340300 0.81208000
v 0.05319700 -0.05299300 0.81937000
v 0.05798100 -0.05560300 0.81937000
v 0.02169300 -0.06672600 0.81208000
v 0.06429600 -0.03924100 0.81937000
v 0.07145900 -0.02308500 0.81937000
v 0.07419600 -0.00562600 0.81208000
v 0.06321700 0.02694000 0.81208000
v 0.06163000 -0.03761300 0.81416300
v 0.05328700 0.04056200 0.81416300
v 0.06928300 0.01121300 0.81208000
v 0.05104200 -0.05073000 0.81208000
v 0.05319700 -0.05299300 0.81208000
v 0.02169300 -0.06672600 0.81416300
v 0.06429600 -0.03924100 0.81937000
v 0.07145900 -0.02308500 0.81208000
v 0.06321700 0.02694000 0.81416300
v 0.03742100 -0.06066000 0.81208000
v 0.03742100 -0.06066000 0.81416300
v 0.05104200 -0.05073000 0.81208000
v 0.05104200 -0.05073000 0.81416300
v 0.06163000 -0.03761300 0.81208000
v 0.06163000 -0.03761300 0.81416300
v 0.06846200 -0.02220200 0.81416300
v 0.06928300 0.01121300 0.81208000
v 0.07107200 -0.00554900 0.81208000
v 0.05319700 -0.05299300 0.81208000
v 0.06429600 -0.03924100 0.81208000
v 0.07145900 -0.02308500 0.81208000
v 0.06321700 0.02694000 0.81416300
v 0.06846200 -0.02220200 0.81416300
v 0.06928300 0.01121300 0.81416300
v 0.07107200 -0.00554900 0.81208000
v 0.06163000 -0.03761300 0.81208000
v 0.06429600 -0.03924100 0.81208000
v 0.06846200 -0.02220200 0.81208000
v 0.07107200 -0.00554900 0.81416300
v 0.06846200 -0.02220200 0.81208000
v 0.06928300 0.01121300 0.81416300
v 0.07107200 -0.00554900 0.81416300
vt 0.64957554 0.16458333
vt 0.64957554 0.16458333
vt 0.64957554 0.16458333
vt 0.64957554 0.16458333
vt 0.64957554 0.16458333
vt 0.64957554 0.16458333
vt 0.64957554 0.16458333
vt 0.64957554 0.16458333
vt 0.64957554 0.16458333
vt 0.64957554 0.16458333
vt 0.64957554 0.16458333
vt 0.64957554 0.16458333
vt 0.64957554 0.16458333
vt 0.64957554 0.16458333
vt 0.64957554 0.16458333
vt 0.64957554 0.16458333
vt 0.64957554 0.16458333
vt 0.64957554 0.16458333
vt 0.64957554 0.16458333
vt 0.64957554 0.16458333
vt 0.64957554 0.16458333
vt 0.64957554 0.16458333
vt 0.64957554 0.16458333
vt 0.64957554 0.16458333
vt 0.64957554 0.16458333
vt 0.64957554 0.16458333
vt 0.64957554 0.16458333
vt 0.64957554 0.16458333
vt 0.64957554 0.16458333
vt 0.64957554 0.16458333
vt 0.64957554 0.16458333
vt 0.64957554 0.16458333
vt 0.64957554 0.16458333
vt 0.64957554 0.16458333
vt 0.64957554 0.16458333
vt 0.64957554 0.16458333
vt 0.64957554 0.16458333
vt 0.64957554 0.16458333
vt 0.64957554 0.16458333
vt 0.64957554 0.16458333
vt 0.64957554 0.16458333
vt 0.64957554 0.16458333
vt 0.64957554 0.16458333
vt 0.64957554 0.16458333
vt 0.64957554 0.16458333
vt 0.64957554 0.16458333
vt 0.64957554 0.16458333
vt 0.64957554 0.16458333
vt 0.64957554 0.16458333
vt 0.64957554 0.16458333
vt 0.64957554 0.16458333
vt 0.64957554 0.16458333
vt 0.64957554 0.16458333
vt 0.64957554 0.16458333
vt 0.64957554 0.16458333
vt 0.64957554 0.16458333
vt 0.64957554 0.16458333
vt 0.64957554 0.16458333
vt 0.64957554 0.16458333
vt 0.64957554 0.16458333
vt 0.64957554 0.16458333
vt 0.64957554 0.16458333
vt 0.64957554 0.16458333
vt 0.64957554 0.16458333
vt 0.64957554 0.16458333
vt 0.64957554 0.16458333
vt 0.64957554 0.16458333
vt 0.64957554 0.16458333
vt 0.64957554 0.16458333
vt 0.64957554 0.16458333
vt 0.64957554 0.16458333
vt 0.64957554 0.16458333
vt 0.64957554 0.16458333
vt 0.64957554 0.16458333
vt 0.64957554 0.16458333
vt 0.64957554 0.16458333
vt 0.64957554 0.16458333
vt 0.64957554 0.16458333
vt 0.64957554 0.16458333
vt 0.64957554 0.16458333
vt 0.64957554 0.16458333
vt 0.64957554 0.16458333
vt 0.64957554 0.16458333
vt 0.64957554 0.16458333
vt 0.64957554 0.16458333
vt 0.64957554 0.16458333
vt 0.64957554 0.16458333
vt 0.64957554 0.16458333
vt 0.64957554 0.16458333
vt 0.64957554 0.16458333
vt 0.64957554 0.16458333
vt 0.64957554 0.16458333
vt 0.64957554 0.16458333
vt 0.64957554 0.16458333
vt 0.64957554 0.16458333
vt 0.64957554 0.16458333
vt 0.64957554 0.16458333
vt 0.64957554 0.16458333
vt 0.64957554 0.16458333
vt 0.64957554 0.16458333
vt 0.64957554 0.16458333
vt 0.64957554 0.16458333
vt 0.64957554 0.16458333
vt 0.64957554 0.16458333
vt 0.64957554 0.16458333
vt 0.64957554 0.16458333
vt 0.64957554 0.16458333
vt 0.64957554 0.16458333
vt 0.64957554 0.16458333
vt 0.64957554 0.16458333
vt 0.64957554 0.16458333
vt 0.64957554 0.16458333
vt 0.64957554 0.16458333
vt 0.64957554 0.16458333
vt 0.64957554 0.16458333
vt 0.64957554 0.16458333
vt 0.64957554 0.16458333
vt 0.64957554 0.16458333
vt 0.64957554 0.16458333
vt 0.64957554 0.16458333
vt 0.64957554 0.16458333
vt 0.64957554 0.16458333
vt 0.64957554 0.16458333
vt 0.64957554 0.16458333
vt 0.64957554 0.16458333
vt 0.64957554 0.16458333
vt 0.64957554 0.16458333
vt 0.64957554 0.16458333
vt 0.64957554 0.16458333
vt 0.64957554 0.16458333
vt 0.64957554 0.16458333
vt 0.64957554 0.16458333
vt 0.64957554 0.16458333
vt 0.64957554 0.16458333
vt 0.64957554 0.16458333
vt 0.64957554 0.16458333
vt 0.64957554 0.16458333
vt 0.64957554 0.16458333
vt 0.64957554 0.16458333
vt 0.64957554 0.16458333
vt 0.64957554 0.16458333
vt 0.64957554 0.16458333
vt 0.64957554 0.16458333
vt 0.64957554 0.16458333
vt 0.64957554 0.16458333
vt 0.64957554 0.16458333
vt 0.64957554 0.16458333
vt 0.64957554 0.16458333
vt 0.64957554 0.16458333
vt 0.64957554 0.16458333
vt 0.64957554 0.16458333
vt 0.64957554 0.16458333
vt 0.64957554 0.16458333
vt 0.64957554 0.16458333
vt 0.64957554 0.16458333
vt 0.64957554 0.16458333
vt 0.64957554 0.16458333
vt 0.64957554 0.16458333
vt 0.64957554 0.16458333
vt 0.64957554 0.16458333
vt 0.64957554 0.16458333
vt 0.64957554 0.16458333
vt 0.64957554 0.16458333
vt 0.64957554 0.16458333
vt 0.64957554 0.16458333
vt 0.64957554 0.16458333
vt 0.64957554 0.16458333
vt 0.64957554 0.16458333
vt 0.64957554 0.16458333
vt 0.64957554 0.16458333
vt 0.64957554 0.16458333
vt 0.64957554 0.16458333
vt 0.64957554 0.16458333
vt 0.64957554 0.16458333
vt 0.64957554 0.16458333
vt 0.64957554 0.16458333
vt 0.64957554 0.16458333
vt 0.64957554 0.16458333
vt 0.64957554 0.16458333
vt 0.64957554 0.16458333
vt 0.64957554 0.16458333
vt 0.64957554 0.16458333
vt 0.64957554 0.16458333
vt 0.64957554 0.16458333
vt 0.64957554 0.16458333
vt 0.64957554 0.16458333
vt 0.64957554 0.16458333
vt 0.64957554 0.16458333
vt 0.64957554 0.16458333
vt 0.64957554 0.16458333
vt 0.64957554 0.16458333
vt 0.64957554 0.16458333
vt 0.64957554 0.16458333
vt 0.64957554 0.16458333
vt 0.64957554 0.16458333
vt 0.64957554 0.16458333
vt 0.64957554 0.16458333
vt 0.64957554 0.16458333
vt 0.64957554 0.16458333
vt 0.64957554 0.16458333
vt 0.64957554 0.16458333
vt 0.64957554 0.16458333
vt 0.64957554 0.16458333
vt 0.64957554 0.16458333
vt 0.64957554 0.16458333
vt 0.64957554 0.16458333
vt 0.64957554 0.16458333
vt 0.64957554 0.16458333
vt 0.64957554 0.16458333
vt 0.64957554 0.16458333
vt 0.64957554 0.16458333
vt 0.64957554 0.16458333
vt 0.64957554 0.16458333
vt 0.64957554 0.16458333
vt 0.64957554 0.16458333
vt 0.64957554 0.16458333
vt 0.64957554 0.16458333
vt 0.64957554 0.16458333
vt 0.64957554 0.16458333
vt 0.64957554 0.16458333
vt 0.64957554 0.16458333
vt 0.64957554 0.16458333
vt 0.64957554 0.16458333
vt 0.64957554 0.16458333
vt 0.64957554 0.16458333
vt 0.64957554 0.16458333
vt 0.64957554 0.16458333
vt 0.64957554 0.16458333
vt 0.64957554 0.16458333
vt 0.64957554 0.16458333
vt 0.64957554 0.16458333
vt 0.64957554 0.16458333
vt 0.64957554 0.16458333
vt 0.64957554 0.16458333
vt 0.64957554 0.16458333
vt 0.64957554 0.16458333
vt 0.64957554 0.16458333
vt 0.64957554 0.16458333
vt 0.64957554 0.16458333
vt 0.64957554 0.16458333
vt 0.64957554 0.16458333
vt 0.64957554 0.16458333
vt 0.64957554 0.16458333
vt 0.64957554 0.16458333
vt 0.64957554 0.16458333
vt 0.64957554 0.16458333
vt 0.64957554 0.16458333
vt 0.64957554 0.16458333
vt 0.64957554 0.16458333
vt 0.64957554 0.16458333
vt 0.64957554 0.16458333
vt 0.64957554 0.16458333
vt 0.64957554 0.16458333
vt 0.64957554 0.16458333
vt 0.64957554 0.16458333
vt 0.64957554 0.16458333
vt 0.64957554 0.16458333
vt 0.64957554 0.16458333
vt 0.64957554 0.16458333
vt 0.64957554 0.16458333
vt 0.64957554 0.16458333
vt 0.64957554 0.16458333
vt 0.64957554 0.16458333
vt 0.64957554 0.16458333
vt 0.64957554 0.16458333
vt 0.64957554 0.16458333
vt 0.64957554 0.16458333
vt 0.64957554 0.16458333
vt 0.64957554 0.16458333
vt 0.64957554 0.16458333
vt 0.64957554 0.16458333
vt 0.64957554 0.16458333
vt 0.64957554 0.16458333
vt 0.64957554 0.16458333
vt 0.64957554 0.16458333
vt 0.64957554 0.16458333
vt 0.64957554 0.16458333
vt 0.64957554 0.16458333
vt 0.64957554 0.16458333
vt 0.64957554 0.16458333
vt 0.64957554 0.16458333
vt 0.64957554 0.16458333
vt 0.64957554 0.16458333
vt 0.64957554 0.16458333
vt 0.64957554 0.16458333
vt 0.64957554 0.16458333
vt 0.64957554 0.16458333
vt 0.64957554 0.16458333
vt 0.64957554 0.16458333
vt 0.64957554 0.16458333
vt 0.64957554 0.16458333
vt 0.64957554 0.16458333
vt 0.64957554 0.16458333
vt 0.64957554 0.16458333
vt 0.64957554 0.16458333
vt 0.64957554 0.16458333
vt 0.64957554 0.16458333
vt 0.64957554 0.16458333
vt 0.64957554 0.16458333
vt 0.64957554 0.16458333
vt 0.64957554 0.16458333
vt 0.64957554 0.16458333
vt 0.64957554 0.16458333
vt 0.64957554 0.16458333
vt 0.64957554 0.16458333
vt 0.64957554 0.16458333
vt 0.64957554 0.16458333
vt 0.64957554 0.16458333
vt 0.64957554 0.16458333
vt 0.64957554 0.16458333
vt 0.64957554 0.16458333
vt 0.64957554 0.16458333
vt 0.64957554 0.16458333
vt 0.64957554 0.16458333
vt 0.64957554 0.16458333
vt 0.64957554 0.16458333
vt 0.64957554 0.16458333
vt 0.64957554 0.16458333
vt 0.64957554 0.16458333
vt 0.64957554 0.16458333
vt 0.64957554 0.16458333
vt 0.64957554 0.16458333
vt 0.64957554 0.16458333
vt 0.64957554 0.16458333
vt 0.64957554 0.16458333
vt 0.64957554 0.16458333
vt 0.64957554 0.16458333
vt 0.64957554 0.16458333
vt 0.64957554 0.16458333
vt 0.64957554 0.16458333
vt 0.64957554 0.16458333
vt 0.64957554 0.16458333
vt 0.64957554 0.16458333
vt 0.64957554 0.16458333
vt 0.64957554 0.16458333
vt 0.64957554 0.16458333
vt 0.64957554 0.16458333
vt 0.64957554 0.16458333
vt 0.64957554 0.16458333
vt 0.64957554 0.16458333
vt 0.64957554 0.16458333
vt 0.64957554 0.16458333
vt 0.64957554 0.16458333
vt 0.64957554 0.16458333
vt 0.64957554 0.16458333
vt 0.64957554 0.16458333
vt 0.64957554 0.16458333
vt 0.64957554 0.16458333
vt 0.64957554 0.16458333
vt 0.64957554 0.16458333
vt 0.64957554 0.16458333
vt 0.64957554 0.16458333
vt 0.64957554 0.16458333
vt 0.64957554 0.16458333
vt 0.64957554 0.16458333
vt 0.64957554 0.16458333
vt 0.64957554 0.16458333
vt 0.64957554 0.16458333
vt 0.64957554 0.16458333
vt 0.64957554 0.16458333
vt 0.64957554 0.16458333
vt 0.64957554 0.16458333
vt 0.64957554 0.16458333
vt 0.64957554 0.16458333
vt 0.19251546 0.28567708
vt 0.19251546 0.28567708
vt 0.19251546 0.28567708
vt 0.19251546 0.28567708
vt 0.19251546 0.28567708
vt 0.19251546 0.28567708
vt 0.19251546 0.28567708
vt 0.19251546 0.28567708
vt 0.19251546 0.28567708
vt 0.19251546 0.28567708
vt 0.19251546 0.28567708
vt 0.19251546 0.28567708
vt 0.19251546 0.28567708
vt 0.19251546 0.28567708
vt 0.19251546 0.28567708
vt 0.19251546 0.28567708
vt 0.19251546 0.28567708
vt 0.19251546 0.28567708
vt 0.19251546 0.28567708
vt 0.19251546 0.28567708
vt 0.19251546 0.28567708
vt 0.19251546 0.28567708
vt 0.19251546 0.28567708
vt 0.19251546 0.28567708
vt 0.19251546 0.28567708
vt 0.19251546 0.28567708
vt 0.19251546 0.28567708
vt 0.19251546 0.28567708
vt 0.19251546 0.28567708
vt 0.19251546 0.28567708
vt 0.19251546 0.28567708
vt 0.19251546 0.28567708
vt 0.19251546 0.28567708
vt 0.19251546 0.28567708
vt 0.19251546 0.28567708
vt 0.19251546 0.28567708
vt 0.19251546 0.28567708
vt 0.19251546 0.28567708
vt 0.19251546 0.28567708
vt 0.19251546 0.28567708
vt 0.19251546 0.28567708
vt 0.19251546 0.28567708
vt 0.19251546 0.28567708
vt 0.19251546 0.28567708
vt 0.19251546 0.28567708
vt 0.19251546 0.28567708
vt 0.19251546 0.28567708
vt 0.19251546 0.28567708
vt 0.19251546 0.28567708
vt 0.19251546 0.28567708
vt 0.19251546 0.28567708
vt 0.19251546 0.28567708
vt 0.19251546 0.28567708
vt 0.19251546 0.28567708
vt 0.19251546 0.28567708
vt 0.19251546 0.28567708
vt 0.19251546 0.28567708
vt 0.19251546 0.28567708
vt 0.19251546 0.28567708
vt 0.19251546 0.28567708
vt 0.19251546 0.28567708
vt 0.19251546 0.28567708
vt 0.19251546 0.28567708
vt 0.19251546 0.28567708
vt 0.19251546 0.28567708
vt 0.19251546 0.28567708
vt 0.19251546 0.28567708
vt 0.19251546 0.28567708
vt 0.19251546 0.28567708
vt 0.19251546 0.28567708
vt 0.19251546 0.28567708
vt 0.19251546 0.28567708
vt 0.19251546 0.28567708
vt 0.19251546 0.28567708
vt 0.19251546 0.28567708
vt 0.23939046 0.28567708
vt 0.23939046 0.28567708
vt 0.23939046 0.28567708
vt 0.23939046 0.28567708
vt 0.23939046 0.28567708
vt 0.23939046 0.28567708
vt 0.23939046 0.28567708
vt 0.23939046 0.28567708
vt 0.23939046 0.28567708
vt 0.23939046 0.28567708
vt 0.23939046 0.28567708
vt 0.23939046 0.28567708
vt 0.23939046 0.28567708
vt 0.23939046 0.28567708
vt 0.23939046 0.28567708
vt 0.23939046 0.28567708
vt 0.23939046 0.28567708
vt 0.23939046 0.28567708
vt 0.23939046 0.28567708
vt 0.23939046 0.28567708
vt 0.23939046 0.28567708
vt 0.23939046 0.28567708
vt 0.23939046 0.28567708
vt 0.23939046 0.28567708
vt 0.23939046 0.28567708
vt 0.23939046 0.28567708
vt 0.23939046 0.28567708
vt 0.23939046 0.28567708
vt 0.23939046 0.28567708
vt 0.23939046 0.28567708
vt 0.23939046 0.28567708
vt 0.23939046 0.28567708
vt 0.23939046 0.28567708
vt 0.23939046 0.28567708
vt 0.23939046 0.28567708
vt 0.23939046 0.28567708
vt 0.23939046 0.28567708
vt 0.23939046 0.28567708
vt 0.23939046 0.28567708
vt 0.23939046 0.28567708
vt 0.23939046 0.28567708
vt 0.23939046 0.28567708
vt 0.23939046 0.28567708
vt 0.23939046 0.28567708
vt 0.23939046 0.28567708
vt 0.23939046 0.28567708
vt 0.23939046 0.28567708
vt 0.23939046 0.28567708
vt 0.23939046 0.28567708
vt 0.23939046 0.28567708
vt 0.23939046 0.28567708
vt 0.23939046 0.28567708
vt 0.23939046 0.28567708
vt 0.23939046 0.28567708
vt 0.23939046 0.28567708
vt 0.23939046 0.28567708
vt 0.23939046 0.28567708
vt 0.23939046 0.28567708
vt 0.23939046 0.28567708
vt 0.23939046 0.28567708
vt 0.23939046 0.28567708
vt 0.23939046 0.28567708
vt 0.23939046 0.28567708
vt 0.23939046 0.28567708
vt 0.23939046 0.28567708
vt 0.23939046 0.28567708
vt 0.23939046 0.28567708
vt 0.23939046 0.28567708
vt 0.23939046 0.28567708
vt 0.23939046 0.28567708
vt 0.23939046 0.28567708
vt 0.23939046 0.28567708
vt 0.23939046 0.28567708
vt 0.23939046 0.28567708
vt 0.23939046 0.28567708
vt 0.03503514 0.28567708
vt 0.03503514 0.28567708
vt 0.03503514 0.28567708
vt 0.03503514 0.28567708
vt 0.03503514 0.28567708
vt 0.03503514 0.28567708
vt 0.03503514 0.28567708
vt 0.03503514 0.28567708
vt 0.03503514 0.28567708
vt 0.03503514 0.28567708
vt 0.03503514 0.28567708
vt 0.03503514 0.28567708
vt 0.03503514 0.28567708
vt 0.03503514 0.28567708
vt 0.03503514 0.28567708
vt 0.03503514 0.28567708
vt 0.03503514 0.28567708
vt 0.03503514 0.28567708
vt 0.03503514 0.28567708
vt 0.03503514 0.28567708
vt 0.03503514 0.28567708
vt 0.03503514 0.28567708
vt 0.03503514 0.28567708
vt 0.03503514 0.28567708
vt 0.03503514 0.28567708
vt 0.03503514 0.28567708
vt 0.03503514 0.28567708
vt 0.03503514 0.28567708
vt 0.03503514 0.28567708
vt 0.03503514 0.28567708
vt 0.03503514 0.28567708
vt 0.03503514 0.28567708
vt 0.03503514 0.28567708
vt 0.03503514 0.28567708
vt 0.03503514 0.28567708
vt 0.03503514 0.28567708
vt 0.03503514 0.28567708
vt 0.03503514 0.28567708
vt 0.03503514 0.28567708
vt 0.03503514 0.28567708
vt 0.03503514 0.28567708
vt 0.03503514 0.28567708
vt 0.03503514 0.28567708
vt 0.03503514 0.28567708
vt 0.03503514 0.28567708
vt 0.03503514 0.28567708
vt 0.03503514 0.28567708
vt 0.03503514 0.28567708
vt 0.03503514 0.28567708
vt 0.03503514 0.28567708
vt 0.03503514 0.28567708
vt 0.03503514 0.28567708
vt 0.03503514 0.28567708
vt 0.03503514 0.28567708
vt 0.03503514 0.28567708
vt 0.03503514 0.28567708
vt 0.03503514 0.28567708
vt 0.03503514 0.28567708
vt 0.03503514 0.28567708
vt 0.03503514 0.28567708
vt 0.03503514 0.28567708
vt 0.03503514 0.28567708
vt 0.03503514 0.28567708
vt 0.03503514 0.28567708
vt 0.03503514 0.28567708
vt 0.03503514 0.28567708
vt 0.03503514 0.28567708
vt 0.03503514 0.28567708
vt 0.03503514 0.28567708
vt 0.03503514 0.28567708
vt 0.03503514 0.28567708
vt 0.03503514 0.28567708
vt 0.03503514 0.28567708
vt 0.03503514 0.28567708
vt 0.03503514 0.28567708
vt 0.03503514 0.28567708
vt 0.03503514 0.28567708
vt 0.03503514 0.28567708
vt 0.03503514 0.28567708
vt 0.03503514 0.28567708
vt 0.03503514 0.28567708
vt 0.03503514 0.28567708
vt 0.03503514 0.28567708
vt 0.03503514 0.28567708
vt 0.03503514 0.28567708
vt 0.03503514 0.28567708
vt 0.03503514 0.28567708
vt 0.03503514 0.28567708
vt 0.03503514 0.28567708
vt 0.03503514 0.28567708
vt 0.03503514 0.28567708
vt 0.03503514 0.28567708
vt 0.03503514 0.28567708
vt 0.03503514 0.28567708
vt 0.03503514 0.28567708
vt 0.03503514 0.28567708
vt 0.03503514 0.28567708
vt 0.03503514 0.28567708
vt 0.03503514 0.28567708
vt 0.03503514 0.28567708
vt 0.03503514 0.28567708
vt 0.03503514 0.28567708
vt 0.03503514 0.28567708
vt 0.03503514 0.28567708
vt 0.03503514 0.28567708
vt 0.03503514 0.28567708
vt 0.03503514 0.28567708
vt 0.03503514 0.28567708
vt 0.03503514 0.28567708
vt 0.03503514 0.28567708
vt 0.03503514 0.28567708
vt 0.03503514 0.28567708
vt 0.03503514 0.28567708
vt 0.03503514 0.28567708
vt 0.03503514 0.28567708
vt 0.03503514 0.28567708
vt 0.03503514 0.28567708
vt 0.03503514 0.28567708
vt 0.03503514 0.28567708
vt 0.03503514 0.28567708
vt 0.03503514 0.28567708
vt 0.03503514 0.28567708
vt 0.08191014 0.28567708
vt 0.08191014 0.28567708
vt 0.08191014 0.28567708
vt 0.08191014 0.28567708
vt 0.08191014 0.28567708
vt 0.08191014 0.28567708
vt 0.08191014 0.28567708
vt 0.08191014 0.28567708
vt 0.08191014 0.28567708
vt 0.08191014 0.28567708
vt 0.08191014 0.28567708
vt 0.08191014 0.28567708
vt 0.08191014 0.28567708
vt 0.08191014 0.28567708
vt 0.08191014 0.28567708
vt 0.08191014 0.28567708
vt 0.08191014 0.28567708
vt 0.08191014 0.28567708
vt 0.08191014 0.28567708
vt 0.08191014 0.28567708
vt 0.08191014 0.28567708
vt 0.08191014 0.28567708
vt 0.08191014 0.28567708
vt 0.08191014 0.28567708
vt 0.08191014 0.28567708
vt 0.08191014 0.28567708
vt 0.08191014 0.28567708
vt 0.08191014 0.28567708
vt 0.08191014 0.28567708
vt 0.08191014 0.28567708
vt 0.08191014 0.28567708
vt 0.08191014 0.28567708
vt 0.08191014 0.28567708
vt 0.08191014 0.28567708
vt 0.08191014 0.28567708
vt 0.08191014 0.28567708
vt 0.08191014 0.28567708
vt 0.08191014 0.28567708
vt 0.08191014 0.28567708
vt 0.08191014 0.28567708
vt 0.08191014 0.28567708
vt 0.08191014 0.28567708
vt 0.08191014 0.28567708
vt 0.08191014 0.28567708
vt 0.08191014 0.28567708
vt 0.08191014 0.28567708
vt 0.08191014 0.28567708
vt 0.08191014 0.28567708
vt 0.08191014 0.28567708
vt 0.08191014 0.28567708
vt 0.08191014 0.28567708
vt 0.08191014 0.28567708
vt 0.08191014 0.28567708
vt 0.08191014 0.28567708
vt 0.08191014 0.28567708
vt 0.08191014 0.28567708
vt 0.08191014 0.28567708
vt 0.08191014 0.28567708
vt 0.08191014 0.28567708
vt 0.08191014 0.28567708
vt 0.08191014 0.28567708
vt 0.08191014 0.28567708
vt 0.08191014 0.28567708
vt 0.08191014 0.28567708
vt 0.08191014 0.28567708
vt 0.08191014 0.28567708
vt 0.08191014 0.28567708
vt 0.08191014 0.28567708
vt 0.08191014 0.28567708
vt 0.08191014 0.28567708
vt 0.08191014 0.28567708
vt 0.08191014 0.28567708
vt 0.08191014 0.28567708
vt 0.08191014 0.28567708
vt 0.08191014 0.28567708
vt 0.08191014 0.28567708
vt 0.08191014 0.28567708
vt 0.08191014 0.28567708
vt 0.08191014 0.28567708
vt 0.08191014 0.28567708
vt 0.08191014 0.28567708
vt 0.08191014 0.28567708
vt 0.08191014 0.28567708
vt 0.08191014 0.28567708
vt 0.08191014 0.28567708
vt 0.08191014 0.28567708
vt 0.08191014 0.28567708
vt 0.08191014 0.28567708
vt 0.08191014 0.28567708
vt 0.08191014 0.28567708
vt 0.08191014 0.28567708
vt 0.08191014 0.28567708
vt 0.08191014 0.28567708
vt 0.08191014 0.28567708
vt 0.08191014 0.28567708
vt 0.08191014 0.28567708
vt 0.08191014 0.28567708
vt 0.08191014 0.28567708
vt 0.08191014 0.28567708
vt 0.08191014 0.28567708
vt 0.08191014 0.28567708
vt 0.08191014 0.28567708
vt 0.08191014 0.28567708
vt 0.08191014 0.28567708
vt 0.08191014 0.28567708
vt 0.08191014 0.28567708
vt 0.08191014 0.28567708
vt 0.08191014 0.28567708
vt 0.08191014 0.28567708
vt 0.08191014 0.28567708
vt 0.08191014 0.28567708
vt 0.08191014 0.28567708
vt 0.08191014 0.28567708
vt 0.08191014 0.28567708
vt 0.08191014 0.28567708
vt 0.08191014 0.28567708
vt 0.08191014 0.28567708
vt 0.08191014 0.28567708
vt 0.08191014 0.28567708
vt 0.08191014 0.28567708
vt 0.08191014 0.28567708
vt 0.08191014 0.28567708
vt 0.64957554 0.16458333
vt 0.64957554 0.16458333
vt 0.64957554 0.16458333
vt 0.64957554 0.16458333
vt 0.64957554 0.16458333
vt 0.64957554 0.16458333
vt 0.64957554 0.16458333
vt 0.64957554 0.16458333
vt 0.64957554 0.16458333
vt 0.64957554 0.16458333
vt 0.64957554 0.16458333
vt 0.64957554 0.16458333
vt 0.64957554 0.16458333
vt 0.64957554 0.16458333
vt 0.64957554 0.16458333
vt 0.64957554 0.16458333
vt 0.64957554 0.16458333
vt 0.64957554 0.16458333
vt 0.64957554 0.16458333
vt 0.64957554 0.16458333
vt 0.64957554 0.16458333
vt 0.64957554 0.16458333
vt 0.64957554 0.16458333
vt 0.64957554 0.16458333
vt 0.64957554 0.16458333
vt 0.64957554 0.16458333
vt 0.64957554 0.16458333
vt 0.64957554 0.16458333
vt 0.64957554 0.16458333
vt 0.64957554 0.16458333
vt 0.64957554 0.16458333
vt 0.64957554 0.16458333
vt 0.64957554 0.16458333
vt 0.64957554 0.16458333
vt 0.64957554 0.16458333
vt 0.64957554 0.16458333
vt 0.64957554 0.16458333
vt 0.64957554 0.16458333
vt 0.64957554 0.16458333
vt 0.64957554 0.16458333
vt 0.64957554 0.16458333
vt 0.64957554 0.16458333
vt 0.64957554 0.16458333
vt 0.64957554 0.16458333
vt 0.64957554 0.16458333
vt 0.64957554 0.16458333
vt 0.64957554 0.16458333
vt 0.64957554 0.16458333
vt 0.64957554 0.16458333
vt 0.64957554 0.16458333
vt 0.64957554 0.16458333
vt 0.64957554 0.16458333
vt 0.64957554 0.16458333
vt 0.64957554 0.16458333
vt 0.64957554 0.16458333
vt 0.64957554 0.16458333
vt 0.64957554 0.16458333
vt 0.64957554 0.16458333
vt 0.64957554 0.16458333
vt 0.64957554 0.16458333
vt 0.64957554 0.16458333
vt 0.64957554 0.16458333
vt 0.64957554 0.16458333
vt 0.64957554 0.16458333
vt 0.64957554 0.16458333
vt 0.64957554 0.16458333
vt 0.64957554 0.16458333
vt 0.64957554 0.16458333
vt 0.64957554 0.16458333
vt 0.64957554 0.16458333
vt 0.64957554 0.16458333
vt 0.64957554 0.16458333
vt 0.64957554 0.16458333
vt 0.64957554 0.16458333
vt 0.64957554 0.16458333
vt 0.64957554 0.16458333
vt 0.64957554 0.16458333
vt 0.64957554 0.16458333
vt 0.64957554 0.16458333
vt 0.64957554 0.16458333
vt 0.64957554 0.16458333
vt 0.64957554 0.16458333
vt 0.64957554 0.16458333
vt 0.64957554 0.16458333
vt 0.64957554 0.16458333
vt 0.64957554 0.16458333
vt 0.64957554 0.16458333
vt 0.64957554 0.16458333
vt 0.64957554 0.16458333
vt 0.64957554 0.16458333
vt 0.64957554 0.16458333
vt 0.64957554 0.16458333
vt 0.64957554 0.16458333
vt 0.64957554 0.16458333
vt 0.64957554 0.16458333
vt 0.64957554 0.16458333
vt 0.64957554 0.16458333
vt 0.64957554 0.16458333
vt 0.64957554 0.16458333
vt 0.64957554 0.16458333
vt 0.64957554 0.16458333
vt 0.64957554 0.16458333
vt 0.64957554 0.16458333
vt 0.64957554 0.16458333
vt 0.64957554 0.16458333
vt 0.64957554 0.16458333
vt 0.64957554 0.16458333
vt 0.64957554 0.16458333
vt 0.64957554 0.16458333
vt 0.64957554 0.16458333
vt 0.64957554 0.16458333
vt 0.64957554 0.16458333
vt 0.64957554 0.16458333
vt 0.64957554 0.16458333
vt 0.64957554 0.16458333
vt 0.64957554 0.16458333
vt 0.64957554 0.16458333
vt 0.64957554 0.16458333
vt 0.64957554 0.16458333
vt 0.64957554 0.16458333
vt 0.64957554 0.16458333
vt 0.64957554 0.16458333
vt 0.64957554 0.16458333
vt 0.64957554 0.16458333
vt 0.64957554 0.16458333
vt 0.64957554 0.16458333
vt 0.64957554 0.16458333
vt 0.64957554 0.16458333
vt 0.64957554 0.16458333
vt 0.64957554 0.16458333
vt 0.64957554 0.16458333
vt 0.64957554 0.16458333
vt 0.64957554 0.16458333
vt 0.64957554 0.16458333
vt 0.64957554 0.16458333
vt 0.64957554 0.16458333
vt 0.64957554 0.16458333
vt 0.64957554 0.16458333
vt 0.64957554 0.16458333
vt 0.64957554 0.16458333
vt 0.64957554 0.16458333
vt 0.64957554 0.16458333
vt 0.64957554 0.16458333
vt 0.64957554 0.16458333
vt 0.64957554 0.16458333
vt 0.64957554 0.16458333
vt 0.64957554 0.16458333
vt 0.64957554 0.16458333
vt 0.64957554 0.16458333
vt 0.64957554 0.16458333
vt 0.64957554 0.16458333
vt 0.64957554 0.16458333
vt 0.64957554 0.16458333
vt 0.64957554 0.16458333
vt 0.64957554 0.16458333
vt 0.64957554 0.16458333
vt 0.64957554 0.16458333
vt 0.64957554 0.16458333
vt 0.64957554 0.16458333
vt 0.64957554 0.16458333
vt 0.64957554 0.16458333
vt 0.64957554 0.16458333
vt 0.64957554 0.16458333
vt 0.64957554 0.16458333
vt 0.64957554 0.16458333
vt 0.64957554 0.16458333
vt 0.64957554 0.16458333
vt 0.64957554 0.16458333
vt 0.64957554 0.16458333
vt 0.64957554 0.16458333
vt 0.64957554 0.16458333
vt 0.64957554 0.16458333
vt 0.64957554 0.16458333
vt 0.64957554 0.16458333
vt 0.64957554 0.16458333
vt 0.64957554 0.16458333
vt 0.64957554 0.16458333
vt 0.64957554 0.16458333
vt 0.64957554 0.16458333
vt 0.64957554 0.16458333
vt 0.64957554 0.16458333
vt 0.64957554 0.16458333
vt 0.64957554 0.16458333
vt 0.64957554 0.16458333
vt 0.64957554 0.16458333
vt 0.64957554 0.16458333
vt 0.64957554 0.16458333
vt 0.64957554 0.16458333
vt 0.64957554 0.16458333
vt 0.64957554 0.16458333
vt 0.64957554 0.16458333
vt 0.64957554 0.16458333
vt 0.34999577 0.28567708
vt 0.34999577 0.28567708
vt 0.34999577 0.28567708
vt 0.34999577 0.28567708
vt 0.34999577 0.28567708
vt 0.34999577 0.28567708
vt 0.34999577 0.28567708
vt 0.34999577 0.28567708
vt 0.34999577 0.28567708
vt 0.34999577 0.28567708
vt 0.34999577 0.28567708
vt 0.34999577 0.28567708
vt 0.34999577 0.28567708
vt 0.34999577 0.28567708
vt 0.34999577 0.28567708
vt 0.34999577 0.28567708
vt 0.34999577 0.28567708
vt 0.34999577 0.28567708
vt 0.34999577 0.28567708
vt 0.34999577 0.28567708
vt 0.34999577 0.28567708
vt 0.34999577 0.28567708
vt 0.34999577 0.28567708
vt 0.34999577 0.28567708
vt 0.34999577 0.28567708
vt 0.39687077 0.28567708
vt 0.39687077 0.28567708
vt 0.39687077 0.28567708
vt 0.39687077 0.28567708
vt 0.39687077 0.28567708
vt 0.39687077 0.28567708
vt 0.39687077 0.28567708
vt 0.39687077 0.28567708
vt 0.39687077 0.28567708
vt 0.39687077 0.28567708
vt 0.39687077 0.28567708
vt 0.39687077 0.28567708
vt 0.39687077 0.28567708
vt 0.39687077 0.28567708
vt 0.39687077 0.28567708
vt 0.39687077 0.28567708
vt 0.39687077 0.28567708
vt 0.39687077 0.28567708
vt 0.39687077 0.28567708
vt 0.39687077 0.28567708
vt 0.39687077 0.28567708
vt 0.39687077 0.28567708
vt 0.39687077 0.28567708
vt 0.39687077 0.28567708
vt 0.39687077 0.28567708
vt 0.64957554 0.16458333
vt 0.64957554 0.16458333
vt 0.64957554 0.16458333
vt 0.64957554 0.16458333
vt 0.64957554 0.16458333
vt 0.64957554 0.16458333
vt 0.64957554 0.16458333
vt 0.64957554 0.16458333
vt 0.64957554 0.16458333
vt 0.64957554 0.16458333
vt 0.64957554 0.16458333
vt 0.64957554 0.16458333
vt 0.64957554 0.16458333
vt 0.64957554 0.16458333
vt 0.64957554 0.16458333
vt 0.64957554 0.16458333
vt 0.64957554 0.16458333
vt 0.64957554 0.16458333
vt 0.64957554 0.16458333
vt 0.64957554 0.16458333
vt 0.64957554 0.16458333
vt 0.64957554 0.16458333
vt 0.64957554 0.16458333
vt 0.64957554 0.16458333
vt 0.64957554 0.16458333
vt 0.64957554 0.16458333
vt 0.64957554 0.16458333
vt 0.64957554 0.16458333
vt 0.64957554 0.16458333
vt 0.64957554 0.16458333
vt 0.64957554 0.16458333
vt 0.64957554 0.16458333
vt 0.64957554 0.16458333
vt 0.64957554 0.16458333
vt 0.64957554 0.16458333
vt 0.64957554 0.16458333
vt 0.64957554 0.16458333
vt 0.64957554 0.16458333
vt 0.64957554 0.16458333
vt 0.64957554 0.16458333
vt 0.64957554 0.16458333
vt 0.64957554 0.16458333
vt 0.64957554 0.16458333
vt 0.64957554 0.16458333
vt 0.64957554 0.16458333
vt 0.64957554 0.16458333
vt 0.64957554 0.16458333
vt 0.64957554 0.16458333
vt 0.64957554 0.16458333
vt 0.64957554 0.16458333
vt 0.64957554 0.16458333
vt 0.64957554 0.16458333
vt 0.64957554 0.16458333
vt 0.64957554 0.16458333
vt 0.64957554 0.16458333
vt 0.64957554 0.16458333
vt 0.64957554 0.16458333
vt 0.64957554 0.16458333
vt 0.64957554 0.16458333
vt 0.64957554 0.16458333
vt 0.64957554 0.16458333
vt 0.64957554 0.16458333
vt 0.64957554 0.16458333
vt 0.64957554 0.16458333
vt 0.64957554 0.16458333
vt 0.64957554 0.16458333
vt 0.64957554 0.16458333
vt 0.64957554 0.16458333
vt 0.64957554 0.16458333
vt 0.64957554 0.16458333
vt 0.64957554 0.16458333
vt 0.64957554 0.16458333
vt 0.64957554 0.16458333
vt 0.64957554 0.16458333
vt 0.64957554 0.16458333
vt 0.64957554 0.16458333
vt 0.64957554 0.16458333
vt 0.64957554 0.16458333
vt 0.64957554 0.16458333
vt 0.64957554 0.16458333
vt 0.64957554 0.16458333
vt 0.64957554 0.16458333
vt 0.64957554 0.16458333
vt 0.64957554 0.16458333
vt 0.64957554 0.16458333
vt 0.64957554 0.16458333
vt 0.64957554 0.16458333
vt 0.64957554 0.16458333
vt 0.64957554 0.16458333
vt 0.64957554 0.16458333
vt 0.64957554 0.16458333
vt 0.64957554 0.16458333
vt 0.64957554 0.16458333
vt 0.64957554 0.16458333
vt 0.64957554 0.16458333
vt 0.64957554 0.16458333
vt 0.64957554 0.16458333
vt 0.64957554 0.16458333
vt 0.64957554 0.16458333
vt 0.64957554 0.16458333
vt 0.64957554 0.16458333
vt 0.64957554 0.16458333
vt 0.64957554 0.16458333
vt 0.64957554 0.16458333
vt 0.64957554 0.16458333
vt 0.64957554 0.16458333
vt 0.64957554 0.16458333
vt 0.64957554 0.16458333
vt 0.64957554 0.16458333
vt 0.64957554 0.16458333
vt 0.64957554 0.16458333
vt 0.64957554 0.16458333
vt 0.64957554 0.16458333
vt 0.64957554 0.16458333
vt 0.64957554 0.16458333
vt 0.64957554 0.16458333
vt 0.64957554 0.16458333
vt 0.34999577 0.28567708
vt 0.34999577 0.28567708
vt 0.34999577 0.28567708
vt 0.34999577 0.28567708
vt 0.34999577 0.28567708
vt 0.34999577 0.28567708
vt 0.34999577 0.28567708
vt 0.34999577 0.28567708
vt 0.34999577 0.28567708
vt 0.34999577 0.28567708
vt 0.34999577 0.28567708
vt 0.34999577 0.28567708
vt 0.34999577 0.28567708
vt 0.34999577 0.28567708
vt 0.34999577 0.28567708
vt 0.34999577 0.28567708
vt 0.34999577 0.28567708
vt 0.34999577 0.28567708
vt 0.34999577 0.28567708
vt 0.34999577 0.28567708
vt 0.34999577 0.28567708
vt 0.34999577 0.28567708
vt 0.34999577 0.28567708
vt 0.34999577 0.28567708
vt 0.34999577 0.28567708
vt 0.34999577 0.28567708
vt 0.34999577 0.28567708
vt 0.34999577 0.28567708
vt 0.34999577 0.28567708
vt 0.34999577 0.28567708
vt 0.34999577 0.28567708
vt 0.34999577 0.28567708
vt 0.34999577 0.28567708
vt 0.34999577 0.28567708
vt 0.34999577 0.28567708
vt 0.34999577 0.28567708
vt 0.34999577 0.28567708
vt 0.34999577 0.28567708
vt 0.34999577 0.28567708
vt 0.34999577 0.28567708
vt 0.34999577 0.28567708
vt 0.34999577 0.28567708
vt 0.34999577 0.28567708
vt 0.34999577 0.28567708
vt 0.34999577 0.28567708
vt 0.34999577 0.28567708
vt 0.34999577 0.28567708
vt 0.34999577 0.28567708
vt 0.39687077 0.28567708
vt 0.39687077 0.28567708
vt 0.39687077 0.28567708
vt 0.39687077 0.28567708
vt 0.39687077 0.28567708
vt 0.39687077 0.28567708
vt 0.39687077 0.28567708
vt 0.39687077 0.28567708
vt 0.39687077 0.28567708
vt 0.39687077 0.28567708
vt 0.39687077 0.28567708
vt 0.39687077 0.28567708
vt 0.39687077 0.28567708
vt 0.39687077 0.28567708
vt 0.39687077 0.28567708
vt 0.39687077 0.28567708
vt 0.39687077 0.28567708
vt 0.39687077 0.28567708
vt 0.39687077 0.28567708
vt 0.39687077 0.28567708
vt 0.39687077 0.28567708
vt 0.39687077 0.28567708
vt 0.39687077 0.28567708
vt 0.39687077 0.28567708
vt 0.39687077 0.28567708
vt 0.39687077 0.28567708
vt 0.39687077 0.28567708
vt 0.39687077 0.28567708
vt 0.39687077 0.28567708
vt 0.39687077 0.28567708
vt 0.39687077 0.28567708
vt 0.39687077 0.28567708
vt 0.39687077 0.28567708
vt 0.39687077 0.28567708
vt 0.39687077 0.28567708
vt 0.39687077 0.28567708
vt 0.39687077 0.28567708
vt 0.39687077 0.28567708
vt 0.39687077 0.28567708
vt 0.39687077 0.28567708
vt 0.39687077 0.28567708
vt 0.39687077 0.28567708
vt 0.39687077 0.28567708
vt 0.39687077 0.28567708
vt 0.39687077 0.28567708
vt 0.39687077 0.28567708
vt 0.39687077 0.28567708
vt 0.39687077 0.28567708
vt 0.50747609 0.28567708
vt 0.50747609 0.28567708
vt 0.50747609 0.28567708
vt 0.50747609 0.28567708
vt 0.50747609 0.28567708
vt 0.50747609 0.28567708
vt 0.50747609 0.28567708
vt 0.50747609 0.28567708
vt 0.50747609 0.28567708
vt 0.50747609 0.28567708
vt 0.50747609 0.28567708
vt 0.50747609 0.28567708
vt 0.50747609 0.28567708
vt 0.50747609 0.28567708
vt 0.50747609 0.28567708
vt 0.50747609 0.28567708
vt 0.50747609 0.28567708
vt 0.50747609 0.28567708
vt 0.50747609 0.28567708
vt 0.50747609 0.28567708
vt 0.50747609 0.28567708
vt 0.50747609 0.28567708
vt 0.50747609 0.28567708
vt 0.50747609 0.28567708
vt 0.50747609 0.28567708
vt 0.50747609 0.28567708
vt 0.50747609 0.28567708
vt 0.50747609 0.28567708
vt 0.50747609 0.28567708
vt 0.50747609 0.28567708
vt 0.50747609 0.28567708
vt 0.50747609 0.28567708
vt 0.50747609 0.28567708
vt 0.50747609 0.28567708
vt 0.50747609 0.28567708
vt 0.50747609 0.28567708
vt 0.50747609 0.28567708
vt 0.50747609 0.28567708
vt 0.50747609 0.28567708
vt 0.50747609 0.28567708
vt 0.50747609 0.28567708
vt 0.50747609 0.28567708
vt 0.50747609 0.28567708
vt 0.50747609 0.28567708
vt 0.50747609 0.28567708
vt 0.50747609 0.28567708
vt 0.50747609 0.28567708
vt 0.50747609 0.28567708
vt 0.50747609 0.28567708
vt 0.50747609 0.28567708
vt 0.50747609 0.28567708
vt 0.50747609 0.28567708
vt 0.50747609 0.28567708
vt 0.50747609 0.28567708
vt 0.50747609 0.28567708
vt 0.50747609 0.28567708
vt 0.50747609 0.28567708
vt 0.50747609 0.28567708
vt 0.50747609 0.28567708
vt 0.50747609 0.28567708
vt 0.50747609 0.28567708
vt 0.50747609 0.28567708
vt 0.50747609 0.28567708
vt 0.50747609 0.28567708
vt 0.50747609 0.28567708
vt 0.50747609 0.28567708
vt 0.50747609 0.28567708
vt 0.50747609 0.28567708
vt 0.50747609 0.28567708
vt 0.50747609 0.28567708
vt 0.50747609 0.28567708
vt 0.50747609 0.28567708
vt 0.50747609 0.28567708
vt 0.50747609 0.28567708
vt 0.50747609 0.28567708
vt 0.50747609 0.28567708
vt 0.50747609 0.28567708
vt 0.50747609 0.28567708
vt 0.50747609 0.28567708
vt 0.50747609 0.28567708
vt 0.50747609 0.28567708
vt 0.50747609 0.28567708
vt 0.50747609 0.28567708
vt 0.50747609 0.28567708
vt 0.50747609 0.28567708
vt 0.50747609 0.28567708
vt 0.50747609 0.28567708
vt 0.50747609 0.28567708
vt 0.50747609 0.28567708
vt 0.50747609 0.28567708
vt 0.50747609 0.28567708
vt 0.50747609 0.28567708
vt 0.50747609 0.28567708
vt 0.50747609 0.28567708
vt 0.50747609 0.28567708
vt 0.50747609 0.28567708
vt 0.50747609 0.28567708
vt 0.50747609 0.28567708
vt 0.50747609 0.28567708
vt 0.50747609 0.28567708
vt 0.50747609 0.28567708
vt 0.50747609 0.28567708
vt 0.50747609 0.28567708
vt 0.50747609 0.28567708
vt 0.50747609 0.28567708
vt 0.50747609 0.28567708
vt 0.50747609 0.28567708
vt 0.50747609 0.28567708
vt 0.50747609 0.28567708
vt 0.50747609 0.28567708
vt 0.50747609 0.28567708
vt 0.50747609 0.28567708
vt 0.50747609 0.28567708
vt 0.50747609 0.28567708
vt 0.50747609 0.28567708
vt 0.50747609 0.28567708
vt 0.50747609 0.28567708
vt 0.50747609 0.28567708
vt 0.50747609 0.28567708
vt 0.50747609 0.28567708
vt 0.50747609 0.28567708
vt 0.50747609 0.28567708
vt 0.50747609 0.28567708
vt 0.50747609 0.28567708
vt 0.50747609 0.28567708
vt 0.50747609 0.28567708
vt 0.50747609 0.28567708
vt 0.50747609 0.28567708
vt 0.50747609 0.28567708
vt 0.50747609 0.28567708
vt 0.50747609 0.28567708
vt 0.50747609 0.28567708
vt 0.50747609 0.28567708
vt 0.50747609 0.28567708
vt 0.50747609 0.28567708
vt 0.50747609 0.28567708
vt 0.50747609 0.28567708
vt 0.50747609 0.28567708
vt 0.50747609 0.28567708
vt 0.50747609 0.28567708
vt 0.50747609 0.28567708
vt 0.50747609 0.28567708
vt 0.50747609 0.28567708
vt 0.50747609 0.28567708
vt 0.50747609 0.28567708
vt 0.50747609 0.28567708
vt 0.50747609 0.28567708
vt 0.50747609 0.28567708
vt 0.50747609 0.28567708
vt 0.50747609 0.28567708
vt 0.50747609 0.28567708
vt 0.50747609 0.28567708
vt 0.50747609 0.28567708
vt 0.50747609 0.28567708
vt 0.50747609 0.28567708
vt 0.50747609 0.28567708
vt 0.50747609 0.28567708
vt 0.50747609 0.28567708
vt 0.50747609 0.28567708
vt 0.50747609 0.28567708
vt 0.50747609 0.28567708
vt 0.50747609 0.28567708
vt 0.50747609 0.28567708
vt 0.50747609 0.28567708
vt 0.50747609 0.28567708
vt 0.50747609 0.28567708
vt 0.50747609 0.28567708
vt 0.50747609 0.28567708
vt 0.50747609 0.28567708
vt 0.50747609 0.28567708
vt 0.50747609 0.28567708
vt 0.50747609 0.28567708
vt 0.50747609 0.28567708
vt 0.50747609 0.28567708
vt 0.50747609 0.28567708
vt 0.50747609 0.28567708
vt 0.50747609 0.28567708
vt 0.50747609 0.28567708
vt 0.50747609 0.28567708
vt 0.50747609 0.28567708
vt 0.50747609 0.28567708
vt 0.50747609 0.28567708
vt 0.50747609 0.28567708
vt 0.50747609 0.28567708
vt 0.50747609 0.28567708
vt 0.50747609 0.28567708
vt 0.50747609 0.28567708
vt 0.50747609 0.28567708
vt 0.50747609 0.28567708
vt 0.50747609 0.28567708
vt 0.50747609 0.28567708
vt 0.50747609 0.28567708
vt 0.50747609 0.28567708
vt 0.50747609 0.28567708
vt 0.50747609 0.28567708
vt 0.50747609 0.28567708
vt 0.50747609 0.28567708
vt 0.50747609 0.28567708
vt 0.50747609 0.28567708
vt 0.50747609 0.28567708
vt 0.50747609 0.28567708
vt 0.50747609 0.28567708
vt 0.50747609 0.28567708
vt 0.50747609 0.28567708
vt 0.50747609 0.28567708
vt 0.50747609 0.28567708
vt 0.50747609 0.28567708
vt 0.50747609 0.28567708
vt 0.50747609 0.28567708
vt 0.50747609 0.28567708
vt 0.50747609 0.28567708
vt 0.50747609 0.28567708
vt 0.50747609 0.28567708
vt 0.50747609 0.28567708
vt 0.50747609 0.28567708
vt 0.50747609 0.28567708
vt 0.55435109 0.28567708
vt 0.55435109 0.28567708
vt 0.55435109 0.28567708
vt 0.55435109 0.28567708
vt 0.55435109 0.28567708
vt 0.55435109 0.28567708
vt 0.55435109 0.28567708
vt 0.55435109 0.28567708
vt 0.55435109 0.28567708
vt 0.55435109 0.28567708
vt 0.55435109 0.28567708
vt 0.55435109 0.28567708
vt 0.55435109 0.28567708
vt 0.55435109 0.28567708
vt 0.55435109 0.28567708
vt 0.55435109 0.28567708
vt 0.55435109 0.28567708
vt 0.55435109 0.28567708
vt 0.55435109 0.28567708
vt 0.55435109 0.28567708
vt 0.55435109 0.28567708
vt 0.55435109 0.28567708
vt 0.55435109 0.28567708
vt 0.55435109 0.28567708
vt 0.55435109 0.28567708
vt 0.55435109 0.28567708
vt 0.55435109 0.28567708
vt 0.55435109 0.28567708
vt 0.55435109 0.28567708
vt 0.55435109 0.28567708
vt 0.55435109 0.28567708
vt 0.55435109 0.28567708
vt 0.55435109 0.28567708
vt 0.55435109 0.28567708
vt 0.55435109 0.28567708
vt 0.55435109 0.28567708
vt 0.55435109 0.28567708
vt 0.55435109 0.28567708
vt 0.55435109 0.28567708
vt 0.55435109 0.28567708
vt 0.55435109 0.28567708
vt 0.55435109 0.28567708
vt 0.55435109 0.28567708
vt 0.55435109 0.28567708
vt 0.55435109 0.28567708
vt 0.55435109 0.28567708
vt 0.55435109 0.28567708
vt 0.55435109 0.28567708
vt 0.55435109 0.28567708
vt 0.55435109 0.28567708
vt 0.55435109 0.28567708
vt 0.55435109 0.28567708
vt 0.55435109 0.28567708
vt 0.55435109 0.28567708
vt 0.55435109 0.28567708
vt 0.55435109 0.28567708
vt 0.55435109 0.28567708
vt 0.55435109 0.28567708
vt 0.55435109 0.28567708
vt 0.55435109 0.28567708
vt 0.55435109 0.28567708
vt 0.55435109 0.28567708
vt 0.55435109 0.28567708
vt 0.55435109 0.28567708
vt 0.55435109 0.28567708
vt 0.55435109 0.28567708
vt 0.55435109 0.28567708
vt 0.55435109 0.28567708
vt 0.55435109 0.28567708
vt 0.55435109 0.28567708
vt 0.55435109 0.28567708
vt 0.55435109 0.28567708
vt 0.55435109 0.28567708
vt 0.55435109 0.28567708
vt 0.55435109 0.28567708
vt 0.55435109 0.28567708
vt 0.55435109 0.28567708
vt 0.55435109 0.28567708
vt 0.55435109 0.28567708
vt 0.55435109 0.28567708
vt 0.55435109 0.28567708
vt 0.55435109 0.28567708
vt 0.55435109 0.28567708
vt 0.55435109 0.28567708
vt 0.55435109 0.28567708
vt 0.55435109 0.28567708
vt 0.55435109 0.28567708
vt 0.55435109 0.28567708
vt 0.55435109 0.28567708
vt 0.55435109 0.28567708
vt 0.55435109 0.28567708
vt 0.55435109 0.28567708
vt 0.55435109 0.28567708
vt 0.55435109 0.28567708
vt 0.55435109 0.28567708
vt 0.55435109 0.28567708
vt 0.55435109 0.28567708
vt 0.55435109 0.28567708
vt 0.55435109 0.28567708
vt 0.55435109 0.28567708
vt 0.55435109 0.28567708
vt 0.55435109 0.28567708
vt 0.55435109 0.28567708
vt 0.55435109 0.28567708
vt 0.55435109 0.28567708
vt 0.55435109 0.28567708
vt 0.55435109 0.28567708
vt 0.55435109 0.28567708
vt 0.55435109 0.28567708
vt 0.55435109 0.28567708
vt 0.55435109 0.28567708
vt 0.55435109 0.28567708
vt 0.55435109 0.28567708
vt 0.55435109 0.28567708
vt 0.55435109 0.28567708
vt 0.55435109 0.28567708
vt 0.55435109 0.28567708
vt 0.55435109 0.28567708
vt 0.55435109 0.28567708
vt 0.55435109 0.28567708
vt 0.55435109 0.28567708
vt 0.55435109 0.28567708
vt 0.55435109 0.28567708
vt 0.55435109 0.28567708
vt 0.55435109 0.28567708
vt 0.55435109 0.28567708
vt 0.55435109 0.28567708
vt 0.55435109 0.28567708
vt 0.55435109 0.28567708
vt 0.55435109 0.28567708
vt 0.55435109 0.28567708
vt 0.55435109 0.28567708
vt 0.55435109 0.28567708
vt 0.55435109 0.28567708
vt 0.55435109 0.28567708
vt 0.55435109 0.28567708
vt 0.55435109 0.28567708
vt 0.55435109 0.28567708
vt 0.55435109 0.28567708
vt 0.55435109 0.28567708
vt 0.55435109 0.28567708
vt 0.55435109 0.28567708
vt 0.55435109 0.28567708
vt 0.55435109 0.28567708
vt 0.55435109 0.28567708
vt 0.55435109 0.28567708
vt 0.55435109 0.28567708
vt 0.55435109 0.28567708
vt 0.55435109 0.28567708
vt 0.55435109 0.28567708
vt 0.55435109 0.28567708
vt 0.55435109 0.28567708
vt 0.55435109 0.28567708
vt 0.55435109 0.28567708
vt 0.55435109 0.28567708
vt 0.55435109 0.28567708
vt 0.55435109 0.28567708
vt 0.55435109 0.28567708
vt 0.55435109 0.28567708
vt 0.55435109 0.28567708
vt 0.55435109 0.28567708
vt 0.55435109 0.28567708
vt 0.55435109 0.28567708
vt 0.55435109 0.28567708
vt 0.55435109 0.28567708
vt 0.55435109 0.28567708
vt 0.55435109 0.28567708
vt 0.55435109 0.28567708
vt 0.55435109 0.28567708
vt 0.55435109 0.28567708
vt 0.55435109 0.28567708
vt 0.55435109 0.28567708
vt 0.55435109 0.28567708
vt 0.55435109 0.28567708
vt 0.55435109 0.28567708
vt 0.55435109 0.28567708
vt 0.55435109 0.28567708
vt 0.55435109 0.28567708
vt 0.55435109 0.28567708
vt 0.55435109 0.28567708
vt 0.55435109 0.28567708
vt 0.55435109 0.28567708
vt 0.55435109 0.28567708
vt 0.55435109 0.28567708
vt 0.55435109 0.28567708
vt 0.55435109 0.28567708
vt 0.55435109 0.28567708
vt 0.55435109 0.28567708
vt 0.55435109 0.28567708
vt 0.55435109 0.28567708
vt 0.55435109 0.28567708
vt 0.55435109 0.28567708
vt 0.55435109 0.28567708
vt 0.55435109 0.28567708
vt 0.55435109 0.28567708
vt 0.55435109 0.28567708
vt 0.55435109 0.28567708
vt 0.55435109 0.28567708
vt 0.55435109 0.28567708
vt 0.55435109 0.28567708
vt 0.55435109 0.28567708
vt 0.55435109 0.28567708
vt 0.55435109 0.28567708
vt 0.55435109 0.28567708
vt 0.55435109 0.28567708
vt 0.55435109 0.28567708
vt 0.55435109 0.28567708
vt 0.55435109 0.28567708
vt 0.55435109 0.28567708
vt 0.55435109 0.28567708
vt 0.55435109 0.28567708
vt 0.55435109 0.28567708
vt 0.55435109 0.28567708
vt 0.55435109 0.28567708
vt 0.55435109 0.28567708
vt 0.55435109 0.28567708
f 1/1 7/7 11/11
f 7/7 1/1 16/16
f 12/12 6/6 4/4
f 15/15 4/4 6/6
f 5/5 18/18 9/9
f 10/10 17/17 8/8
f 9/9 24/24 3/3
f 2/2 23/23 10/10
f 3/3 27/27 13/13
f 14/14 26/26 2/2
f 7/7 16/16 30/30
f 29/29 15/15 6/6
f 18/18 5/5 36/36
f 34/34 8/8 17/17
f 24/24 9/9 18/18
f 17/17 10/10 23/23
f 27/27 3/3 24/24
f 23/23 2/2 26/26
f 38/38 13/13 27/27
f 26/26 14/14 39/39
f 30/30 16/16 44/44
f 41/41 15/15 29/29
f 32/32 36/36 5/5
f 8/8 34/34 31/31
f 33/33 22/22 19/19
f 20/20 21/21 35/35
f 36/36 45/45 18/18
f 17/17 46/46 34/34
f 18/18 51/51 24/24
f 23/23 50/50 17/17
f 22/22 56/56 28/28
f 25/25 55/55 21/21
f 24/24 57/57 27/27
f 26/26 58/58 23/23
f 13/13 38/38 42/42
f 43/43 39/39 14/14
f 28/28 62/62 37/37
f 40/40 61/61 25/25
f 27/27 66/66 38/38
f 39/39 65/65 26/26
f 30/30 44/44 69/69
f 72/72 41/41 29/29
f 36/36 32/32 54/54
f 53/53 31/31 34/34
f 22/22 33/33 56/56
f 55/55 35/35 21/21
f 45/45 36/36 73/73
f 76/76 34/34 46/46
f 51/51 18/18 45/45
f 46/46 17/17 50/50
f 57/57 24/24 51/51
f 50/50 23/23 58/58
f 28/28 56/56 62/62
f 61/61 55/55 25/25
f 66/66 27/27 57/57
f 58/58 26/26 65/65
f 38/38 78/78 42/42
f 43/43 79/79 39/39
f 37/37 62/62 84/84
f 82/82 61/61 40/40
f 66/66 87/87 38/38
f 39/39 85/85 65/65
f 69/69 44/44 80/80
f 77/77 41/41 72/72
f 70/70 54/54 32/32
f 31/31 53/53 71/71
f 54/54 73/73 36/36
f 34/34 76/76 53/53
f 74/74 52/52 48/48
f 47/47 49/49 75/75
f 52/52 91/91 60/60
f 59/59 92/92 49/49
f 54/54 70/70 63/63
f 64/64 71/71 53/53
f 63/63 90/90 54/54
f 53/53 89/89 64/64
f 60/60 95/95 68/68
f 67/67 96/96 59/59
f 78/78 38/38 87/87
f 85/85 39/39 79/79
f 70/70 83/83 63/63
f 64/64 81/81 71/71
f 98/98 63/63 83/83
f 81/81 64/64 97/97
f 37/37 84/84 88/88
f 86/86 82/82 40/40
f 87/87 66/66 101/101
f 102/102 65/65 85/85
f 69/69 80/80 108/108
f 105/105 77/77 72/72
f 73/73 54/54 90/90
f 89/89 53/53 76/76
f 52/52 74/74 91/91
f 92/92 75/75 49/49
f 60/60 91/91 95/95
f 96/96 92/92 59/59
f 90/90 63/63 94/94
f 93/93 64/64 89/89
f 68/68 95/95 99/99
f 100/100 96/96 67/67
f 87/87 112/112 78/78
f 79/79 110/110 85/85
f 83/83 70/70 106/106
f 107/107 71/71 81/81
f 63/63 98/98 94/94
f 93/93 97/97 64/64
f 83/83 116/116 98/98
f 97/97 113/113 81/81
f 88/88 84/84 117/117
f 120/120 82/82 86/86
f 68/68 99/99 103/103
f 104/104 100/100 67/67
f 101/101 123/123 87/87
f 85/85 122/122 102/102
f 108/108 80/80 109/109
f 111/111 77/77 105/105
f 112/112 87/87 123/123
f 122/122 85/85 110/110
f 106/106 119/119 83/83
f 81/81 118/118 107/107
f 116/116 83/83 119/119
f 118/118 81/81 113/113
f 103/103 99/99 114/114
f 115/115 100/100 104/104
f 88/88 117/117 121/121
f 124/124 120/120 86/86
f 123/123 101/101 127/127
f 128/128 102/102 122/122
f 108/108 109/109 131/131
f 129/129 111/111 105/105
f 123/123 134/134 112/112
f 110/110 136/136 122/122
f 119/119 106/106 130/130
f 132/132 107/107 118/118
f 119/119 139/139 116/116
f 113/113 138/138 118/118
f 103/103 114/114 126/126
f 125/125 115/115 104/104
f 121/121 117/117 142/142
f 141/141 120/120 124/124
f 127/127 145/145 123/123
f 122/122 147/147 128/128
f 131/131 109/109 133/133
f 135/135 111/111 129/129
f 134/134 123/123 145/145
f 147/147 122/122 136/136
f 130/130 144/144 119/119
f 118/118 143/143 132/132
f 139/139 119/119 144/144
f 143/143 118/118 138/138
f 126/126 114/114 137/137
f 140/140 115/115 125/125
f 121/121 142/142 146/146
f 148/148 141/141 124/124
f 145/145 127/127 151/151
f 152/152 128/128 147/147
f 131/131 133/133 155/155
f 156/156 135/135 129/129
f 145/145 157/157 134/134
f 136/136 159/159 147/147
f 144/144 130/130 154/154
f 153/153 132/132 143/143
f 144/144 164/164 139/139
f 138/138 163/163 143/143
f 126/126 137/137 150/150
f 149/149 140/140 125/125
f 146/146 142/142 168/168
f 167/167 141/141 148/148
f 151/151 170/170 145/145
f 147/147 169/169 152/152
f 155/155 133/133 158/158
f 160/160 135/135 156/156
f 157/157 145/145 170/170
f 169/169 147/147 159/159
f 154/154 165/165 144/144
f 143/143 166/166 153/153
f 164/164 144/144 165/165
f 166/166 143/143 163/163
f 150/150 137/137 161/161
f 162/162 140/140 149/149
f 146/146 168/168 171/171
f 172/172 167/167 148/148
f 170/170 151/151 175/175
f 174/174 152/152 169/169
f 155/155 158/158 180/180
f 179/179 160/160 156/156
f 170/170 181/181 157/157
f 159/159 183/183 169/169
f 165/165 154/154 178/178
f 177/177 153/153 166/166
f 165/165 186/186 164/164
f 163/163 187/187 166/166
f 150/150 161/161 173/173
f 176/176 162/162 149/149
f 171/171 168/168 192/192
f 191/191 167/167 172/172
f 175/175 193/193 170/170
f 169/169 195/195 174/174
f 180/180 158/158 182/182
f 184/184 160/160 179/179
f 181/181 170/170 193/193
f 195/195 169/169 183/183
f 178/178 190/190 165/165
f 166/166 189/189 177/177
f 186/186 165/165 190/190
f 189/189 166/166 187/187
f 173/173 161/161 188/188
f 185/185 162/162 176/176
f 171/171 192/192 194/194
f 196/196 191/191 172/172
f 193/193 175/175 198/198
f 197/197 174/174 195/195
f 180/180 182/182 201/201
f 202/202 184/184 179/179
f 193/193 205/205 181/181
f 183/183 207/207 195/195
f 190/190 178/178 203/203
f 204/204 177/177 189/189
f 190/190 211/211 186/186
f 187/187 210/210 189/189
f 173/173 188/188 199/199
f 200/200 185/185 176/176
f 194/194 192/192 214/214
f 213/213 191/191 196/196
f 198/198 217/217 193/193
f 195/195 218/218 197/197
f 201/201 182/182 208/208
f 206/206 184/184 202/202
f 205/205 193/193 217/217
f 218/218 195/195 207/207
f 203/203 215/215 190/190
f 189/189 216/216 204/204
f 211/211 190/190 215/215
f 216/216 189/189 210/210
f 199/199 188/188 212/212
f 209/209 185/185 200/200
f 194/194 214/214 220/220
f 219/219 213/213 196/196
f 217/217 198/198 222/222
f 224/224 197/197 218/218
f 201/201 208/208 227/227
f 225/225 206/206 202/202
f 230/230 205/205 217/217
f 218/218 207/207 231/231
f 215/215 203/203 226/226
f 228/228 204/204 216/216
f 236/236 211/211 215/215
f 216/216 210/210 234/234
f 199/199 212/212 221/221
f 223/223 209/209 200/200
f 220/220 214/214 235/235
f 233/233 213/213 219/219
f 239/239 217/217 222/222
f 224/224 218/218 240/240
f 227/227 208/208 244/244
f 243/243 206/206 225/225
f 205/205 230/230 242/242
f 241/241 231/231 207/207
f 220/220 235/235 229/229
f 232/232 233/233 219/219
f 217/217 239/239 230/230
f 231/231 240/240 218/218
f 248/248 215/215 226/226
f 228/228 216/216 247/247
f 211/211 236/236 251/251
f 250/250 234/234 210/210
f 215/215 248/248 236/236
f 234/234 247/247 216/216
f 221/221 212/212 252/252
f 249/249 209/209 223/223
f 221/221 252/252 238/238
f 237/237 249/249 223/223
f 227/227 244/244 245/245
f 246/246 243/243 225/225
f 254/254 242/242 230/230
f 231/231 241/241 253/253
f 229/229 235/235 258/258
f 260/260 233/233 232/232
f 261/261 230/230 239/239
f 240/240 231/231 264/264
f 257/257 251/251 236/236
f 234/234 250/250 259/259
f 268/268 236/236 248/248
f 247/247 234/234 266/266
f 238/238 252/252 270/270
f 269/269 249/249 237/237
f 245/245 244/244 273/273
f 274/274 243/243 246/246
f 242/242 254/254 276/276
f 275/275 253/253 241/241
f 229/229 258/258 256/256
f 255/255 260/260 232/232
f 230/230 261/261 254/254
f 253/253 264/264 231/231
f 236/236 268/268 257/257
f 259/259 266/266 234/234
f 238/238 270/270 262/262
f 263/263 269/269 237/237
f 251/251 257/257 271/271
f 272/272 259/259 250/250
f 245/245 273/273 267/267
f 265/265 274/274 246/246
f 280/280 276/276 254/254
f 253/253 275/275 279/279
f 256/256 258/258 277/277
f 278/278 260/260 255/255
f 283/283 254/254 261/261
f 264/264 253/253 281/281
f 286/286 257/257 268/268
f 266/266 259/259 287/287
f 262/262 270/270 282/282
f 284/284 269/269 263/263
f 280/280 271/271 257/257
f 259/259 272/272 279/279
f 267/267 273/273 285/285
f 288/288 274/274 265/265
f 276/276 280/280 286/286
f 287/287 279/279 275/275
f 254/254 283/283 280/280
f 279/279 281/281 253/253
f 257/257 286/286 280/280
f 279/279 287/287 259/259
f 271/271 280/280 283/283
f 281/281 279/279 272/272
f 289/289 291/291 293/293
f 294/294 292/292 290/290
f 295/295 296/296 297/297
f 298/298 299/299 300/300
f 301/301 302/302 303/303
f 304/304 305/305 306/306
f 296/296 295/295 301/301
f 306/306 300/300 299/299
f 295/295 297/297 307/307
f 308/308 298/298 300/300
f 307/307 297/297 309/309
f 310/310 298/298 308/308
f 311/311 309/309 312/312
f 313/313 310/310 314/314
f 307/307 309/309 311/311
f 314/314 310/310 308/308
f 311/311 312/312 315/315
f 316/316 313/313 314/314
f 317/317 318/318 319/319
f 320/320 321/321 322/322
f 318/318 317/317 323/323
f 324/324 322/322 321/321
f 325/325 326/326 327/327
f 328/328 329/329 330/330
f 326/326 325/325 331/331
f 332/332 330/330 329/329
f 333/333 325/325 327/327
f 328/328 330/330 334/334
f 326/326 331/331 335/335
f 336/336 332/332 329/329
f 337/337 338/338 339/339
f 340/340 341/341 342/342
f 325/325 333/333 343/343
f 344/344 334/334 330/330
f 335/335 331/331 345/345
f 346/346 332/332 336/336
f 337/337 339/339 347/347
f 348/348 340/340 342/342
f 343/343 338/338 337/337
f 342/342 341/341 344/344
f 343/343 333/333 338/338
f 341/341 334/334 344/344
f 337/337 347/347 349/349
f 350/350 348/348 342/342
f 351/351 352/352 353/353
f 354/354 355/355 356/356
f 349/349 347/347 352/352
f 355/355 348/348 350/350
f 357/357 358/358 359/359
f 360/360 361/361 362/362
f 363/363 358/358 357/357
f 362/362 361/361 364/364
f 365/365 366/366 367/367
f 368/368 369/369 370/370
f 371/371 366/366 365/365
f 369/369 368/368 372/372
f 373/373 374/374 375/375
f 375/375 374/374 376/376
f 371/371 377/377 366/366
f 378/378 379/379 380/380
f 381/381 382/382 383/383
f 384/384 374/374 373/373
f 385/385 386/386 387/387
f 388/388 377/377 371/371
f 382/382 381/381 389/389
f 390/390 391/391 392/392
f 393/393 394/394 395/395
f 396/396 397/397 392/392
f 398/398 374/374 384/384
f 399/399 400/400 401/401
f 402/402 390/390 403/403
f 390/390 404/404 403/403
f 388/388 405/405 377/377
f 406/406 407/407 408/408
f 391/391 390/390 402/402
f 394/394 393/393 409/409
f 397/397 396/396 390/390
f 410/410 411/411 412/412
f 413/413 414/414 415/415
f 374/374 398/398 416/416
f 398/398 384/384 417/417
f 400/400 399/399 418/418
f 404/404 390/390 396/396
f 405/405 388/388 419/419
f 407/407 406/406 420/420
f 421/421 422/422 423/423
f 424/424 425/425 426/426
f 422/422 421/421 427/427
f 428/428 429/429 430/430
f 431/431 432/432 433/433
f 432/432 434/434 435/435
f 429/429 428/428 436/436
f 437/437 438/438 439/439
f 434/434 432/432 431/431
f 440/440 441/441 442/442
f 443/443 444/444 445/445
f 442/442 441/441 446/446
f 447/447 445/445 444/444
f 448/448 449/449 450/450
f 451/451 449/449 448/448
f 441/441 452/452 446/446
f 453/453 454/454 455/455
f 456/456 457/457 458/458
f 450/450 449/449 459/459
f 460/460 461/461 462/462
f 446/446 452/452 463/463
f 464/464 458/458 457/457
f 465/465 466/466 467/467
f 468/468 469/469 470/470
f 465/465 471/471 472/472
f 459/459 449/449 473/473
f 474/474 475/475 476/476
f 477/477 467/467 478/478
f 477/477 479/479 467/467
f 452/452 480/480 463/463
f 481/481 482/482 483/483
f 478/478 467/467 466/466
f 484/484 470/470 469/469
f 467/467 472/472 471/471
f 485/485 486/486 487/487
f 488/488 489/489 490/490
f 491/491 473/473 449/449
f 492/492 459/459 473/473
f 493/493 476/476 475/475
f 472/472 467/467 479/479
f 472/472 467/467 479/479
f 494/494 463/463 480/480
f 495/495 483/483 482/482
f 496/496 497/497 498/498
f 499/499 500/500 501/501
f 502/502 498/498 497/497
f 503/503 504/504 505/505
f 506/506 507/507 508/508
f 509/509 510/510 507/507
f 511/511 505/505 504/504
f 512/512 513/513 514/514
f 508/508 507/507 510/510
f 515/515 516/516 517/517
f 517/517 516/516 518/518
f 519/519 516/516 515/515
f 520/520 519/519 515/515
f 521/521 522/522 523/523
f 518/518 516/516 524/524
f 525/525 517/517 518/518
f 526/526 519/519 520/520
f 527/527 526/526 520/520
f 522/522 528/528 523/523
f 529/529 521/521 523/523
f 530/530 521/521 531/531
f 532/532 524/524 516/516
f 518/518 524/524 533/533
f 534/534 526/526 527/527
f 535/535 536/536 527/527
f 528/528 537/537 523/523
f 529/529 531/531 521/521
f 531/531 538/538 530/530
f 539/539 530/530 538/538
f 524/524 532/532 540/540
f 541/541 542/542 543/543
f 534/534 527/527 536/536
f 535/535 544/544 536/536
f 537/537 545/545 523/523
f 546/546 538/538 531/531
f 547/547 539/539 548/548
f 538/538 548/548 539/539
f 549/549 523/523 545/545
f 550/550 551/551 552/552
f 553/553 543/543 542/542
f 541/541 554/554 542/542
f 543/543 553/553 555/555
f 556/556 536/536 544/544
f 544/544 557/557 556/556
f 558/558 552/552 551/551
f 555/555 559/559 560/560
f 561/561 547/547 562/562
f 562/562 547/547 548/548
f 563/563 542/542 554/554
f 559/559 555/555 553/553
f 557/557 564/564 565/565
f 565/565 556/556 557/557
f 560/560 566/566 567/567
f 566/566 560/560 559/559
f 567/567 568/568 569/569
f 570/570 561/561 571/571
f 571/571 561/561 562/562
f 572/572 542/542 563/563
f 564/564 573/573 574/574
f 574/574 565/565 564/564
f 568/568 567/567 566/566
f 575/575 569/569 568/568
f 576/576 570/570 577/577
f 577/577 570/570 571/571
f 563/563 578/578 572/572
f 573/573 579/579 580/580
f 580/580 574/574 573/573
f 569/569 575/575 581/581
f 582/582 576/576 583/583
f 577/577 583/583 576/576
f 584/584 571/571 577/577
f 585/585 572/572 578/578
f 579/579 586/586 587/587
f 587/587 580/580 579/579
f 588/588 581/581 575/575
f 582/582 583/583 589/589
f 590/590 572/572 585/585
f 591/591 592/592 586/586
f 593/593 587/587 586/586
f 588/588 594/594 581/581
f 589/589 595/595 596/596
f 595/595 589/589 583/583
f 597/597 598/598 599/599
f 585/585 600/600 590/590
f 593/593 586/586 592/592
f 592/592 591/591 601/601
f 601/601 591/591 602/602
f 603/603 587/587 593/593
f 581/581 594/594 604/604
f 596/596 605/605 606/606
f 605/605 596/596 595/595
f 607/607 599/599 608/608
f 598/598 608/608 599/599
f 609/609 598/598 597/597
f 610/610 590/590 600/600
f 611/611 612/612 613/613
f 606/606 613/613 612/612
f 614/614 615/615 616/616
f 617/617 604/604 594/594
f 613/613 606/606 605/605
f 608/608 618/618 607/607
f 619/619 609/609 597/597
f 600/600 620/620 610/610
f 615/615 621/621 616/616
f 594/594 622/622 617/617
f 623/623 607/607 618/618
f 619/619 622/622 609/609
f 624/624 610/610 620/620
f 616/616 621/621 625/625
f 621/621 615/615 626/626
f 619/619 617/617 622/622
f 623/623 618/618 627/627
f 620/620 628/628 624/624
f 629/629 625/625 621/621
f 630/630 626/626 615/615
f 631/631 627/627 618/618
f 632/632 624/624 628/628
f 625/625 629/629 633/633
f 630/630 627/627 626/626
f 631/631 626/626 627/627
f 628/628 634/634 632/632
f 635/635 633/633 629/629
f 636/636 632/632 634/634
f 633/633 635/635 634/634
f 636/636 634/634 635/635
f 637/637 638/638 639/639
f 640/640 638/638 637/637
f 639/639 638/638 641/641
f 639/639 641/641 642/642
f 643/643 644/644 645/645
f 646/646 638/638 640/640
f 640/640 637/637 647/647
f 642/642 641/641 648/648
f 642/642 648/648 649/649
f 643/643 650/650 644/644
f 643/643 645/645 651/651
f 652/652 645/645 653/653
f 638/638 646/646 654/654
f 655/655 646/646 640/640
f 649/649 648/648 656/656
f 649/649 657/657 658/658
f 643/643 659/659 650/650
f 645/645 652/652 651/651
f 653/653 660/660 652/652
f 660/660 653/653 661/661
f 662/662 654/654 646/646
f 663/663 664/664 665/665
f 657/657 649/649 656/656
f 657/657 666/666 658/658
f 643/643 667/667 659/659
f 652/652 660/660 668/668
f 669/669 661/661 670/670
f 661/661 669/669 660/660
f 667/667 643/643 671/671
f 672/672 673/673 674/674
f 664/664 663/663 675/675
f 664/664 676/676 665/665
f 677/677 675/675 663/663
f 666/666 657/657 678/678
f 678/678 679/679 666/666
f 673/673 672/672 680/680
f 681/681 682/682 677/677
f 683/683 670/670 684/684
f 669/669 670/670 683/683
f 676/676 664/664 685/685
f 675/675 677/677 682/682
f 686/686 687/687 679/679
f 679/679 678/678 686/686
f 688/688 689/689 681/681
f 682/682 681/681 689/689
f 690/690 691/691 688/688
f 692/692 684/684 693/693
f 683/683 684/684 692/692
f 685/685 664/664 694/694
f 695/695 696/696 687/687
f 687/687 686/686 695/695
f 689/689 688/688 691/691
f 691/691 690/690 697/697
f 698/698 693/693 699/699
f 692/692 693/693 698/698
f 694/694 700/700 685/685
f 701/701 702/702 696/696
f 696/696 695/695 701/701
f 703/703 697/697 690/690
f 704/704 699/699 705/705
f 699/699 704/704 698/698
f 698/698 692/692 706/706
f 700/700 694/694 707/707
f 708/708 709/709 702/702
f 702/702 701/701 708/708
f 697/697 703/703 710/710
f 711/711 704/704 705/705
f 707/707 694/694 712/712
f 709/709 713/713 714/714
f 709/709 708/708 715/715
f 703/703 716/716 710/710
f 717/717 718/718 711/711
f 704/704 711/711 718/718
f 719/719 720/720 721/721
f 712/712 722/722 707/707
f 713/713 709/709 715/715
f 723/723 714/714 713/713
f 724/724 714/714 723/723
f 715/715 708/708 725/725
f 726/726 716/716 703/703
f 727/727 728/728 717/717
f 718/718 717/717 728/728
f 729/729 719/719 730/730
f 719/719 729/729 720/720
f 721/721 720/720 731/731
f 722/722 712/712 732/732
f 733/733 734/734 735/735
f 734/734 733/733 727/727
f 736/736 737/737 738/738
f 716/716 726/726 739/739
f 728/728 727/727 733/733
f 730/730 740/740 729/729
f 721/721 731/731 741/741
f 732/732 742/742 722/722
f 736/736 743/743 737/737
f 739/739 744/744 716/716
f 740/740 730/730 745/745
f 731/731 744/744 741/741
f 742/742 732/732 746/746
f 747/747 743/743 736/736
f 748/748 737/737 743/743
f 744/744 739/739 741/741
f 749/749 740/740 745/745
f 746/746 750/750 742/742
f 743/743 747/747 751/751
f 737/737 748/748 752/752
f 740/740 749/749 753/753
f 750/750 746/746 754/754
f 755/755 751/751 747/747
f 748/748 749/749 752/752
f 749/749 748/748 753/753
f 754/754 756/756 750/750
f 751/751 755/755 757/757
f 756/756 754/754 758/758
f 756/756 757/757 755/755
f 757/757 756/756 758/758
f 759/759 760/760 761/761
f 762/762 763/763 764/764
f 760/760 759/759 765/765
f 766/766 764/764 763/763
f 767/767 761/761 760/760
f 763/763 762/762 768/768
f 769/769 765/765 759/759
f 764/764 766/766 770/770
f 771/771 772/772 769/769
f 770/770 773/773 774/774
f 775/775 776/776 777/777
f 778/778 779/779 780/780
f 761/761 767/767 781/781
f 782/782 768/768 762/762
f 783/783 784/784 776/776
f 779/779 785/785 786/786
f 765/765 769/769 772/772
f 773/773 770/770 766/766
f 787/787 788/788 771/771
f 774/774 789/789 790/790
f 772/772 771/771 788/788
f 789/789 774/774 773/773
f 791/791 787/787 792/792
f 793/793 790/790 794/794
f 776/776 775/775 795/795
f 796/796 780/780 779/779
f 797/797 781/781 767/767
f 768/768 782/782 798/798
f 784/784 783/783 799/799
f 800/800 786/786 785/785
f 776/776 795/795 783/783
f 786/786 796/796 779/779
f 788/788 787/787 801/801
f 802/802 790/790 789/789
f 795/795 775/775 803/803
f 804/804 780/780 796/796
f 787/787 791/791 801/801
f 802/802 794/794 790/790
f 792/792 805/805 791/791
f 794/794 806/806 793/793
f 781/781 797/797 807/807
f 808/808 798/798 782/782
f 784/784 809/809 810/810
f 811/811 812/812 785/785
f 784/784 799/799 809/809
f 812/812 800/800 785/785
f 813/813 803/803 814/814
f 815/815 804/804 816/816
f 795/795 803/803 813/813
f 816/816 804/804 796/796
f 805/805 792/792 817/817
f 818/818 793/793 806/806
f 819/819 814/814 820/820
f 821/821 815/815 822/822
f 823/823 820/820 824/824
f 825/825 821/821 826/826
f 797/797 827/827 807/807
f 808/808 828/828 798/798
f 810/810 809/809 829/829
f 830/830 812/812 811/811
f 813/813 814/814 819/819
f 822/822 815/815 816/816
f 831/831 817/817 832/832
f 833/833 818/818 834/834
f 817/817 831/831 805/805
f 806/806 834/834 818/818
f 819/819 820/820 835/835
f 836/836 821/821 822/822
f 835/835 820/820 823/823
f 826/826 821/821 836/836
f 823/823 824/824 837/837
f 838/838 825/825 826/826
f 827/827 797/797 839/839
f 840/840 798/798 828/828
f 810/810 829/829 841/841
f 842/842 830/830 811/811
f 832/832 843/843 831/831
f 834/834 844/844 833/833
f 837/837 824/824 845/845
f 846/846 825/825 838/838
f 847/847 848/848 849/849
f 850/850 851/851 852/852
f 848/848 853/853 849/849
f 850/850 854/854 851/851
f 839/839 855/855 827/827
f 828/828 856/856 840/840
f 841/841 829/829 857/857
f 858/858 830/830 842/842
f 843/843 832/832 859/859
f 860/860 833/833 844/844
f 861/861 845/845 862/862
f 863/863 846/846 864/864
f 837/837 845/845 861/861
f 864/864 846/846 838/838
f 865/865 866/866 847/847
f 852/852 867/867 868/868
f 848/848 847/847 866/866
f 867/867 852/852 851/851
f 853/853 848/848 869/869
f 870/870 851/851 854/854
f 855/855 839/839 871/871
f 872/872 840/840 856/856
f 841/841 857/857 873/873
f 874/874 858/858 842/842
f 859/859 869/869 843/843
f 844/844 870/870 860/860
f 861/861 862/862 875/875
f 876/876 863/863 864/864
f 866/866 865/865 877/877
f 878/878 868/868 867/867
f 879/879 880/880 881/881
f 882/882 883/883 884/884
f 885/885 886/886 880/880
f 883/883 887/887 888/888
f 869/869 859/859 853/853
f 854/854 860/860 870/870
f 871/871 889/889 855/855
f 856/856 890/890 872/872
f 873/873 857/857 891/891
f 892/892 858/858 874/874
f 893/893 894/894 895/895
f 896/896 897/897 898/898
f 875/875 862/862 886/886
f 887/887 863/863 876/876
f 899/899 877/877 865/865
f 868/868 878/878 900/900
f 901/901 881/881 902/902
f 903/903 882/882 904/904
f 885/885 880/880 879/879
f 884/884 883/883 888/888
f 879/879 881/881 901/901
f 904/904 882/882 884/884
f 875/875 886/886 885/885
f 888/888 887/887 876/876
f 889/889 871/871 905/905
f 906/906 872/872 890/890
f 873/873 891/891 907/907
f 908/908 892/892 874/874
f 909/909 910/910 893/893
f 898/898 911/911 912/912
f 894/894 893/893 910/910
f 911/911 898/898 897/897
f 913/913 895/895 894/894
f 897/897 896/896 914/914
f 877/877 899/899 913/913
f 914/914 900/900 878/878
f 901/901 902/902 915/915
f 916/916 903/903 904/904
f 905/905 917/917 889/889
f 890/890 918/918 906/906
f 907/907 891/891 919/919
f 920/920 892/892 908/908
f 910/910 909/909 921/921
f 922/922 912/912 911/911
f 923/923 924/924 925/925
f 926/926 927/927 928/928
f 895/895 913/913 899/899
f 900/900 914/914 896/896
f 925/925 902/902 929/929
f 930/930 903/903 926/926
f 925/925 915/915 902/902
f 903/903 916/916 926/926
f 917/917 905/905 931/931
f 932/932 906/906 918/918
f 907/907 919/919 933/933
f 934/934 920/920 908/908
f 935/935 909/909 936/936
f 937/937 912/912 938/938
f 909/909 935/935 921/921
f 922/922 938/938 912/912
f 939/939 940/940 923/923
f 928/928 941/941 942/942
f 923/923 940/940 924/924
f 927/927 941/941 928/928
f 925/925 924/924 915/915
f 916/916 927/927 926/926
f 931/931 936/936 917/917
f 918/918 937/937 932/932
f 933/933 919/919 943/943
f 944/944 920/920 934/934
f 936/936 931/931 935/935
f 938/938 932/932 937/937
f 945/945 946/946 939/939
f 942/942 947/947 948/948
f 939/939 949/949 940/940
f 941/941 950/950 942/942
f 933/933 943/943 945/945
f 948/948 944/944 934/934
f 945/945 943/943 946/946
f 947/947 944/944 948/948
f 939/939 946/946 949/949
f 950/950 947/947 942/942
f 951/951 952/952 953/953
f 954/954 952/952 951/951
f 951/951 953/953 955/955
f 956/956 954/954 951/951
f 951/951 955/955 957/957
f 958/958 956/956 951/951
f 959/959 951/951 957/957
f 958/958 951/951 960/960
f 961/961 951/951 959/959
f 960/960 951/951 962/962
f 963/963 951/951 961/961
f 962/962 951/951 964/964
f 965/965 951/951 963/963
f 964/964 951/951 966/966
f 967/967 951/951 965/965
f 966/966 951/951 968/968
f 969/969 951/951 967/967
f 968/968 951/951 970/970
f 971/971 951/951 969/969
f 972/972 970/970 951/951
f 973/973 951/951 971/971
f 974/974 972/972 951/951
f 975/975 951/951 973/973
f 975/975 974/974 951/951
f 976/976 977/977 978/978
f 978/978 977/977 979/979
f 980/980 976/976 978/978
f 978/978 979/979 981/981
f 982/982 980/980 978/978
f 978/978 981/981 983/983
f 982/982 978/978 984/984
f 985/985 978/978 983/983
f 984/984 978/978 986/986
f 987/987 978/978 985/985
f 986/986 978/978 988/988
f 989/989 978/978 987/987
f 988/988 978/978 990/990
f 991/991 978/978 989/989
f 990/990 978/978 992/992
f 993/993 978/978 991/991
f 992/992 978/978 994/994
f 995/995 978/978 993/993
f 994/994 978/978 996/996
f 978/978 995/995 997/997
f 996/996 978/978 998/998
f 978/978 997/997 999/999
f 998/998 978/978 1000/1000
f 978/978 999/999 1000/1000
f 1001/1001 1002/1002 1003/1003
f 1002/1002 1001/1001 1004/1004
f 1005/1005 1006/1006 1007/1007
f 1008/1008 1007/1007 1006/1006
f 1004/1004 1001/1001 1009/1009
f 1010/1010 1007/1007 1008/1008
f 1011/1011 1012/1012 1013/1013
f 1014/1014 1015/1015 1016/1016
f 1017/1017 1012/1012 1011/1011
f 1016/1016 1015/1015 1018/1018
f 1012/1012 1019/1019 1020/1020
f 1021/1021 1022/1022 1015/1015
f 1023/1023 1024/1024 1025/1025
f 1026/1026 1027/1027 1028/1028
f 1029/1029 1030/1030 1031/1031
f 1032/1032 1033/1033 1034/1034
f 1035/1035 1036/1036 1037/1037
f 1038/1038 1039/1039 1040/1040
f 1019/1019 1012/1012 1017/1017
f 1018/1018 1015/1015 1022/1022
f 1041/1041 1042/1042 1043/1043
f 1044/1044 1045/1045 1046/1046
f 1024/1024 1023/1023 1047/1047
f 1048/1048 1028/1028 1027/1027
f 1030/1030 1029/1029 1049/1049
f 1050/1050 1034/1034 1033/1033
f 1051/1051 1052/1052 1053/1053
f 1054/1054 1055/1055 1056/1056
f 1036/1036 1035/1035 1057/1057
f 1058/1058 1040/1040 1039/1039
f 1059/1059 1060/1060 1009/1009
f 1010/1010 1061/1061 1062/1062
f 1042/1042 1041/1041 1063/1063
f 1064/1064 1046/1046 1045/1045
f 1065/1065 1066/1066 1067/1067
f 1068/1068 1069/1069 1070/1070
f 1071/1071 1072/1072 1002/1002
f 1006/1006 1073/1073 1074/1074
f 1075/1075 1076/1076 1077/1077
f 1078/1078 1079/1079 1080/1080
f 1081/1081 1082/1082 1083/1083
f 1084/1084 1085/1085 1086/1086
f 1052/1052 1051/1051 1087/1087
f 1088/1088 1056/1056 1055/1055
f 1089/1089 1090/1090 1091/1091
f 1092/1092 1093/1093 1094/1094
f 1060/1060 1059/1059 1095/1095
f 1096/1096 1062/1062 1061/1061
f 1097/1097 1098/1098 1099/1099
f 1098/1098 1097/1097 1100/1100
f 1101/1101 1102/1102 1103/1103
f 1066/1066 1065/1065 1104/1104
f 1105/1105 1070/1070 1069/1069
f 1072/1072 1071/1071 1004/1004
f 1008/1008 1074/1074 1073/1073
f 1076/1076 1075/1075 1106/1106
f 1107/1107 1080/1080 1079/1079
f 1082/1082 1081/1081 1108/1108
f 1109/1109 1086/1086 1085/1085
f 1110/1110 1111/1111 1112/1112
f 1113/1113 1114/1114 1115/1115
f 1090/1090 1089/1089 1116/1116
f 1117/1117 1094/1094 1093/1093
f 1118/1118 1119/1119 1120/1120
f 1120/1120 1121/1121 1122/1122
f 1121/1121 1120/1120 1119/1119
f 1119/1119 1118/1118 1123/1123
f 1124/1124 1123/1123 1118/1118
f 1125/1125 1122/1122 1121/1121
f 1122/1122 1125/1125 1126/1126
f 1127/1127 1128/1128 1124/1124
f 1123/1123 1124/1124 1128/1128
f 1126/1126 1129/1129 1130/1130
f 1129/1129 1126/1126 1125/1125
f 1131/1131 1130/1130 1132/1132
f 1133/1133 1131/1131 1134/1134
f 1135/1135 1133/1133 1136/1136
f 1127/1127 1137/1137 1128/1128
f 1138/1138 1130/1130 1129/1129
f 1138/1138 1132/1132 1130/1130
f 1132/1132 1134/1134 1131/1131
f 1134/1134 1136/1136 1133/1133
f 1136/1136 1139/1139 1135/1135
f 1140/1140 1128/1128 1137/1137
f 1141/1141 1135/1135 1139/1139
f 1137/1137 1142/1142 1140/1140
f 1143/1143 1141/1141 1144/1144
f 1139/1139 1144/1144 1141/1141
f 1145/1145 1140/1140 1142/1142
f 1144/1144 1146/1146 1143/1143
f 1147/1147 1146/1146 1148/1148
f 1148/1148 1149/1149 1150/1150
f 1147/1147 1143/1143 1146/1146
f 1142/1142 1151/1151 1145/1145
f 1150/1150 1152/1152 1153/1153
f 1149/1149 1148/1148 1146/1146
f 1152/1152 1150/1150 1149/1149
f 1154/1154 1145/1145 1151/1151
f 1155/1155 1153/1153 1152/1152
f 1151/1151 1156/1156 1154/1154
f 1157/1157 1158/1158 1159/1159
f 1153/1153 1155/1155 1157/1157
f 1160/1160 1154/1154 1156/1156
f 1159/1159 1161/1161 1162/1162
f 1161/1161 1159/1159 1158/1158
f 1158/1158 1157/1157 1155/1155
f 1156/1156 1163/1163 1160/1160
f 1163/1163 1162/1162 1164/1164
f 1165/1165 1162/1162 1161/1161
f 1164/1164 1160/1160 1163/1163
f 1165/1165 1164/1164 1162/1162
f 1166/1166 1167/1167 1168/1168
f 1169/1169 1170/1170 1166/1166
f 1167/1167 1166/1166 1170/1170
f 1171/1171 1168/1168 1167/1167
f 1168/1168 1171/1171 1172/1172
f 1170/1170 1169/1169 1173/1173
f 1174/1174 1173/1173 1169/1169
f 1172/1172 1175/1175 1176/1176
f 1175/1175 1172/1172 1171/1171
f 1177/1177 1178/1178 1174/1174
f 1173/1173 1174/1174 1178/1178
f 1179/1179 1177/1177 1180/1180
f 1181/1181 1180/1180 1182/1182
f 1183/1183 1182/1182 1184/1184
f 1175/1175 1185/1185 1176/1176
f 1178/1178 1177/1177 1186/1186
f 1177/1177 1179/1179 1186/1186
f 1180/1180 1181/1181 1179/1179
f 1182/1182 1183/1183 1181/1181
f 1184/1184 1187/1187 1183/1183
f 1185/1185 1175/1175 1188/1188
f 1187/1187 1184/1184 1189/1189
f 1188/1188 1190/1190 1185/1185
f 1191/1191 1189/1189 1192/1192
f 1189/1189 1191/1191 1187/1187
f 1190/1190 1188/1188 1193/1193
f 1192/1192 1194/1194 1191/1191
f 1195/1195 1194/1194 1196/1196
f 1197/1197 1198/1198 1195/1195
f 1194/1194 1192/1192 1196/1196
f 1193/1193 1199/1199 1190/1190
f 1200/1200 1201/1201 1197/1197
f 1194/1194 1195/1195 1198/1198
f 1198/1198 1197/1197 1201/1201
f 1199/1199 1193/1193 1202/1202
f 1201/1201 1200/1200 1203/1203
f 1202/1202 1204/1204 1199/1199
f 1205/1205 1206/1206 1207/1207
f 1207/1207 1203/1203 1200/1200
f 1204/1204 1202/1202 1208/1208
f 1209/1209 1210/1210 1205/1205
f 1206/1206 1205/1205 1210/1210
f 1203/1203 1207/1207 1206/1206
f 1208/1208 1211/1211 1204/1204
f 1212/1212 1209/1209 1211/1211
f 1210/1210 1209/1209 1213/1213
f 1211/1211 1208/1208 1212/1212
f 1209/1209 1212/1212 1213/1213
f 1214/1214 1215/1215 1216/1216
f 1217/1217 1218/1218 1215/1215
f 1219/1219 1216/1216 1215/1215
f 1220/1220 1215/1215 1218/1218
f 1221/1221 1218/1218 1217/1217
f 1222/1222 1221/1221 1217/1217
f 1220/1220 1219/1219 1215/1215
f 1223/1223 1224/1224 1225/1225
f 1226/1226 1227/1227 1223/1223
f 1228/1228 1221/1221 1222/1222
f 1229/1229 1219/1219 1230/1230
f 1231/1231 1229/1229 1232/1232
f 1233/1233 1231/1231 1234/1234
f 1235/1235 1233/1233 1236/1236
f 1237/1237 1235/1235 1238/1238
f 1239/1239 1228/1228 1222/1222
f 1240/1240 1219/1219 1220/1220
f 1241/1241 1225/1225 1224/1224
f 1224/1224 1223/1223 1227/1227
f 1227/1227 1226/1226 1242/1242
f 1243/1243 1242/1242 1226/1226
f 1230/1230 1219/1219 1240/1240
f 1232/1232 1229/1229 1230/1230
f 1234/1234 1231/1231 1232/1232
f 1236/1236 1233/1233 1234/1234
f 1238/1238 1235/1235 1236/1236
f 1244/1244 1237/1237 1238/1238
f 1245/1245 1228/1228 1239/1239
f 1225/1225 1241/1241 1246/1246
f 1247/1247 1248/1248 1249/1249
f 1250/1250 1251/1251 1248/1248
f 1252/1252 1253/1253 1250/1250
f 1243/1243 1254/1254 1242/1242
f 1246/1246 1255/1255 1256/1256
f 1256/1256 1257/1257 1258/1258
f 1259/1259 1237/1237 1244/1244
f 1260/1260 1258/1258 1261/1261
f 1262/1262 1260/1260 1263/1263
f 1264/1264 1262/1262 1265/1265
f 1266/1266 1264/1264 1267/1267
f 1268/1268 1245/1245 1239/1239
f 1255/1255 1246/1246 1241/1241
f 1269/1269 1249/1249 1248/1248
f 1269/1269 1248/1248 1251/1251
f 1253/1253 1251/1251 1250/1250
f 1270/1270 1253/1253 1252/1252
f 1271/1271 1242/1242 1254/1254
f 1257/1257 1256/1256 1255/1255
f 1272/1272 1258/1258 1257/1257
f 1273/1273 1259/1259 1274/1274
f 1275/1275 1259/1259 1244/1244
f 1272/1272 1261/1261 1258/1258
f 1261/1261 1263/1263 1260/1260
f 1263/1263 1265/1265 1262/1262
f 1265/1265 1267/1267 1264/1264
f 1267/1267 1276/1276 1266/1266
f 1277/1277 1245/1245 1268/1268
f 1278/1278 1249/1249 1269/1269
f 1279/1279 1280/1280 1281/1281
f 1282/1282 1283/1283 1279/1279
f 1284/1284 1285/1285 1282/1282
f 1286/1286 1270/1270 1252/1252
f 1254/1254 1287/1287 1271/1271
f 1288/1288 1249/1249 1278/1278
f 1289/1289 1288/1288 1290/1290
f 1274/1274 1259/1259 1275/1275
f 1291/1291 1273/1273 1274/1274
f 1292/1292 1266/1266 1276/1276
f 1293/1293 1289/1289 1294/1294
f 1295/1295 1293/1293 1296/1296
f 1297/1297 1295/1295 1298/1298
f 1299/1299 1297/1297 1300/1300
f 1301/1301 1299/1299 1302/1302
f 1303/1303 1273/1273 1291/1291
f 1304/1304 1303/1303 1305/1305
f 1306/1306 1277/1277 1268/1268
f 1307/1307 1306/1306 1268/1268
f 1281/1281 1308/1308 1309/1309
f 1308/1308 1281/1281 1280/1280
f 1280/1280 1279/1279 1283/1283
f 1283/1283 1282/1282 1285/1285
f 1284/1284 1310/1310 1285/1285
f 1311/1311 1270/1270 1286/1286
f 1312/1312 1271/1271 1287/1287
f 1290/1290 1288/1288 1278/1278
f 1294/1294 1289/1289 1290/1290
f 1313/1313 1292/1292 1314/1314
f 1313/1313 1314/1314 1315/1315
f 1276/1276 1314/1314 1292/1292
f 1296/1296 1293/1293 1294/1294
f 1298/1298 1295/1295 1296/1296
f 1300/1300 1297/1297 1298/1298
f 1316/1316 1299/1299 1300/1300
f 1302/1302 1299/1299 1316/1316
f 1317/1317 1301/1301 1302/1302
f 1318/1318 1304/1304 1319/1319
f 1305/1305 1303/1303 1291/1291
f 1320/1320 1304/1304 1305/1305
f 1287/1287 1321/1321 1312/1312
f 1322/1322 1306/1306 1307/1307
f 1323/1323 1309/1309 1308/1308
f 1324/1324 1325/1325 1326/1326
f 1327/1327 1328/1328 1325/1325
f 1329/1329 1330/1330 1327/1327
f 1331/1331 1285/1285 1310/1310
f 1332/1332 1311/1311 1286/1286
f 1309/1309 1323/1323 1333/1333
f 1333/1333 1334/1334 1335/1335
f 1336/1336 1315/1315 1314/1314
f 1337/1337 1301/1301 1317/1317
f 1338/1338 1335/1335 1339/1339
f 1340/1340 1338/1338 1341/1341
f 1342/1342 1340/1340 1343/1343
f 1344/1344 1342/1342 1345/1345
f 1346/1346 1344/1344 1347/1347
f 1348/1348 1346/1346 1349/1349
f 1304/1304 1320/1320 1319/1319
f 1315/1315 1336/1336 1350/1350
f 1350/1350 1351/1351 1352/1352
f 1353/1353 1312/1312 1321/1321
f 1321/1321 1354/1354 1353/1353
f 1355/1355 1322/1322 1307/1307
f 1328/1328 1326/1326 1325/1325
f 1330/1330 1328/1328 1327/1327
f 1356/1356 1330/1330 1329/1329
f 1357/1357 1356/1356 1329/1329
f 1310/1310 1358/1358 1331/1331
f 1359/1359 1311/1311 1332/1332
f 1319/1319 1360/1360 1361/1361
f 1334/1334 1333/1333 1323/1323
f 1362/1362 1335/1335 1334/1334
f 1363/1363 1337/1337 1364/1364
f 1364/1364 1337/1337 1317/1317
f 1362/1362 1339/1339 1335/1335
f 1339/1339 1341/1341 1338/1338
f 1341/1341 1343/1343 1340/1340
f 1343/1343 1345/1345 1342/1342
f 1345/1345 1347/1347 1344/1344
f 1347/1347 1349/1349 1346/1346
f 1348/1348 1349/1349 1365/1365
f 1320/1320 1360/1360 1319/1319
f 1351/1351 1350/1350 1336/1336
f 1366/1366 1352/1352 1351/1351
f 1367/1367 1359/1359 1332/1332
f 1368/1368 1353/1353 1354/1354
f 1369/1369 1322/1322 1355/1355
f 1370/1370 1356/1356 1357/1357
f 1371/1371 1331/1331 1358/1358
f 1361/1361 1372/1372 1373/1373
f 1360/1360 1372/1372 1361/1361
f 1374/1374 1363/1363 1364/1364
f 1375/1375 1370/1370 1376/1376
f 1377/1377 1375/1375 1378/1378
f 1379/1379 1377/1377 1380/1380
f 1381/1381 1379/1379 1382/1382
f 1383/1383 1365/1365 1349/1349
f 1352/1352 1366/1366 1384/1384
f 1385/1385 1363/1363 1374/1374
f 1386/1386 1385/1385 1387/1387
f 1388/1388 1359/1359 1367/1367
f 1389/1389 1390/1390 1367/1367
f 1354/1354 1391/1391 1368/1368
f 1392/1392 1369/1369 1355/1355
f 1376/1376 1370/1370 1357/1357
f 1358/1358 1393/1393 1371/1371
f 1373/1373 1394/1394 1392/1392
f 1372/1372 1394/1394 1373/1373
f 1384/1384 1395/1395 1396/1396
f 1365/1365 1383/1383 1397/1397
f 1378/1378 1375/1375 1376/1376
f 1380/1380 1377/1377 1378/1378
f 1382/1382 1379/1379 1380/1380
f 1398/1398 1381/1381 1382/1382
f 1399/1399 1381/1381 1398/1398
f 1395/1395 1384/1384 1366/1366
f 1400/1400 1385/1385 1374/1374
f 1385/1385 1400/1400 1387/1387
f 1390/1390 1388/1388 1367/1367
f 1401/1401 1390/1390 1389/1389
f 1402/1402 1368/1368 1391/1391
f 1394/1394 1369/1369 1392/1392
f 1403/1403 1371/1371 1393/1393
f 1396/1396 1404/1404 1405/1405
f 1404/1404 1396/1396 1395/1395
f 1406/1406 1397/1397 1383/1383
f 1407/1407 1403/1403 1408/1408
f 1409/1409 1407/1407 1410/1410
f 1411/1411 1409/1409 1412/1412
f 1413/1413 1399/1399 1398/1398
f 1397/1397 1406/1406 1414/1414
f 1400/1400 1415/1415 1387/1387
f 1393/1393 1408/1408 1403/1403
f 1408/1408 1410/1410 1407/1407
f 1416/1416 1401/1401 1389/1389
f 1391/1391 1405/1405 1402/1402
f 1417/1417 1405/1405 1404/1404
f 1387/1387 1415/1415 1418/1418
f 1419/1419 1399/1399 1413/1413
f 1410/1410 1412/1412 1409/1409
f 1411/1411 1412/1412 1420/1420
f 1421/1421 1414/1414 1406/1406
f 1414/1414 1421/1421 1422/1422
f 1423/1423 1401/1401 1416/1416
f 1417/1417 1402/1402 1405/1405
f 1418/1418 1424/1424 1425/1425
f 1415/1415 1424/1424 1418/1418
f 1426/1426 1419/1419 1413/1413
f 1427/1427 1420/1420 1412/1412
f 1428/1428 1419/1419 1426/1426
f 1429/1429 1422/1422 1421/1421
f 1425/1425 1423/1423 1416/1416
f 1424/1424 1423/1423 1425/1425
f 1422/1422 1429/1429 1427/1427
f 1420/1420 1427/1427 1429/1429
f 1430/1430 1431/1431 1432/1432
f 1431/1431 1433/1433 1434/1434
f 1431/1431 1430/1430 1435/1435
f 1433/1433 1431/1431 1436/1436
f 1434/1434 1433/1433 1437/1437
f 1434/1434 1437/1437 1438/1438
f 1431/1431 1435/1435 1436/1436
f 1439/1439 1440/1440 1441/1441
f 1441/1441 1442/1442 1443/1443
f 1438/1438 1437/1437 1444/1444
f 1445/1445 1435/1435 1446/1446
f 1447/1447 1446/1446 1448/1448
f 1449/1449 1448/1448 1450/1450
f 1451/1451 1450/1450 1452/1452
f 1453/1453 1452/1452 1454/1454
f 1438/1438 1444/1444 1455/1455
f 1436/1436 1435/1435 1456/1456
f 1440/1440 1439/1439 1457/1457
f 1442/1442 1441/1441 1440/1440
f 1458/1458 1443/1443 1442/1442
f 1443/1443 1458/1458 1459/1459
f 1456/1456 1435/1435 1445/1445
f 1445/1445 1446/1446 1447/1447
f 1447/1447 1448/1448 1449/1449
f 1449/1449 1450/1450 1451/1451
f 1451/1451 1452/1452 1453/1453
f 1453/1453 1454/1454 1460/1460
f 1455/1455 1444/1444 1461/1461
f 1462/1462 1457/1457 1439/1439
f 1463/1463 1464/1464 1465/1465
f 1464/1464 1466/1466 1467/1467
f 1467/1467 1468/1468 1469/1469
f 1458/1458 1470/1470 1459/1459
f 1471/1471 1472/1472 1462/1462
f 1473/1473 1474/1474 1471/1471
f 1460/1460 1454/1454 1475/1475
f 1476/1476 1473/1473 1477/1477
f 1478/1478 1477/1477 1479/1479
f 1480/1480 1479/1479 1481/1481
f 1482/1482 1481/1481 1483/1483
f 1455/1455 1461/1461 1484/1484
f 1457/1457 1462/1462 1472/1472
f 1464/1464 1463/1463 1485/1485
f 1466/1466 1464/1464 1485/1485
f 1467/1467 1466/1466 1468/1468
f 1469/1469 1468/1468 1486/1486
f 1470/1470 1458/1458 1487/1487
f 1472/1472 1471/1471 1474/1474
f 1474/1474 1473/1473 1488/1488
f 1489/1489 1475/1475 1490/1490
f 1460/1460 1475/1475 1491/1491
f 1473/1473 1476/1476 1488/1488
f 1477/1477 1478/1478 1476/1476
f 1479/1479 1480/1480 1478/1478
f 1481/1481 1482/1482 1480/1480
f 1483/1483 1492/1492 1482/1482
f 1484/1484 1461/1461 1493/1493
f 1485/1485 1463/1463 1494/1494
f 1495/1495 1496/1496 1497/1497
f 1497/1497 1498/1498 1499/1499
f 1499/1499 1500/1500 1501/1501
f 1469/1469 1486/1486 1502/1502
f 1487/1487 1503/1503 1470/1470
f 1494/1494 1463/1463 1504/1504
f 1505/1505 1504/1504 1506/1506
f 1491/1491 1475/1475 1489/1489
f 1489/1489 1490/1490 1507/1507
f 1492/1492 1483/1483 1508/1508
f 1509/1509 1506/1506 1510/1510
f 1511/1511 1510/1510 1512/1512
f 1513/1513 1512/1512 1514/1514
f 1515/1515 1514/1514 1516/1516
f 1517/1517 1516/1516 1518/1518
f 1507/1507 1490/1490 1519/1519
f 1520/1520 1519/1519 1521/1521
f 1484/1484 1493/1493 1522/1522
f 1484/1484 1522/1522 1523/1523
f 1524/1524 1525/1525 1495/1495
f 1496/1496 1495/1495 1525/1525
f 1498/1498 1497/1497 1496/1496
f 1500/1500 1499/1499 1498/1498
f 1500/1500 1526/1526 1501/1501
f 1502/1502 1486/1486 1527/1527
f 1503/1503 1487/1487 1528/1528
f 1494/1494 1504/1504 1505/1505
f 1505/1505 1506/1506 1509/1509
f 1529/1529 1508/1508 1530/1530
f 1531/1531 1529/1529 1530/1530
f 1508/1508 1529/1529 1492/1492
f 1509/1509 1510/1510 1511/1511
f 1511/1511 1512/1512 1513/1513
f 1513/1513 1514/1514 1515/1515
f 1515/1515 1516/1516 1532/1532
f 1532/1532 1516/1516 1517/1517
f 1517/1517 1518/1518 1533/1533
f 1534/1534 1521/1521 1535/1535
f 1507/1507 1519/1519 1520/1520
f 1520/1520 1521/1521 1536/1536
f 1528/1528 1537/1537 1503/1503
f 1523/1523 1522/1522 1538/1538
f 1525/1525 1524/1524 1539/1539
f 1540/1540 1541/1541 1542/1542
f 1541/1541 1543/1543 1544/1544
f 1544/1544 1545/1545 1546/1546
f 1526/1526 1500/1500 1547/1547
f 1502/1502 1527/1527 1548/1548
f 1549/1549 1539/1539 1524/1524
f 1550/1550 1551/1551 1549/1549
f 1529/1529 1531/1531 1552/1552
f 1533/1533 1518/1518 1553/1553
f 1554/1554 1550/1550 1555/1555
f 1556/1556 1555/1555 1557/1557
f 1558/1558 1557/1557 1559/1559
f 1560/1560 1559/1559 1561/1561
f 1562/1562 1561/1561 1563/1563
f 1564/1564 1563/1563 1565/1565
f 1534/1534 1536/1536 1521/1521
f 1566/1566 1552/1552 1531/1531
f 1567/1567 1568/1568 1566/1566
f 1537/1537 1528/1528 1569/1569
f 1569/1569 1570/1570 1537/1537
f 1523/1523 1538/1538 1571/1571
f 1541/1541 1540/1540 1543/1543
f 1544/1544 1543/1543 1545/1545
f 1546/1546 1545/1545 1572/1572
f 1546/1546 1572/1572 1573/1573
f 1547/1547 1574/1574 1526/1526
f 1548/1548 1527/1527 1575/1575
f 1576/1576 1577/1577 1534/1534
f 1539/1539 1549/1549 1551/1551
f 1551/1551 1550/1550 1578/1578
f 1579/1579 1553/1553 1580/1580
f 1533/1533 1553/1553 1579/1579
f 1550/1550 1554/1554 1578/1578
f 1555/1555 1556/1556 1554/1554
f 1557/1557 1558/1558 1556/1556
f 1559/1559 1560/1560 1558/1558
f 1561/1561 1562/1562 1560/1560
f 1563/1563 1564/1564 1562/1562
f 1581/1581 1564/1564 1565/1565
f 1534/1534 1577/1577 1536/1536
f 1552/1552 1566/1566 1568/1568
f 1568/1568 1567/1567 1582/1582
f 1548/1548 1575/1575 1583/1583
f 1570/1570 1569/1569 1584/1584
f 1571/1571 1538/1538 1585/1585
f 1573/1573 1572/1572 1586/1586
f 1574/1574 1547/1547 1587/1587
f 1588/1588 1589/1589 1576/1576
f 1576/1576 1589/1589 1577/1577
f 1579/1579 1580/1580 1590/1590
f 1591/1591 1586/1586 1592/1592
f 1593/1593 1592/1592 1594/1594
f 1595/1595 1594/1594 1596/1596
f 1597/1597 1596/1596 1598/1598
f 1564/1564 1581/1581 1599/1599
f 1600/1600 1582/1582 1567/1567
f 1590/1590 1580/1580 1601/1601
f 1602/1602 1601/1601 1603/1603
f 1583/1583 1575/1575 1604/1604
f 1583/1583 1605/1605 1606/1606
f 1584/1584 1607/1607 1570/1570
f 1571/1571 1585/1585 1608/1608
f 1573/1573 1586/1586 1591/1591
f 1587/1587 1609/1609 1574/1574
f 1608/1608 1610/1610 1588/1588
f 1588/1588 1610/1610 1589/1589
f 1611/1611 1612/1612 1600/1600
f 1613/1613 1599/1599 1581/1581
f 1591/1591 1592/1592 1593/1593
f 1593/1593 1594/1594 1595/1595
f 1595/1595 1596/1596 1597/1597
f 1597/1597 1598/1598 1614/1614
f 1614/1614 1598/1598 1615/1615
f 1582/1582 1600/1600 1612/1612
f 1590/1590 1601/1601 1616/1616
f 1602/1602 1616/1616 1601/1601
f 1583/1583 1604/1604 1605/1605
f 1606/1606 1605/1605 1617/1617
f 1607/1607 1584/1584 1618/1618
f 1608/1608 1585/1585 1610/1610
f 1609/1609 1587/1587 1619/1619
f 1620/1620 1621/1621 1611/1611
f 1612/1612 1611/1611 1621/1621
f 1599/1599 1613/1613 1622/1622
f 1623/1623 1619/1619 1624/1624
f 1625/1625 1624/1624 1626/1626
f 1627/1627 1626/1626 1628/1628
f 1614/1614 1615/1615 1629/1629
f 1630/1630 1622/1622 1613/1613
f 1602/1602 1631/1631 1616/1616
f 1619/1619 1623/1623 1609/1609
f 1624/1624 1625/1625 1623/1623
f 1606/1606 1617/1617 1632/1632
f 1618/1618 1620/1620 1607/1607
f 1621/1621 1620/1620 1633/1633
f 1634/1634 1631/1631 1602/1602
f 1629/1629 1615/1615 1635/1635
f 1626/1626 1627/1627 1625/1625
f 1636/1636 1627/1627 1628/1628
f 1622/1622 1630/1630 1637/1637
f 1638/1638 1637/1637 1630/1630
f 1632/1632 1617/1617 1639/1639
f 1620/1620 1618/1618 1633/1633
f 1640/1640 1641/1641 1634/1634
f 1634/1634 1641/1641 1631/1631
f 1629/1629 1635/1635 1642/1642
f 1627/1627 1636/1636 1643/1643
f 1642/1642 1635/1635 1644/1644
f 1637/1637 1638/1638 1645/1645
f 1632/1632 1639/1639 1640/1640
f 1640/1640 1639/1639 1641/1641
f 1643/1643 1645/1645 1638/1638
f 1645/1645 1643/1643 1636/1636

