# SSTK version 0.8.0
# 3
mtllib original-3.mtl
o #ID21
v 0.026478 -0.058041 0.492228
v 0.002618 -0.058041 0.494650
v 0.000706 -0.058041 0.494509
v -0.033690 -0.058041 0.873017
v -0.005027 -0.058041 0.862480
v 0.000706 -0.058041 0.873017
v -0.136877 -0.058041 0.609316
v 0.000706 -0.058041 0.867725
v -0.005027 -0.058041 0.851014
v 0.000706 -0.058041 0.857537
v 0.000706 -0.058041 0.856260
v -0.005027 -0.058041 0.839549
v 0.000706 -0.058041 0.846072
v 0.000706 -0.058041 0.844795
v -0.005027 -0.058041 0.828084
v 0.000706 -0.058041 0.834607
v 0.000706 -0.058041 0.833329
v -0.005027 -0.058041 0.816618
v 0.000706 -0.058041 0.823141
v 0.000706 -0.058041 0.821864
v -0.005027 -0.058041 0.805153
v 0.000706 -0.058041 0.811676
v 0.000706 -0.058041 0.810399
v -0.005027 -0.058041 0.793688
v 0.000706 -0.058041 0.800211
v 0.000706 -0.058041 0.798934
v -0.005027 -0.058041 0.782223
v 0.000706 -0.058041 0.788746
v 0.000706 -0.058041 0.787468
v -0.005027 -0.058041 0.770757
v 0.000706 -0.058041 0.777280
v 0.000706 -0.058041 0.776003
v -0.007450 -0.058041 0.756172
v 0.000706 -0.058041 0.759292
v -0.010759 -0.058041 0.747136
v -0.002992 -0.058041 0.750431
v -0.004022 -0.058041 0.747406
v -0.013339 -0.058041 0.738041
v -0.006088 -0.058041 0.740912
v -0.015408 -0.058041 0.727873
v -0.008207 -0.058041 0.732234
v -0.008813 -0.058041 0.728945
v -0.016560 -0.058041 0.718436
v -0.009724 -0.058041 0.723051
v -0.010031 -0.058041 0.720260
v -0.010759 -0.058041 0.713833
v -0.010542 -0.058041 0.713661
v -0.017055 -0.058041 0.707698
v -0.010673 -0.058041 0.710072
v -0.010625 -0.058041 0.704005
v -0.016715 -0.058041 0.698368
v -0.010542 -0.058041 0.701736
v -0.010010 -0.058041 0.694945
v -0.009777 -0.058041 0.692821
v -0.015376 -0.058041 0.687354
v -0.008571 -0.058041 0.685139
v -0.007859 -0.058041 0.681272
v -0.012826 -0.058041 0.675390
v -0.006077 -0.058041 0.674443
v -0.005618 -0.058041 0.672682
v -0.005220 -0.058041 0.671512
v -0.010144 -0.058041 0.666453
v -0.003136 -0.058041 0.665388
v -0.002758 -0.058041 0.664278
v -0.002396 -0.058041 0.663424
v -0.006863 -0.058041 0.657842
v -0.000030 -0.058041 0.657842
v 0.000706 -0.058041 0.656105
v -0.011240 -0.058041 0.642666
v 0.000706 -0.058041 0.643711
v -0.022822 -0.058041 0.639563
v -0.033690 -0.058041 0.634495
v -0.043513 -0.058041 0.627617
v -0.051992 -0.058041 0.619138
v -0.058869 -0.058041 0.609316
v -0.063937 -0.058041 0.598448
v -0.136865 -0.058041 0.368465
v -0.067041 -0.058041 0.586865
v -0.068086 -0.058041 0.574920
v -0.067041 -0.058041 0.562974
v -0.063937 -0.058041 0.551392
v -0.058869 -0.058041 0.540524
v -0.051992 -0.058041 0.530701
v -0.043513 -0.058041 0.522222
v -0.033690 -0.058041 0.515344
v -0.022822 -0.058041 0.510277
v -0.011240 -0.058041 0.507173
v 0.000706 -0.058041 0.506128
v 0.049555 -0.058041 0.485699
v 0.071147 -0.058041 0.475262
v 0.090599 -0.058041 0.461235
v -0.018073 -0.058041 0.411243
v 0.107320 -0.058041 0.444043
v -0.008382 -0.058041 0.413681
v 0.120801 -0.058041 0.424208
v 0.000706 -0.058041 0.414336
v 0.001585 -0.058041 0.414399
v -0.027193 -0.058041 0.407159
v -0.035465 -0.058041 0.401554
v -0.042638 -0.058041 0.394597
v -0.048495 -0.058041 0.386501
v -0.052856 -0.058041 0.377510
v -0.113934 -0.058041 0.368466
v -0.135902 -0.058041 0.368465
v -0.055590 -0.058041 0.367899
v -0.113933 -0.058041 0.345536
v -0.056614 -0.058041 0.357959
v -0.055896 -0.058041 0.347992
v -0.055279 -0.058041 0.345539
v -0.053458 -0.058041 0.338301
v -0.135875 -0.058041 0.345535
v -0.135106 -0.058041 0.335074
v -0.049374 -0.058041 0.329181
v -0.129222 -0.058041 0.311825
v -0.043769 -0.058041 0.320909
v -0.036812 -0.058041 0.313735
v -0.028715 -0.058041 0.307879
v -0.119389 -0.058041 0.289951
v -0.019725 -0.058041 0.303517
v -0.010113 -0.058041 0.300783
v -0.000173 -0.058041 0.299760
v -0.001206 -0.058041 0.219509
v 0.022711 -0.058041 0.221268
v -0.025066 -0.058041 0.221932
v 0.130633 -0.058041 0.402334
v 0.011525 -0.058041 0.413376
v 0.021136 -0.058041 0.410642
v 0.030127 -0.058041 0.406280
v 0.038224 -0.058041 0.400424
v 0.136518 -0.058041 0.379085
v 0.045180 -0.058041 0.393250
v 0.050786 -0.058041 0.384978
v 0.054869 -0.058041 0.375858
v 0.137297 -0.058041 0.368480
v 0.114367 -0.058041 0.368479
v 0.057307 -0.058041 0.366167
v 0.114368 -0.058041 0.345548
v 0.058026 -0.058041 0.356200
v 0.057002 -0.058041 0.346260
v 0.056799 -0.058041 0.345545
v 0.137299 -0.058041 0.345548
v 0.137299 -0.058041 0.238449
v 0.054268 -0.058041 0.336649
v 0.049907 -0.058041 0.327659
v 0.044050 -0.058041 0.319562
v 0.036877 -0.058041 0.312605
v 0.028604 -0.058041 0.307000
v 0.019484 -0.058041 0.302916
v 0.009794 -0.058041 0.300478
v -0.105908 -0.058041 0.270116
v -0.089187 -0.058041 0.252924
v -0.069735 -0.058041 0.238896
v -0.048143 -0.058041 0.228460
v 0.137442 -0.058041 0.229432
v 0.137870 -0.058041 0.220424
v 0.022711 -0.058041 0.205257
v 0.138583 -0.058041 0.211434
v 0.139580 -0.058041 0.202471
v 0.022932 -0.058041 0.197856
v 0.140861 -0.058041 0.193544
v 0.023759 -0.058041 0.186177
v 0.142423 -0.058041 0.184663
v 0.025062 -0.058041 0.174540
v 0.144265 -0.058041 0.175835
v 0.146387 -0.058041 0.167070
v 0.026838 -0.058041 0.162967
v 0.147617 -0.058041 0.162610
v 0.029085 -0.058041 0.151476
v 0.148784 -0.058041 0.158376
v 0.149795 -0.058041 0.155115
v 0.138745 -0.058041 0.149473
v 0.031799 -0.058041 0.140086
v 0.125292 -0.058041 0.141886
v 0.112165 -0.058041 0.133748
v 0.034976 -0.058041 0.128817
v 0.099387 -0.058041 0.125072
v 0.038609 -0.058041 0.117687
v 0.086980 -0.058041 0.115875
v 0.039147 -0.058041 0.116242
v 0.042694 -0.058041 0.106713
v 0.074964 -0.058041 0.106172
v 0.047224 -0.058041 0.095916
v 0.063361 -0.058041 0.095978
v 0.052190 -0.058041 0.085313
v 0.048760 -0.058041 0.092636
v -0.006837 -0.058041 0.738041
v -0.000617 -0.058041 0.756172
v -0.007450 -0.058041 0.756172
v 0.000706 -0.058041 0.759292
v -0.000617 -0.058041 0.756172
v -0.013339 -0.058041 0.738041
v -0.006088 -0.058041 0.740912
v -0.006837 -0.058041 0.738041
v 0.048760 -0.058041 0.092636
v 0.047224 -0.058041 0.095916
v 0.052190 -0.058041 0.085313
v 0.063361 -0.058041 0.095978
v 0.074964 -0.058041 0.106172
v 0.042694 -0.058041 0.106713
v 0.086980 -0.058041 0.115875
v 0.039147 -0.058041 0.116242
v 0.038609 -0.058041 0.117687
v 0.099387 -0.058041 0.125072
v 0.034976 -0.058041 0.128817
v 0.112165 -0.058041 0.133748
v 0.031799 -0.058041 0.140086
v 0.125292 -0.058041 0.141886
v 0.138745 -0.058041 0.149473
v 0.029085 -0.058041 0.151476
v 0.149795 -0.058041 0.155115
v 0.148784 -0.058041 0.158376
v 0.147617 -0.058041 0.162610
v 0.026838 -0.058041 0.162967
v 0.146387 -0.058041 0.167070
v 0.025062 -0.058041 0.174540
v 0.144265 -0.058041 0.175835
v 0.142423 -0.058041 0.184663
v 0.023759 -0.058041 0.186177
v 0.140861 -0.058041 0.193544
v 0.022932 -0.058041 0.197856
v 0.139580 -0.058041 0.202471
v 0.022711 -0.058041 0.205257
v 0.138583 -0.058041 0.211434
v 0.137870 -0.058041 0.220424
v 0.022711 -0.058041 0.221268
v -0.025066 -0.058041 0.221932
v -0.048143 -0.058041 0.228460
v 0.137442 -0.058041 0.229432
v 0.137299 -0.058041 0.238449
v -0.069735 -0.058041 0.238896
v -0.089187 -0.058041 0.252924
v -0.105908 -0.058041 0.270116
v -0.119389 -0.058041 0.289951
v -0.000173 -0.058041 0.299760
v 0.009794 -0.058041 0.300478
v 0.019484 -0.058041 0.302916
v 0.028604 -0.058041 0.307000
v 0.036877 -0.058041 0.312605
v 0.044050 -0.058041 0.319562
v 0.049907 -0.058041 0.327659
v 0.054268 -0.058041 0.336649
v 0.056799 -0.058041 0.345545
v 0.137299 -0.058041 0.345548
v 0.114368 -0.058041 0.345548
v 0.057002 -0.058041 0.346260
v 0.058026 -0.058041 0.356200
v 0.057307 -0.058041 0.366167
v 0.114367 -0.058041 0.368479
v 0.054869 -0.058041 0.375858
v 0.137297 -0.058041 0.368480
v 0.136518 -0.058041 0.379085
v 0.050786 -0.058041 0.384978
v 0.045180 -0.058041 0.393250
v 0.038224 -0.058041 0.400424
v 0.130633 -0.058041 0.402334
v 0.030127 -0.058041 0.406280
v 0.021136 -0.058041 0.410642
v 0.011525 -0.058041 0.413376
v 0.001585 -0.058041 0.414399
v 0.120801 -0.058041 0.424208
v -0.001206 -0.058041 0.219509
v -0.010113 -0.058041 0.300783
v -0.019725 -0.058041 0.303517
v -0.028715 -0.058041 0.307879
v -0.129222 -0.058041 0.311825
v -0.036812 -0.058041 0.313735
v -0.043769 -0.058041 0.320909
v -0.049374 -0.058041 0.329181
v -0.135106 -0.058041 0.335074
v -0.053458 -0.058041 0.338301
v -0.135875 -0.058041 0.345535
v -0.113933 -0.058041 0.345536
v -0.055279 -0.058041 0.345539
v -0.055896 -0.058041 0.347992
v -0.056614 -0.058041 0.357959
v -0.055590 -0.058041 0.367899
v -0.113934 -0.058041 0.368466
v -0.052856 -0.058041 0.377510
v -0.135902 -0.058041 0.368465
v -0.136865 -0.058041 0.368465
v -0.048495 -0.058041 0.386501
v -0.042638 -0.058041 0.394597
v -0.035465 -0.058041 0.401554
v -0.027193 -0.058041 0.407159
v -0.018073 -0.058041 0.411243
v 0.000706 -0.058041 0.414336
v -0.008382 -0.058041 0.413681
v 0.107320 -0.058041 0.444043
v 0.090599 -0.058041 0.461235
v 0.071147 -0.058041 0.475262
v 0.049555 -0.058041 0.485699
v 0.026478 -0.058041 0.492228
v 0.000706 -0.058041 0.494509
v 0.000706 -0.058041 0.506128
v -0.011240 -0.058041 0.507173
v -0.022822 -0.058041 0.510277
v -0.033690 -0.058041 0.515344
v -0.043513 -0.058041 0.522222
v -0.051992 -0.058041 0.530701
v -0.058869 -0.058041 0.540524
v -0.063937 -0.058041 0.551392
v -0.067041 -0.058041 0.562974
v -0.068086 -0.058041 0.574920
v -0.067041 -0.058041 0.586865
v -0.063937 -0.058041 0.598448
v -0.136877 -0.058041 0.609316
v -0.058869 -0.058041 0.609316
v -0.051992 -0.058041 0.619138
v -0.043513 -0.058041 0.627617
v -0.033690 -0.058041 0.634495
v -0.022822 -0.058041 0.639563
v -0.011240 -0.058041 0.642666
v 0.000706 -0.058041 0.643711
v 0.000706 -0.058041 0.656105
v -0.000030 -0.058041 0.657842
v -0.006863 -0.058041 0.657842
v -0.002396 -0.058041 0.663424
v -0.002758 -0.058041 0.664278
v -0.003136 -0.058041 0.665388
v -0.010144 -0.058041 0.666453
v -0.005220 -0.058041 0.671512
v -0.005618 -0.058041 0.672682
v -0.006077 -0.058041 0.674443
v -0.012826 -0.058041 0.675390
v -0.007859 -0.058041 0.681272
v -0.008571 -0.058041 0.685139
v -0.015376 -0.058041 0.687354
v -0.009777 -0.058041 0.692821
v -0.010010 -0.058041 0.694945
v -0.016715 -0.058041 0.698368
v -0.010542 -0.058041 0.701736
v -0.010625 -0.058041 0.704005
v -0.017055 -0.058041 0.707698
v -0.010673 -0.058041 0.710072
v -0.010542 -0.058041 0.713661
v -0.010759 -0.058041 0.713833
v -0.016560 -0.058041 0.718436
v -0.010031 -0.058041 0.720260
v -0.009724 -0.058041 0.723051
v -0.015408 -0.058041 0.727873
v -0.008813 -0.058041 0.728945
v -0.008207 -0.058041 0.732234
v -0.010759 -0.058041 0.747136
v -0.004022 -0.058041 0.747406
v -0.002992 -0.058041 0.750431
v -0.005027 -0.058041 0.770757
v 0.000706 -0.058041 0.776003
v 0.000706 -0.058041 0.777280
v -0.005027 -0.058041 0.782223
v 0.000706 -0.058041 0.787468
v 0.000706 -0.058041 0.788746
v -0.005027 -0.058041 0.793688
v 0.000706 -0.058041 0.798934
v 0.000706 -0.058041 0.800211
v -0.005027 -0.058041 0.805153
v 0.000706 -0.058041 0.810399
v 0.000706 -0.058041 0.811676
v -0.005027 -0.058041 0.816618
v 0.000706 -0.058041 0.821864
v 0.000706 -0.058041 0.823141
v -0.005027 -0.058041 0.828084
v 0.000706 -0.058041 0.833329
v 0.000706 -0.058041 0.834607
v -0.005027 -0.058041 0.839549
v 0.000706 -0.058041 0.844795
v 0.000706 -0.058041 0.846072
v -0.005027 -0.058041 0.851014
v 0.000706 -0.058041 0.856260
v 0.000706 -0.058041 0.857537
v -0.005027 -0.058041 0.862480
v 0.000706 -0.058041 0.867725
v 0.000706 -0.058041 0.873017
v -0.033690 -0.058041 0.873017
v 0.002618 -0.058041 0.494650
v -0.135902 0.056612 0.368465
v -0.136865 -0.058041 0.368465
v -0.136865 0.056612 0.368465
v -0.135902 -0.058041 0.368465
v -0.135902 -0.000715 0.368465
v -0.135902 -0.000715 0.368465
v -0.135902 0.056612 0.368465
v -0.135902 -0.058041 0.368465
v -0.136865 -0.058041 0.368465
v -0.136865 0.056612 0.368465
v -0.113934 -0.000715 0.368466
v -0.135902 -0.058041 0.368465
v -0.135902 -0.000715 0.368465
v -0.113934 -0.058041 0.368466
v -0.113934 -0.058041 0.368466
v -0.113934 -0.000715 0.368466
v -0.135902 -0.058041 0.368465
v -0.135902 -0.000715 0.368465
v -0.113933 -0.058041 0.345536
v -0.113934 -0.000715 0.368466
v -0.113933 -0.000715 0.345536
v -0.113934 -0.058041 0.368466
v -0.113934 -0.058041 0.368466
v -0.113933 -0.058041 0.345536
v -0.113934 -0.000715 0.368466
v -0.113933 -0.000715 0.345536
v -0.113933 -0.058041 0.345536
v -0.135875 -0.000715 0.345535
v -0.135875 -0.058041 0.345535
v -0.113933 -0.000715 0.345536
v -0.113933 -0.000715 0.345536
v -0.113933 -0.058041 0.345536
v -0.135875 -0.000715 0.345535
v -0.135875 -0.058041 0.345535
v -0.135106 -0.058041 0.335074
v -0.135875 -0.000715 0.345535
v -0.135106 -0.000715 0.335074
v -0.135875 -0.058041 0.345535
v -0.135875 -0.058041 0.345535
v -0.135106 -0.058041 0.335074
v -0.135875 -0.000715 0.345535
v -0.135106 -0.000715 0.335074
v -0.129222 -0.058041 0.311825
v -0.129222 -0.000715 0.311825
v -0.129222 -0.058041 0.311825
v -0.129222 -0.000715 0.311825
v -0.119389 -0.058041 0.289951
v -0.119389 -0.000715 0.289951
v -0.119389 -0.058041 0.289951
v -0.119389 -0.000715 0.289951
v -0.105908 -0.058041 0.270116
v -0.105908 -0.000715 0.270116
v -0.105908 -0.058041 0.270116
v -0.105908 -0.000715 0.270116
v -0.089187 -0.058041 0.252924
v -0.089187 -0.000715 0.252924
v -0.089187 -0.058041 0.252924
v -0.089187 -0.000715 0.252924
v -0.069735 -0.000715 0.238896
v -0.069735 -0.058041 0.238896
v -0.069735 -0.058041 0.238896
v -0.069735 -0.000715 0.238896
v -0.048143 -0.000715 0.228460
v -0.048143 -0.058041 0.228460
v -0.048143 -0.058041 0.228460
v -0.048143 -0.000715 0.228460
v -0.025066 -0.000715 0.221932
v -0.025066 -0.058041 0.221932
v -0.025066 -0.058041 0.221932
v -0.025066 -0.000715 0.221932
v -0.001206 -0.000715 0.219509
v -0.001206 -0.058041 0.219509
v -0.001206 -0.058041 0.219509
v -0.001206 -0.000715 0.219509
v 0.022711 -0.000715 0.221268
v 0.022711 -0.058041 0.221268
v 0.022711 -0.058041 0.221268
v 0.022711 -0.000715 0.221268
v 0.022711 -0.058041 0.205257
v 0.022711 0.056612 0.221268
v 0.022711 0.056612 0.205257
v 0.022711 -0.000715 0.221268
v 0.022711 -0.058041 0.221268
v 0.022711 -0.058041 0.221268
v 0.022711 -0.058041 0.205257
v 0.022711 -0.000715 0.221268
v 0.022711 0.056612 0.221268
v 0.022711 0.056612 0.205257
v 0.022932 -0.058041 0.197856
v 0.022711 0.056612 0.205257
v 0.022932 0.056612 0.197856
v 0.022711 -0.058041 0.205257
v 0.022711 -0.058041 0.205257
v 0.022932 -0.058041 0.197856
v 0.022711 0.056612 0.205257
v 0.022932 0.056612 0.197856
v 0.023759 -0.058041 0.186177
v 0.023759 0.056612 0.186177
v 0.023759 -0.058041 0.186177
v 0.023759 0.056612 0.186177
v 0.025062 -0.058041 0.174540
v 0.025062 0.056612 0.174540
v 0.025062 -0.058041 0.174540
v 0.025062 0.056612 0.174540
v 0.026838 -0.058041 0.162967
v 0.026838 0.056612 0.162967
v 0.026838 -0.058041 0.162967
v 0.026838 0.056612 0.162967
v 0.029085 -0.058041 0.151476
v 0.029085 0.056612 0.151476
v 0.029085 -0.058041 0.151476
v 0.029085 0.056612 0.151476
v 0.031799 -0.058041 0.140086
v 0.031799 0.056612 0.140086
v 0.031799 -0.058041 0.140086
v 0.031799 0.056612 0.140086
v 0.034976 -0.058041 0.128817
v 0.034976 0.056612 0.128817
v 0.034976 -0.058041 0.128817
v 0.034976 0.056612 0.128817
v 0.038609 -0.058041 0.117687
v 0.038609 0.056612 0.117687
v 0.038609 -0.058041 0.117687
v 0.038609 0.056612 0.117687
v 0.039147 -0.058041 0.116242
v 0.039147 0.056612 0.116242
v 0.039147 -0.058041 0.116242
v 0.039147 0.056612 0.116242
v 0.042694 -0.058041 0.106713
v 0.039147 0.056612 0.116242
v 0.042694 0.056612 0.106713
v 0.039147 -0.058041 0.116242
v 0.039147 -0.058041 0.116242
v 0.042694 -0.058041 0.106713
v 0.039147 0.056612 0.116242
v 0.042694 0.056612 0.106713
v 0.047224 -0.058041 0.095916
v 0.047224 0.056612 0.095916
v 0.047224 -0.058041 0.095916
v 0.047224 0.056612 0.095916
v 0.052190 -0.058041 0.085313
v 0.052190 0.056612 0.085313
v 0.048760 -0.058041 0.092636
v 0.048760 -0.058041 0.092636
v 0.052190 -0.058041 0.085313
v 0.052190 0.056612 0.085313
v 0.148784 -0.058041 0.158376
v 0.149795 0.056612 0.155115
v 0.148784 0.056612 0.158376
v 0.149795 -0.058041 0.155115
v 0.149795 -0.058041 0.155115
v 0.148784 -0.058041 0.158376
v 0.149795 0.056612 0.155115
v 0.148784 0.056612 0.158376
v 0.146387 -0.058041 0.167070
v 0.146387 0.056612 0.167070
v 0.147617 -0.058041 0.162610
v 0.147617 -0.058041 0.162610
v 0.146387 -0.058041 0.167070
v 0.146387 0.056612 0.167070
v 0.144265 -0.058041 0.175835
v 0.144265 0.056612 0.175835
v 0.144265 -0.058041 0.175835
v 0.144265 0.056612 0.175835
v 0.142423 -0.058041 0.184663
v 0.142423 0.056612 0.184663
v 0.142423 -0.058041 0.184663
v 0.142423 0.056612 0.184663
v 0.140861 -0.058041 0.193544
v 0.140861 0.056612 0.193544
v 0.140861 -0.058041 0.193544
v 0.140861 0.056612 0.193544
v 0.139580 -0.058041 0.202471
v 0.139580 0.056612 0.202471
v 0.139580 -0.058041 0.202471
v 0.139580 0.056612 0.202471
v 0.138583 -0.058041 0.211434
v 0.138583 0.056612 0.211434
v 0.138583 -0.058041 0.211434
v 0.138583 0.056612 0.211434
v 0.137870 -0.058041 0.220424
v 0.137870 0.056612 0.220424
v 0.137870 -0.058041 0.220424
v 0.137870 0.056612 0.220424
v 0.137442 -0.058041 0.229432
v 0.137442 0.056612 0.229432
v 0.137442 -0.058041 0.229432
v 0.137442 0.056612 0.229432
v 0.137299 -0.058041 0.238449
v 0.137299 0.056612 0.238449
v 0.137299 -0.058041 0.238449
v 0.137299 0.056612 0.238449
v 0.137299 -0.000715 0.345548
v 0.137299 0.056612 0.238449
v 0.137299 0.056612 0.345548
v 0.137299 -0.058041 0.238449
v 0.137299 -0.058041 0.345548
v 0.137299 -0.058041 0.345548
v 0.137299 -0.000715 0.345548
v 0.137299 -0.058041 0.238449
v 0.137299 0.056612 0.238449
v 0.137299 0.056612 0.345548
v 0.137299 -0.058041 0.345548
v 0.114368 -0.000715 0.345548
v 0.114368 -0.058041 0.345548
v 0.137299 -0.000715 0.345548
v 0.137299 -0.000715 0.345548
v 0.137299 -0.058041 0.345548
v 0.114368 -0.000715 0.345548
v 0.114368 -0.058041 0.345548
v 0.114367 -0.058041 0.368479
v 0.114368 -0.000715 0.345548
v 0.114367 -0.000715 0.368479
v 0.114368 -0.058041 0.345548
v 0.114368 -0.058041 0.345548
v 0.114367 -0.058041 0.368479
v 0.114368 -0.000715 0.345548
v 0.114367 -0.000715 0.368479
v 0.137297 -0.000715 0.368480
v 0.114367 -0.058041 0.368479
v 0.114367 -0.000715 0.368479
v 0.137297 -0.058041 0.368480
v 0.137297 -0.058041 0.368480
v 0.137297 -0.000715 0.368480
v 0.114367 -0.058041 0.368479
v 0.114367 -0.000715 0.368479
v 0.136518 -0.058041 0.379085
v 0.137297 -0.000715 0.368480
v 0.136518 -0.000715 0.379085
v 0.137297 -0.058041 0.368480
v 0.137297 -0.058041 0.368480
v 0.136518 -0.058041 0.379085
v 0.137297 -0.000715 0.368480
v 0.136518 -0.000715 0.379085
v 0.130633 -0.058041 0.402334
v 0.130633 -0.000715 0.402334
v 0.130633 -0.058041 0.402334
v 0.130633 -0.000715 0.402334
v 0.120801 -0.058041 0.424208
v 0.120801 -0.000715 0.424208
v 0.120801 -0.058041 0.424208
v 0.120801 -0.000715 0.424208
v 0.107320 -0.058041 0.444043
v 0.107320 -0.000715 0.444043
v 0.107320 -0.058041 0.444043
v 0.107320 -0.000715 0.444043
v 0.090599 -0.058041 0.461235
v 0.090599 -0.000715 0.461235
v 0.090599 -0.058041 0.461235
v 0.090599 -0.000715 0.461235
v 0.071147 -0.000715 0.475262
v 0.071147 -0.058041 0.475262
v 0.071147 -0.000715 0.475262
v 0.071147 -0.058041 0.475262
v 0.049555 -0.000715 0.485699
v 0.049555 -0.058041 0.485699
v 0.049555 -0.000715 0.485699
v 0.049555 -0.058041 0.485699
v 0.026478 -0.000715 0.492228
v 0.026478 -0.058041 0.492228
v 0.026478 -0.000715 0.492228
v 0.026478 -0.058041 0.492228
v 0.002618 -0.000715 0.494650
v 0.002618 -0.058041 0.494650
v 0.002618 -0.000715 0.494650
v 0.002618 -0.058041 0.494650
v 0.000706 -0.000715 0.494509
v 0.000706 -0.058041 0.494509
v 0.000706 -0.000715 0.494509
v 0.000706 -0.058041 0.494509
v 0.000706 0.033681 0.506128
v 0.000706 0.056612 0.494509
v 0.000706 0.056612 0.506128
v 0.000706 -0.000715 0.494509
v 0.000706 -0.058041 0.506128
v 0.000706 -0.058041 0.494509
v 0.000706 -0.058041 0.494509
v 0.000706 -0.058041 0.506128
v 0.000706 -0.000715 0.494509
v 0.000706 0.033681 0.506128
v 0.000706 0.056612 0.494509
v 0.000706 0.056612 0.506128
v 0.000706 -0.058041 0.506128
v -0.011240 0.033681 0.507173
v -0.011240 -0.058041 0.507173
v 0.000706 0.033681 0.506128
v 0.000706 0.033681 0.506128
v 0.000706 -0.058041 0.506128
v -0.011240 0.033681 0.507173
v -0.011240 -0.058041 0.507173
v -0.022822 0.033681 0.510277
v -0.022822 -0.058041 0.510277
v -0.022822 0.033681 0.510277
v -0.022822 -0.058041 0.510277
v -0.033690 0.033681 0.515344
v -0.033690 -0.058041 0.515344
v -0.033690 0.033681 0.515344
v -0.033690 -0.058041 0.515344
v -0.043513 0.033681 0.522222
v -0.043513 -0.058041 0.522222
v -0.043513 0.033681 0.522222
v -0.043513 -0.058041 0.522222
v -0.051992 0.033681 0.530701
v -0.051992 -0.058041 0.530701
v -0.051992 0.033681 0.530701
v -0.051992 -0.058041 0.530701
v -0.058869 -0.058041 0.540524
v -0.058869 0.033681 0.540524
v -0.058869 -0.058041 0.540524
v -0.058869 0.033681 0.540524
v -0.063937 -0.058041 0.551392
v -0.063937 0.033681 0.551392
v -0.063937 -0.058041 0.551392
v -0.063937 0.033681 0.551392
v -0.067041 -0.058041 0.562974
v -0.067041 0.033681 0.562974
v -0.067041 -0.058041 0.562974
v -0.067041 0.033681 0.562974
v -0.068086 -0.058041 0.574920
v -0.068086 0.033681 0.574920
v -0.068086 -0.058041 0.574920
v -0.068086 0.033681 0.574920
v -0.067041 -0.058041 0.586865
v -0.067041 0.033681 0.586865
v -0.067041 -0.058041 0.586865
v -0.067041 0.033681 0.586865
v -0.063937 -0.058041 0.598448
v -0.063937 0.033681 0.598448
v -0.063937 -0.058041 0.598448
v -0.063937 0.033681 0.598448
v -0.058869 -0.058041 0.609316
v -0.058869 0.033681 0.609316
v -0.058869 -0.058041 0.609316
v -0.058869 0.033681 0.609316
v -0.051992 -0.058041 0.619138
v -0.051992 0.033681 0.619138
v -0.051992 -0.058041 0.619138
v -0.051992 0.033681 0.619138
v -0.043513 0.033681 0.627617
v -0.043513 -0.058041 0.627617
v -0.043513 -0.058041 0.627617
v -0.043513 0.033681 0.627617
v -0.033690 0.033681 0.634495
v -0.033690 -0.058041 0.634495
v -0.033690 -0.058041 0.634495
v -0.033690 0.033681 0.634495
v -0.022822 0.033681 0.639563
v -0.022822 -0.058041 0.639563
v -0.022822 -0.058041 0.639563
v -0.022822 0.033681 0.639563
v -0.011240 0.033681 0.642666
v -0.011240 -0.058041 0.642666
v -0.011240 -0.058041 0.642666
v -0.011240 0.033681 0.642666
v 0.000706 0.033681 0.643711
v 0.000706 -0.058041 0.643711
v 0.000706 -0.058041 0.643711
v 0.000706 0.033681 0.643711
v 0.000706 -0.058041 0.656105
v 0.000706 0.056612 0.643711
v 0.000706 0.056612 0.656105
v 0.000706 0.033681 0.643711
v 0.000706 -0.058041 0.643711
v 0.000706 -0.058041 0.643711
v 0.000706 -0.058041 0.656105
v 0.000706 0.033681 0.643711
v 0.000706 0.056612 0.643711
v 0.000706 0.056612 0.656105
v -0.000030 -0.058041 0.657842
v 0.000706 0.056612 0.656105
v -0.000030 0.056612 0.657842
v 0.000706 -0.058041 0.656105
v 0.000706 -0.058041 0.656105
v -0.000030 -0.058041 0.657842
v 0.000706 0.056612 0.656105
v -0.000030 0.056612 0.657842
v -0.000030 -0.058041 0.657842
v -0.006863 0.056612 0.657842
v -0.006863 -0.058041 0.657842
v -0.000030 0.056612 0.657842
v -0.000030 0.056612 0.657842
v -0.000030 -0.058041 0.657842
v -0.006863 0.056612 0.657842
v -0.006863 -0.058041 0.657842
v -0.002396 -0.058041 0.663424
v -0.006863 0.056612 0.657842
v -0.002396 0.056612 0.663424
v -0.006863 -0.058041 0.657842
v -0.006863 -0.058041 0.657842
v -0.002396 -0.058041 0.663424
v -0.006863 0.056612 0.657842
v -0.002396 0.056612 0.663424
v -0.002758 -0.058041 0.664278
v -0.002396 0.056612 0.663424
v -0.002758 0.056612 0.664278
v -0.002396 -0.058041 0.663424
v -0.002396 -0.058041 0.663424
v -0.002758 -0.058041 0.664278
v -0.002396 0.056612 0.663424
v -0.002758 0.056612 0.664278
v -0.003136 -0.058041 0.665388
v -0.003136 0.056612 0.665388
v -0.003136 -0.058041 0.665388
v -0.003136 0.056612 0.665388
v -0.003136 -0.058041 0.665388
v -0.010144 0.056612 0.666453
v -0.010144 -0.058041 0.666453
v -0.003136 0.056612 0.665388
v -0.003136 0.056612 0.665388
v -0.003136 -0.058041 0.665388
v -0.010144 0.056612 0.666453
v -0.010144 -0.058041 0.666453
v -0.005220 -0.058041 0.671512
v -0.010144 0.056612 0.666453
v -0.005220 0.056612 0.671512
v -0.010144 -0.058041 0.666453
v -0.010144 -0.058041 0.666453
v -0.005220 -0.058041 0.671512
v -0.010144 0.056612 0.666453
v -0.005220 0.056612 0.671512
v -0.005618 -0.058041 0.672682
v -0.005220 0.056612 0.671512
v -0.005618 0.056612 0.672682
v -0.005220 -0.058041 0.671512
v -0.005220 -0.058041 0.671512
v -0.005618 -0.058041 0.672682
v -0.005220 0.056612 0.671512
v -0.005618 0.056612 0.672682
v -0.006077 -0.058041 0.674443
v -0.006077 0.056612 0.674443
v -0.006077 -0.058041 0.674443
v -0.006077 0.056612 0.674443
v -0.006077 -0.058041 0.674443
v -0.012826 0.056612 0.675390
v -0.012826 -0.058041 0.675390
v -0.006077 0.056612 0.674443
v -0.006077 0.056612 0.674443
v -0.006077 -0.058041 0.674443
v -0.012826 0.056612 0.675390
v -0.012826 -0.058041 0.675390
v -0.007859 -0.058041 0.681272
v -0.012826 0.056612 0.675390
v -0.007859 0.056612 0.681272
v -0.012826 -0.058041 0.675390
v -0.012826 -0.058041 0.675390
v -0.007859 -0.058041 0.681272
v -0.012826 0.056612 0.675390
v -0.007859 0.056612 0.681272
v -0.008571 -0.058041 0.685139
v -0.007859 0.056612 0.681272
v -0.008571 0.056612 0.685139
v -0.007859 -0.058041 0.681272
v -0.007859 -0.058041 0.681272
v -0.008571 -0.058041 0.685139
v -0.007859 0.056612 0.681272
v -0.008571 0.056612 0.685139
v -0.008571 -0.058041 0.685139
v -0.015376 0.056612 0.687354
v -0.015376 -0.058041 0.687354
v -0.008571 0.056612 0.685139
v -0.008571 0.056612 0.685139
v -0.008571 -0.058041 0.685139
v -0.015376 0.056612 0.687354
v -0.015376 -0.058041 0.687354
v -0.009777 0.056612 0.692821
v -0.015376 -0.058041 0.687354
v -0.015376 0.056612 0.687354
v -0.009777 -0.058041 0.692821
v -0.009777 -0.058041 0.692821
v -0.009777 0.056612 0.692821
v -0.015376 -0.058041 0.687354
v -0.015376 0.056612 0.687354
v -0.010010 -0.058041 0.694945
v -0.009777 0.056612 0.692821
v -0.010010 0.056612 0.694945
v -0.009777 -0.058041 0.692821
v -0.009777 -0.058041 0.692821
v -0.010010 -0.058041 0.694945
v -0.009777 0.056612 0.692821
v -0.010010 0.056612 0.694945
v -0.010010 -0.058041 0.694945
v -0.016715 0.056612 0.698368
v -0.016715 -0.058041 0.698368
v -0.010010 0.056612 0.694945
v -0.010010 0.056612 0.694945
v -0.010010 -0.058041 0.694945
v -0.016715 0.056612 0.698368
v -0.016715 -0.058041 0.698368
v -0.010542 0.056612 0.701736
v -0.016715 -0.058041 0.698368
v -0.016715 0.056612 0.698368
v -0.010542 -0.058041 0.701736
v -0.010542 -0.058041 0.701736
v -0.010542 0.056612 0.701736
v -0.016715 -0.058041 0.698368
v -0.016715 0.056612 0.698368
v -0.010625 -0.058041 0.704005
v -0.010542 0.056612 0.701736
v -0.010625 0.056612 0.704005
v -0.010542 -0.058041 0.701736
v -0.010542 -0.058041 0.701736
v -0.010625 -0.058041 0.704005
v -0.010542 0.056612 0.701736
v -0.010625 0.056612 0.704005
v -0.010625 -0.058041 0.704005
v -0.017055 0.056612 0.707698
v -0.017055 -0.058041 0.707698
v -0.010625 0.056612 0.704005
v -0.010625 0.056612 0.704005
v -0.010625 -0.058041 0.704005
v -0.017055 0.056612 0.707698
v -0.017055 -0.058041 0.707698
v -0.010673 0.056612 0.710072
v -0.017055 -0.058041 0.707698
v -0.017055 0.056612 0.707698
v -0.010673 -0.058041 0.710072
v -0.010673 -0.058041 0.710072
v -0.010673 0.056612 0.710072
v -0.017055 -0.058041 0.707698
v -0.017055 0.056612 0.707698
v -0.010542 -0.058041 0.713661
v -0.010673 0.056612 0.710072
v -0.010542 0.056612 0.713661
v -0.010673 -0.058041 0.710072
v -0.010673 -0.058041 0.710072
v -0.010542 -0.058041 0.713661
v -0.010673 0.056612 0.710072
v -0.010542 0.056612 0.713661
v -0.010542 -0.058041 0.713661
v -0.010759 0.056612 0.713833
v -0.010759 -0.058041 0.713833
v -0.010542 0.056612 0.713661
v -0.010542 0.056612 0.713661
v -0.010542 -0.058041 0.713661
v -0.010759 0.056612 0.713833
v -0.010759 -0.058041 0.713833
v -0.010759 -0.058041 0.713833
v -0.016560 0.056612 0.718436
v -0.016560 -0.058041 0.718436
v -0.010759 0.056612 0.713833
v -0.010759 0.056612 0.713833
v -0.010759 -0.058041 0.713833
v -0.016560 0.056612 0.718436
v -0.016560 -0.058041 0.718436
v -0.010031 0.056612 0.720260
v -0.016560 -0.058041 0.718436
v -0.016560 0.056612 0.718436
v -0.010031 -0.058041 0.720260
v -0.010031 -0.058041 0.720260
v -0.010031 0.056612 0.720260
v -0.016560 -0.058041 0.718436
v -0.016560 0.056612 0.718436
v -0.009724 -0.058041 0.723051
v -0.010031 0.056612 0.720260
v -0.009724 0.056612 0.723051
v -0.010031 -0.058041 0.720260
v -0.010031 -0.058041 0.720260
v -0.009724 -0.058041 0.723051
v -0.010031 0.056612 0.720260
v -0.009724 0.056612 0.723051
v -0.009724 -0.058041 0.723051
v -0.015408 0.056612 0.727873
v -0.015408 -0.058041 0.727873
v -0.009724 0.056612 0.723051
v -0.009724 0.056612 0.723051
v -0.009724 -0.058041 0.723051
v -0.015408 0.056612 0.727873
v -0.015408 -0.058041 0.727873
v -0.008813 0.056612 0.728945
v -0.015408 -0.058041 0.727873
v -0.015408 0.056612 0.727873
v -0.008813 -0.058041 0.728945
v -0.008813 -0.058041 0.728945
v -0.008813 0.056612 0.728945
v -0.015408 -0.058041 0.727873
v -0.015408 0.056612 0.727873
v -0.008207 -0.058041 0.732234
v -0.008813 0.056612 0.728945
v -0.008207 0.056612 0.732234
v -0.008813 -0.058041 0.728945
v -0.008813 -0.058041 0.728945
v -0.008207 -0.058041 0.732234
v -0.008813 0.056612 0.728945
v -0.008207 0.056612 0.732234
v -0.013339 -0.058041 0.738041
v -0.008207 0.056612 0.732234
v -0.013339 0.056612 0.738041
v -0.008207 -0.058041 0.732234
v -0.008207 -0.058041 0.732234
v -0.013339 -0.058041 0.738041
v -0.008207 0.056612 0.732234
v -0.013339 0.056612 0.738041
v -0.006837 0.056612 0.738041
v -0.013339 -0.058041 0.738041
v -0.013339 0.056612 0.738041
v -0.006837 -0.058041 0.738041
v -0.006837 -0.058041 0.738041
v -0.006837 0.056612 0.738041
v -0.013339 -0.058041 0.738041
v -0.013339 0.056612 0.738041
v -0.006088 -0.058041 0.740912
v -0.006837 0.056612 0.738041
v -0.006088 0.056612 0.740912
v -0.006837 -0.058041 0.738041
v -0.006837 -0.058041 0.738041
v -0.006088 -0.058041 0.740912
v -0.006837 0.056612 0.738041
v -0.006088 0.056612 0.740912
v -0.010759 -0.058041 0.747136
v -0.006088 0.056612 0.740912
v -0.010759 0.056612 0.747136
v -0.006088 -0.058041 0.740912
v -0.006088 -0.058041 0.740912
v -0.010759 -0.058041 0.747136
v -0.006088 0.056612 0.740912
v -0.010759 0.056612 0.747136
v -0.004022 0.056612 0.747406
v -0.010759 -0.058041 0.747136
v -0.010759 0.056612 0.747136
v -0.004022 -0.058041 0.747406
v -0.004022 -0.058041 0.747406
v -0.004022 0.056612 0.747406
v -0.010759 -0.058041 0.747136
v -0.010759 0.056612 0.747136
v -0.002992 -0.058041 0.750431
v -0.004022 0.056612 0.747406
v -0.002992 0.056612 0.750431
v -0.004022 -0.058041 0.747406
v -0.004022 -0.058041 0.747406
v -0.002992 -0.058041 0.750431
v -0.004022 0.056612 0.747406
v -0.002992 0.056612 0.750431
v -0.007450 -0.058041 0.756172
v -0.002992 0.056612 0.750431
v -0.007450 0.056612 0.756172
v -0.002992 -0.058041 0.750431
v -0.002992 -0.058041 0.750431
v -0.007450 -0.058041 0.756172
v -0.002992 0.056612 0.750431
v -0.007450 0.056612 0.756172
v -0.000617 0.056612 0.756172
v -0.007450 -0.058041 0.756172
v -0.007450 0.056612 0.756172
v -0.000617 -0.058041 0.756172
v -0.000617 -0.058041 0.756172
v -0.000617 0.056612 0.756172
v -0.007450 -0.058041 0.756172
v -0.007450 0.056612 0.756172
v 0.000706 -0.058041 0.759292
v -0.000617 0.056612 0.756172
v 0.000706 0.056612 0.759292
v -0.000617 -0.058041 0.756172
v -0.000617 -0.058041 0.756172
v 0.000706 -0.058041 0.759292
v -0.000617 0.056612 0.756172
v 0.000706 0.056612 0.759292
v -0.005027 -0.058041 0.770757
v 0.000706 0.056612 0.759292
v -0.005027 0.056612 0.770757
v 0.000706 -0.058041 0.759292
v 0.000706 -0.058041 0.759292
v -0.005027 -0.058041 0.770757
v 0.000706 0.056612 0.759292
v -0.005027 0.056612 0.770757
v 0.000706 0.056612 0.776003
v -0.005027 -0.058041 0.770757
v -0.005027 0.056612 0.770757
v 0.000706 -0.058041 0.776003
v 0.000706 -0.058041 0.776003
v 0.000706 0.056612 0.776003
v -0.005027 -0.058041 0.770757
v -0.005027 0.056612 0.770757
v 0.000706 -0.058041 0.777280
v 0.000706 0.056612 0.776003
v 0.000706 0.056612 0.777280
v 0.000706 -0.058041 0.776003
v 0.000706 -0.058041 0.776003
v 0.000706 -0.058041 0.777280
v 0.000706 0.056612 0.776003
v 0.000706 0.056612 0.777280
v 0.000706 -0.058041 0.777280
v -0.005027 0.056612 0.782223
v -0.005027 -0.058041 0.782223
v 0.000706 0.056612 0.777280
v 0.000706 0.056612 0.777280
v 0.000706 -0.058041 0.777280
v -0.005027 0.056612 0.782223
v -0.005027 -0.058041 0.782223
v 0.000706 0.056612 0.787468
v -0.005027 -0.058041 0.782223
v -0.005027 0.056612 0.782223
v 0.000706 -0.058041 0.787468
v 0.000706 -0.058041 0.787468
v 0.000706 0.056612 0.787468
v -0.005027 -0.058041 0.782223
v -0.005027 0.056612 0.782223
v 0.000706 -0.058041 0.788746
v 0.000706 0.056612 0.787468
v 0.000706 0.056612 0.788746
v 0.000706 -0.058041 0.787468
v 0.000706 -0.058041 0.787468
v 0.000706 -0.058041 0.788746
v 0.000706 0.056612 0.787468
v 0.000706 0.056612 0.788746
v 0.000706 -0.058041 0.788746
v -0.005027 0.056612 0.793688
v -0.005027 -0.058041 0.793688
v 0.000706 0.056612 0.788746
v 0.000706 0.056612 0.788746
v 0.000706 -0.058041 0.788746
v -0.005027 0.056612 0.793688
v -0.005027 -0.058041 0.793688
v 0.000706 0.056612 0.798934
v -0.005027 -0.058041 0.793688
v -0.005027 0.056612 0.793688
v 0.000706 -0.058041 0.798934
v 0.000706 -0.058041 0.798934
v 0.000706 0.056612 0.798934
v -0.005027 -0.058041 0.793688
v -0.005027 0.056612 0.793688
v 0.000706 -0.058041 0.800211
v 0.000706 0.056612 0.798934
v 0.000706 0.056612 0.800211
v 0.000706 -0.058041 0.798934
v 0.000706 -0.058041 0.798934
v 0.000706 -0.058041 0.800211
v 0.000706 0.056612 0.798934
v 0.000706 0.056612 0.800211
v 0.000706 -0.058041 0.800211
v -0.005027 0.056612 0.805153
v -0.005027 -0.058041 0.805153
v 0.000706 0.056612 0.800211
v 0.000706 0.056612 0.800211
v 0.000706 -0.058041 0.800211
v -0.005027 0.056612 0.805153
v -0.005027 -0.058041 0.805153
v 0.000706 0.056612 0.810399
v -0.005027 -0.058041 0.805153
v -0.005027 0.056612 0.805153
v 0.000706 -0.058041 0.810399
v 0.000706 -0.058041 0.810399
v 0.000706 0.056612 0.810399
v -0.005027 -0.058041 0.805153
v -0.005027 0.056612 0.805153
v 0.000706 -0.058041 0.811676
v 0.000706 0.056612 0.810399
v 0.000706 0.056612 0.811676
v 0.000706 -0.058041 0.810399
v 0.000706 -0.058041 0.810399
v 0.000706 -0.058041 0.811676
v 0.000706 0.056612 0.810399
v 0.000706 0.056612 0.811676
v 0.000706 -0.058041 0.811676
v -0.005027 0.056612 0.816618
v -0.005027 -0.058041 0.816618
v 0.000706 0.056612 0.811676
v 0.000706 0.056612 0.811676
v 0.000706 -0.058041 0.811676
v -0.005027 0.056612 0.816618
v -0.005027 -0.058041 0.816618
v 0.000706 0.056612 0.821864
v -0.005027 -0.058041 0.816618
v -0.005027 0.056612 0.816618
v 0.000706 -0.058041 0.821864
v 0.000706 -0.058041 0.821864
v 0.000706 0.056612 0.821864
v -0.005027 -0.058041 0.816618
v -0.005027 0.056612 0.816618
v 0.000706 -0.058041 0.823141
v 0.000706 0.056612 0.821864
v 0.000706 0.056612 0.823141
v 0.000706 -0.058041 0.821864
v 0.000706 -0.058041 0.821864
v 0.000706 -0.058041 0.823141
v 0.000706 0.056612 0.821864
v 0.000706 0.056612 0.823141
v 0.000706 -0.058041 0.823141
v -0.005027 0.056612 0.828084
v -0.005027 -0.058041 0.828084
v 0.000706 0.056612 0.823141
v 0.000706 0.056612 0.823141
v 0.000706 -0.058041 0.823141
v -0.005027 0.056612 0.828084
v -0.005027 -0.058041 0.828084
v 0.000706 0.056612 0.833329
v -0.005027 -0.058041 0.828084
v -0.005027 0.056612 0.828084
v 0.000706 -0.058041 0.833329
v 0.000706 -0.058041 0.833329
v 0.000706 0.056612 0.833329
v -0.005027 -0.058041 0.828084
v -0.005027 0.056612 0.828084
v 0.000706 -0.058041 0.834607
v 0.000706 0.056612 0.833329
v 0.000706 0.056612 0.834607
v 0.000706 -0.058041 0.833329
v 0.000706 -0.058041 0.833329
v 0.000706 -0.058041 0.834607
v 0.000706 0.056612 0.833329
v 0.000706 0.056612 0.834607
v 0.000706 -0.058041 0.834607
v -0.005027 0.056612 0.839549
v -0.005027 -0.058041 0.839549
v 0.000706 0.056612 0.834607
v 0.000706 0.056612 0.834607
v 0.000706 -0.058041 0.834607
v -0.005027 0.056612 0.839549
v -0.005027 -0.058041 0.839549
v 0.000706 0.056612 0.844795
v -0.005027 -0.058041 0.839549
v -0.005027 0.056612 0.839549
v 0.000706 -0.058041 0.844795
v 0.000706 -0.058041 0.844795
v 0.000706 0.056612 0.844795
v -0.005027 -0.058041 0.839549
v -0.005027 0.056612 0.839549
v 0.000706 -0.058041 0.846072
v 0.000706 0.056612 0.844795
v 0.000706 0.056612 0.846072
v 0.000706 -0.058041 0.844795
v 0.000706 -0.058041 0.844795
v 0.000706 -0.058041 0.846072
v 0.000706 0.056612 0.844795
v 0.000706 0.056612 0.846072
v 0.000706 -0.058041 0.846072
v -0.005027 0.056612 0.851014
v -0.005027 -0.058041 0.851014
v 0.000706 0.056612 0.846072
v 0.000706 0.056612 0.846072
v 0.000706 -0.058041 0.846072
v -0.005027 0.056612 0.851014
v -0.005027 -0.058041 0.851014
v 0.000706 0.056612 0.856260
v -0.005027 -0.058041 0.851014
v -0.005027 0.056612 0.851014
v 0.000706 -0.058041 0.856260
v 0.000706 -0.058041 0.856260
v 0.000706 0.056612 0.856260
v -0.005027 -0.058041 0.851014
v -0.005027 0.056612 0.851014
v 0.000706 -0.058041 0.857537
v 0.000706 0.056612 0.856260
v 0.000706 0.056612 0.857537
v 0.000706 -0.058041 0.856260
v 0.000706 -0.058041 0.856260
v 0.000706 -0.058041 0.857537
v 0.000706 0.056612 0.856260
v 0.000706 0.056612 0.857537
v 0.000706 -0.058041 0.857537
v -0.005027 0.056612 0.862480
v -0.005027 -0.058041 0.862480
v 0.000706 0.056612 0.857537
v 0.000706 0.056612 0.857537
v 0.000706 -0.058041 0.857537
v -0.005027 0.056612 0.862480
v -0.005027 -0.058041 0.862480
v 0.000706 0.056612 0.867725
v -0.005027 -0.058041 0.862480
v -0.005027 0.056612 0.862480
v 0.000706 -0.058041 0.867725
v 0.000706 -0.058041 0.867725
v 0.000706 0.056612 0.867725
v -0.005027 -0.058041 0.862480
v -0.005027 0.056612 0.862480
v 0.000706 -0.058041 0.873017
v 0.000706 0.056612 0.867725
v 0.000706 0.056612 0.873017
v 0.000706 -0.058041 0.867725
v 0.000706 -0.058041 0.867725
v 0.000706 -0.058041 0.873017
v 0.000706 0.056612 0.867725
v 0.000706 0.056612 0.873017
v 0.000706 -0.058041 0.873017
v -0.033690 0.056612 0.873017
v -0.033690 -0.058041 0.873017
v 0.000706 0.056612 0.873017
v 0.000706 0.056612 0.873017
v 0.000706 -0.058041 0.873017
v -0.033690 0.056612 0.873017
v -0.033690 -0.058041 0.873017
v -0.136877 -0.058041 0.609316
v -0.033690 0.056612 0.873017
v -0.136877 0.056612 0.609316
v -0.033690 -0.058041 0.873017
v -0.033690 -0.058041 0.873017
v -0.136877 -0.058041 0.609316
v -0.033690 0.056612 0.873017
v -0.136877 0.056612 0.609316
v -0.136865 -0.058041 0.368465
v -0.136877 0.056612 0.609316
v -0.136865 0.056612 0.368465
v -0.136877 -0.058041 0.609316
v -0.136877 -0.058041 0.609316
v -0.136865 -0.058041 0.368465
v -0.136877 0.056612 0.609316
v -0.136865 0.056612 0.368465
v 0.000706 0.056612 0.656105
v -0.006863 0.056612 0.657842
v -0.000030 0.056612 0.657842
v 0.000706 0.056612 0.867725
v -0.033690 0.056612 0.873017
v 0.000706 0.056612 0.873017
v -0.005027 0.056612 0.862480
v -0.136877 0.056612 0.609316
v -0.005027 0.056612 0.851014
v 0.000706 0.056612 0.857537
v 0.000706 0.056612 0.856260
v -0.005027 0.056612 0.839549
v 0.000706 0.056612 0.846072
v 0.000706 0.056612 0.844795
v -0.005027 0.056612 0.828084
v 0.000706 0.056612 0.834607
v 0.000706 0.056612 0.833329
v -0.005027 0.056612 0.816618
v 0.000706 0.056612 0.823141
v 0.000706 0.056612 0.821864
v -0.005027 0.056612 0.805153
v 0.000706 0.056612 0.811676
v 0.000706 0.056612 0.810399
v -0.005027 0.056612 0.793688
v 0.000706 0.056612 0.800211
v 0.000706 0.056612 0.798934
v -0.005027 0.056612 0.782223
v 0.000706 0.056612 0.788746
v 0.000706 0.056612 0.787468
v -0.005027 0.056612 0.770757
v 0.000706 0.056612 0.777280
v 0.000706 0.056612 0.776003
v -0.007450 0.056612 0.756172
v 0.000706 0.056612 0.759292
v -0.000617 0.056612 0.756172
v -0.010759 0.056612 0.747136
v -0.002992 0.056612 0.750431
v -0.004022 0.056612 0.747406
v -0.013339 0.056612 0.738041
v -0.006088 0.056612 0.740912
v -0.006837 0.056612 0.738041
v -0.015408 0.056612 0.727873
v -0.008207 0.056612 0.732234
v -0.008813 0.056612 0.728945
v -0.016560 0.056612 0.718436
v -0.009724 0.056612 0.723051
v -0.010031 0.056612 0.720260
v -0.010759 0.056612 0.713833
v -0.010542 0.056612 0.713661
v -0.017055 0.056612 0.707698
v -0.010673 0.056612 0.710072
v -0.010625 0.056612 0.704005
v -0.016715 0.056612 0.698368
v -0.010542 0.056612 0.701736
v -0.010010 0.056612 0.694945
v -0.009777 0.056612 0.692821
v -0.015376 0.056612 0.687354
v -0.008571 0.056612 0.685139
v -0.007859 0.056612 0.681272
v -0.012826 0.056612 0.675390
v -0.006077 0.056612 0.674443
v -0.005618 0.056612 0.672682
v -0.005220 0.056612 0.671512
v -0.010144 0.056612 0.666453
v -0.003136 0.056612 0.665388
v -0.002758 0.056612 0.664278
v -0.002396 0.056612 0.663424
v 0.000706 0.056612 0.643711
v -0.022225 0.056612 0.629144
v -0.022225 0.056612 0.514491
v -0.086257 0.056612 0.463693
v -0.103450 0.056612 0.446973
v -0.117477 0.056612 0.427521
v -0.127914 0.056612 0.405928
v -0.134442 0.056612 0.382852
v -0.136865 0.056612 0.368465
v -0.066423 0.056612 0.477175
v -0.044549 0.056612 0.487007
v 0.000706 0.056612 0.506128
v -0.021300 0.056612 0.492892
v 0.000706 0.056612 0.494509
v -0.135902 0.056612 0.368465
v -0.135902 0.056612 0.368465
v -0.134442 0.056612 0.382852
v -0.136865 0.056612 0.368465
v 0.000706 0.056612 0.494509
v 0.000706 0.056612 0.506128
v -0.021300 0.056612 0.492892
v -0.044549 0.056612 0.487007
v -0.022225 0.056612 0.514491
v -0.066423 0.056612 0.477175
v -0.086257 0.056612 0.463693
v -0.136877 0.056612 0.609316
v -0.127914 0.056612 0.405928
v -0.117477 0.056612 0.427521
v -0.103450 0.056612 0.446973
v -0.022225 0.056612 0.629144
v 0.000706 0.056612 0.643711
v 0.000706 0.056612 0.656105
v -0.006863 0.056612 0.657842
v -0.002396 0.056612 0.663424
v -0.002758 0.056612 0.664278
v -0.003136 0.056612 0.665388
v -0.010144 0.056612 0.666453
v -0.005220 0.056612 0.671512
v -0.005618 0.056612 0.672682
v -0.006077 0.056612 0.674443
v -0.012826 0.056612 0.675390
v -0.007859 0.056612 0.681272
v -0.008571 0.056612 0.685139
v -0.015376 0.056612 0.687354
v -0.009777 0.056612 0.692821
v -0.010010 0.056612 0.694945
v -0.016715 0.056612 0.698368
v -0.010542 0.056612 0.701736
v -0.010625 0.056612 0.704005
v -0.017055 0.056612 0.707698
v -0.010673 0.056612 0.710072
v -0.010542 0.056612 0.713661
v -0.010759 0.056612 0.713833
v -0.016560 0.056612 0.718436
v -0.010031 0.056612 0.720260
v -0.009724 0.056612 0.723051
v -0.015408 0.056612 0.727873
v -0.008813 0.056612 0.728945
v -0.008207 0.056612 0.732234
v -0.013339 0.056612 0.738041
v -0.006837 0.056612 0.738041
v -0.006088 0.056612 0.740912
v -0.010759 0.056612 0.747136
v -0.004022 0.056612 0.747406
v -0.002992 0.056612 0.750431
v -0.007450 0.056612 0.756172
v -0.000617 0.056612 0.756172
v 0.000706 0.056612 0.759292
v -0.005027 0.056612 0.770757
v 0.000706 0.056612 0.776003
v 0.000706 0.056612 0.777280
v -0.005027 0.056612 0.782223
v 0.000706 0.056612 0.787468
v 0.000706 0.056612 0.788746
v -0.005027 0.056612 0.793688
v 0.000706 0.056612 0.798934
v 0.000706 0.056612 0.800211
v -0.005027 0.056612 0.805153
v 0.000706 0.056612 0.810399
v 0.000706 0.056612 0.811676
v -0.005027 0.056612 0.816618
v 0.000706 0.056612 0.821864
v 0.000706 0.056612 0.823141
v -0.005027 0.056612 0.828084
v 0.000706 0.056612 0.833329
v 0.000706 0.056612 0.834607
v -0.005027 0.056612 0.839549
v 0.000706 0.056612 0.844795
v 0.000706 0.056612 0.846072
v -0.005027 0.056612 0.851014
v 0.000706 0.056612 0.856260
v 0.000706 0.056612 0.857537
v -0.005027 0.056612 0.862480
v -0.033690 0.056612 0.873017
v 0.000706 0.056612 0.867725
v 0.000706 0.056612 0.873017
v -0.000030 0.056612 0.657842
v -0.134442 -0.000715 0.382852
v -0.135902 0.056612 0.368465
v -0.134442 0.056612 0.382852
v -0.135902 -0.000715 0.368465
v -0.135902 -0.000715 0.368465
v -0.134442 -0.000715 0.382852
v -0.135902 0.056612 0.368465
v -0.134442 0.056612 0.382852
v 0.135854 -0.000715 0.331307
v 0.114368 -0.000715 0.345548
v 0.137299 -0.000715 0.345548
v 0.056799 -0.000715 0.345545
v 0.054268 -0.000715 0.336649
v 0.049907 -0.000715 0.327659
v 0.129325 -0.000715 0.308231
v 0.044050 -0.000715 0.319562
v 0.036877 -0.000715 0.312605
v 0.028604 -0.000715 0.307000
v 0.118889 -0.000715 0.286638
v 0.019484 -0.000715 0.302916
v 0.009794 -0.000715 0.300478
v -0.000173 -0.000715 0.299760
v -0.119389 -0.000715 0.289951
v -0.105908 -0.000715 0.270116
v 0.104861 -0.000715 0.267186
v -0.089187 -0.000715 0.252924
v 0.087669 -0.000715 0.250466
v -0.069735 -0.000715 0.238896
v 0.067835 -0.000715 0.236984
v -0.048143 -0.000715 0.228460
v 0.045961 -0.000715 0.227152
v -0.025066 -0.000715 0.221932
v 0.022711 -0.000715 0.221268
v -0.001206 -0.000715 0.219509
v -0.055590 -0.000715 0.367899
v -0.113934 -0.000715 0.368466
v -0.052856 -0.000715 0.377510
v -0.113933 -0.000715 0.345536
v -0.056614 -0.000715 0.357959
v -0.055896 -0.000715 0.347992
v -0.055279 -0.000715 0.345539
v -0.053458 -0.000715 0.338301
v -0.135875 -0.000715 0.345535
v -0.135106 -0.000715 0.335074
v -0.049374 -0.000715 0.329181
v -0.129222 -0.000715 0.311825
v -0.043769 -0.000715 0.320909
v -0.036812 -0.000715 0.313735
v -0.028715 -0.000715 0.307879
v -0.019725 -0.000715 0.303517
v -0.010113 -0.000715 0.300783
v 0.130633 -0.000715 0.402334
v 0.001585 -0.000715 0.414399
v 0.120801 -0.000715 0.424208
v 0.011525 -0.000715 0.413376
v 0.021136 -0.000715 0.410642
v 0.030127 -0.000715 0.406280
v 0.038224 -0.000715 0.400424
v 0.136518 -0.000715 0.379085
v 0.045180 -0.000715 0.393250
v 0.050786 -0.000715 0.384978
v 0.054869 -0.000715 0.375858
v 0.137297 -0.000715 0.368480
v 0.114367 -0.000715 0.368479
v 0.057307 -0.000715 0.366167
v 0.058026 -0.000715 0.356200
v 0.057002 -0.000715 0.346260
v 0.000706 -0.000715 0.414336
v -0.021300 -0.000715 0.492892
v 0.000706 -0.000715 0.494509
v -0.044549 -0.000715 0.487007
v -0.066423 -0.000715 0.477175
v -0.086257 -0.000715 0.463693
v -0.103450 -0.000715 0.446973
v -0.117477 -0.000715 0.427521
v -0.127914 -0.000715 0.405928
v -0.008382 -0.000715 0.413681
v -0.018073 -0.000715 0.411243
v -0.027193 -0.000715 0.407159
v -0.035465 -0.000715 0.401554
v -0.134442 -0.000715 0.382852
v -0.042638 -0.000715 0.394597
v -0.048495 -0.000715 0.386501
v -0.135902 -0.000715 0.368465
v 0.026478 -0.000715 0.492228
v 0.002618 -0.000715 0.494650
v 0.049555 -0.000715 0.485699
v 0.071147 -0.000715 0.475262
v 0.090599 -0.000715 0.461235
v 0.107320 -0.000715 0.444043
v 0.001585 -0.000715 0.414399
v 0.120801 -0.000715 0.424208
v 0.000706 -0.000715 0.414336
v 0.107320 -0.000715 0.444043
v 0.090599 -0.000715 0.461235
v 0.071147 -0.000715 0.475262
v 0.049555 -0.000715 0.485699
v 0.026478 -0.000715 0.492228
v 0.000706 -0.000715 0.494509
v 0.002618 -0.000715 0.494650
v -0.113934 -0.000715 0.368466
v -0.052856 -0.000715 0.377510
v -0.135902 -0.000715 0.368465
v -0.134442 -0.000715 0.382852
v -0.048495 -0.000715 0.386501
v -0.042638 -0.000715 0.394597
v -0.035465 -0.000715 0.401554
v -0.127914 -0.000715 0.405928
v -0.027193 -0.000715 0.407159
v -0.018073 -0.000715 0.411243
v -0.008382 -0.000715 0.413681
v -0.117477 -0.000715 0.427521
v -0.103450 -0.000715 0.446973
v -0.086257 -0.000715 0.463693
v -0.066423 -0.000715 0.477175
v -0.044549 -0.000715 0.487007
v -0.021300 -0.000715 0.492892
v 0.056799 -0.000715 0.345545
v 0.114368 -0.000715 0.345548
v 0.057002 -0.000715 0.346260
v 0.058026 -0.000715 0.356200
v 0.057307 -0.000715 0.366167
v 0.114367 -0.000715 0.368479
v 0.054869 -0.000715 0.375858
v 0.137297 -0.000715 0.368480
v 0.136518 -0.000715 0.379085
v 0.050786 -0.000715 0.384978
v 0.045180 -0.000715 0.393250
v 0.038224 -0.000715 0.400424
v 0.130633 -0.000715 0.402334
v 0.030127 -0.000715 0.406280
v 0.021136 -0.000715 0.410642
v 0.011525 -0.000715 0.413376
v -0.000173 -0.000715 0.299760
v -0.010113 -0.000715 0.300783
v -0.119389 -0.000715 0.289951
v -0.019725 -0.000715 0.303517
v -0.028715 -0.000715 0.307879
v -0.129222 -0.000715 0.311825
v -0.036812 -0.000715 0.313735
v -0.043769 -0.000715 0.320909
v -0.049374 -0.000715 0.329181
v -0.135106 -0.000715 0.335074
v -0.053458 -0.000715 0.338301
v -0.135875 -0.000715 0.345535
v -0.113933 -0.000715 0.345536
v -0.055279 -0.000715 0.345539
v -0.055896 -0.000715 0.347992
v -0.056614 -0.000715 0.357959
v -0.055590 -0.000715 0.367899
v -0.001206 -0.000715 0.219509
v 0.022711 -0.000715 0.221268
v -0.025066 -0.000715 0.221932
v 0.045961 -0.000715 0.227152
v -0.048143 -0.000715 0.228460
v 0.067835 -0.000715 0.236984
v -0.069735 -0.000715 0.238896
v 0.087669 -0.000715 0.250466
v -0.089187 -0.000715 0.252924
v 0.104861 -0.000715 0.267186
v -0.105908 -0.000715 0.270116
v 0.118889 -0.000715 0.286638
v 0.009794 -0.000715 0.300478
v 0.019484 -0.000715 0.302916
v 0.028604 -0.000715 0.307000
v 0.129325 -0.000715 0.308231
v 0.036877 -0.000715 0.312605
v 0.044050 -0.000715 0.319562
v 0.049907 -0.000715 0.327659
v 0.135854 -0.000715 0.331307
v 0.054268 -0.000715 0.336649
v 0.137299 -0.000715 0.345548
v 0.022711 -0.058041 0.205257
v 0.022583 -0.058041 0.209559
v 0.022711 -0.058041 0.221268
v 0.022711 -0.058041 0.221268
v 0.022583 -0.058041 0.209559
v 0.022711 -0.058041 0.205257
v 0.045961 -0.000715 0.227152
v 0.022711 0.056612 0.221268
v 0.022711 -0.000715 0.221268
v 0.045961 0.056612 0.227152
v 0.045961 0.056612 0.227152
v 0.045961 -0.000715 0.227152
v 0.022711 0.056612 0.221268
v 0.022711 -0.000715 0.221268
v 0.137299 0.056612 0.238449
v 0.135854 0.056612 0.331307
v 0.137299 0.056612 0.345548
v 0.129325 0.056612 0.308231
v 0.118889 0.056612 0.286638
v 0.104861 0.056612 0.267186
v 0.087669 0.056612 0.250466
v 0.067835 0.056612 0.236984
v 0.137442 0.056612 0.229432
v 0.045961 0.056612 0.227152
v 0.137870 0.056612 0.220424
v 0.022711 0.056612 0.221268
v 0.022711 0.056612 0.205257
v 0.138583 0.056612 0.211434
v 0.139580 0.056612 0.202471
v 0.022932 0.056612 0.197856
v 0.140861 0.056612 0.193544
v 0.023759 0.056612 0.186177
v 0.142423 0.056612 0.184663
v 0.025062 0.056612 0.174540
v 0.144265 0.056612 0.175835
v 0.146387 0.056612 0.167070
v 0.026838 0.056612 0.162967
v 0.148784 0.056612 0.158376
v 0.029085 0.056612 0.151476
v 0.149795 0.056612 0.155115
v 0.139939 0.056612 0.152338
v 0.130278 0.056612 0.148947
v 0.031799 0.056612 0.140086
v 0.120848 0.056612 0.144954
v 0.111689 0.056612 0.140376
v 0.102835 0.056612 0.135232
v 0.034976 0.056612 0.128817
v 0.094323 0.056612 0.129540
v 0.086186 0.056612 0.123325
v 0.038609 0.056612 0.117687
v 0.078455 0.056612 0.116609
v 0.039147 0.056612 0.116242
v 0.071163 0.056612 0.109421
v 0.042694 0.056612 0.106713
v 0.064336 0.056612 0.101789
v 0.047224 0.056612 0.095916
v 0.058004 0.056612 0.093742
v 0.052190 0.056612 0.085313
v 0.052190 0.056612 0.085313
v 0.058004 0.056612 0.093742
v 0.047224 0.056612 0.095916
v 0.064336 0.056612 0.101789
v 0.042694 0.056612 0.106713
v 0.071163 0.056612 0.109421
v 0.039147 0.056612 0.116242
v 0.078455 0.056612 0.116609
v 0.038609 0.056612 0.117687
v 0.086186 0.056612 0.123325
v 0.034976 0.056612 0.128817
v 0.094323 0.056612 0.129540
v 0.102835 0.056612 0.135232
v 0.031799 0.056612 0.140086
v 0.111689 0.056612 0.140376
v 0.120848 0.056612 0.144954
v 0.130278 0.056612 0.148947
v 0.029085 0.056612 0.151476
v 0.139939 0.056612 0.152338
v 0.149795 0.056612 0.155115
v 0.148784 0.056612 0.158376
v 0.026838 0.056612 0.162967
v 0.146387 0.056612 0.167070
v 0.025062 0.056612 0.174540
v 0.144265 0.056612 0.175835
v 0.142423 0.056612 0.184663
v 0.023759 0.056612 0.186177
v 0.140861 0.056612 0.193544
v 0.022932 0.056612 0.197856
v 0.139580 0.056612 0.202471
v 0.022711 0.056612 0.205257
v 0.138583 0.056612 0.211434
v 0.137870 0.056612 0.220424
v 0.022711 0.056612 0.221268
v 0.045961 0.056612 0.227152
v 0.137442 0.056612 0.229432
v 0.067835 0.056612 0.236984
v 0.137299 0.056612 0.238449
v 0.087669 0.056612 0.250466
v 0.104861 0.056612 0.267186
v 0.118889 0.056612 0.286638
v 0.129325 0.056612 0.308231
v 0.135854 0.056612 0.331307
v 0.137299 0.056612 0.345548
v 0.135854 -0.000715 0.331307
v 0.137299 0.056612 0.345548
v 0.135854 0.056612 0.331307
v 0.137299 -0.000715 0.345548
v 0.137299 -0.000715 0.345548
v 0.135854 -0.000715 0.331307
v 0.137299 0.056612 0.345548
v 0.135854 0.056612 0.331307
v 0.000706 0.056612 0.494509
v -0.021300 -0.000715 0.492892
v -0.021300 0.056612 0.492892
v 0.000706 -0.000715 0.494509
v 0.000706 -0.000715 0.494509
v 0.000706 0.056612 0.494509
v -0.021300 -0.000715 0.492892
v -0.021300 0.056612 0.492892
v 0.000706 0.033681 0.643711
v 0.000706 0.049947 0.629144
v 0.000706 0.056612 0.643711
v 0.000706 0.049947 0.514491
v 0.000706 0.033681 0.643711
v 0.000706 0.049947 0.514491
v 0.000706 0.049947 0.629144
v 0.000706 0.056612 0.643711
v 0.000706 0.056612 0.506128
v -0.022225 0.056612 0.514491
v 0.000706 0.049947 0.514491
v 0.000706 0.049947 0.514491
v -0.022225 0.056612 0.514491
v 0.000706 0.056612 0.506128
v -0.044549 -0.000715 0.487007
v -0.044549 0.056612 0.487007
v -0.044549 -0.000715 0.487007
v -0.044549 0.056612 0.487007
v -0.066423 -0.000715 0.477175
v -0.066423 0.056612 0.477175
v -0.066423 -0.000715 0.477175
v -0.066423 0.056612 0.477175
v -0.086257 -0.000715 0.463693
v -0.086257 0.056612 0.463693
v -0.086257 -0.000715 0.463693
v -0.086257 0.056612 0.463693
v -0.103450 -0.000715 0.446973
v -0.103450 0.056612 0.446973
v -0.103450 -0.000715 0.446973
v -0.103450 0.056612 0.446973
v -0.117477 0.056612 0.427521
v -0.117477 -0.000715 0.427521
v -0.117477 -0.000715 0.427521
v -0.117477 0.056612 0.427521
v -0.127914 0.056612 0.405928
v -0.127914 -0.000715 0.405928
v -0.127914 -0.000715 0.405928
v -0.127914 0.056612 0.405928
v -0.022225 0.056612 0.629144
v 0.000706 0.056612 0.643711
v 0.000706 0.049947 0.629144
v 0.000706 0.049947 0.629144
v 0.000706 0.056612 0.643711
v -0.022225 0.056612 0.629144
v 0.000706 0.049947 0.514491
v -0.022225 0.056612 0.629144
v 0.000706 0.049947 0.629144
v -0.022225 0.056612 0.514491
v -0.022225 0.056612 0.514491
v 0.000706 0.049947 0.514491
v -0.022225 0.056612 0.629144
v 0.000706 0.049947 0.629144
v 0.129325 -0.000715 0.308231
v 0.129325 0.056612 0.308231
v 0.129325 -0.000715 0.308231
v 0.129325 0.056612 0.308231
v 0.118889 -0.000715 0.286638
v 0.118889 0.056612 0.286638
v 0.118889 -0.000715 0.286638
v 0.118889 0.056612 0.286638
v 0.104861 -0.000715 0.267186
v 0.104861 0.056612 0.267186
v 0.104861 -0.000715 0.267186
v 0.104861 0.056612 0.267186
v 0.087669 0.056612 0.250466
v 0.087669 -0.000715 0.250466
v 0.087669 0.056612 0.250466
v 0.087669 -0.000715 0.250466
v 0.067835 0.056612 0.236984
v 0.067835 -0.000715 0.236984
v 0.067835 0.056612 0.236984
v 0.067835 -0.000715 0.236984
v 0.000706 -0.000715 0.414336
v -0.008382 -0.058041 0.413681
v -0.008382 -0.000715 0.413681
v 0.000706 -0.058041 0.414336
v 0.000706 -0.058041 0.414336
v 0.000706 -0.000715 0.414336
v -0.008382 -0.058041 0.413681
v -0.008382 -0.000715 0.413681
v -0.018073 -0.058041 0.411243
v -0.018073 -0.000715 0.411243
v -0.018073 -0.058041 0.411243
v -0.018073 -0.000715 0.411243
v -0.027193 -0.058041 0.407159
v -0.027193 -0.000715 0.407159
v -0.027193 -0.058041 0.407159
v -0.027193 -0.000715 0.407159
v -0.035465 -0.058041 0.401554
v -0.035465 -0.000715 0.401554
v -0.035465 -0.058041 0.401554
v -0.035465 -0.000715 0.401554
v -0.042638 -0.058041 0.394597
v -0.042638 -0.000715 0.394597
v -0.042638 -0.058041 0.394597
v -0.042638 -0.000715 0.394597
v -0.048495 -0.000715 0.386501
v -0.048495 -0.058041 0.386501
v -0.048495 -0.058041 0.386501
v -0.048495 -0.000715 0.386501
v -0.052856 -0.000715 0.377510
v -0.052856 -0.058041 0.377510
v -0.052856 -0.058041 0.377510
v -0.052856 -0.000715 0.377510
v -0.055590 -0.000715 0.367899
v -0.055590 -0.058041 0.367899
v -0.055590 -0.058041 0.367899
v -0.055590 -0.000715 0.367899
v -0.056614 -0.000715 0.357959
v -0.056614 -0.058041 0.357959
v -0.056614 -0.058041 0.357959
v -0.056614 -0.000715 0.357959
v -0.055896 -0.000715 0.347992
v -0.055896 -0.058041 0.347992
v -0.055896 -0.058041 0.347992
v -0.055896 -0.000715 0.347992
v -0.055279 -0.000715 0.345539
v -0.055279 -0.058041 0.345539
v -0.055279 -0.058041 0.345539
v -0.055279 -0.000715 0.345539
v -0.055279 -0.058041 0.345539
v -0.053458 -0.000715 0.338301
v -0.055279 -0.000715 0.345539
v -0.053458 -0.058041 0.338301
v -0.053458 -0.058041 0.338301
v -0.055279 -0.058041 0.345539
v -0.053458 -0.000715 0.338301
v -0.055279 -0.000715 0.345539
v -0.049374 -0.000715 0.329181
v -0.049374 -0.058041 0.329181
v -0.049374 -0.058041 0.329181
v -0.049374 -0.000715 0.329181
v -0.043769 -0.000715 0.320909
v -0.043769 -0.058041 0.320909
v -0.043769 -0.058041 0.320909
v -0.043769 -0.000715 0.320909
v -0.036812 -0.000715 0.313735
v -0.036812 -0.058041 0.313735
v -0.036812 -0.058041 0.313735
v -0.036812 -0.000715 0.313735
v -0.028715 -0.058041 0.307879
v -0.028715 -0.000715 0.307879
v -0.028715 -0.000715 0.307879
v -0.028715 -0.058041 0.307879
v -0.019725 -0.058041 0.303517
v -0.019725 -0.000715 0.303517
v -0.019725 -0.000715 0.303517
v -0.019725 -0.058041 0.303517
v -0.010113 -0.058041 0.300783
v -0.010113 -0.000715 0.300783
v -0.010113 -0.000715 0.300783
v -0.010113 -0.058041 0.300783
v -0.000173 -0.058041 0.299760
v -0.000173 -0.000715 0.299760
v -0.000173 -0.000715 0.299760
v -0.000173 -0.058041 0.299760
v 0.009794 -0.058041 0.300478
v 0.009794 -0.000715 0.300478
v 0.009794 -0.000715 0.300478
v 0.009794 -0.058041 0.300478
v 0.019484 -0.058041 0.302916
v 0.019484 -0.000715 0.302916
v 0.019484 -0.000715 0.302916
v 0.019484 -0.058041 0.302916
v 0.028604 -0.058041 0.307000
v 0.028604 -0.000715 0.307000
v 0.028604 -0.000715 0.307000
v 0.028604 -0.058041 0.307000
v 0.036877 -0.058041 0.312605
v 0.036877 -0.000715 0.312605
v 0.036877 -0.000715 0.312605
v 0.036877 -0.058041 0.312605
v 0.044050 -0.058041 0.319562
v 0.044050 -0.000715 0.319562
v 0.044050 -0.000715 0.319562
v 0.044050 -0.058041 0.319562
v 0.049907 -0.000715 0.327659
v 0.049907 -0.058041 0.327659
v 0.049907 -0.058041 0.327659
v 0.049907 -0.000715 0.327659
v 0.054268 -0.000715 0.336649
v 0.054268 -0.058041 0.336649
v 0.054268 -0.058041 0.336649
v 0.054268 -0.000715 0.336649
v 0.056799 -0.000715 0.345545
v 0.056799 -0.058041 0.345545
v 0.056799 -0.058041 0.345545
v 0.056799 -0.000715 0.345545
v 0.056799 -0.058041 0.345545
v 0.057002 -0.000715 0.346260
v 0.056799 -0.000715 0.345545
v 0.057002 -0.058041 0.346260
v 0.057002 -0.058041 0.346260
v 0.056799 -0.058041 0.345545
v 0.057002 -0.000715 0.346260
v 0.056799 -0.000715 0.345545
v 0.058026 -0.000715 0.356200
v 0.058026 -0.058041 0.356200
v 0.058026 -0.058041 0.356200
v 0.058026 -0.000715 0.356200
v 0.057307 -0.000715 0.366167
v 0.057307 -0.058041 0.366167
v 0.057307 -0.058041 0.366167
v 0.057307 -0.000715 0.366167
v 0.054869 -0.000715 0.375858
v 0.054869 -0.058041 0.375858
v 0.054869 -0.058041 0.375858
v 0.054869 -0.000715 0.375858
v 0.050786 -0.000715 0.384978
v 0.050786 -0.058041 0.384978
v 0.050786 -0.058041 0.384978
v 0.050786 -0.000715 0.384978
v 0.045180 -0.000715 0.393250
v 0.045180 -0.058041 0.393250
v 0.045180 -0.058041 0.393250
v 0.045180 -0.000715 0.393250
v 0.038224 -0.000715 0.400424
v 0.038224 -0.058041 0.400424
v 0.038224 -0.058041 0.400424
v 0.038224 -0.000715 0.400424
v 0.030127 -0.058041 0.406280
v 0.030127 -0.000715 0.406280
v 0.030127 -0.058041 0.406280
v 0.030127 -0.000715 0.406280
v 0.021136 -0.058041 0.410642
v 0.021136 -0.000715 0.410642
v 0.021136 -0.058041 0.410642
v 0.021136 -0.000715 0.410642
v 0.011525 -0.058041 0.413376
v 0.011525 -0.000715 0.413376
v 0.011525 -0.058041 0.413376
v 0.011525 -0.000715 0.413376
v 0.001585 -0.058041 0.414399
v 0.001585 -0.000715 0.414399
v 0.001585 -0.058041 0.414399
v 0.001585 -0.000715 0.414399
v 0.000706 -0.058041 0.414336
v 0.000706 -0.000715 0.414336
v 0.000706 -0.058041 0.414336
v 0.000706 -0.000715 0.414336
vt 0.2421436 0.01638842
vt 0.2406034 0.001216048
vt 0.2406928 0
vt -8.394442e-33 -0.02187227
vt 0.006700651 -0.003645378
vt -8.394442e-33 0
vt 0.1676874 -0.08748906
vt 0.003364957 0
vt 0.01399141 -0.003645378
vt 0.009843481 0
vt 0.01065571 0
vt 0.02128216 -0.003645378
vt 0.01713424 0
vt 0.01794647 0
vt 0.02857292 -0.003645378
vt 0.02442499 0
vt 0.02523722 0
vt 0.03586367 -0.003645378
vt 0.03171575 0
vt 0.03252798 0
vt 0.04315443 -0.003645378
vt 0.0390065 0
vt 0.03981873 0
vt 0.05044518 -0.003645378
vt 0.04629726 0
vt 0.04710949 0
vt 0.05773594 -0.003645378
vt 0.05358801 0
vt 0.05440024 0
vt 0.06502669 -0.003645378
vt 0.06087877 0
vt 0.061691 0
vt 0.07430155 -0.005186061
vt 0.07231745 0
vt 0.08004782 -0.007290755
vt 0.07795191 -0.002351639
vt 0.07987566 -0.00300628
vt 0.08583118 -0.008931046
vt 0.08400522 -0.004320438
vt 0.09229674 -0.01024656
vt 0.08952371 -0.005667634
vt 0.09161513 -0.006053017
vt 0.09829806 -0.01097945
vt 0.09536315 -0.006632656
vt 0.09713794 -0.006827479
vt 0.1012245 -0.007290755
vt 0.1013342 -0.007152509
vt 0.1051258 -0.01129401
vt 0.1036166 -0.007235727
vt 0.1074745 -0.00720512
vt 0.1110587 -0.01107769
vt 0.1089175 -0.007152509
vt 0.1132355 -0.006814115
vt 0.1145867 -0.006665794
vt 0.118063 -0.01022665
vt 0.1194716 -0.005899153
vt 0.1219302 -0.005446103
vt 0.125671 -0.008604932
vt 0.1262729 -0.004313536
vt 0.1273926 -0.004021533
vt 0.1281367 -0.003768326
vt 0.1313535 -0.006899553
vt 0.132031 -0.002443114
vt 0.1327367 -0.002202946
vt 0.1332799 -0.001972721
vt 0.1368295 -0.004813334
vt 0.1368295 -0.0004682273
vt 0.1379342 -1.387779e-17
vt 0.1464797 -0.007596158
vt 0.1458151 0
vt 0.1484532 -0.01496151
vt 0.1516758 -0.02187227
vt 0.1560494 -0.02811844
vt 0.1614412 -0.03351026
vt 0.1676874 -0.03788388
vt 0.1745981 -0.04110641
vt 0.3208439 -0.08748093
vt 0.1819635 -0.04307995
vt 0.1895596 -0.04374453
vt 0.1971558 -0.04307995
vt 0.2045211 -0.04110641
vt 0.2114319 -0.03788388
vt 0.2176781 -0.03351026
vt 0.2230699 -0.02811844
vt 0.2274435 -0.02187227
vt 0.2306661 -0.01496151
vt 0.2326396 -0.007596158
vt 0.2333042 0
vt 0.246295 0.03106284
vt 0.2529316 0.04479344
vt 0.2618516 0.057163
vt 0.2936415 -0.01194117
vt 0.2727841 0.0677957
vt 0.2920912 -0.00577888
vt 0.2853968 0.07636846
vt 0.2916748 0
vt 0.2916345 0.0005589999
vt 0.2962383 -0.01774064
vt 0.2998027 -0.02300106
vt 0.3042265 -0.02756261
vt 0.3093751 -0.03128668
vt 0.3150922 -0.03406013
vt 0.3208431 -0.07289942
vt 0.3208438 -0.08686909
vt 0.3212041 -0.03579867
vt 0.3354246 -0.07289865
vt 0.327525 -0.03644949
vt 0.3338629 -0.03599281
vt 0.3354226 -0.03560041
vt 0.3400252 -0.03444251
vt 0.3354253 -0.08685166
vt 0.3420773 -0.08636275
vt 0.3458246 -0.03184568
vt 0.3568614 -0.0826208
vt 0.3510851 -0.02828125
vt 0.3556466 -0.0238575
vt 0.3593707 -0.01870885
vt 0.3707712 -0.07636846
vt 0.3621441 -0.01299175
vt 0.3638827 -0.006879895
vt 0.3645335 -0.0005589999
vt 0.4155646 -0.001216048
vt 0.4144467 0.01399327
vt 0.4140244 -0.01638842
vt 0.2993066 0.0826208
vt 0.2922853 0.006879895
vt 0.2940239 0.01299175
vt 0.2967973 0.01870885
vt 0.3005214 0.0238575
vt 0.3140907 0.08636275
vt 0.3050829 0.02828125
vt 0.3103434 0.03184568
vt 0.3161428 0.03444251
vt 0.3208346 0.08685842
vt 0.3208354 0.0722769
vt 0.3223051 0.03599281
vt 0.3354169 0.07227768
vt 0.328643 0.03644949
vt 0.3349639 0.03579867
vt 0.3354188 0.03566926
vt 0.3354169 0.08685967
vt 0.403521 0.08685967
vt 0.3410757 0.03406013
vt 0.3467928 0.03128668
vt 0.3519415 0.02756261
vt 0.3563652 0.02300106
vt 0.3599297 0.01774064
vt 0.3625265 0.01194117
vt 0.3640768 0.00577888
vt 0.3833839 -0.0677957
vt 0.3943164 -0.057163
vt 0.4032364 -0.04479344
vt 0.409873 -0.03106284
vt 0.4092549 0.08695044
vt 0.414983 0.08722264
vt 0.4246278 0.01399327
vt 0.4206997 0.08767602
vt 0.4263992 0.0883101
vt 0.4293341 0.01413378
vt 0.4320757 0.08912427
vt 0.436761 0.01465946
vt 0.4377236 0.0901177
vt 0.4441603 0.01548776
vt 0.4433373 0.09128939
vt 0.448911 0.09263817
vt 0.4515197 0.0166173
vt 0.4517472 0.09342031
vt 0.4588268 0.0180462
vt 0.4544393 0.0941627
vt 0.4565127 0.09480578
vt 0.4601007 0.08777861
vt 0.4660696 0.01977208
vt 0.4649255 0.07922416
vt 0.4701006 0.07087699
vt 0.4732359 0.02179207
vt 0.4756172 0.06275145
vt 0.4803138 0.02410279
vt 0.4814657 0.0548615
vt 0.481232 0.02444462
vt 0.4872915 0.02670041
vt 0.4876362 0.04722068
vt 0.4941574 0.02958058
vt 0.494118 0.03984213
vt 0.5009 0.03273853
vt 0.4962432 0.03055749
vt 0.08583118 -0.004796639
vt 0.07430155 -0.0008409547
vt -0.08688612 -0.07290755
vt -0.08749797 0
vt -0.08749797 -0.07290755
vt -0.08688612 0
vt -0.08688612 -0.03645378
vt -0.07291646 -0.03645378
vt -0.07291646 0
vt 0.3354207 0
vt 0.3208392 -0.03645378
vt 0.3354207 -0.03645378
vt 0.3208392 0
vt 0.07291646 0
vt 0.08686947 -0.03645378
vt 0.08686947 0
vt 0.07291646 -0.03645378
vt 0.3348266 0
vt 0.3281567 -0.03645378
vt 0.3348266 -0.03645378
vt 0.3281567 0
vt 0.3256796 0
vt 0.3104293 -0.03645378
vt 0.3256796 -0.03645378
vt 0.3104293 0
vt 0.3068687 0
vt 0.2916184 -0.03645378
vt 0.3068687 -0.03645378
vt 0.2916184 0
vt 0.2789655 0
vt 0.2637151 -0.03645378
vt 0.2789655 -0.03645378
vt 0.2637151 0
vt 0.2428177 0
vt 0.2275674 -0.03645378
vt 0.2428177 -0.03645378
vt 0.2275674 0
vt 0.1995237 -0.03645378
vt 0.1842734 0
vt 0.1842734 -0.03645378
vt 0.1995237 0
vt 0.150399 -0.03645378
vt 0.1351486 0
vt 0.1351486 -0.03645378
vt 0.150399 0
vt 0.09693615 -0.03645378
vt 0.08168581 0
vt 0.08168581 -0.03645378
vt 0.09693615 0
vt 0.04075964 -0.03645378
vt 0.0255093 0
vt 0.0255093 -0.03645378
vt 0.04075964 0
vt -0.01642364 -0.03645378
vt -0.03167399 0
vt -0.03167399 -0.03645378
vt -0.01642364 0
vt 0.4246278 0
vt 0.4144467 -0.07290755
vt 0.4246278 -0.07290755
vt 0.4144467 -0.03645378
vt 0.4144467 0
vt 0.4295646 0
vt 0.4248563 -0.07290755
vt 0.4295646 -0.07290755
vt 0.4248563 0
vt 0.4367061 0
vt 0.4292605 -0.07290755
vt 0.4367061 -0.07290755
vt 0.4292605 0
vt 0.4431263 0
vt 0.4356807 -0.07290755
vt 0.4431263 -0.07290755
vt 0.4356807 0
vt 0.4488145 0
vt 0.441369 -0.07290755
vt 0.4488145 -0.07290755
vt 0.441369 0
vt 0.4537614 0
vt 0.4463158 -0.07290755
vt 0.4537614 -0.07290755
vt 0.4463158 0
vt 0.4579586 0
vt 0.450513 -0.07290755
vt 0.4579586 -0.07290755
vt 0.450513 0
vt 0.4613991 0
vt 0.4539536 -0.07290755
vt 0.4613991 -0.07290755
vt 0.4539536 0
vt 0.4640773 0
vt 0.4566317 -0.07290755
vt 0.4640773 -0.07290755
vt 0.4566317 0
vt 0.4595229 0
vt 0.4585431 -0.07290755
vt 0.4595229 -0.07290755
vt 0.4585431 0
vt 0.4659886 0
vt 0.4659886 -0.07290755
vt 0.4671299 0
vt 0.4596844 -0.07290755
vt 0.4671299 -0.07290755
vt 0.4596844 0
vt 0.4674993 1.387779e-17
vt 0.4600538 -0.07290755
vt 0.4674993 -0.07290755
vt 0.4600538 1.387779e-17
vt 0.462357 1.387779e-17
vt -0.4619366 0
vt -0.4641075 -0.07290755
vt -0.4619366 -0.07290755
vt -0.4641075 0
vt -0.4573847 0
vt -0.4631193 -0.07290755
vt -0.4573847 -0.07290755
vt -0.4631193 0
vt -0.4603267 0
vt -0.4523716 0
vt -0.4581062 -0.07290755
vt -0.4523716 -0.07290755
vt -0.4581062 0
vt -0.4469023 0
vt -0.4526369 -0.07290755
vt -0.4469023 -0.07290755
vt -0.4526369 0
vt -0.4409823 0
vt -0.446717 -0.07290755
vt -0.4409823 -0.07290755
vt -0.446717 0
vt -0.4346176 0
vt -0.4403522 -0.07290755
vt -0.4346176 -0.07290755
vt -0.4403522 0
vt -0.4278145 0
vt -0.4335491 -0.07290755
vt -0.4278145 -0.07290755
vt -0.4335491 0
vt -0.4205798 0
vt -0.4263145 -0.07290755
vt -0.4205798 -0.07290755
vt -0.4263145 0
vt -0.4129208 0
vt -0.4186555 -0.07290755
vt -0.4129208 -0.07290755
vt -0.4186555 0
vt -0.4048452 0
vt -0.4105798 -0.07290755
vt -0.4048452 -0.07290755
vt -0.4105798 0
vt -0.3354169 -0.03645378
vt -0.403521 -0.07290755
vt -0.3354169 -0.07290755
vt -0.403521 0
vt -0.3354169 0
vt -0.08685967 0
vt -0.07227768 -0.03645378
vt -0.07227768 0
vt -0.08685967 -0.03645378
vt -0.3208392 0
vt -0.3354207 -0.03645378
vt -0.3208392 -0.03645378
vt -0.3354207 0
vt 0.08684138 -0.03645378
vt 0.07225987 0
vt 0.07225987 -0.03645378
vt 0.08684138 0
vt -0.3195762 0
vt -0.3263383 -0.03645378
vt -0.3195762 -0.03645378
vt -0.3263383 0
vt -0.3104293 0
vt -0.3256796 -0.03645378
vt -0.3104293 -0.03645378
vt -0.3256796 0
vt -0.2916184 0
vt -0.3068687 -0.03645378
vt -0.2916184 -0.03645378
vt -0.3068687 0
vt -0.2637151 0
vt -0.2789655 -0.03645378
vt -0.2637151 -0.03645378
vt -0.2789655 0
vt -0.2275674 0
vt -0.2428177 -0.03645378
vt -0.2275674 -0.03645378
vt -0.2428177 0
vt -0.1995237 0
vt -0.1842734 -0.03645378
vt -0.1842734 0
vt -0.1995237 -0.03645378
vt -0.150399 0
vt -0.1351486 -0.03645378
vt -0.1351486 0
vt -0.150399 -0.03645378
vt -0.09693615 0
vt -0.08168581 -0.03645378
vt -0.08168581 0
vt -0.09693615 -0.03645378
vt -0.04075964 0
vt -0.0255093 -0.03645378
vt -0.0255093 0
vt -0.04075964 -0.03645378
vt 0.01642364 0
vt 0.01764297 -0.03645378
vt 0.01764297 0
vt 0.01642364 -0.03645378
vt -0.2333042 -0.05832604
vt -0.2406928 -0.07290755
vt -0.2333042 -0.07290755
vt -0.2406928 -0.03645378
vt -0.2333042 0
vt -0.2406928 0
vt -0.0203338 0
vt -0.01270862 -0.05832604
vt -0.01270862 0
vt -0.0203338 -0.05832604
vt -0.05287423 0
vt -0.04524906 -0.05832604
vt -0.04524906 0
vt -0.05287423 -0.05832604
vt -0.08392395 0
vt -0.07629878 -0.05832604
vt -0.07629878 0
vt -0.08392395 -0.05832604
vt -0.1125395 0
vt -0.1049144 -0.05832604
vt -0.1049144 0
vt -0.1125395 -0.05832604
vt -0.1378515 0
vt -0.1302263 -0.05832604
vt -0.1302263 0
vt -0.1378515 -0.05832604
vt -0.1514656 0
vt -0.1590908 -0.05832604
vt -0.1514656 -0.05832604
vt -0.1590908 0
vt -0.1679868 0
vt -0.175612 -0.05832604
vt -0.1679868 -0.05832604
vt -0.175612 0
vt -0.179288 0
vt -0.1869131 -0.05832604
vt -0.179288 -0.05832604
vt -0.1869131 0
vt -0.1850257 0
vt -0.1926509 -0.05832604
vt -0.1850257 -0.05832604
vt -0.1926509 0
vt -0.1379342 0
vt -0.1458151 -0.07290755
vt -0.1379342 -0.07290755
vt -0.1458151 -0.05832604
vt -0.1458151 0
vt -0.125798 0
vt -0.1269978 -0.07290755
vt -0.125798 -0.07290755
vt -0.1269978 0
vt 0.0004682273 0
vt 0.004813334 -0.07290755
vt 0.004813334 0
vt 0.0004682273 -0.07290755
vt -0.1052936 0
vt -0.1098399 -0.07290755
vt -0.1052936 -0.07290755
vt -0.1098399 0
vt -0.1213527 0
vt -0.1219427 -0.07290755
vt -0.1213527 -0.07290755
vt -0.1219427 0
vt -0.124205 0
vt -0.1249505 -0.07290755
vt -0.124205 -0.07290755
vt -0.1249505 0
vt -0.01742892 0
vt -0.01292128 -0.07290755
vt -0.01292128 0
vt -0.01742892 -0.07290755
vt -0.0944478 0
vt -0.09893693 -0.07290755
vt -0.0944478 -0.07290755
vt -0.09893693 0
vt -0.1193054 0
vt -0.1200914 -0.07290755
vt -0.1193054 -0.07290755
vt -0.1200914 0
vt -0.1210975 0
vt -0.1222546 -0.07290755
vt -0.1210975 -0.07290755
vt -0.1222546 0
vt -0.0132691 0
vt -0.008935692 -0.07290755
vt -0.008935692 0
vt -0.0132691 -0.07290755
vt -0.09667252 0
vt -0.1015686 -0.07290755
vt -0.09667252 -0.07290755
vt -0.1015686 0
vt -0.1164245 0
vt -0.1189245 -0.07290755
vt -0.1164245 -0.07290755
vt -0.1189245 0
vt -0.03136771 0
vt -0.02681674 -0.07290755
vt -0.02681674 0
vt -0.03136771 -0.07290755
vt -0.08481587 -0.07290755
vt -0.08979228 0
vt -0.08979228 -0.07290755
vt -0.08481587 0
vt -0.1118158 0
vt -0.1131751 -0.07290755
vt -0.1118158 -0.07290755
vt -0.1131751 0
vt -0.04542099 0
vt -0.04063388 -0.07290755
vt -0.04063388 0
vt -0.04542099 -0.07290755
vt -0.05843898 -0.07290755
vt -0.06291022 0
vt -0.06291022 -0.07290755
vt -0.05843898 0
vt -0.1071406 0
vt -0.1085845 -0.07290755
vt -0.1071406 -0.07290755
vt -0.1085845 0
vt -0.04728353 0
vt -0.0425681 -0.07290755
vt -0.0425681 0
vt -0.04728353 -0.07290755
vt -0.04289949 -0.07290755
vt -0.04722932 0
vt -0.04722932 -0.07290755
vt -0.04289949 0
vt -0.1015275 0
vt -0.1038114 -0.07290755
vt -0.1015275 -0.07290755
vt -0.1038114 0
vt -0.05737799 0
vt -0.05720152 -0.07290755
vt -0.05720152 0
vt -0.05737799 -0.07290755
vt -0.05249293 -0.07290755
vt -0.05249293 0
vt -0.03271608 -0.07290755
vt -0.03702708 0
vt -0.03702708 -0.07290755
vt -0.03271608 0
vt -0.09551746 0
vt -0.09730291 -0.07290755
vt -0.09551746 -0.07290755
vt -0.09730291 0
vt -0.05664106 0
vt -0.05190152 -0.07290755
vt -0.05190152 0
vt -0.05664106 -0.07290755
vt -0.0206727 -0.07290755
vt -0.02492128 0
vt -0.02492128 -0.07290755
vt -0.0206727 0
vt -0.08906854 0
vt -0.09119518 -0.07290755
vt -0.08906854 -0.07290755
vt -0.09119518 0
vt -0.05839933 0
vt -0.06332728 -0.07290755
vt -0.05839933 -0.07290755
vt -0.06332728 0
vt -0.004796639 -0.07290755
vt -0.008931046 0
vt -0.008931046 -0.07290755
vt -0.004796639 0
vt -0.08237665 0
vt -0.08426367 -0.07290755
vt -0.08237665 -0.07290755
vt -0.08426367 0
vt -0.05964407 0
vt -0.06459218 -0.07290755
vt -0.05964407 -0.07290755
vt -0.06459218 0
vt -0.006210942 -0.07290755
vt -0.01049888 0
vt -0.01049888 -0.07290755
vt -0.006210942 0
vt -0.07455369 0
vt -0.07658576 -0.07290755
vt -0.07455369 -0.07290755
vt -0.07658576 0
vt -0.05550646 0
vt -0.06012805 -0.07290755
vt -0.05550646 -0.07290755
vt -0.06012805 0
vt -0.0008409547 -0.07290755
vt -0.005186061 0
vt -0.005186061 -0.07290755
vt -0.0008409547 0
vt -0.0665836 0
vt -0.06873857 -0.07290755
vt -0.0665836 -0.07290755
vt -0.06873857 0
vt -0.05653138 0
vt -0.06468269 -0.07290755
vt -0.05653138 -0.07290755
vt -0.06468269 0
vt -0.04164607 -0.07290755
vt -0.04658729 0
vt -0.04658729 -0.07290755
vt -0.04164607 0
vt -0.06087877 0
vt -0.061691 -0.07290755
vt -0.06087877 -0.07290755
vt -0.061691 0
vt -0.03975207 0
vt -0.03493894 -0.07290755
vt -0.03493894 0
vt -0.03975207 -0.07290755
vt -0.03672427 -0.07290755
vt -0.04166548 0
vt -0.04166548 -0.07290755
vt -0.03672427 0
vt -0.05358801 0
vt -0.05440024 -0.07290755
vt -0.05358801 -0.07290755
vt -0.05440024 0
vt -0.03499142 0
vt -0.03017829 -0.07290755
vt -0.03017829 0
vt -0.03499142 -0.07290755
vt -0.03180246 -0.07290755
vt -0.03674367 0
vt -0.03674367 -0.07290755
vt -0.03180246 0
vt -0.04629726 0
vt -0.04710949 -0.07290755
vt -0.04629726 -0.07290755
vt -0.04710949 0
vt -0.03023077 0
vt -0.02541764 -0.07290755
vt -0.02541764 0
vt -0.03023077 -0.07290755
vt -0.02688065 -0.07290755
vt -0.03182186 0
vt -0.03182186 -0.07290755
vt -0.02688065 0
vt -0.0390065 0
vt -0.03981873 -0.07290755
vt -0.0390065 -0.07290755
vt -0.03981873 0
vt -0.02547011 0
vt -0.02065699 -0.07290755
vt -0.02065699 0
vt -0.02547011 -0.07290755
vt -0.02195884 -0.07290755
vt -0.02690006 0
vt -0.02690006 -0.07290755
vt -0.02195884 0
vt -0.03171575 0
vt -0.03252798 -0.07290755
vt -0.03171575 -0.07290755
vt -0.03252798 0
vt -0.02070946 0
vt -0.01589634 -0.07290755
vt -0.01589634 0
vt -0.02070946 -0.07290755
vt -0.01703703 -0.07290755
vt -0.02197825 0
vt -0.02197825 -0.07290755
vt -0.01703703 0
vt -0.02442499 0
vt -0.02523722 -0.07290755
vt -0.02442499 -0.07290755
vt -0.02523722 0
vt -0.01594881 0
vt -0.01113569 -0.07290755
vt -0.01113569 0
vt -0.01594881 -0.07290755
vt -0.01211522 -0.07290755
vt -0.01705644 0
vt -0.01705644 -0.07290755
vt -0.01211522 0
vt -0.01713424 0
vt -0.01794647 -0.07290755
vt -0.01713424 -0.07290755
vt -0.01794647 0
vt -0.01118816 0
vt -0.006375035 -0.07290755
vt -0.006375035 0
vt -0.01118816 -0.07290755
vt -0.007193409 -0.07290755
vt -0.01213463 0
vt -0.01213463 -0.07290755
vt -0.007193409 0
vt -0.009843481 0
vt -0.01065571 -0.07290755
vt -0.009843481 -0.07290755
vt -0.01065571 0
vt -0.006427508 0
vt -0.001614384 -0.07290755
vt -0.001614384 0
vt -0.006427508 -0.07290755
vt -0.002271599 -0.07290755
vt -0.007212818 0
vt -0.007212818 -0.07290755
vt -0.002271599 0
vt -9.597582e-22 0
vt -0.003364957 -0.07290755
vt -9.597582e-22 -0.07290755
vt -0.003364957 0
vt 0 0
vt 0.02187227 -0.07290755
vt 0.02187227 0
vt 0 -0.07290755
vt 0.1880386 0
vt 0.007970239 -0.07290755
vt 0.1880386 -0.07290755
vt 0.007970239 0
vt 0.1676827 -0.07290755
vt 0.3208392 -0.07290755
vt 0.1676827 0
vt -0.1379342 -1.387779e-17
vt -0.1368295 -0.004813334
vt -0.1368295 -0.0004682273
vt 0 -0.02187227
vt -0.006700651 -0.003645378
vt -0.1676874 -0.08748906
vt -0.01399141 -0.003645378
vt -0.02128216 -0.003645378
vt -0.02857292 -0.003645378
vt -0.03586367 -0.003645378
vt -0.04315443 -0.003645378
vt -0.05044518 -0.003645378
vt -0.05773594 -0.003645378
vt -0.06502669 -0.003645378
vt -0.07430155 -0.005186061
vt -0.07231745 0
vt -0.07430155 -0.0008409547
vt -0.08004782 -0.007290755
vt -0.07795191 -0.002351639
vt -0.07987566 -0.00300628
vt -0.08583118 -0.008931046
vt -0.08400522 -0.004320438
vt -0.08583118 -0.004796639
vt -0.09229674 -0.01024656
vt -0.08952371 -0.005667634
vt -0.09161513 -0.006053017
vt -0.09829806 -0.01097945
vt -0.09536315 -0.006632656
vt -0.09713794 -0.006827479
vt -0.1012245 -0.007290755
vt -0.1013342 -0.007152509
vt -0.1051258 -0.01129401
vt -0.1036166 -0.007235727
vt -0.1074745 -0.00720512
vt -0.1110587 -0.01107769
vt -0.1089175 -0.007152509
vt -0.1132355 -0.006814115
vt -0.1145867 -0.006665794
vt -0.118063 -0.01022665
vt -0.1194716 -0.005899153
vt -0.1219302 -0.005446103
vt -0.125671 -0.008604932
vt -0.1262729 -0.004313536
vt -0.1273926 -0.004021533
vt -0.1281367 -0.003768326
vt -0.1313535 -0.006899553
vt -0.132031 -0.002443114
vt -0.1327367 -0.002202946
vt -0.1332799 -0.001972721
vt -0.1550784 -0.01458151
vt -0.2279859 -0.01458151
vt -0.2602883 -0.05529991
vt -0.270921 -0.06623238
vt -0.2832906 -0.07515241
vt -0.2970211 -0.08178897
vt -0.3116956 -0.08594042
vt -0.3208439 -0.08748093
vt -0.2517155 -0.04268718
vt -0.2454632 -0.02877742
vt -0.2417212 -0.01399327
vt -0.3208438 -0.08686909
vt -0.3187813 -0.03645378
vt -0.3279766 -0.07290755
vt -0.3187813 -0.07290755
vt -0.3279766 -0.03645378
vt -0.3444724 0.08594042
vt -0.3354169 0.07227768
vt -0.3354169 0.08685967
vt -0.3354188 0.03566926
vt -0.3410757 0.03406013
vt -0.3467928 0.03128668
vt -0.3591468 0.08178897
vt -0.3519415 0.02756261
vt -0.3563652 0.02300106
vt -0.3599297 0.01774064
vt -0.3728774 0.07515241
vt -0.3625265 0.01194117
vt -0.3640768 0.00577888
vt -0.3645335 -0.0005589999
vt -0.3707712 -0.07636846
vt -0.3833839 -0.0677957
vt -0.385247 0.06623238
vt -0.3943164 -0.057163
vt -0.3958797 0.05529991
vt -0.4032364 -0.04479344
vt -0.4044524 0.04268718
vt -0.409873 -0.03106284
vt -0.4107048 0.02877742
vt -0.4140244 -0.01638842
vt -0.4144467 0.01399327
vt -0.4155646 -0.001216048
vt -0.3212041 -0.03579867
vt -0.3208431 -0.07289942
vt -0.3150922 -0.03406013
vt -0.3354246 -0.07289865
vt -0.327525 -0.03644949
vt -0.3338629 -0.03599281
vt -0.3354226 -0.03560041
vt -0.3400252 -0.03444251
vt -0.3354253 -0.08685166
vt -0.3420773 -0.08636275
vt -0.3458246 -0.03184568
vt -0.3568614 -0.0826208
vt -0.3510851 -0.02828125
vt -0.3556466 -0.0238575
vt -0.3593707 -0.01870885
vt -0.3621441 -0.01299175
vt -0.3638827 -0.006879895
vt -0.2993066 0.0826208
vt -0.2916345 0.0005589999
vt -0.2853968 0.07636846
vt -0.2922853 0.006879895
vt -0.2940239 0.01299175
vt -0.2967973 0.01870885
vt -0.3005214 0.0238575
vt -0.3140907 0.08636275
vt -0.3050829 0.02828125
vt -0.3103434 0.03184568
vt -0.3161428 0.03444251
vt -0.3208346 0.08685842
vt -0.3208354 0.0722769
vt -0.3223051 0.03599281
vt -0.328643 0.03644949
vt -0.3349639 0.03579867
vt -0.2916748 0
vt -0.2920912 -0.00577888
vt -0.2936415 -0.01194117
vt -0.2962383 -0.01774064
vt -0.2998027 -0.02300106
vt -0.3042265 -0.02756261
vt -0.3093751 -0.03128668
vt -0.2421436 0.01638842
vt -0.2406034 0.001216048
vt -0.246295 0.03106284
vt -0.2529316 0.04479344
vt -0.2618516 0.057163
vt -0.2727841 0.0677957
vt -0.4246278 0.01399327
vt -0.4218918 0.01391159
vt 0.07287621 -0.03645378
vt 0.08812656 -0.07290755
vt 0.08812656 -0.03645378
vt 0.07287621 -0.07290755
vt -0.403521 0.08685967
vt -0.4092549 0.08695044
vt -0.414983 0.08722264
vt -0.4206997 0.08767602
vt -0.4263992 0.0883101
vt -0.4293341 0.01413378
vt -0.4320757 0.08912427
vt -0.436761 0.01465946
vt -0.4377236 0.0901177
vt -0.4441603 0.01548776
vt -0.4433373 0.09128939
vt -0.448911 0.09263817
vt -0.4515197 0.0166173
vt -0.4544393 0.0941627
vt -0.4588268 0.0180462
vt -0.4565127 0.09480578
vt -0.4582788 0.0885384
vt -0.4604355 0.08239452
vt -0.4660696 0.01977208
vt -0.4629743 0.07639845
vt -0.4658853 0.07057394
vt -0.4691569 0.06494406
vt -0.4732359 0.02179207
vt -0.4727761 0.0595311
vt -0.4767286 0.05435649
vt -0.4803138 0.02410279
vt -0.4809987 0.04944073
vt -0.481232 0.02444462
vt -0.4855696 0.04480329
vt -0.4872915 0.02670041
vt -0.4904231 0.04046252
vt -0.4941574 0.02958058
vt -0.49554 0.03643562
vt -0.5009 0.03273853
vt 0.3340317 -0.03645378
vt 0.3249296 -0.07290755
vt 0.3340317 -0.07290755
vt 0.3249296 -0.03645378
vt -0.01764297 -0.07290755
vt -0.03167399 -0.07290755
vt -0.01764297 -0.03645378
vt -0.1458151 0.02187227
vt -0.1550784 0.01152874
vt -0.1458151 0.007290755
vt -0.2279859 0.01152874
vt -0.2333042 0.02187227
vt -0.2333042 0.007290755
vt -0.08053197 -0.1676023
vt -0.06501087 -0.1676023
vt -0.07870968 -0.1610507
vt -0.07287621 -0.07290755
vt -0.08812656 -0.03645378
vt -0.08812656 -0.07290755
vt -0.07287621 -0.03645378
vt -0.1268828 -0.07290755
vt -0.1421331 -0.03645378
vt -0.1421331 -0.07290755
vt -0.1268828 -0.03645378
vt -0.1768024 -0.07290755
vt -0.1920528 -0.03645378
vt -0.1920528 -0.07290755
vt -0.1768024 -0.03645378
vt -0.2211183 -0.07290755
vt -0.2363686 -0.03645378
vt -0.2363686 -0.07290755
vt -0.2211183 -0.03645378
vt -0.2584839 -0.03645378
vt -0.2737343 -0.07290755
vt -0.2584839 -0.07290755
vt -0.2737343 -0.03645378
vt -0.287764 -0.03645378
vt -0.3030143 -0.07290755
vt -0.287764 -0.07290755
vt -0.3030143 -0.03645378
vt -0.3080687 -0.03645378
vt -0.3233191 -0.07290755
vt -0.3080687 -0.07290755
vt -0.3233191 -0.03645378
vt -0.09494296 0.1078708
vt -0.07766789 0.1078708
vt -0.08263503 0.1167644
vt -0.2279859 0.001158053
vt -0.1550784 -0.01402684
vt -0.1550784 0.001158053
vt -0.2279859 -0.01402684
vt 0.3233191 -0.03645378
vt 0.3080687 -0.07290755
vt 0.3233191 -0.07290755
vt 0.3080687 -0.03645378
vt 0.3030143 -0.03645378
vt 0.287764 -0.07290755
vt 0.3030143 -0.07290755
vt 0.287764 -0.03645378
vt 0.2737343 -0.03645378
vt 0.2584839 -0.07290755
vt 0.2737343 -0.07290755
vt 0.2584839 -0.03645378
vt 0.2211183 -0.03645378
vt 0.2363686 -0.07290755
vt 0.2363686 -0.03645378
vt 0.2211183 -0.07290755
vt 0.1768024 -0.03645378
vt 0.1920528 -0.07290755
vt 0.1920528 -0.03645378
vt 0.1768024 -0.07290755
vt 0.1268828 -0.03645378
vt 0.1421331 -0.07290755
vt 0.1421331 -0.03645378
vt 0.1268828 -0.07290755
vt -0.02096248 -0.03645378
vt -0.02675634 0
vt -0.02675634 -0.03645378
vt -0.02096248 0
vt -0.07686767 -0.03645378
vt -0.08322198 0
vt -0.08322198 -0.03645378
vt -0.07686767 0
vt -0.1309012 -0.03645378
vt -0.1372555 0
vt -0.1372555 -0.03645378
vt -0.1309012 0
vt -0.1808608 -0.03645378
vt -0.1872151 0
vt -0.1872151 -0.03645378
vt -0.1808608 0
vt -0.2252285 -0.03645378
vt -0.2315828 0
vt -0.2315828 -0.03645378
vt -0.2252285 0
vt -0.2626563 0
vt -0.2690106 -0.03645378
vt -0.2626563 -0.03645378
vt -0.2690106 0
vt -0.2920068 0
vt -0.2983611 -0.03645378
vt -0.2920068 -0.03645378
vt -0.2983611 0
vt -0.3123883 0
vt -0.3187426 -0.03645378
vt -0.3123883 -0.03645378
vt -0.3187426 0
vt -0.3231815 0
vt -0.3295358 -0.03645378
vt -0.3231815 -0.03645378
vt -0.3295358 0
vt -0.3240584 0
vt -0.3304127 -0.03645378
vt -0.3240584 -0.03645378
vt -0.3304127 0
vt -0.3149925 0
vt -0.3166008 -0.03645378
vt -0.3149925 -0.03645378
vt -0.3166008 0
vt -0.3213468 -0.03645378
vt -0.3213468 0
vt -0.2962591 0
vt -0.3026135 -0.03645378
vt -0.2962591 -0.03645378
vt -0.3026135 0
vt -0.2684276 0
vt -0.2747819 -0.03645378
vt -0.2684276 -0.03645378
vt -0.2747819 0
vt -0.2323434 0
vt -0.2386977 -0.03645378
vt -0.2323434 -0.03645378
vt -0.2386977 0
vt -0.1954574 0
vt -0.1891031 -0.03645378
vt -0.1891031 0
vt -0.1954574 -0.03645378
vt -0.1463748 0
vt -0.1400205 -0.03645378
vt -0.1400205 0
vt -0.1463748 -0.03645378
vt -0.09294113 0
vt -0.08658682 -0.03645378
vt -0.08658682 0
vt -0.09294113 -0.03645378
vt -0.03678005 0
vt -0.03042574 -0.03645378
vt -0.03042574 0
vt -0.03678005 -0.03645378
vt 0.02040203 0
vt 0.02675634 -0.03645378
vt 0.02675634 0
vt 0.02040203 -0.03645378
vt 0.07686767 0
vt 0.08322198 -0.03645378
vt 0.08322198 0
vt 0.07686767 -0.03645378
vt 0.1309012 0
vt 0.1372555 -0.03645378
vt 0.1372555 0
vt 0.1309012 -0.03645378
vt 0.1808608 0
vt 0.1872151 -0.03645378
vt 0.1872151 0
vt 0.1808608 -0.03645378
vt 0.2252285 0
vt 0.2315828 -0.03645378
vt 0.2315828 0
vt 0.2252285 -0.03645378
vt 0.2690106 0
vt 0.2626563 -0.03645378
vt 0.2690106 -0.03645378
vt 0.2626563 0
vt 0.2983611 0
vt 0.2920068 -0.03645378
vt 0.2983611 -0.03645378
vt 0.2920068 0
vt 0.3187426 0
vt 0.3128613 -0.03645378
vt 0.3187426 -0.03645378
vt 0.3128613 0
vt 0.3123883 -0.03645378
vt 0.3123883 0
vt 0.3295358 0
vt 0.3231815 -0.03645378
vt 0.3295358 -0.03645378
vt 0.3231815 0
vt 0.3304127 0
vt 0.3240584 -0.03645378
vt 0.3304127 -0.03645378
vt 0.3240584 0
vt 0.3213468 0
vt 0.3149925 -0.03645378
vt 0.3213468 -0.03645378
vt 0.3149925 0
vt 0.3026135 0
vt 0.2962591 -0.03645378
vt 0.3026135 -0.03645378
vt 0.2962591 0
vt 0.2747819 0
vt 0.2684276 -0.03645378
vt 0.2747819 -0.03645378
vt 0.2684276 0
vt 0.2386977 0
vt 0.2323434 -0.03645378
vt 0.2386977 -0.03645378
vt 0.2323434 0
vt 0.1954574 -0.03645378
vt 0.1891031 0
vt 0.1891031 -0.03645378
vt 0.1954574 0
vt 0.1463748 -0.03645378
vt 0.1400205 0
vt 0.1400205 -0.03645378
vt 0.1463748 0
vt 0.09294113 -0.03645378
vt 0.08658682 0
vt 0.08658682 -0.03645378
vt 0.09294113 0
vt 0.03678005 -0.03645378
vt 0.03042574 0
vt 0.03042574 -0.03645378
vt 0.03678005 0
vt -0.02040203 -0.03645378
vt -0.02040203 0
vt 0.07430155 0.082303
vt 0.07231745 0.08748906
vt 0.07430155 0.08664811
vt 0.08583118 0.07855802
vt 0.08400522 0.08316863
vt 0.08583118 0.08269242
vt 0.4962432 0.1180466
vt 0.4941574 0.1170696
vt 0.5009 0.1202276
vt 0.494118 0.1273312
vt 0.4876362 0.1347097
vt 0.4872915 0.1141895
vt 0.4814657 0.1423506
vt 0.481232 0.1119337
vt 0.4803138 0.1115919
vt 0.4756172 0.1502405
vt 0.4732359 0.1092811
vt 0.4701006 0.1583661
vt 0.4660696 0.1072611
vt 0.4649255 0.1667132
vt 0.4601007 0.1752677
vt 0.4588268 0.1055353
vt 0.4565127 0.1822948
vt 0.4544393 0.1816518
vt 0.4517472 0.1809094
vt 0.4515197 0.1041064
vt 0.448911 0.1801272
vt 0.4441603 0.1029768
vt 0.4433373 0.1787785
vt 0.4377236 0.1776068
vt 0.436761 0.1021485
vt 0.4320757 0.1766133
vt 0.4293341 0.1016228
vt 0.4263992 0.1757992
vt 0.4246278 0.1014823
vt 0.4206997 0.1751651
vt 0.414983 0.1747117
vt 0.4144467 0.1014823
vt 0.4140244 0.07110064
vt 0.409873 0.05642622
vt 0.4092549 0.1744395
vt 0.403521 0.1743487
vt 0.4032364 0.04269563
vt 0.3943164 0.03032606
vt 0.3833839 0.01969337
vt 0.3707712 0.01112061
vt 0.3645335 0.08693006
vt 0.3640768 0.09326794
vt 0.3625265 0.09943024
vt 0.3599297 0.1052297
vt 0.3563652 0.1104901
vt 0.3519415 0.1150517
vt 0.3467928 0.1187757
vt 0.3410757 0.1215492
vt 0.3354188 0.1231583
vt 0.3354169 0.1743487
vt 0.3354169 0.1597667
vt 0.3349639 0.1232877
vt 0.328643 0.1239386
vt 0.3223051 0.1234819
vt 0.3208354 0.159766
vt 0.3161428 0.1219316
vt 0.3208346 0.1743475
vt 0.3140907 0.1738518
vt 0.3103434 0.1193347
vt 0.3050829 0.1157703
vt 0.3005214 0.1113466
vt 0.2993066 0.1701099
vt 0.2967973 0.1061979
vt 0.2940239 0.1004808
vt 0.2922853 0.09436896
vt 0.2916345 0.08804806
vt 0.2853968 0.1638575
vt 0.4155646 0.08627302
vt 0.3638827 0.08060917
vt 0.3621441 0.07449732
vt 0.3593707 0.06878021
vt 0.3568614 0.004868265
vt 0.3556466 0.06363156
vt 0.3510851 0.05920782
vt 0.3458246 0.05564338
vt 0.3420773 0.001126314
vt 0.3400252 0.05304656
vt 0.3354253 0.0006374073
vt 0.3354246 0.01459042
vt 0.3354226 0.05188865
vt 0.3338629 0.05149625
vt 0.327525 0.05103957
vt 0.3212041 0.05169039
vt 0.3208431 0.01458964
vt 0.3150922 0.05342894
vt 0.3208438 0.0006199769
vt 0.3208439 0.000008131756
vt 0.3093751 0.05620238
vt 0.3042265 0.05992645
vt 0.2998027 0.064488
vt 0.2962383 0.06974843
vt 0.2936415 0.07554789
vt 0.2916748 0.08748906
vt 0.2920912 0.08171018
vt 0.2727841 0.1552848
vt 0.2618516 0.1446521
vt 0.2529316 0.1322825
vt 0.246295 0.1185519
vt 0.2421436 0.1038775
vt 0.2406928 0.08748906
vt 0.2333042 0.08748906
vt 0.2326396 0.07989291
vt 0.2306661 0.07252755
vt 0.2274435 0.0656168
vt 0.2230699 0.05937062
vt 0.2176781 0.05397881
vt 0.2114319 0.04960519
vt 0.2045211 0.04638265
vt 0.1971558 0.04440911
vt 0.1895596 0.04374453
vt 0.1819635 0.04440911
vt 0.1745981 0.04638265
vt 0.1676874 1.304411e-32
vt 0.1676874 0.04960519
vt 0.1614412 0.05397881
vt 0.1560494 0.05937062
vt 0.1516758 0.0656168
vt 0.1484532 0.07252755
vt 0.1464797 0.07989291
vt 0.1458151 0.08748906
vt 0.1379342 0.08748906
vt 0.1368295 0.08702084
vt 0.1368295 0.08267573
vt 0.1332799 0.08551634
vt 0.1327367 0.08528612
vt 0.132031 0.08504595
vt 0.1313535 0.08058951
vt 0.1281367 0.08372074
vt 0.1273926 0.08346753
vt 0.1262729 0.08317553
vt 0.125671 0.07888413
vt 0.1219302 0.08204296
vt 0.1194716 0.08158991
vt 0.118063 0.07726241
vt 0.1145867 0.08082327
vt 0.1132355 0.08067495
vt 0.1110587 0.07641137
vt 0.1089175 0.08033655
vt 0.1074745 0.08028394
vt 0.1051258 0.07619505
vt 0.1036166 0.08025334
vt 0.1013342 0.08033655
vt 0.1012245 0.08019831
vt 0.09829806 0.07650961
vt 0.09713794 0.08066159
vt 0.09536315 0.08085641
vt 0.09229674 0.0772425
vt 0.09161513 0.08143605
vt 0.08952371 0.08182143
vt 0.08004782 0.08019831
vt 0.07987566 0.08448278
vt 0.07795191 0.08513742
vt 0.06502669 0.08384369
vt 0.061691 0.08748906
vt 0.06087877 0.08748906
vt 0.05773594 0.08384369
vt 0.05440024 0.08748906
vt 0.05358801 0.08748906
vt 0.05044518 0.08384369
vt 0.04710949 0.08748906
vt 0.04629726 0.08748906
vt 0.04315443 0.08384369
vt 0.03981873 0.08748906
vt 0.0390065 0.08748906
vt 0.03586367 0.08384369
vt 0.03252798 0.08748906
vt 0.03171575 0.08748906
vt 0.02857292 0.08384369
vt 0.02523722 0.08748906
vt 0.02442499 0.08748906
vt 0.02128216 0.08384369
vt 0.01794647 0.08748906
vt 0.01713424 0.08748906
vt 0.01399141 0.08384369
vt 0.01065571 0.08748906
vt 0.009843481 0.08748906
vt 0.006700651 0.08384369
vt 0.003364957 0.08748906
vt -8.394442e-33 0.08748906
vt -8.394442e-33 0.0656168
vt 0.2406034 0.08870511
vt 0.0006029419 0.04374453
vt 0.0006029419 0.007290755
vt 0.0006029419 0.08019831
vt -0.000008903265 0.08019831
vt -0.000008903265 0.007290755
vt 0.01457261 0.08019831
vt 0.01457261 0.04374453
vt 0.3208439 0.08019831
vt 0.3354254 0.08019831
vt 0.3208439 0.04374453
vt 0.3354254 0.04374453
vt -0.01457261 0.04374453
vt -0.01457261 0.08019831
vt -0.0006195981 0.04374453
vt -0.0006195981 0.08019831
vt 0.3345697 0.08019831
vt 0.3412396 0.08019831
vt 0.3345697 0.04374453
vt 0.3412396 0.04374453
vt 0.3318963 0.08019831
vt 0.3471467 0.08019831
vt 0.3318963 0.04374453
vt 0.3471467 0.04374453
vt 0.3274872 0.08019831
vt 0.3427375 0.08019831
vt 0.3274872 0.04374453
vt 0.3427375 0.04374453
vt 0.3128958 0.08019831
vt 0.3281462 0.08019831
vt 0.3128958 0.04374453
vt 0.3281462 0.04374453
vt 0.2885656 0.08019831
vt 0.303816 0.08019831
vt 0.2885656 0.04374453
vt 0.303816 0.04374453
vt 0.2704861 0.08019831
vt 0.2704861 0.04374453
vt 0.2552358 0.08019831
vt 0.2552358 0.04374453
vt 0.2291694 0.08019831
vt 0.2291694 0.04374453
vt 0.2139191 0.08019831
vt 0.2139191 0.04374453
vt 0.1811212 0.08019831
vt 0.1811212 0.04374453
vt 0.1658709 0.08019831
vt 0.1658709 0.04374453
vt 0.1278014 0.08019831
vt 0.1278014 0.04374453
vt 0.112551 0.08019831
vt 0.112551 0.04374453
vt 0.07083007 0.08019831
vt 0.07083007 0.04374453
vt 0.05557972 0.08019831
vt 0.05557972 0.04374453
vt 0.4144467 0.08019831
vt 0.4246278 0.08019831
vt 0.4144467 0.04374453
vt 0.4144467 0.007290755
vt 0.4246278 0.007290755
vt 0.4274671 0.08019831
vt 0.4321754 0.08019831
vt 0.4274671 0.007290755
vt 0.4321754 0.007290755
vt 0.4354376 0.08019831
vt 0.4428831 0.08019831
vt 0.4354376 0.007290755
vt 0.4428831 0.007290755
vt 0.4454137 0.08019831
vt 0.4528592 0.08019831
vt 0.4454137 0.007290755
vt 0.4528592 0.007290755
vt 0.4546417 0.08019831
vt 0.4620873 0.08019831
vt 0.4546417 0.007290755
vt 0.4620873 0.007290755
vt 0.4631062 0.08019831
vt 0.4705517 0.08019831
vt 0.4631062 0.007290755
vt 0.4705517 0.007290755
vt 0.4707931 0.08019831
vt 0.4782386 0.08019831
vt 0.4707931 0.007290755
vt 0.4782386 0.007290755
vt 0.4776895 0.08019831
vt 0.485135 0.08019831
vt 0.4776895 0.007290755
vt 0.485135 0.007290755
vt 0.483784 0.08019831
vt 0.4912295 0.08019831
vt 0.483784 0.007290755
vt 0.4912295 0.007290755
vt 0.4890664 0.08019831
vt 0.4900462 0.08019831
vt 0.4890664 0.007290755
vt 0.4900462 0.007290755
vt 0.496512 0.08019831
vt 0.496512 0.007290755
vt 0.493528 0.08019831
vt 0.5009735 0.08019831
vt 0.493528 0.007290755
vt 0.5009735 0.007290755
vt 0.4994646 0.08019831
vt 0.5046068 0.08019831
vt 0.4971613 0.08019831
vt 0.4971613 0.007290755
vt 0.5046068 0.007290755
vt -0.4900239 0.08019831
vt -0.487853 0.08019831
vt -0.4900239 0.007290755
vt -0.487853 0.007290755
vt -0.4835853 0.08019831
vt -0.4806433 0.08019831
vt -0.4863779 0.08019831
vt -0.4863779 0.007290755
vt -0.4806433 0.007290755
vt -0.4786837 0.08019831
vt -0.472949 0.08019831
vt -0.4786837 0.007290755
vt -0.472949 0.007290755
vt -0.4705126 0.08019831
vt -0.464778 0.08019831
vt -0.4705126 0.007290755
vt -0.464778 0.007290755
vt -0.461873 0.08019831
vt -0.4561383 0.08019831
vt -0.461873 0.007290755
vt -0.4561383 0.007290755
vt -0.4527734 0.08019831
vt -0.4470387 0.08019831
vt -0.4527734 0.007290755
vt -0.4470387 0.007290755
vt -0.4432229 0.08019831
vt -0.4374883 0.08019831
vt -0.4432229 0.007290755
vt -0.4374883 0.007290755
vt -0.4332313 0.08019831
vt -0.4274966 0.08019831
vt -0.4332313 0.007290755
vt -0.4274966 0.007290755
vt -0.4228083 0.08019831
vt -0.4170737 0.08019831
vt -0.4228083 0.007290755
vt -0.4170737 0.007290755
vt -0.4119646 0.08019831
vt -0.4062299 0.08019831
vt -0.4119646 0.007290755
vt -0.4062299 0.007290755
vt -0.3354169 0.08019831
vt -0.3354169 0.04374453
vt -0.403521 0.08019831
vt -0.403521 0.007290755
vt -0.3354169 0.007290755
vt -0.1743487 0.04374453
vt -0.1743487 0.08019831
vt -0.1597667 0.04374453
vt -0.1597667 0.08019831
vt -0.3354254 0.08019831
vt -0.3208439 0.08019831
vt -0.3354254 0.04374453
vt -0.3208439 0.04374453
vt 0.1743304 0.08019831
vt 0.1743304 0.04374453
vt 0.1597489 0.08019831
vt 0.1597489 0.04374453
vt -0.3327513 0.08019831
vt -0.3259892 0.08019831
vt -0.3327513 0.04374453
vt -0.3259892 0.04374453
vt -0.3471467 0.08019831
vt -0.3318963 0.08019831
vt -0.3471467 0.04374453
vt -0.3318963 0.04374453
vt -0.3427375 0.08019831
vt -0.3274872 0.08019831
vt -0.3427375 0.04374453
vt -0.3274872 0.04374453
vt -0.3281462 0.08019831
vt -0.3128958 0.08019831
vt -0.3281462 0.04374453
vt -0.3128958 0.04374453
vt -0.303816 0.08019831
vt -0.2885656 0.08019831
vt -0.303816 0.04374453
vt -0.2885656 0.04374453
vt -0.2704861 0.04374453
vt -0.2704861 0.08019831
vt -0.2552358 0.04374453
vt -0.2552358 0.08019831
vt -0.2291694 0.04374453
vt -0.2291694 0.08019831
vt -0.2139191 0.04374453
vt -0.2139191 0.08019831
vt -0.1811212 0.04374453
vt -0.1811212 0.08019831
vt -0.1658709 0.04374453
vt -0.1658709 0.08019831
vt -0.1278014 0.04374453
vt -0.1278014 0.08019831
vt -0.112551 0.04374453
vt -0.112551 0.08019831
vt -0.07083007 0.04374453
vt -0.07083007 0.08019831
vt -0.06961074 0.04374453
vt -0.06961074 0.08019831
vt -0.2406928 0.08019831
vt -0.2333042 0.08019831
vt -0.2406928 0.04374453
vt -0.2406928 0.007290755
vt -0.1074899 0.02187227
vt -0.1074899 0.08019831
vt -0.09986477 0.02187227
vt -0.09986477 0.08019831
vt -0.1373822 0.02187227
vt -0.1373822 0.08019831
vt -0.129757 0.02187227
vt -0.129757 0.08019831
vt -0.163216 0.02187227
vt -0.163216 0.08019831
vt -0.1555908 0.02187227
vt -0.1555908 0.08019831
vt -0.1842064 0.02187227
vt -0.1842064 0.08019831
vt -0.1765812 0.02187227
vt -0.1765812 0.08019831
vt -0.1997156 0.02187227
vt -0.1997156 0.08019831
vt -0.1920904 0.02187227
vt -0.1920904 0.08019831
vt -0.2092724 0.08019831
vt -0.2016472 0.08019831
vt -0.2092724 0.02187227
vt -0.2016472 0.02187227
vt -0.2125864 0.08019831
vt -0.2049613 0.08019831
vt -0.2125864 0.02187227
vt -0.2049613 0.02187227
vt -0.209557 0.08019831
vt -0.2019318 0.08019831
vt -0.209557 0.02187227
vt -0.2019318 0.02187227
vt -0.2002761 0.08019831
vt -0.1926509 0.08019831
vt -0.2002761 0.02187227
vt -0.1926509 0.02187227
vt -0.1850257 0.08019831
vt -0.1774005 0.08019831
vt -0.1850257 0.02187227
vt -0.1774005 0.02187227
vt -0.1642693 0.08019831
vt -0.1566441 0.08019831
vt -0.1642693 0.02187227
vt -0.1566441 0.02187227
vt -0.1386375 0.08019831
vt -0.1310123 0.08019831
vt -0.1386375 0.02187227
vt -0.1310123 0.02187227
vt -0.1089091 0.08019831
vt -0.1012839 0.08019831
vt -0.1089091 0.02187227
vt -0.1012839 0.02187227
vt -0.06836221 0.08019831
vt -0.06836221 0.02187227
vt -0.07598738 0.08019831
vt -0.07598738 0.02187227
vt -0.03324751 0.08019831
vt -0.03324751 0.02187227
vt -0.04087268 0.08019831
vt -0.04087268 0.02187227
vt 0.002993242 0.08019831
vt 0.002993242 0.02187227
vt -0.004631932 0.08019831
vt -0.004631932 0.02187227
vt 0.03925889 0.08019831
vt 0.03925889 0.02187227
vt 0.03163371 0.08019831
vt 0.03163371 0.02187227
vt 0.07444752 0.08019831
vt 0.07444752 0.02187227
vt 0.06682234 0.08019831
vt 0.06682234 0.02187227
vt -0.1458151 0.08019831
vt -0.1379342 0.08019831
vt -0.1379342 0.007290755
vt -0.1611396 0.08019831
vt -0.1599398 0.08019831
vt -0.1611396 0.007290755
vt -0.1599398 0.007290755
vt -0.08702084 0.007290755
vt -0.08702084 0.08019831
vt -0.08267573 0.007290755
vt -0.08267573 0.08019831
vt -0.05517516 0.08019831
vt -0.05062885 0.08019831
vt -0.05517516 0.007290755
vt -0.05062885 0.007290755
vt -0.1560845 0.08019831
vt -0.1554945 0.08019831
vt -0.1560845 0.007290755
vt -0.1554945 0.007290755
vt -0.1531354 0.08019831
vt -0.1523899 0.08019831
vt -0.1531354 0.007290755
vt -0.1523899 0.007290755
vt -0.1039241 0.007290755
vt -0.1039241 0.08019831
vt -0.0994165 0.007290755
vt -0.0994165 0.08019831
vt -0.0379123 0.08019831
vt -0.03342316 0.08019831
vt -0.0379123 0.007290755
vt -0.03342316 0.007290755
vt -0.1482763 0.08019831
vt -0.1474903 0.08019831
vt -0.1482763 0.007290755
vt -0.1474903 0.007290755
vt -0.144333 0.08019831
vt -0.1431759 0.08019831
vt -0.144333 0.007290755
vt -0.1431759 0.007290755
vt -0.09990994 0.007290755
vt -0.09990994 0.08019831
vt -0.09557653 0.007290755
vt -0.09557653 0.08019831
vt -0.04512274 0.08019831
vt -0.04022667 0.08019831
vt -0.04512274 0.007290755
vt -0.04022667 0.007290755
vt -0.134779 0.08019831
vt -0.132279 0.08019831
vt -0.134779 0.007290755
vt -0.132279 0.007290755
vt -0.1145608 0.007290755
vt -0.1145608 0.08019831
vt -0.1100099 0.007290755
vt -0.1100099 0.08019831
vt -0.02221333 0.08019831
vt -0.02221333 0.007290755
vt -0.02718974 0.08019831
vt -0.02718974 0.007290755
vt -0.1227216 0.08019831
vt -0.1213624 0.08019831
vt -0.1227216 0.007290755
vt -0.1213624 0.007290755
vt -0.123342 0.007290755
vt -0.123342 0.08019831
vt -0.1185549 0.007290755
vt -0.1185549 0.08019831
vt 0.01836526 0.08019831
vt 0.01836526 0.007290755
vt 0.01389401 0.08019831
vt 0.01389401 0.007290755
vt -0.1117724 0.08019831
vt -0.1103284 0.08019831
vt -0.1117724 0.007290755
vt -0.1103284 0.007290755
vt -0.1231478 0.007290755
vt -0.1231478 0.08019831
vt -0.1184324 0.007290755
vt -0.1184324 0.08019831
vt 0.03910253 0.08019831
vt 0.03910253 0.007290755
vt 0.03477269 0.08019831
vt 0.03477269 0.007290755
vt -0.1006236 0.08019831
vt -0.09833973 0.08019831
vt -0.1006236 0.007290755
vt -0.09833973 0.007290755
vt -0.1259168 0.007290755
vt -0.1259168 0.08019831
vt -0.1257403 0.007290755
vt -0.1257403 0.08019831
vt -0.1210317 0.007290755
vt -0.1210317 0.08019831
vt 0.05154555 0.08019831
vt 0.05154555 0.007290755
vt 0.04723454 0.08019831
vt 0.04723454 0.007290755
vt -0.08775639 0.08019831
vt -0.08597094 0.08019831
vt -0.08775639 0.007290755
vt -0.08597094 0.007290755
vt -0.1233517 0.007290755
vt -0.1233517 0.08019831
vt -0.1186122 0.007290755
vt -0.1186122 0.08019831
vt 0.06568309 0.08019831
vt 0.06568309 0.007290755
vt 0.06143451 0.08019831
vt 0.06143451 0.007290755
vt -0.07534064 0.08019831
vt -0.07321401 0.08019831
vt -0.07534064 0.007290755
vt -0.07321401 0.007290755
vt -0.1212648 0.08019831
vt -0.1163368 0.08019831
vt -0.1212648 0.007290755
vt -0.1163368 0.007290755
vt 0.08269242 0.08019831
vt 0.08269242 0.007290755
vt 0.07855802 0.08019831
vt 0.07855802 0.007290755
vt -0.06218533 0.08019831
vt -0.0602983 0.08019831
vt -0.06218533 0.007290755
vt -0.0602983 0.007290755
vt -0.1171113 0.08019831
vt -0.1121631 0.08019831
vt -0.1171113 0.007290755
vt -0.1121631 0.007290755
vt 0.08120757 0.08019831
vt 0.08120757 0.007290755
vt 0.07691964 0.08019831
vt 0.07691964 0.007290755
vt -0.04840085 0.08019831
vt -0.04636878 0.08019831
vt -0.04840085 0.007290755
vt -0.04636878 0.007290755
vt -0.1137851 0.08019831
vt -0.1091635 0.08019831
vt -0.1137851 0.007290755
vt -0.1091635 0.007290755
vt 0.08664811 0.08019831
vt 0.08664811 0.007290755
vt 0.082303 0.08019831
vt 0.082303 0.007290755
vt -0.03459677 0.08019831
vt -0.03244181 0.08019831
vt -0.03459677 0.007290755
vt -0.03244181 0.007290755
vt -0.103809 0.08019831
vt -0.09565768 0.08019831
vt -0.103809 0.007290755
vt -0.09565768 0.007290755
vt 0.02289887 0.08019831
vt 0.02289887 0.007290755
vt 0.01795766 0.08019831
vt 0.01795766 0.007290755
vt -0.061691 0.08019831
vt -0.06087877 0.08019831
vt -0.061691 0.007290755
vt -0.06087877 0.007290755
vt -0.1060148 0.007290755
vt -0.1060148 0.08019831
vt -0.1012017 0.007290755
vt -0.1012017 0.08019831
vt 0.02782068 0.08019831
vt 0.02782068 0.007290755
vt 0.02287947 0.08019831
vt 0.02287947 0.007290755
vt -0.05440024 0.08019831
vt -0.05358801 0.08019831
vt -0.05440024 0.007290755
vt -0.05358801 0.007290755
vt -0.1012541 0.007290755
vt -0.1012541 0.08019831
vt -0.09644102 0.007290755
vt -0.09644102 0.08019831
vt 0.03274249 0.08019831
vt 0.03274249 0.007290755
vt 0.02780127 0.08019831
vt 0.02780127 0.007290755
vt -0.04710949 0.08019831
vt -0.04629726 0.08019831
vt -0.04710949 0.007290755
vt -0.04629726 0.007290755
vt -0.09649349 0.007290755
vt -0.09649349 0.08019831
vt -0.09168037 0.007290755
vt -0.09168037 0.08019831
vt 0.0376643 0.08019831
vt 0.0376643 0.007290755
vt 0.03272308 0.08019831
vt 0.03272308 0.007290755
vt -0.03981873 0.08019831
vt -0.0390065 0.08019831
vt -0.03981873 0.007290755
vt -0.0390065 0.007290755
vt -0.09173284 0.007290755
vt -0.09173284 0.08019831
vt -0.08691971 0.007290755
vt -0.08691971 0.08019831
vt 0.04258611 0.08019831
vt 0.04258611 0.007290755
vt 0.03764489 0.08019831
vt 0.03764489 0.007290755
vt -0.03252798 0.08019831
vt -0.03171575 0.08019831
vt -0.03252798 0.007290755
vt -0.03171575 0.007290755
vt -0.08697219 0.007290755
vt -0.08697219 0.08019831
vt -0.08215906 0.007290755
vt -0.08215906 0.08019831
vt 0.04750792 0.08019831
vt 0.04750792 0.007290755
vt 0.0425667 0.08019831
vt 0.0425667 0.007290755
vt -0.02523722 0.08019831
vt -0.02442499 0.08019831
vt -0.02523722 0.007290755
vt -0.02442499 0.007290755
vt -0.08221154 0.007290755
vt -0.08221154 0.08019831
vt -0.07739841 0.007290755
vt -0.07739841 0.08019831
vt 0.05242973 0.08019831
vt 0.05242973 0.007290755
vt 0.04748851 0.08019831
vt 0.04748851 0.007290755
vt -0.01794647 0.08019831
vt -0.01713424 0.08019831
vt -0.01794647 0.007290755
vt -0.01713424 0.007290755
vt -0.07745088 0.007290755
vt -0.07745088 0.08019831
vt -0.07263776 0.007290755
vt -0.07263776 0.08019831
vt 0.05735154 0.08019831
vt 0.05735154 0.007290755
vt 0.05241032 0.08019831
vt 0.05241032 0.007290755
vt -0.01065571 0.08019831
vt -0.009843481 0.08019831
vt -0.01065571 0.007290755
vt -0.009843481 0.007290755
vt -0.07269023 0.007290755
vt -0.07269023 0.08019831
vt -0.06787711 0.007290755
vt -0.06787711 0.08019831
vt 0.06227335 0.08019831
vt 0.06227335 0.007290755
vt 0.05733213 0.08019831
vt 0.05733213 0.007290755
vt -0.003364957 0.08019831
vt -6.805874e-17 0.08019831
vt -0.003364957 0.007290755
vt -6.805874e-17 0.007290755
vt -0.08748906 0.007290755
vt -0.08748906 0.08019831
vt -0.0656168 0.007290755
vt -0.0656168 0.08019831
vt -0.02391072 0.08019831
vt 0.1561577 0.08019831
vt -0.02391072 0.007290755
vt 0.1561577 0.007290755
vt 0.1676874 0.08019831
vt 0.1676874 0.007290755
vt 0.3208439 0.007290755
vt -0.3208438 0.0006199769
vt -0.3116956 0.001548643
vt -0.3208439 0.000008131756
vt -0.2406928 0.08748906
vt -0.2333042 0.08748906
vt -0.2417212 0.07349579
vt -0.2454632 0.05871164
vt -0.2279859 0.07290755
vt -0.2517155 0.04480189
vt -0.2602883 0.03218916
vt -0.1676874 0
vt -0.2970211 0.005700091
vt -0.2832906 0.01233666
vt -0.270921 0.02125669
vt -0.1550784 0.07290755
vt -0.1458151 0.08748906
vt -0.1379342 0.08748906
vt -0.1368295 0.08267573
vt -0.1332799 0.08551634
vt -0.1327367 0.08528612
vt -0.132031 0.08504595
vt -0.1313535 0.08058951
vt -0.1281367 0.08372074
vt -0.1273926 0.08346753
vt -0.1262729 0.08317553
vt -0.125671 0.07888413
vt -0.1219302 0.08204296
vt -0.1194716 0.08158991
vt -0.118063 0.07726241
vt -0.1145867 0.08082327
vt -0.1132355 0.08067495
vt -0.1110587 0.07641137
vt -0.1089175 0.08033655
vt -0.1074745 0.08028394
vt -0.1051258 0.07619505
vt -0.1036166 0.08025334
vt -0.1013342 0.08033655
vt -0.1012245 0.08019831
vt -0.09829806 0.07650961
vt -0.09713794 0.08066159
vt -0.09536315 0.08085641
vt -0.09229674 0.0772425
vt -0.09161513 0.08143605
vt -0.08952371 0.08182143
vt -0.08583118 0.07855802
vt -0.08583118 0.08269242
vt -0.08400522 0.08316863
vt -0.08004782 0.08019831
vt -0.07987566 0.08448278
vt -0.07795191 0.08513742
vt -0.07430155 0.082303
vt -0.07430155 0.08664811
vt -0.07231745 0.08748906
vt -0.06502669 0.08384369
vt -0.061691 0.08748906
vt -0.06087877 0.08748906
vt -0.05773594 0.08384369
vt -0.05440024 0.08748906
vt -0.05358801 0.08748906
vt -0.05044518 0.08384369
vt -0.04710949 0.08748906
vt -0.04629726 0.08748906
vt -0.04315443 0.08384369
vt -0.03981873 0.08748906
vt -0.0390065 0.08748906
vt -0.03586367 0.08384369
vt -0.03252798 0.08748906
vt -0.03171575 0.08748906
vt -0.02857292 0.08384369
vt -0.02523722 0.08748906
vt -0.02442499 0.08748906
vt -0.02128216 0.08384369
vt -0.01794647 0.08748906
vt -0.01713424 0.08748906
vt -0.01399141 0.08384369
vt -0.01065571 0.08748906
vt -0.009843481 0.08748906
vt -0.006700651 0.08384369
vt 0 0.0656168
vt -0.003364957 0.08748906
vt 0 0.08748906
vt -0.1368295 0.08702084
vt -0.3191408 0.04374453
vt -0.3099455 0.04374453
vt -0.3191408 0.007290755
vt -0.3099455 0.007290755
vt -0.2916345 0.08804806
vt -0.2853968 0.1638575
vt -0.2916748 0.08748906
vt -0.2727841 0.1552848
vt -0.2618516 0.1446521
vt -0.2529316 0.1322825
vt -0.246295 0.1185519
vt -0.2421436 0.1038775
vt -0.2406034 0.08870511
vt -0.3208431 0.01458964
vt -0.3150922 0.05342894
vt -0.3093751 0.05620238
vt -0.3042265 0.05992645
vt -0.2998027 0.064488
vt -0.2962383 0.06974843
vt -0.2936415 0.07554789
vt -0.2920912 0.08171018
vt -0.3354188 0.1231583
vt -0.3354169 0.1597667
vt -0.3349639 0.1232877
vt -0.328643 0.1239386
vt -0.3223051 0.1234819
vt -0.3208354 0.159766
vt -0.3161428 0.1219316
vt -0.3208346 0.1743475
vt -0.3140907 0.1738518
vt -0.3103434 0.1193347
vt -0.3050829 0.1157703
vt -0.3005214 0.1113466
vt -0.2993066 0.1701099
vt -0.2967973 0.1061979
vt -0.2940239 0.1004808
vt -0.2922853 0.09436896
vt -0.3645335 0.08693006
vt -0.3638827 0.08060917
vt -0.3707712 0.01112061
vt -0.3621441 0.07449732
vt -0.3593707 0.06878021
vt -0.3568614 0.004868265
vt -0.3556466 0.06363156
vt -0.3510851 0.05920782
vt -0.3458246 0.05564338
vt -0.3420773 0.001126314
vt -0.3400252 0.05304656
vt -0.3354253 0.0006374073
vt -0.3354246 0.01459042
vt -0.3354226 0.05188865
vt -0.3338629 0.05149625
vt -0.327525 0.05103957
vt -0.3212041 0.05169039
vt -0.4155646 0.08627302
vt -0.4144467 0.1014823
vt -0.4140244 0.07110064
vt -0.4107048 0.1162665
vt -0.409873 0.05642622
vt -0.4044524 0.1301762
vt -0.4032364 0.04269563
vt -0.3958797 0.142789
vt -0.3943164 0.03032606
vt -0.385247 0.1537214
vt -0.3833839 0.01969337
vt -0.3728774 0.1626415
vt -0.3640768 0.09326794
vt -0.3625265 0.09943024
vt -0.3599297 0.1052297
vt -0.3591468 0.169278
vt -0.3563652 0.1104901
vt -0.3519415 0.1150517
vt -0.3467928 0.1187757
vt -0.3444724 0.1734295
vt -0.3410757 0.1215492
vt -0.3354169 0.1743487
vt -0.4218918 0.1014007
vt -0.4246278 0.1014823
vt -0.01193831 0.007290755
vt -0.01193831 0.04374453
vt 0.00331204 0.007290755
vt 0.00331204 0.04374453
vt -0.5009 0.1202276
vt -0.49554 0.1239247
vt -0.4941574 0.1170696
vt -0.4904231 0.1279516
vt -0.4872915 0.1141895
vt -0.4855696 0.1322924
vt -0.481232 0.1119337
vt -0.4809987 0.1369298
vt -0.4803138 0.1115919
vt -0.4767286 0.1418456
vt -0.4732359 0.1092811
vt -0.4727761 0.1470202
vt -0.4691569 0.1524331
vt -0.4660696 0.1072611
vt -0.4658853 0.158063
vt -0.4629743 0.1638875
vt -0.4604355 0.1698836
vt -0.4588268 0.1055353
vt -0.4582788 0.1760275
vt -0.4565127 0.1822948
vt -0.4544393 0.1816518
vt -0.4515197 0.1041064
vt -0.448911 0.1801272
vt -0.4441603 0.1029768
vt -0.4433373 0.1787785
vt -0.4377236 0.1776068
vt -0.436761 0.1021485
vt -0.4320757 0.1766133
vt -0.4293341 0.1016228
vt -0.4263992 0.1757992
vt -0.4206997 0.1751651
vt -0.414983 0.1747117
vt -0.4092549 0.1744395
vt -0.403521 0.1743487
vt 0.3160938 0.04374453
vt 0.3251958 0.04374453
vt 0.3160938 0.007290755
vt 0.3251958 0.007290755
vt 0.06961074 0.04374453
vt 0.06961074 0.007290755
vt 0.05557972 0.007290755
vt -0.1603116 -0.13302
vt -0.1466128 -0.1395716
vt -0.1621339 -0.1395716
vt 0.01193831 0.04374453
vt 0.01193831 0.007290755
vt -0.00331204 0.04374453
vt -0.00331204 0.007290755
vt -0.0470845 0.04374453
vt -0.0470845 0.007290755
vt -0.06233485 0.04374453
vt -0.06233485 0.007290755
vt -0.104445 0.04374453
vt -0.104445 0.007290755
vt -0.1196953 0.04374453
vt -0.1196953 0.007290755
vt -0.1584003 0.04374453
vt -0.1584003 0.007290755
vt -0.1736506 0.04374453
vt -0.1736506 0.007290755
vt -0.2225613 0.04374453
vt -0.207311 0.04374453
vt -0.2225613 0.007290755
vt -0.207311 0.007290755
vt -0.2649413 0.04374453
vt -0.2496909 0.04374453
vt -0.2649413 0.007290755
vt -0.2496909 0.007290755
vt -0.2995028 0.04374453
vt -0.2842525 0.04374453
vt -0.2995028 0.007290755
vt -0.2842525 0.007290755
vt -0.009308599 0.161819
vt -0.004341455 0.1529255
vt -0.02161653 0.1529255
vt -0.2279859 0.07204531
vt -0.2279859 0.08723021
vt -0.1550784 0.07204531
vt -0.1550784 0.08723021
vt 0.2842525 0.04374453
vt 0.2995028 0.04374453
vt 0.2842525 0.007290755
vt 0.2995028 0.007290755
vt 0.2496909 0.04374453
vt 0.2649413 0.04374453
vt 0.2496909 0.007290755
vt 0.2649413 0.007290755
vt 0.207311 0.04374453
vt 0.2225613 0.04374453
vt 0.207311 0.007290755
vt 0.2225613 0.007290755
vt 0.1584003 0.007290755
vt 0.1584003 0.04374453
vt 0.1736506 0.007290755
vt 0.1736506 0.04374453
vt 0.104445 0.007290755
vt 0.104445 0.04374453
vt 0.1196953 0.007290755
vt 0.1196953 0.04374453
vt 0.0470845 0.007290755
vt 0.0470845 0.04374453
vt 0.06233485 0.007290755
vt 0.06233485 0.04374453
vt 0.06630034 0.08019831
vt 0.06630034 0.04374453
vt 0.06050648 0.08019831
vt 0.06050648 0.04374453
vt 0.007977569 0.08019831
vt 0.007977569 0.04374453
vt 0.001623257 0.08019831
vt 0.001623257 0.04374453
vt -0.05105151 0.08019831
vt -0.05105151 0.04374453
vt -0.05740582 0.08019831
vt -0.05740582 0.04374453
vt -0.1084329 0.08019831
vt -0.1084329 0.04374453
vt -0.1147872 0.08019831
vt -0.1147872 0.04374453
vt -0.162423 0.08019831
vt -0.162423 0.04374453
vt -0.1687773 0.08019831
vt -0.1687773 0.04374453
vt -0.2177358 0.08019831
vt -0.2113815 0.08019831
vt -0.2177358 0.04374453
vt -0.2113815 0.04374453
vt -0.260175 0.08019831
vt -0.2538207 0.08019831
vt -0.260175 0.04374453
vt -0.2538207 0.04374453
vt -0.2948055 0.08019831
vt -0.2884512 0.08019831
vt -0.2948055 0.04374453
vt -0.2884512 0.04374453
vt -0.320575 0.08019831
vt -0.3142207 0.08019831
vt -0.320575 0.04374453
vt -0.3142207 0.04374453
vt -0.3367005 0.08019831
vt -0.3303462 0.08019831
vt -0.3367005 0.04374453
vt -0.3303462 0.04374453
vt -0.3379461 0.08019831
vt -0.3363378 0.08019831
vt -0.3379461 0.04374453
vt -0.3363378 0.04374453
vt -0.3426921 0.08019831
vt -0.3426921 0.04374453
vt -0.3383677 0.08019831
vt -0.3320134 0.08019831
vt -0.3383677 0.04374453
vt -0.3320134 0.04374453
vt -0.3238587 0.08019831
vt -0.3175044 0.08019831
vt -0.3238587 0.04374453
vt -0.3175044 0.04374453
vt -0.2996059 0.08019831
vt -0.2932516 0.08019831
vt -0.2996059 0.04374453
vt -0.2932516 0.04374453
vt -0.2663463 0.04374453
vt -0.2663463 0.08019831
vt -0.259992 0.04374453
vt -0.259992 0.08019831
vt -0.2250905 0.04374453
vt -0.2250905 0.08019831
vt -0.2187362 0.04374453
vt -0.2187362 0.08019831
vt -0.1770919 0.04374453
vt -0.1770919 0.08019831
vt -0.1707376 0.04374453
vt -0.1707376 0.08019831
vt -0.123809 0.04374453
vt -0.123809 0.08019831
vt -0.1174547 0.04374453
vt -0.1174547 0.08019831
vt -0.06686079 0.04374453
vt -0.06686079 0.08019831
vt -0.06050648 0.04374453
vt -0.06050648 0.08019831
vt -0.007977569 0.04374453
vt -0.007977569 0.08019831
vt -0.001623257 0.04374453
vt -0.001623257 0.08019831
vt 0.05105151 0.04374453
vt 0.05105151 0.08019831
vt 0.05740582 0.04374453
vt 0.05740582 0.08019831
vt 0.1084329 0.04374453
vt 0.1084329 0.08019831
vt 0.1147872 0.04374453
vt 0.1147872 0.08019831
vt 0.162423 0.04374453
vt 0.162423 0.08019831
vt 0.1687773 0.04374453
vt 0.1687773 0.08019831
vt 0.2113815 0.08019831
vt 0.2177358 0.08019831
vt 0.2113815 0.04374453
vt 0.2177358 0.04374453
vt 0.2538207 0.08019831
vt 0.260175 0.08019831
vt 0.2538207 0.04374453
vt 0.260175 0.04374453
vt 0.2889242 0.08019831
vt 0.2948055 0.08019831
vt 0.2889242 0.04374453
vt 0.2948055 0.04374453
vt 0.2884512 0.08019831
vt 0.2884512 0.04374453
vt 0.3142207 0.08019831
vt 0.320575 0.08019831
vt 0.3142207 0.04374453
vt 0.320575 0.04374453
vt 0.3303462 0.08019831
vt 0.3367005 0.08019831
vt 0.3303462 0.04374453
vt 0.3367005 0.04374453
vt 0.3363378 0.08019831
vt 0.3426921 0.08019831
vt 0.3363378 0.04374453
vt 0.3426921 0.04374453
vt 0.3320134 0.08019831
vt 0.3383677 0.08019831
vt 0.3320134 0.04374453
vt 0.3383677 0.04374453
vt 0.3175044 0.08019831
vt 0.3238587 0.08019831
vt 0.3175044 0.04374453
vt 0.3238587 0.04374453
vt 0.2932516 0.08019831
vt 0.2996059 0.08019831
vt 0.2932516 0.04374453
vt 0.2996059 0.04374453
vt 0.2663463 0.08019831
vt 0.2663463 0.04374453
vt 0.259992 0.08019831
vt 0.259992 0.04374453
vt 0.2250905 0.08019831
vt 0.2250905 0.04374453
vt 0.2187362 0.08019831
vt 0.2187362 0.04374453
vt 0.1770919 0.08019831
vt 0.1770919 0.04374453
vt 0.1707376 0.08019831
vt 0.1707376 0.04374453
vt 0.123809 0.08019831
vt 0.123809 0.04374453
vt 0.1174547 0.08019831
vt 0.1174547 0.04374453
vt 0.06686079 0.08019831
vt 0.06686079 0.04374453
vn 0 -1 0
vn 0.00005309442992516291 0 -0.9999999985904907
vn -0.9999999985904907 0 -0.00005309442992516291
vn -0.00005309442992516291 0 0.9999999985904907
vn -0.9871262345671623 0 -0.15994310560088376
vn -0.9973098795618205 0 -0.0733007784978245
vn -0.9443557303075396 0 -0.3289259105563346
vn -0.8728914858156838 0 -0.48791439207148635
vn -0.7749048307127917 0 -0.6320779250519507
vn -0.6533730789264905 0 -0.7570360755830055
vn -0.511989002000597 0 -0.8589920033565113
vn -0.35504828607555855 0 -0.9348479633367173
vn -0.18731970042998392 0 -0.9822990022548231
vn -0.013899429975774093 0 -0.9999033982572259
vn 0.0733007784978245 0 -0.9973098795618205
vn -1 0 0
vn -0.9987375374086523 0 -0.05023277188151565
vn -0.9995546516699451 0 -0.02984121855712969
vn -0.9958559518787755 0 -0.0909446156054224
vn -0.9913155071546959 0 -0.13150500094912093
vn -0.985123774312834 0 -0.17184629551909675
vn -0.9772910730849643 0 -0.21190129416414302
vn -0.9678304222331361 0 -0.25160340577986867
vn -0.9567575986305353 0 -0.2908863995836368
vn -0.9440910658001836 0 -0.32968478805712753
vn -0.9371666533812202 0 -0.3488820198723972
vn -0.929851907304168 0 -0.36793400289019335
vn -0.9140638092198874 0 -0.40557040409086703
vn -0.9055970621110786 0 -0.4241390822546108
vn 0.959687067224336 0 0.28107069040074745
vn 0.9551181590057325 0 0.29622508728583435
vn 0.9681024961389652 0 0.250554499000726
vn 0.9640155352892065 0 0.26584590973168054
vn 0.9755478373787598 0 0.21978720842129207
vn 0.9820156170068167 0 0.1887997032696852
vn 0.9874993629049031 0 0.15762299407894279
vn 0.9919935690421032 0 0.12628839605882208
vn 0.995493752160501 0 0.09482715544298133
vn 0.9979963862641456 0 0.06327094912917465
vn 0.9994989711685687 0 0.031651329086989435
vn 0.9998747348933228 0 0.01582765055234851
vn 1 0 0
vn 0 0 1
vn 0.9999999985904907 0 0.00005309442992516291
vn 0.9871262345671623 0 0.15994310560088376
vn 0.9973098795618205 0 0.0733007784978245
vn 0.9443557303075396 0 0.3289259105563346
vn 0.8728914858156838 0 0.48791439207148635
vn 0.7749048307127917 0 0.6320779250519507
vn 0.6533730789264905 0 0.7570360755830055
vn 0.511989002000597 0 0.8589920033565113
vn 0.35504828607555855 0 0.9348479633367173
vn 0.18731970042998392 0 0.9822990022548231
vn 0.013899429975774093 0 0.9999033982572259
vn -0.0733007784978245 0 0.9973098795618205
vn 0.0871557398551891 0 0.9961946983448038
vn 0.1736481912911892 0 0.9848077506098837
vn 0.34202011174860136 0 0.9396926322790203
vn 0.50000000163871 0 0.866025402838329
vn 0.6427876252341971 0 0.7660444300729438
vn 0.7660444300729438 0 0.6427876252341971
vn 0.866025402838329 0 0.50000000163871
vn 0.9396926322790203 0 0.34202011174860136
vn 0.9848077506098837 0 0.1736481912911892
vn 0.9848077506098837 0 -0.1736481912911892
vn 0.9396926322790203 0 -0.34202011174860136
vn 0.866025402838329 0 -0.50000000163871
vn 0.7660444300729438 0 -0.6427876252341971
vn 0.6427876252341971 0 -0.7660444300729438
vn 0.50000000163871 0 -0.866025402838329
vn 0.34202011174860136 0 -0.9396926322790203
vn 0.1736481912911892 0 -0.9848077506098837
vn 0.0871557398551891 0 -0.9961946983448038
vn 0.9207128266691471 0 0.39024081130362176
vn 0.7807703704854088 0 -0.6248180763806994
vn 0.934320582543715 0 0.356433793340605
vn 0.9466874421839152 0 0.3221535143549982
vn 0.15030020070399114 0 0.9886404046306929
vn 0.7165734953290839 0 -0.6975115954533371
vn 0.95779702337496 0 0.2874454070150822
vn 0.9676345915344503 0 0.25235549779221617
vn 0.1389119059173903 0 0.9903047421851507
vn 0.764033990781166 0 -0.6451759922153065
vn 0.9834430799589545 0 0.18121729630707242
vn 0.30950620724783073 0 0.9508974222675456
vn 0.6985644954667846 0 -0.7155470953565789
vn 0.9940289347525195 0 0.10911680381486265
vn 0.45471512050546514 0 0.890636940163443
vn 0.4788946027318734 0 -0.8778724050078582
vn 0.9993359608383741 0 0.036436758572129135
vn 0.49808360616877545 0 0.8671290107394102
vn 0.3485693036614609 0 -0.9372830098454599
vn 0.9993359608383741 0 -0.036436758572129135
vn 0.6215200592447868 0 0.7833982486298757
vn 0.26910659936064035 0 -0.9631103977117845
vn 0.9940289347525195 0 -0.10911680381486265
vn 0.6469844763040353 0 0.762503172073135
vn 0.16043300517637982 0 -0.9870467318471177
vn 0.9834430799589545 0 -0.18121729630707242
vn 0.7493046948120954 0 0.6622253954149997
vn 0 0 -1
vn 0.9676345915344503 0 -0.25235549779221617
vn 0.7997800942961203 0 0.6002930957188237
vn 0.040150990958023935 0 -0.9991936238412897
vn 0.9466874421839152 0 -0.3221535143549982
vn 0.789849814003986 0 0.6133003108737748
vn 0.9207128266691471 0 -0.39024081130362176
vn 0.8944271909999159 0 0.4472135954999579
vn 0.6750753704362225 0 -0.7377487676915476
vn 0.6529710052063304 0 0.7573829060388374
vn -0.9312427988860801 0 0.3643992995641184
vn 0 1 0
vn 0.9822990022548231 0 -0.18731970042998392
vn 0.9948870444683626 0 -0.10099390451411402
vn -0.3289259105563346 0 0.9443557303075396
vn -0.24536819037282714 0 0.9694299619638153
vn -0.9822990022548231 0 0.18731970042998392
vn -0.9948870444683626 0 0.10099390451411402
vn 0.15994310560088376 0 -0.9871262345671623
vn 0.2216452027248241 0.7626079093752195 0.6077027074708723
vn 0.3289259105563346 0 -0.9443557303075396
vn 0.48791439207148635 0 -0.8728914858156838
vn 0.6320779250519507 0 -0.7749048307127917
vn 0.7570360755830055 0 -0.6533730789264905
vn 0.8589920033565113 0 -0.511989002000597
vn 0.9348479633367173 0 -0.35504828607555855
vn 0.2555208035801071 0.8791626123179651 -0.40222160563553505
vn 0.2790922947288146 0.9602642818635944 0
vn -0.9348479633367173 0 0.35504828607555855
vn -0.8589920033565113 0 0.511989002000597
vn -0.7570360755830055 0 0.6533730789264905
vn -0.6320779250519507 0 0.7749048307127917
vn -0.48791439207148635 0 0.8728914858156838
vn 0.07186935670171335 0 -0.9974140542258676
vn 0.15852619546857002 0 -0.987354771776721
vn 0.3275702134424533 0 -0.9448268387727276
vn 0.486661197705373 0 -0.8735907958809846
vn 0.6309651077408533 0 -0.7758112095178653
vn 0.756097587707755 0 -0.6544588893601445
vn 0.8582563088986674 0 -0.5132213053212376
vn 0.9343374354922471 0 -0.3563896135380085
vn 0.9820291517179832 0 -0.18872929072101802
vn 0.9998824197910129 0 -0.015334490303520784
vn 0.987354771776721 0 0.15852619546857002
vn 0.9697811178125664 0 0.24397660448126834
vn 0.9448268387727276 0 0.3275702134424533
vn 0.8735907958809846 0 0.486661197705373
vn 0.7758112095178653 0 0.6309651077408533
vn 0.6544588893601445 0 0.756097587707755
vn 0.5132213053212376 0 0.8582563088986674
vn 0.3563896135380085 0 0.9343374354922471
vn 0.18872929072101802 0 0.9820291517179832
vn 0.015334490303520784 0 0.9998824197910129
vn -0.15852619546857002 0 0.987354771776721
vn -0.3275702134424533 0 0.9448268387727276
vn -0.486661197705373 0 0.8735907958809846
vn -0.6309651077408533 0 0.7758112095178653
vn -0.756097587707755 0 0.6544588893601445
vn -0.8582563088986674 0 0.5132213053212376
vn -0.9343374354922471 0 0.3563896135380085
vn -0.9618433930536054 0 0.2736005980240674
vn -0.9820291517179832 0 0.18872929072101802
vn -0.9998824197910129 0 0.015334490303520784
vn -0.987354771776721 0 -0.15852619546857002
vn -0.9448268387727276 0 -0.3275702134424533
vn -0.8735907958809846 0 -0.486661197705373
vn -0.7758112095178653 0 -0.6309651077408533
vn -0.6544588893601445 0 -0.756097587707755
vn -0.5132213053212376 0 -0.8582563088986674
vn -0.3563896135380085 0 -0.9343374354922471
vn -0.18872929072101802 0 -0.9820291517179832
vn -0.015334490303520784 0 -0.9998824197910129
vn 0.9995546516699451 0 0.02984121855712969
vn 0.9987375374086523 0 0.05023277188151565
vn 0.9958559518787755 0 0.0909446156054224
vn 0.9913155071546959 0 0.13150500094912093
vn 0.985123774312834 0 0.17184629551909675
vn 0.9772910730849643 0 0.21190129416414302
vn 0.9678304222331361 0 0.25160340577986867
vn 0.9567575986305353 0 0.2908863995836368
vn 0.9440910658001836 0 0.32968478805712753
vn 0.9371666533812202 0 0.3488820198723972
vn 0.929851907304168 0 0.36793400289019335
vn 0.9140638092198874 0 0.40557040409086703
vn 0.9055970621110786 0 0.4241390822546108
vn -0.9551181590057325 0 -0.29622508728583435
vn -0.959687067224336 0 -0.28107069040074745
vn -0.9640155352892065 0 -0.26584590973168054
vn -0.9681024961389652 0 -0.250554499000726
vn -0.9755478373787598 0 -0.21978720842129207
vn -0.9820156170068167 0 -0.1887997032696852
vn -0.9874993629049031 0 -0.15762299407894279
vn -0.9919935690421032 0 -0.12628839605882208
vn -0.995493752160501 0 -0.09482715544298133
vn -0.9979963862641456 0 -0.06327094912917465
vn -0.9994989711685687 0 -0.031651329086989435
vn -0.9998747348933228 0 -0.01582765055234851
vn -0.0871557398551891 0 -0.9961946983448038
vn -0.1736481912911892 0 -0.9848077506098837
vn -0.34202011174860136 0 -0.9396926322790203
vn -0.50000000163871 0 -0.866025402838329
vn -0.6427876252341971 0 -0.7660444300729438
vn -0.7660444300729438 0 -0.6427876252341971
vn -0.866025402838329 0 -0.50000000163871
vn -0.9396926322790203 0 -0.34202011174860136
vn -0.9848077506098837 0 -0.1736481912911892
vn -0.9848077506098837 0 0.1736481912911892
vn -0.9396926322790203 0 0.34202011174860136
vn -0.866025402838329 0 0.50000000163871
vn -0.7660444300729438 0 0.6427876252341971
vn -0.6427876252341971 0 0.7660444300729438
vn -0.50000000163871 0 0.866025402838329
vn -0.34202011174860136 0 0.9396926322790203
vn -0.1736481912911892 0 0.9848077506098837
vn -0.0871557398551891 0 0.9961946983448038
vn -0.9207128266691471 0 -0.39024081130362176
vn -0.7807703704854088 0 0.6248180763806994
vn -0.934320582543715 0 -0.356433793340605
vn -0.9466874421839152 0 -0.3221535143549982
vn -0.15030020070399114 0 -0.9886404046306929
vn -0.7165734953290839 0 0.6975115954533371
vn -0.95779702337496 0 -0.2874454070150822
vn -0.9676345915344503 0 -0.25235549779221617
vn -0.1389119059173903 0 -0.9903047421851507
vn -0.764033990781166 0 0.6451759922153065
vn -0.9834430799589545 0 -0.18121729630707242
vn -0.30950620724783073 0 -0.9508974222675456
vn -0.6985644954667846 0 0.7155470953565789
vn -0.9940289347525195 0 -0.10911680381486265
vn -0.45471512050546514 0 -0.890636940163443
vn -0.4788946027318734 0 0.8778724050078582
vn -0.9993359608383741 0 -0.036436758572129135
vn -0.49808360616877545 0 -0.8671290107394102
vn -0.3485693036614609 0 0.9372830098454599
vn -0.9993359608383741 0 0.036436758572129135
vn -0.6215200592447868 0 -0.7833982486298757
vn -0.26910659936064035 0 0.9631103977117845
vn -0.9940289347525195 0 0.10911680381486265
vn -0.6469844763040353 0 -0.762503172073135
vn -0.16043300517637982 0 0.9870467318471177
vn -0.9834430799589545 0 0.18121729630707242
vn -0.7493046948120954 0 -0.6622253954149997
vn -0.9676345915344503 0 0.25235549779221617
vn -0.7997800942961203 0 -0.6002930957188237
vn -0.040150990958023935 0 0.9991936238412897
vn -0.9466874421839152 0 0.3221535143549982
vn -0.789849814003986 0 -0.6133003108737748
vn -0.9207128266691471 0 0.39024081130362176
vn -0.8944271909999159 0 -0.4472135954999579
vn -0.6750753704362225 0 0.7377487676915476
vn -0.6529710052063304 0 -0.7573829060388374
vn 0.9312427988860801 0 -0.3643992995641184
vn 0.24536819037282714 0 -0.9694299619638153
vn -0.15994310560088376 0 0.9871262345671623
vn -0.2216452027248241 -0.7626079093752195 -0.6077027074708723
vn -0.2555208035801071 -0.8791626123179651 0.40222160563553505
vn -0.2790922947288146 -0.9602642818635944 0
vn -0.07186935670171335 0 0.9974140542258676
vn -0.9697811178125664 0 -0.24397660448126834
vn 0.9618433930536054 0 -0.2736005980240674
usemtl material_0_0
f 188/1107/112 189/1108/112 190/1109/112
f 191/1110/112 192/1111/112 193/1112/112
f 194/1113/112 195/1114/112 196/1115/112
f 196/1115/112 195/1114/112 197/1116/112
f 197/1116/112 195/1114/112 198/1117/112
f 195/1114/112 199/1118/112 198/1117/112
f 198/1117/112 199/1118/112 200/1119/112
f 199/1118/112 201/1120/112 200/1119/112
f 201/1120/112 202/1121/112 200/1119/112
f 200/1119/112 202/1121/112 203/1122/112
f 202/1121/112 204/1123/112 203/1122/112
f 203/1122/112 204/1123/112 205/1124/112
f 204/1123/112 206/1125/112 205/1124/112
f 205/1124/112 206/1125/112 207/1126/112
f 207/1126/112 206/1125/112 208/1127/112
f 206/1125/112 209/1128/112 208/1127/112
f 208/1127/112 209/1128/112 210/1129/112
f 210/1129/112 209/1128/112 211/1130/112
f 211/1130/112 209/1128/112 212/1131/112
f 209/1128/112 213/1132/112 212/1131/112
f 212/1131/112 213/1132/112 214/1133/112
f 213/1132/112 215/1134/112 214/1133/112
f 214/1133/112 215/1134/112 216/1135/112
f 216/1135/112 215/1134/112 217/1136/112
f 215/1134/112 218/1137/112 217/1136/112
f 217/1136/112 218/1137/112 219/1138/112
f 218/1137/112 220/1139/112 219/1138/112
f 219/1138/112 220/1139/112 221/1140/112
f 220/1139/112 222/1141/112 221/1140/112
f 221/1140/112 222/1141/112 223/1142/112
f 223/1142/112 222/1141/112 224/1143/112
f 222/1141/112 225/1144/112 224/1143/112
f 225/1144/112 226/1145/112 224/1143/112
f 226/1145/112 227/1146/112 224/1143/112
f 224/1143/112 227/1146/112 228/1147/112
f 228/1147/112 227/1146/112 229/1148/112
f 227/1146/112 230/1149/112 229/1148/112
f 230/1149/112 231/1150/112 229/1148/112
f 231/1150/112 232/1151/112 229/1148/112
f 232/1151/112 233/1152/112 229/1148/112
f 233/1152/112 234/1153/112 229/1148/112
f 234/1153/112 235/1154/112 229/1148/112
f 235/1154/112 236/1155/112 229/1148/112
f 236/1155/112 237/1156/112 229/1148/112
f 237/1156/112 238/1157/112 229/1148/112
f 238/1157/112 239/1158/112 229/1148/112
f 239/1158/112 240/1159/112 229/1148/112
f 240/1159/112 241/1160/112 229/1148/112
f 241/1160/112 242/1161/112 229/1148/112
f 229/1148/112 242/1161/112 243/1162/112
f 243/1162/112 242/1161/112 244/1163/112
f 242/1161/112 245/1164/112 244/1163/112
f 245/1164/112 246/1165/112 244/1163/112
f 246/1165/112 247/1166/112 244/1163/112
f 244/1163/112 247/1166/112 248/1167/112
f 247/1166/112 249/1168/112 248/1167/112
f 248/1167/112 249/1168/112 250/1169/112
f 250/1169/112 249/1168/112 251/1170/112
f 249/1168/112 252/1171/112 251/1170/112
f 252/1171/112 253/1172/112 251/1170/112
f 253/1172/112 254/1173/112 251/1170/112
f 251/1170/112 254/1173/112 255/1174/112
f 254/1173/112 256/1175/112 255/1174/112
f 256/1175/112 257/1176/112 255/1174/112
f 257/1176/112 258/1177/112 255/1174/112
f 258/1177/112 259/1178/112 255/1174/112
f 260/1179/112 255/1174/112 259/1178/112
f 226/1145/112 225/1144/112 261/1180/112
f 234/1153/112 233/1152/112 262/1181/112
f 262/1181/112 233/1152/112 263/1182/112
f 263/1182/112 233/1152/112 264/1183/112
f 233/1152/112 265/1184/112 264/1183/112
f 264/1183/112 265/1184/112 266/1185/112
f 266/1185/112 265/1184/112 267/1186/112
f 267/1186/112 265/1184/112 268/1187/112
f 265/1184/112 269/1188/112 268/1187/112
f 268/1187/112 269/1188/112 270/1189/112
f 269/1188/112 271/1190/112 270/1189/112
f 271/1190/112 272/1191/112 270/1189/112
f 270/1189/112 272/1191/112 273/1192/112
f 273/1192/112 272/1191/112 274/1193/112
f 274/1193/112 272/1191/112 275/1194/112
f 275/1194/112 272/1191/112 276/1195/112
f 272/1191/112 277/1196/112 276/1195/112
f 278/1197/112 276/1195/112 277/1196/112
f 279/1198/112 280/1199/112 277/1196/112
f 277/1196/112 280/1199/112 278/1197/112
f 278/1197/112 280/1199/112 281/1200/112
f 281/1200/112 280/1199/112 282/1201/112
f 282/1201/112 280/1199/112 283/1202/112
f 283/1202/112 280/1199/112 284/1203/112
f 284/1203/112 280/1199/112 285/1204/112
f 259/1178/112 286/1205/112 260/1179/112
f 286/1205/112 287/1206/112 260/1179/112
f 260/1179/112 287/1206/112 288/1207/112
f 287/1206/112 285/1204/112 288/1207/112
f 288/1207/112 285/1204/112 289/1208/112
f 285/1204/112 280/1199/112 289/1208/112
f 289/1208/112 280/1199/112 290/1209/112
f 290/1209/112 280/1199/112 291/1210/112
f 291/1210/112 280/1199/112 292/1211/112
f 292/1211/112 280/1199/112 293/1212/112
f 293/1212/112 280/1199/112 294/1213/112
f 294/1213/112 280/1199/112 295/1214/112
f 295/1214/112 280/1199/112 296/1215/112
f 296/1215/112 280/1199/112 297/1216/112
f 297/1216/112 280/1199/112 298/1217/112
f 298/1217/112 280/1199/112 299/1218/112
f 299/1218/112 280/1199/112 300/1219/112
f 300/1219/112 280/1199/112 301/1220/112
f 301/1220/112 280/1199/112 302/1221/112
f 302/1221/112 280/1199/112 303/1222/112
f 303/1222/112 280/1199/112 304/1223/112
f 304/1223/112 280/1199/112 305/1224/112
f 280/1199/112 306/1225/112 305/1224/112
f 305/1224/112 306/1225/112 307/1226/112
f 307/1226/112 306/1225/112 308/1227/112
f 308/1227/112 306/1225/112 309/1228/112
f 309/1228/112 306/1225/112 310/1229/112
f 310/1229/112 306/1225/112 311/1230/112
f 311/1230/112 306/1225/112 312/1231/112
f 313/1232/112 312/1231/112 314/1233/112
f 312/1231/112 306/1225/112 314/1233/112
f 314/1233/112 306/1225/112 315/1234/112
f 315/1234/112 306/1225/112 316/1235/112
f 316/1235/112 306/1225/112 317/1236/112
f 317/1236/112 306/1225/112 318/1237/112
f 318/1237/112 306/1225/112 319/1238/112
f 319/1238/112 306/1225/112 320/1239/112
f 320/1239/112 306/1225/112 321/1240/112
f 321/1240/112 306/1225/112 322/1241/112
f 322/1241/112 306/1225/112 323/1242/112
f 323/1242/112 306/1225/112 324/1243/112
f 324/1243/112 306/1225/112 325/1244/112
f 325/1244/112 306/1225/112 326/1245/112
f 326/1245/112 306/1225/112 327/1246/112
f 327/1246/112 306/1225/112 328/1247/112
f 328/1247/112 306/1225/112 329/1248/112
f 329/1248/112 306/1225/112 330/1249/112
f 331/1250/112 330/1249/112 332/1251/112
f 330/1249/112 306/1225/112 332/1251/112
f 332/1251/112 306/1225/112 333/1252/112
f 334/1253/112 333/1252/112 335/1254/112
f 333/1252/112 306/1225/112 335/1254/112
f 335/1254/112 306/1225/112 336/1255/112
f 336/1255/112 306/1225/112 337/1256/112
f 338/1257/112 337/1256/112 339/1258/112
f 339/1258/112 337/1256/112 340/1259/112
f 337/1256/112 306/1225/112 340/1259/112
f 341/1260/112 340/1259/112 342/1261/112
f 342/1261/112 340/1259/112 191/1110/112
f 340/1259/112 306/1225/112 191/1110/112
f 192/1111/112 191/1110/112 343/1262/112
f 191/1110/112 306/1225/112 343/1262/112
f 344/1263/112 343/1262/112 345/1264/112
f 345/1264/112 343/1262/112 188/1107/112
f 343/1262/112 306/1225/112 188/1107/112
f 189/1108/112 188/1107/112 346/1265/112
f 188/1107/112 306/1225/112 346/1265/112
f 347/1266/112 346/1265/112 348/1267/112
f 348/1267/112 346/1265/112 349/1268/112
f 346/1265/112 306/1225/112 349/1268/112
f 350/1269/112 349/1268/112 351/1270/112
f 351/1270/112 349/1268/112 352/1271/112
f 349/1268/112 306/1225/112 352/1271/112
f 353/1272/112 352/1271/112 354/1273/112
f 354/1273/112 352/1271/112 355/1274/112
f 352/1271/112 306/1225/112 355/1274/112
f 356/1275/112 355/1274/112 357/1276/112
f 357/1276/112 355/1274/112 358/1277/112
f 355/1274/112 306/1225/112 358/1277/112
f 359/1278/112 358/1277/112 360/1279/112
f 360/1279/112 358/1277/112 361/1280/112
f 358/1277/112 306/1225/112 361/1280/112
f 362/1281/112 361/1280/112 363/1282/112
f 363/1282/112 361/1280/112 364/1283/112
f 361/1280/112 306/1225/112 364/1283/112
f 365/1284/112 364/1283/112 366/1285/112
f 366/1285/112 364/1283/112 367/1286/112
f 364/1283/112 306/1225/112 367/1286/112
f 368/1287/112 367/1286/112 369/1288/112
f 369/1288/112 367/1286/112 370/1289/112
f 367/1286/112 306/1225/112 370/1289/112
f 371/1290/112 370/1289/112 372/1291/112
f 306/1225/112 373/1292/112 370/1289/112
f 372/1291/112 370/1289/112 373/1292/112
f 293/1212/112 374/1293/112 292/1211/112
f 380/1294/4 381/1295/4 382/1296/4
f 382/1296/4 381/1295/4 383/1297/4
f 384/1298/4 383/1297/4 381/1295/4
f 389/1299/4 390/1300/4 391/1296/4
f 392/1294/4 391/1296/4 390/1300/4
f 397/1301/44 398/1302/44 399/1303/44
f 400/1304/44 399/1303/44 398/1302/44
f 405/1305/2 406/1306/2 407/1307/2
f 408/1308/2 407/1307/2 406/1306/2
f 413/1309/46 414/1310/45 415/1311/46
f 416/1312/45 415/1311/46 414/1310/45
f 414/1313/45 419/1314/47 416/1315/45
f 420/1316/47 416/1315/45 419/1314/47
f 419/1317/47 423/1318/48 420/1319/47
f 424/1320/48 420/1319/47 423/1318/48
f 423/1321/48 427/1322/49 424/1323/48
f 428/1324/49 424/1323/48 427/1322/49
f 427/1325/49 431/1326/50 428/1327/49
f 432/1328/50 428/1327/49 431/1326/50
f 435/1329/51 436/1330/51 431/1331/50
f 432/1332/50 431/1331/50 436/1330/51
f 439/1333/52 440/1334/52 435/1335/51
f 436/1336/51 435/1335/51 440/1334/52
f 443/1337/53 444/1338/53 439/1339/52
f 440/1340/52 439/1339/52 444/1338/53
f 447/1341/54 448/1342/54 443/1343/53
f 444/1344/53 443/1343/53 448/1342/54
f 451/1345/55 452/1346/55 447/1347/54
f 448/1348/54 447/1347/54 452/1346/55
f 458/1349/42 459/1350/42 460/1351/42
f 460/1351/42 459/1350/42 461/1352/42
f 462/1353/42 461/1352/42 459/1350/42
f 467/1354/173 468/1355/174 469/1356/173
f 470/1357/174 469/1356/173 468/1355/174
f 468/1358/174 473/1359/175 470/1360/174
f 474/1361/175 470/1360/174 473/1359/175
f 473/1362/175 477/1363/176 474/1364/175
f 478/1365/176 474/1364/175 477/1363/176
f 477/1366/176 481/1367/177 478/1368/176
f 482/1369/177 478/1368/176 481/1367/177
f 481/1370/177 485/1371/178 482/1372/177
f 486/1373/178 482/1372/177 485/1371/178
f 485/1374/178 489/1375/179 486/1376/178
f 490/1377/179 486/1376/178 489/1375/179
f 489/1378/179 493/1379/180 490/1380/179
f 494/1381/180 490/1380/179 493/1379/180
f 493/1382/180 497/1383/181 494/1384/180
f 498/1385/181 494/1384/180 497/1383/181
f 497/1386/181 501/1387/182 498/1388/181
f 502/1389/182 498/1388/181 501/1387/182
f 507/1387/182 508/1390/183 509/1389/182
f 510/1391/183 509/1389/182 508/1390/183
f 508/1392/183 513/1393/184 510/1394/183
f 514/1395/184 510/1394/183 513/1393/184
f 518/1396/185 519/1397/185 513/1398/184
f 513/1398/184 519/1397/185 514/1399/184
f 520/1400/185 514/1399/184 519/1397/185
f 525/1401/186 526/1402/187 527/1403/186
f 528/1404/187 527/1403/186 526/1402/187
f 532/1405/188 533/1406/189 526/1407/187
f 526/1407/187 533/1406/189 528/1408/187
f 534/1409/189 528/1408/187 533/1406/189
f 533/1410/189 537/1411/190 534/1412/189
f 538/1413/190 534/1412/189 537/1411/190
f 537/1414/190 541/1415/191 538/1416/190
f 542/1417/191 538/1416/190 541/1415/191
f 541/1418/191 545/1419/192 542/1420/191
f 546/1421/192 542/1420/191 545/1419/192
f 545/1422/192 549/1423/193 546/1424/192
f 550/1425/193 546/1424/192 549/1423/193
f 549/1426/193 553/1427/194 550/1428/193
f 554/1429/194 550/1428/193 553/1427/194
f 553/1430/194 557/1431/195 554/1432/194
f 558/1433/195 554/1432/194 557/1431/195
f 557/1434/195 561/1435/196 558/1436/195
f 562/1437/196 558/1436/195 561/1435/196
f 561/1438/196 565/1439/197 562/1440/196
f 566/1441/197 562/1440/196 565/1439/197
f 572/1442/16 573/1443/16 574/1444/16
f 574/1444/16 573/1443/16 575/1445/16
f 576/1446/16 575/1445/16 573/1443/16
f 581/1447/101 582/1448/101 583/1449/101
f 584/1450/101 583/1449/101 582/1448/101
f 589/1451/3 590/1452/3 591/1453/3
f 592/1454/3 591/1453/3 590/1452/3
f 597/1455/4 598/1456/4 599/1457/4
f 600/1458/4 599/1457/4 598/1456/4
f 605/1459/6 606/1460/5 607/1461/6
f 608/1462/5 607/1461/6 606/1460/5
f 606/1463/5 611/1464/7 608/1465/5
f 612/1466/7 608/1465/5 611/1464/7
f 611/1467/7 615/1468/8 612/1469/7
f 616/1470/8 612/1469/7 615/1468/8
f 615/1471/8 619/1472/9 616/1473/8
f 620/1474/9 616/1473/8 619/1472/9
f 619/1475/9 623/1476/10 620/1477/9
f 624/1478/10 620/1477/9 623/1476/10
f 624/1479/10 623/1480/10 627/1481/11
f 628/1482/11 627/1481/11 623/1480/10
f 627/1483/11 628/1484/11 631/1485/12
f 632/1486/12 631/1485/12 628/1484/11
f 631/1487/12 632/1488/12 635/1489/13
f 636/1490/13 635/1489/13 632/1488/12
f 635/1491/13 636/1492/13 639/1493/14
f 640/1494/14 639/1493/14 636/1492/13
f 639/1495/14 640/1496/14 643/1497/15
f 644/1498/15 643/1497/15 640/1496/14
f 651/1499/16 652/1500/16 653/1501/16
f 652/1500/16 654/893/16 653/1501/16
f 653/1501/16 654/893/16 655/1502/16
f 656/894/16 655/1502/16 654/893/16
f 661/1503/198 662/1504/198 663/1505/199
f 664/1506/199 663/1505/199 662/1504/198
f 663/1507/199 664/1508/199 667/1509/200
f 668/1510/200 667/1509/200 664/1508/199
f 667/1511/200 668/1512/200 671/1513/201
f 672/1514/201 671/1513/201 668/1512/200
f 671/1515/201 672/1516/201 675/1517/202
f 676/1518/202 675/1517/202 672/1516/201
f 675/1519/202 676/1520/202 679/1521/203
f 680/1522/203 679/1521/203 676/1520/202
f 680/1523/203 683/1524/204 679/1525/203
f 684/1526/204 679/1525/203 683/1524/204
f 683/1527/204 687/1528/205 684/1529/204
f 688/1530/205 684/1529/204 687/1528/205
f 687/1531/205 691/1532/206 688/1533/205
f 692/1534/206 688/1533/205 691/1532/206
f 691/1535/206 695/1536/16 692/1537/206
f 696/1538/16 692/1537/206 695/1536/16
f 695/1539/16 699/1540/207 696/1541/16
f 700/1542/207 696/1541/16 699/1540/207
f 699/1543/207 703/1544/208 700/1545/207
f 704/1546/208 700/1545/207 703/1544/208
f 703/1547/208 707/1548/209 704/1549/208
f 708/1550/209 704/1549/208 707/1548/209
f 707/1551/209 711/1552/210 708/1553/209
f 712/1554/210 708/1553/209 711/1552/210
f 715/1555/211 716/1556/211 711/1557/210
f 712/1558/210 711/1557/210 716/1556/211
f 719/1559/212 720/1560/212 715/1561/211
f 716/1562/211 715/1561/211 720/1560/212
f 723/1563/213 724/1564/213 719/1565/212
f 720/1566/212 719/1565/212 724/1564/213
f 727/1567/214 728/1568/214 723/1569/213
f 724/1570/213 723/1569/213 728/1568/214
f 731/1571/215 732/1572/215 727/1573/214
f 728/1574/214 727/1573/214 732/1572/215
f 738/1575/16 739/1576/16 740/889/16
f 740/889/16 739/1576/16 741/891/16
f 742/1577/16 741/891/16 739/1576/16
f 747/1578/216 748/1579/216 749/1580/216
f 750/1581/216 749/1580/216 748/1579/216
f 755/1582/101 756/1583/101 757/1584/101
f 758/1585/101 757/1584/101 756/1583/101
f 763/1586/217 764/1587/217 765/1588/217
f 766/1589/217 765/1588/217 764/1587/217
f 771/1590/216 772/1591/218 773/1592/216
f 774/1593/218 773/1592/216 772/1591/218
f 772/1594/218 777/1595/219 774/1596/218
f 778/1597/219 774/1596/218 777/1595/219
f 783/1598/220 784/1599/220 785/1600/220
f 786/1601/220 785/1600/220 784/1599/220
f 791/1602/221 792/1603/221 793/1604/221
f 794/1605/221 793/1604/221 792/1603/221
f 799/1606/219 800/1607/222 801/1608/219
f 802/1609/222 801/1608/219 800/1607/222
f 800/1610/222 805/1611/223 802/1612/222
f 806/1613/223 802/1612/222 805/1611/223
f 811/1614/224 812/1615/224 813/1616/224
f 814/1617/224 813/1616/224 812/1615/224
f 819/1618/225 820/1619/225 821/1620/225
f 822/1621/225 821/1620/225 820/1619/225
f 827/1622/226 828/1623/226 829/1624/226
f 830/1625/226 829/1624/226 828/1623/226
f 835/1626/227 836/1627/227 837/1628/227
f 838/1629/227 837/1628/227 836/1627/227
f 843/1630/228 844/1631/228 845/1632/228
f 846/1633/228 845/1632/228 844/1631/228
f 851/1634/229 852/1635/229 853/1636/229
f 854/1637/229 853/1636/229 852/1635/229
f 859/1638/230 860/1639/230 861/1640/230
f 862/1641/230 861/1640/230 860/1639/230
f 867/1642/231 868/1643/231 869/1644/231
f 870/1645/231 869/1644/231 868/1643/231
f 875/1646/232 876/1647/232 877/1648/232
f 878/1649/232 877/1648/232 876/1647/232
f 883/1650/233 884/1651/233 885/1652/233
f 886/1653/233 885/1652/233 884/1651/233
f 891/1654/234 892/1655/234 893/1656/234
f 894/1657/234 893/1656/234 892/1655/234
f 899/1658/235 900/1659/235 901/1660/235
f 902/1661/235 901/1660/235 900/1659/235
f 907/1662/236 908/1663/236 909/1664/236
f 910/1665/236 909/1664/236 908/1663/236
f 915/1664/236 916/1665/236 917/1666/236
f 918/1667/236 917/1666/236 916/1665/236
f 923/1668/237 924/1669/237 925/1670/237
f 926/1671/237 925/1670/237 924/1669/237
f 931/1672/238 932/1673/238 933/1674/238
f 934/1675/238 933/1674/238 932/1673/238
f 939/1676/239 940/1677/239 941/1678/239
f 942/1679/239 941/1678/239 940/1677/239
f 947/1680/240 948/1681/240 949/1682/240
f 950/1683/240 949/1682/240 948/1681/240
f 955/1684/241 956/1685/241 957/1686/241
f 958/1687/241 957/1686/241 956/1685/241
f 963/1688/242 964/1689/242 965/1690/242
f 966/1691/242 965/1690/242 964/1689/242
f 971/1692/43 972/1693/43 973/1694/43
f 974/1695/43 973/1694/43 972/1693/43
f 979/1696/243 980/1697/243 981/1698/243
f 982/1699/243 981/1698/243 980/1697/243
f 987/1700/244 988/1701/244 989/1702/244
f 990/1703/244 989/1702/244 988/1701/244
f 995/1704/245 996/1705/245 997/1706/245
f 998/1707/245 997/1706/245 996/1705/245
f 1003/1708/246 1004/1709/246 1005/1710/246
f 1006/1711/246 1005/1710/246 1004/1709/246
f 1011/1712/247 1012/1713/247 1013/1714/247
f 1014/1715/247 1013/1714/247 1012/1713/247
f 1019/1716/43 1020/1717/43 1021/1718/43
f 1022/1719/43 1021/1718/43 1020/1717/43
f 1027/1720/248 1028/1721/248 1029/1722/248
f 1030/1723/248 1029/1722/248 1028/1721/248
f 1035/1724/249 1036/1725/249 1037/1726/249
f 1038/1727/249 1037/1726/249 1036/1725/249
f 1043/1728/250 1044/1729/250 1045/1730/250
f 1046/1731/250 1045/1730/250 1044/1729/250
f 1051/1732/16 1052/1733/16 1053/1734/16
f 1054/1735/16 1053/1734/16 1052/1733/16
f 1059/1736/251 1060/1737/251 1061/1738/251
f 1062/1739/251 1061/1738/251 1060/1737/251
f 1067/1740/250 1068/1741/250 1069/1742/250
f 1070/1743/250 1069/1742/250 1068/1741/250
f 1075/1744/16 1076/1745/16 1077/1746/16
f 1078/1747/16 1077/1746/16 1076/1745/16
f 1083/1748/251 1084/1749/251 1085/1750/251
f 1086/1751/251 1085/1750/251 1084/1749/251
f 1091/1752/250 1092/1753/250 1093/1754/250
f 1094/1755/250 1093/1754/250 1092/1753/250
f 1099/1756/16 1100/1757/16 1101/1758/16
f 1102/1759/16 1101/1758/16 1100/1757/16
f 1107/1760/251 1108/1761/251 1109/1762/251
f 1110/1763/251 1109/1762/251 1108/1761/251
f 1115/1764/250 1116/1765/250 1117/1766/250
f 1118/1767/250 1117/1766/250 1116/1765/250
f 1123/1768/16 1124/1769/16 1125/1770/16
f 1126/1771/16 1125/1770/16 1124/1769/16
f 1131/1772/251 1132/1773/251 1133/1774/251
f 1134/1775/251 1133/1774/251 1132/1773/251
f 1139/1776/250 1140/1777/250 1141/1778/250
f 1142/1779/250 1141/1778/250 1140/1777/250
f 1147/1780/16 1148/1781/16 1149/1782/16
f 1150/1783/16 1149/1782/16 1148/1781/16
f 1155/1784/251 1156/1785/251 1157/1786/251
f 1158/1787/251 1157/1786/251 1156/1785/251
f 1163/1788/250 1164/1789/250 1165/1790/250
f 1166/1791/250 1165/1790/250 1164/1789/250
f 1171/1792/16 1172/1793/16 1173/1794/16
f 1174/1795/16 1173/1794/16 1172/1793/16
f 1179/1796/251 1180/1797/251 1181/1798/251
f 1182/1799/251 1181/1798/251 1180/1797/251
f 1187/1800/250 1188/1801/250 1189/1802/250
f 1190/1803/250 1189/1802/250 1188/1801/250
f 1195/1804/16 1196/1805/16 1197/1806/16
f 1198/1807/16 1197/1806/16 1196/1805/16
f 1203/1808/251 1204/1809/251 1205/1810/251
f 1206/1811/251 1205/1810/251 1204/1809/251
f 1211/1812/250 1212/1813/250 1213/1814/250
f 1214/1815/250 1213/1814/250 1212/1813/250
f 1219/1816/16 1220/1817/16 1221/1818/16
f 1222/1819/16 1221/1818/16 1220/1817/16
f 1227/1820/251 1228/1821/251 1229/1822/251
f 1230/1823/251 1229/1822/251 1228/1821/251
f 1235/1824/250 1236/1825/250 1237/1826/250
f 1238/1827/250 1237/1826/250 1236/1825/250
f 1243/1828/16 1244/1829/16 1245/1830/16
f 1246/1831/16 1245/1830/16 1244/1829/16
f 1251/1832/101 1252/1833/101 1253/1834/101
f 1254/1835/101 1253/1834/101 1252/1833/101
f 1259/1836/252 1260/1837/252 1261/1838/252
f 1262/1839/252 1261/1838/252 1260/1837/252
f 1267/1840/44 1268/1301/44 1269/1841/44
f 1270/1842/44 1269/1841/44 1268/1301/44
f 1353/1843/1 1354/1844/1 1355/1845/1
f 1356/1846/1 1357/1847/1 1358/1848/1
f 1358/1848/1 1357/1847/1 1359/1849/1
f 1357/1847/1 1360/1850/1 1359/1849/1
f 1359/1849/1 1360/1850/1 1361/1851/1
f 1361/1851/1 1360/1850/1 1362/1852/1
f 1355/1845/1 1354/1844/1 1363/1853/1
f 1354/1844/1 1364/1854/1 1363/1853/1
f 1364/1854/1 1365/1855/1 1363/1853/1
f 1365/1855/1 1366/1856/1 1363/1853/1
f 1366/1856/1 1362/1852/1 1363/1853/1
f 1362/1852/1 1360/1850/1 1363/1853/1
f 1360/1850/1 1367/1857/1 1363/1853/1
f 1367/1857/1 1368/1858/1 1363/1853/1
f 1368/1858/1 1369/1859/1 1363/1853/1
f 1369/1859/1 1370/1860/1 1363/1853/1
f 1370/1860/1 1371/1861/1 1363/1853/1
f 1371/1861/1 1372/1862/1 1363/1853/1
f 1372/1862/1 1373/1863/1 1363/1853/1
f 1373/1863/1 1374/1864/1 1363/1853/1
f 1374/1864/1 1375/1865/1 1363/1853/1
f 1375/1865/1 1376/1866/1 1363/1853/1
f 1376/1866/1 1377/1867/1 1363/1853/1
f 1377/1867/1 1378/1868/1 1363/1853/1
f 1378/1868/1 1379/1869/1 1363/1853/1
f 1379/1869/1 1380/1870/1 1363/1853/1
f 1380/1870/1 1381/1871/1 1363/1853/1
f 1381/1871/1 1382/1872/1 1363/1853/1
f 1382/1872/1 1383/1873/1 1363/1853/1
f 1383/1873/1 1384/1874/1 1363/1853/1
f 1385/1875/1 1386/1876/1 1384/1874/1
f 1384/1874/1 1386/1876/1 1363/1853/1
f 1386/1876/1 1387/1877/1 1363/1853/1
f 1388/1878/1 1389/1879/1 1387/1877/1
f 1387/1877/1 1389/1879/1 1363/1853/1
f 1389/1879/1 1390/1880/1 1363/1853/1
f 1390/1880/1 1391/1881/1 1363/1853/1
f 1392/1882/1 1393/1883/1 1391/1881/1
f 1393/1883/1 1394/1884/1 1391/1881/1
f 1391/1881/1 1394/1884/1 1363/1853/1
f 1395/1885/1 1396/1886/1 1394/1884/1
f 1396/1886/1 1397/1887/1 1394/1884/1
f 1394/1884/1 1397/1887/1 1363/1853/1
f 1398/1888/1 1399/1889/1 1397/1887/1
f 1399/1889/1 1400/1890/1 1397/1887/1
f 1397/1887/1 1400/1890/1 1363/1853/1
f 1401/1891/1 1402/1892/1 1400/1890/1
f 1402/1892/1 1403/1893/1 1400/1890/1
f 1400/1890/1 1403/1893/1 1363/1853/1
f 1404/1894/1 1405/1895/1 1403/1893/1
f 1405/1895/1 1406/1896/1 1403/1893/1
f 1403/1893/1 1406/1896/1 1363/1853/1
f 1407/1897/1 1408/1898/1 1406/1896/1
f 1408/1898/1 1409/1899/1 1406/1896/1
f 1406/1896/1 1409/1899/1 1363/1853/1
f 1410/1900/1 1411/1901/1 1409/1899/1
f 1411/1901/1 1412/1902/1 1409/1899/1
f 1409/1899/1 1412/1902/1 1363/1853/1
f 1413/1903/1 1414/1904/1 1412/1902/1
f 1414/1904/1 1415/1905/1 1412/1902/1
f 1412/1902/1 1415/1905/1 1363/1853/1
f 1416/1906/1 1417/1907/1 1415/1905/1
f 1417/1907/1 1418/1908/1 1415/1905/1
f 1415/1905/1 1418/1908/1 1363/1853/1
f 1419/1909/1 1420/1910/1 1418/1908/1
f 1420/1910/1 1421/1911/1 1418/1908/1
f 1418/1908/1 1421/1911/1 1363/1853/1
f 1422/1912/1 1423/1913/1 1421/1911/1
f 1423/1913/1 1424/1914/1 1421/1911/1
f 1421/1911/1 1424/1914/1 1363/1853/1
f 1425/1915/1 1426/1916/1 1424/1914/1
f 1426/1916/1 1427/1917/1 1424/1914/1
f 1424/1914/1 1427/1917/1 1363/1853/1
f 1428/1918/1 1429/1919/1 1427/1917/1
f 1429/1919/1 1430/1920/1 1427/1917/1
f 1427/1917/1 1430/1920/1 1363/1853/1
f 1363/1853/1 1430/1920/1 1431/1921/1
f 1430/1920/1 1432/1922/1 1431/1921/1
f 1433/1923/1 1431/1921/1 1432/1922/1
f 1434/1924/1 1370/1860/1 1369/1859/1
f 1439/1925/118 1440/1926/117 1441/1927/118
f 1442/1928/117 1441/1927/118 1440/1926/117
f 1525/1929/1 1526/1930/1 1527/1931/1
f 1526/1930/1 1528/1932/1 1527/1931/1
f 1528/1932/1 1529/1933/1 1527/1931/1
f 1529/1933/1 1530/1934/1 1527/1931/1
f 1530/1934/1 1531/1935/1 1527/1931/1
f 1531/1935/1 1532/1936/1 1527/1931/1
f 1527/1931/1 1532/1936/1 1533/1846/1
f 1534/1937/1 1533/1846/1 1532/1936/1
f 1535/1938/1 1536/1939/1 1537/1843/1
f 1537/1843/1 1536/1939/1 1538/1844/1
f 1536/1939/1 1539/1940/1 1538/1844/1
f 1539/1940/1 1540/1941/1 1538/1844/1
f 1540/1941/1 1541/1942/1 1538/1844/1
f 1538/1844/1 1541/1942/1 1542/1854/1
f 1541/1942/1 1543/1943/1 1542/1854/1
f 1543/1943/1 1544/1944/1 1542/1854/1
f 1544/1944/1 1545/1945/1 1542/1854/1
f 1545/1945/1 1527/1931/1 1542/1854/1
f 1542/1854/1 1527/1931/1 1546/1855/1
f 1546/1855/1 1527/1931/1 1547/1856/1
f 1547/1856/1 1527/1931/1 1548/1852/1
f 1548/1852/1 1527/1931/1 1549/1851/1
f 1549/1851/1 1527/1931/1 1550/1849/1
f 1550/1849/1 1527/1931/1 1551/1848/1
f 1533/1846/1 1551/1848/1 1527/1931/1
f 1552/1946/1 1553/1947/1 1554/1948/1
f 1554/1948/1 1553/1947/1 1555/1949/1
f 1555/1949/1 1553/1947/1 1556/1950/1
f 1553/1947/1 1557/1951/1 1556/1950/1
f 1556/1950/1 1557/1951/1 1558/1952/1
f 1557/1951/1 1559/1953/1 1558/1952/1
f 1559/1953/1 1560/1954/1 1558/1952/1
f 1558/1952/1 1560/1954/1 1561/1955/1
f 1561/1955/1 1560/1954/1 1562/1956/1
f 1562/1956/1 1560/1954/1 1563/1957/1
f 1560/1954/1 1564/1958/1 1563/1957/1
f 1563/1957/1 1564/1958/1 1565/1959/1
f 1565/1959/1 1564/1958/1 1566/1960/1
f 1566/1960/1 1564/1958/1 1567/1961/1
f 1567/1961/1 1564/1958/1 1525/1929/1
f 1526/1930/1 1525/1929/1 1564/1958/1
f 1568/1962/1 1569/1963/1 1570/1964/1
f 1569/1963/1 1571/1965/1 1570/1964/1
f 1571/1965/1 1572/1966/1 1570/1964/1
f 1570/1964/1 1572/1966/1 1573/1967/1
f 1572/1966/1 1574/1968/1 1573/1967/1
f 1574/1968/1 1575/1969/1 1573/1967/1
f 1575/1969/1 1576/1970/1 1573/1967/1
f 1573/1967/1 1576/1970/1 1577/1971/1
f 1576/1970/1 1578/1972/1 1577/1971/1
f 1577/1971/1 1578/1972/1 1579/1973/1
f 1579/1973/1 1578/1972/1 1580/1974/1
f 1578/1972/1 1581/1975/1 1580/1974/1
f 1581/1975/1 1582/1976/1 1580/1974/1
f 1582/1976/1 1583/1977/1 1580/1974/1
f 1583/1977/1 1584/1978/1 1580/1974/1
f 1580/1974/1 1584/1978/1 1535/1938/1
f 1536/1939/1 1535/1938/1 1584/1978/1
f 1585/1979/1 1586/1980/1 1587/1981/1
f 1586/1980/1 1588/1982/1 1587/1981/1
f 1587/1981/1 1588/1982/1 1589/1983/1
f 1588/1982/1 1590/1984/1 1589/1983/1
f 1589/1983/1 1590/1984/1 1591/1985/1
f 1590/1984/1 1592/1986/1 1591/1985/1
f 1591/1985/1 1592/1986/1 1593/1987/1
f 1592/1986/1 1594/1988/1 1593/1987/1
f 1593/1987/1 1594/1988/1 1595/1989/1
f 1594/1988/1 1596/1990/1 1595/1989/1
f 1595/1989/1 1596/1990/1 1570/1964/1
f 1570/1964/1 1596/1990/1 1568/1962/1
f 1568/1962/1 1596/1990/1 1597/1991/1
f 1597/1991/1 1596/1990/1 1598/1992/1
f 1598/1992/1 1596/1990/1 1599/1993/1
f 1596/1990/1 1600/1994/1 1599/1993/1
f 1599/1993/1 1600/1994/1 1601/1995/1
f 1601/1995/1 1600/1994/1 1602/1996/1
f 1602/1996/1 1600/1994/1 1603/1997/1
f 1600/1994/1 1604/1998/1 1603/1997/1
f 1603/1997/1 1604/1998/1 1605/1999/1
f 1605/1999/1 1604/1998/1 1552/1946/1
f 1552/1946/1 1604/1998/1 1553/1947/1
f 1606/2000/1 1553/1947/1 1604/1998/1
f 1610/1980/1 1611/2001/1 1612/2002/1
f 1617/2003/121 1618/2004/121 1619/2005/253
f 1620/2006/253 1619/2005/253 1618/2004/121
f 1665/2007/1 1666/2008/1 1667/2009/1
f 1666/2008/1 1668/2010/1 1667/2009/1
f 1667/2009/1 1668/2010/1 1669/2011/1
f 1668/2010/1 1670/2012/1 1669/2011/1
f 1669/2011/1 1670/2012/1 1671/2013/1
f 1670/2012/1 1672/2014/1 1671/2013/1
f 1671/2013/1 1672/2014/1 1673/2015/1
f 1672/2014/1 1674/2016/1 1673/2015/1
f 1673/2015/1 1674/2016/1 1675/2017/1
f 1674/2016/1 1676/2018/1 1675/2017/1
f 1676/2018/1 1677/2019/1 1675/2017/1
f 1675/2017/1 1677/2019/1 1678/2020/1
f 1677/2019/1 1679/2021/1 1678/2020/1
f 1679/2021/1 1680/2022/1 1678/2020/1
f 1680/2022/1 1681/2023/1 1678/2020/1
f 1678/2020/1 1681/2023/1 1682/2024/1
f 1681/2023/1 1683/2025/1 1682/2024/1
f 1683/2025/1 1684/2026/1 1682/2024/1
f 1684/2026/1 1685/2027/1 1682/2024/1
f 1682/2024/1 1685/2027/1 1686/2028/1
f 1685/2027/1 1687/2029/1 1686/2028/1
f 1686/2028/1 1687/2029/1 1688/2030/1
f 1687/2029/1 1689/2031/1 1688/2030/1
f 1689/2031/1 1690/2032/1 1688/2030/1
f 1688/2030/1 1690/2032/1 1691/2033/1
f 1690/2032/1 1692/2034/1 1691/2033/1
f 1691/2033/1 1692/2034/1 1693/2035/1
f 1692/2034/1 1694/2036/1 1693/2035/1
f 1693/2035/1 1694/2036/1 1695/2002/1
f 1694/2036/1 1696/2037/1 1695/2002/1
f 1696/2037/1 1697/2038/1 1695/2002/1
f 1695/2002/1 1697/2038/1 1698/1980/1
f 1698/1980/1 1697/2038/1 1699/1982/1
f 1697/2038/1 1700/2039/1 1699/1982/1
f 1699/1982/1 1700/2039/1 1701/1984/1
f 1700/2039/1 1702/2040/1 1701/1984/1
f 1701/1984/1 1702/2040/1 1703/1986/1
f 1703/1986/1 1702/2040/1 1704/1988/1
f 1704/1988/1 1702/2040/1 1705/1990/1
f 1705/1990/1 1702/2040/1 1706/1994/1
f 1706/1994/1 1702/2040/1 1707/1998/1
f 1708/2000/1 1707/1998/1 1702/2040/1
f 1713/2041/114 1714/2042/113 1715/2043/114
f 1716/2044/113 1715/2043/114 1714/2042/113
f 1721/2045/55 1722/2046/55 1723/1348/254
f 1724/2047/254 1723/1348/254 1722/2046/55
f 1729/889/16 1730/892/16 654/893/16
f 656/894/16 654/893/16 1730/892/16
f 1730/892/16 1729/889/16 1731/890/16
f 1732/891/16 1731/890/16 1729/889/16
f 1736/2048/255 1737/2049/255 1738/2050/255
f 1723/2051/254 1724/2052/254 1741/2053/115
f 1742/2054/115 1741/2053/115 1724/2052/254
f 1741/2055/115 1742/2056/115 1745/2057/133
f 1746/2058/133 1745/2057/133 1742/2056/115
f 1745/2059/133 1746/2060/133 1749/2061/132
f 1750/2062/132 1749/2061/132 1746/2060/133
f 1749/2063/132 1750/2064/132 1753/2065/131
f 1754/2066/131 1753/2065/131 1750/2064/132
f 1757/2067/130 1753/2068/131 1758/2069/130
f 1754/2070/131 1758/2069/130 1753/2068/131
f 1761/2071/129 1757/2072/130 1762/2073/129
f 1758/2074/130 1762/2073/129 1757/2072/130
f 1440/2075/117 1761/2076/129 1442/2077/117
f 1762/2078/129 1442/2077/117 1761/2076/129
f 1766/2079/256 1767/2080/256 1768/2081/256
f 1773/2082/257 1774/2083/257 1775/2084/257
f 1776/2085/257 1775/2084/257 1774/2083/257
f 1714/2086/113 1779/2087/126 1716/2088/113
f 1780/2089/126 1716/2088/113 1779/2087/126
f 1779/2090/126 1783/2091/125 1780/2092/126
f 1784/2093/125 1780/2092/126 1783/2091/125
f 1783/2094/125 1787/2095/124 1784/2096/125
f 1788/2097/124 1784/2096/125 1787/2095/124
f 1788/2098/124 1787/2099/124 1791/2100/123
f 1792/2101/123 1791/2100/123 1787/2099/124
f 1791/2102/123 1792/2103/123 1795/2104/122
f 1796/2105/122 1795/2104/122 1792/2103/123
f 1795/2106/122 1796/2107/122 1617/2108/121
f 1618/2109/121 1617/2108/121 1796/2107/122
f 1801/2110/258 1802/2111/258 1803/2112/154
f 1804/2113/154 1803/2112/154 1802/2111/258
f 1803/2114/154 1804/2115/154 1807/2116/155
f 1808/2117/155 1807/2116/155 1804/2115/154
f 1807/2118/155 1808/2119/155 1811/2120/156
f 1812/2121/156 1811/2120/156 1808/2119/155
f 1811/2122/156 1812/2123/156 1815/2124/157
f 1816/2125/157 1815/2124/157 1812/2123/156
f 1815/2126/157 1816/2127/157 1819/2128/158
f 1820/2129/158 1819/2128/158 1816/2127/157
f 1823/2130/159 1819/2131/158 1824/2132/159
f 1820/2133/158 1824/2132/159 1819/2131/158
f 1827/2134/160 1823/2135/159 1828/2136/160
f 1824/2137/159 1828/2136/160 1823/2135/159
f 1831/2138/162 1827/2139/160 1832/2140/162
f 1828/2141/160 1832/2140/162 1827/2139/160
f 1835/2142/163 1831/2143/162 1836/2144/163
f 1832/2145/162 1836/2144/163 1831/2143/162
f 1839/2146/164 1835/2147/163 1840/2148/164
f 1836/2149/163 1840/2148/164 1835/2147/163
f 1843/2150/259 1839/2151/164 1844/2152/259
f 1840/2153/164 1844/2152/259 1839/2151/164
f 1849/2154/165 1850/2150/259 1851/2155/165
f 1852/2152/259 1851/2155/165 1850/2150/259
f 1855/2156/166 1849/2157/165 1856/2158/166
f 1851/2159/165 1856/2158/166 1849/2157/165
f 1859/2160/167 1855/2161/166 1860/2162/167
f 1856/2163/166 1860/2162/167 1855/2161/166
f 1863/2164/168 1859/2165/167 1864/2166/168
f 1860/2167/167 1864/2166/168 1859/2165/167
f 1867/2168/169 1868/2169/169 1864/2170/168
f 1863/2171/168 1864/2170/168 1868/2169/169
f 1871/2172/170 1872/2173/170 1867/2174/169
f 1868/2175/169 1867/2174/169 1872/2173/170
f 1875/2176/171 1876/2177/171 1871/2178/170
f 1872/2179/170 1871/2178/170 1876/2177/171
f 1879/2180/172 1880/2181/172 1875/2182/171
f 1876/2183/171 1875/2182/171 1880/2181/172
f 1883/2184/135 1884/2185/135 1879/2186/172
f 1880/2187/172 1879/2186/172 1884/2185/135
f 1887/2188/136 1888/2189/136 1883/2190/135
f 1884/2191/135 1883/2190/135 1888/2189/136
f 1891/2192/137 1892/2193/137 1887/2194/136
f 1888/2195/136 1887/2194/136 1892/2193/137
f 1895/2196/138 1896/2197/138 1891/2198/137
f 1892/2199/137 1891/2198/137 1896/2197/138
f 1899/2200/139 1900/2201/139 1895/2202/138
f 1896/2203/138 1895/2202/138 1900/2201/139
f 1903/2204/140 1900/2205/139 1904/2206/140
f 1899/2207/139 1904/2206/140 1900/2205/139
f 1907/2208/141 1903/2209/140 1908/2210/141
f 1904/2211/140 1908/2210/141 1903/2209/140
f 1911/2212/260 1907/2213/141 1912/2214/260
f 1908/2215/141 1912/2214/260 1907/2213/141
f 1917/2216/142 1918/2212/260 1919/2217/142
f 1920/2214/260 1919/2217/142 1918/2212/260
f 1923/2218/143 1917/2219/142 1924/2220/143
f 1919/2221/142 1924/2220/143 1917/2219/142
f 1927/2222/144 1923/2223/143 1928/2224/144
f 1924/2225/143 1928/2224/144 1923/2223/143
f 1931/2226/146 1927/2227/144 1932/2228/146
f 1928/2229/144 1932/2228/146 1927/2227/144
f 1935/2230/147 1931/2231/146 1936/2232/147
f 1932/2233/146 1936/2232/147 1931/2231/146
f 1939/2234/148 1935/2235/147 1940/2236/148
f 1936/2237/147 1940/2236/148 1935/2235/147
f 1943/2238/149 1939/2239/148 1944/2240/149
f 1940/2241/148 1944/2240/149 1939/2239/148
f 1943/2242/149 1944/2243/149 1947/2244/150
f 1948/2245/150 1947/2244/150 1944/2243/149
f 1947/2246/150 1948/2247/150 1951/2248/151
f 1952/2249/151 1951/2248/151 1948/2247/150
f 1951/2250/151 1952/2251/151 1955/2252/152
f 1956/2253/152 1955/2252/152 1952/2251/151
f 1955/2254/152 1956/2255/152 1959/2256/153
f 1960/2257/153 1959/2256/153 1956/2255/152
f 1959/2258/153 1960/2259/153 1963/2110/258
f 1964/2111/258 1963/2110/258 1960/2259/153
usemtl material_1_0
f 1/1/1 2/2/1 3/3/1
f 4/4/1 5/5/1 6/6/1
f 5/5/1 4/4/1 7/7/1
f 6/6/1 5/5/1 8/8/1
f 5/5/1 7/7/1 9/9/1
f 5/5/1 9/9/1 10/10/1
f 10/10/1 9/9/1 11/11/1
f 9/9/1 7/7/1 12/12/1
f 9/9/1 12/12/1 13/13/1
f 13/13/1 12/12/1 14/14/1
f 12/12/1 7/7/1 15/15/1
f 12/12/1 15/15/1 16/16/1
f 16/16/1 15/15/1 17/17/1
f 15/15/1 7/7/1 18/18/1
f 15/15/1 18/18/1 19/19/1
f 19/19/1 18/18/1 20/20/1
f 18/18/1 7/7/1 21/21/1
f 18/18/1 21/21/1 22/22/1
f 22/22/1 21/21/1 23/23/1
f 21/21/1 7/7/1 24/24/1
f 21/21/1 24/24/1 25/25/1
f 25/25/1 24/24/1 26/26/1
f 24/24/1 7/7/1 27/27/1
f 24/24/1 27/27/1 28/28/1
f 28/28/1 27/27/1 29/29/1
f 27/27/1 7/7/1 30/30/1
f 27/27/1 30/30/1 31/31/1
f 31/31/1 30/30/1 32/32/1
f 30/30/1 7/7/1 33/33/1
f 30/30/1 33/33/1 34/34/1
f 33/33/1 7/7/1 35/35/1
f 33/33/1 35/35/1 36/36/1
f 36/36/1 35/35/1 37/37/1
f 35/35/1 7/7/1 38/38/1
f 35/35/1 38/38/1 39/39/1
f 38/38/1 7/7/1 40/40/1
f 38/38/1 40/40/1 41/41/1
f 41/41/1 40/40/1 42/42/1
f 40/40/1 7/7/1 43/43/1
f 40/40/1 43/43/1 44/44/1
f 44/44/1 43/43/1 45/45/1
f 43/43/1 7/7/1 46/46/1
f 46/46/1 7/7/1 47/47/1
f 47/47/1 7/7/1 48/48/1
f 47/47/1 48/48/1 49/49/1
f 48/48/1 7/7/1 50/50/1
f 50/50/1 7/7/1 51/51/1
f 50/50/1 51/51/1 52/52/1
f 51/51/1 7/7/1 53/53/1
f 53/53/1 7/7/1 54/54/1
f 54/54/1 7/7/1 55/55/1
f 55/55/1 7/7/1 56/56/1
f 56/56/1 7/7/1 57/57/1
f 57/57/1 7/7/1 58/58/1
f 58/58/1 7/7/1 59/59/1
f 59/59/1 7/7/1 60/60/1
f 60/60/1 7/7/1 61/61/1
f 61/61/1 7/7/1 62/62/1
f 62/62/1 7/7/1 63/63/1
f 63/63/1 7/7/1 64/64/1
f 64/64/1 7/7/1 65/65/1
f 65/65/1 7/7/1 66/66/1
f 66/66/1 7/7/1 67/67/1
f 67/67/1 7/7/1 68/68/1
f 68/68/1 7/7/1 69/69/1
f 68/68/1 69/69/1 70/70/1
f 69/69/1 7/7/1 71/71/1
f 71/71/1 7/7/1 72/72/1
f 72/72/1 7/7/1 73/73/1
f 73/73/1 7/7/1 74/74/1
f 74/74/1 7/7/1 75/75/1
f 75/75/1 7/7/1 76/76/1
f 76/76/1 7/7/1 77/77/1
f 76/76/1 77/77/1 78/78/1
f 78/78/1 77/77/1 79/79/1
f 79/79/1 77/77/1 80/80/1
f 80/80/1 77/77/1 81/81/1
f 81/81/1 77/77/1 82/82/1
f 82/82/1 77/77/1 83/83/1
f 83/83/1 77/77/1 84/84/1
f 84/84/1 77/77/1 85/85/1
f 85/85/1 77/77/1 86/86/1
f 86/86/1 77/77/1 87/87/1
f 87/87/1 77/77/1 88/88/1
f 88/88/1 77/77/1 3/3/1
f 3/3/1 77/77/1 1/1/1
f 1/1/1 77/77/1 89/89/1
f 89/89/1 77/77/1 90/90/1
f 90/90/1 77/77/1 91/91/1
f 91/91/1 77/77/1 92/92/1
f 91/91/1 92/92/1 93/93/1
f 93/93/1 92/92/1 94/94/1
f 93/93/1 94/94/1 95/95/1
f 95/95/1 94/94/1 96/96/1
f 95/95/1 96/96/1 97/97/1
f 92/92/1 77/77/1 98/98/1
f 98/98/1 77/77/1 99/99/1
f 99/99/1 77/77/1 100/100/1
f 100/100/1 77/77/1 101/101/1
f 101/101/1 77/77/1 102/102/1
f 102/102/1 77/77/1 103/103/1
f 103/103/1 77/77/1 104/104/1
f 103/103/1 105/105/1 102/102/1
f 105/105/1 103/103/1 106/106/1
f 105/105/1 106/106/1 107/107/1
f 107/107/1 106/106/1 108/108/1
f 108/108/1 106/106/1 109/109/1
f 109/109/1 106/106/1 110/110/1
f 110/110/1 106/106/1 111/111/1
f 110/110/1 111/111/1 112/112/1
f 110/110/1 112/112/1 113/113/1
f 113/113/1 112/112/1 114/114/1
f 113/113/1 114/114/1 115/115/1
f 115/115/1 114/114/1 116/116/1
f 116/116/1 114/114/1 117/117/1
f 117/117/1 114/114/1 118/118/1
f 117/117/1 118/118/1 119/119/1
f 119/119/1 118/118/1 120/120/1
f 120/120/1 118/118/1 121/121/1
f 122/122/1 123/123/1 124/124/1
f 97/97/1 125/125/1 95/95/1
f 125/125/1 97/97/1 126/126/1
f 125/125/1 126/126/1 127/127/1
f 125/125/1 127/127/1 128/128/1
f 125/125/1 128/128/1 129/129/1
f 125/125/1 129/129/1 130/130/1
f 130/130/1 129/129/1 131/131/1
f 130/130/1 131/131/1 132/132/1
f 130/130/1 132/132/1 133/133/1
f 130/130/1 133/133/1 134/134/1
f 134/134/1 133/133/1 135/135/1
f 135/135/1 133/133/1 136/136/1
f 135/135/1 136/136/1 137/137/1
f 137/137/1 136/136/1 138/138/1
f 137/137/1 138/138/1 139/139/1
f 137/137/1 139/139/1 140/140/1
f 137/137/1 140/140/1 141/141/1
f 141/141/1 140/140/1 142/142/1
f 142/142/1 140/140/1 143/143/1
f 142/142/1 143/143/1 144/144/1
f 142/142/1 144/144/1 145/145/1
f 142/142/1 145/145/1 146/146/1
f 142/142/1 146/146/1 147/147/1
f 142/142/1 147/147/1 148/148/1
f 142/142/1 148/148/1 149/149/1
f 142/142/1 149/149/1 121/121/1
f 142/142/1 121/121/1 118/118/1
f 142/142/1 118/118/1 150/150/1
f 142/142/1 150/150/1 151/151/1
f 142/142/1 151/151/1 152/152/1
f 142/142/1 152/152/1 153/153/1
f 142/142/1 153/153/1 154/154/1
f 154/154/1 153/153/1 155/155/1
f 155/155/1 153/153/1 124/124/1
f 155/155/1 124/124/1 123/123/1
f 155/155/1 123/123/1 156/156/1
f 155/155/1 156/156/1 157/157/1
f 157/157/1 156/156/1 158/158/1
f 158/158/1 156/156/1 159/159/1
f 158/158/1 159/159/1 160/160/1
f 160/160/1 159/159/1 161/161/1
f 160/160/1 161/161/1 162/162/1
f 162/162/1 161/161/1 163/163/1
f 162/162/1 163/163/1 164/164/1
f 164/164/1 163/163/1 165/165/1
f 165/165/1 163/163/1 166/166/1
f 165/165/1 166/166/1 167/167/1
f 167/167/1 166/166/1 168/168/1
f 167/167/1 168/168/1 169/169/1
f 169/169/1 168/168/1 170/170/1
f 170/170/1 168/168/1 171/171/1
f 171/171/1 168/168/1 172/172/1
f 171/171/1 172/172/1 173/173/1
f 173/173/1 172/172/1 174/174/1
f 174/174/1 172/172/1 175/175/1
f 174/174/1 175/175/1 176/176/1
f 176/176/1 175/175/1 177/177/1
f 176/176/1 177/177/1 178/178/1
f 178/178/1 177/177/1 179/179/1
f 178/178/1 179/179/1 180/180/1
f 178/178/1 180/180/1 181/181/1
f 181/181/1 180/180/1 182/182/1
f 181/181/1 182/182/1 183/183/1
f 183/183/1 182/182/1 184/184/1
f 184/184/1 182/182/1 185/185/1
f 186/186/1 39/39/1 38/38/1
f 187/187/1 34/34/1 33/33/1
f 375/188/2 376/189/2 377/190/2
f 376/189/2 375/188/2 378/191/2
f 378/191/2 375/188/2 379/192/2
f 385/193/2 386/191/2 387/192/2
f 386/191/2 385/193/2 388/194/2
f 393/195/3 394/196/3 395/197/3
f 394/196/3 393/195/3 396/198/3
f 401/199/4 402/200/4 403/201/4
f 402/200/4 401/199/4 404/202/4
f 409/203/5 410/204/6 411/205/5
f 410/204/6 409/203/5 412/206/6
f 417/207/7 411/208/5 418/209/7
f 411/208/5 417/207/7 409/210/5
f 421/211/8 418/212/7 422/213/8
f 418/212/7 421/211/8 417/214/7
f 425/215/9 422/216/8 426/217/9
f 422/216/8 425/215/9 421/218/8
f 429/219/10 426/220/9 430/221/10
f 426/220/9 429/219/10 425/222/9
f 433/223/11 429/224/10 430/225/10
f 429/224/10 433/223/11 434/226/11
f 437/227/12 434/228/11 433/229/11
f 434/228/11 437/227/12 438/230/12
f 441/231/13 438/232/12 437/233/12
f 438/232/12 441/231/13 442/234/13
f 445/235/14 442/236/13 441/237/13
f 442/236/13 445/235/14 446/238/14
f 449/239/15 446/240/14 445/241/14
f 446/240/14 449/239/15 450/242/15
f 453/243/16 454/244/16 455/245/16
f 454/244/16 453/243/16 456/246/16
f 456/246/16 453/243/16 457/247/16
f 463/248/17 464/249/18 465/250/17
f 464/249/18 463/248/17 466/251/18
f 471/252/19 465/253/17 472/254/19
f 465/253/17 471/252/19 463/255/17
f 475/256/20 472/257/19 476/258/20
f 472/257/19 475/256/20 471/259/19
f 479/260/21 476/261/20 480/262/21
f 476/261/20 479/260/21 475/263/20
f 483/264/22 480/265/21 484/266/22
f 480/265/21 483/264/22 479/267/21
f 487/268/23 484/269/22 488/270/23
f 484/269/22 487/268/23 483/271/22
f 491/272/24 488/273/23 492/274/24
f 488/273/23 491/272/24 487/275/23
f 495/276/25 492/277/24 496/278/25
f 492/277/24 495/276/25 491/279/24
f 499/280/26 496/281/25 500/282/26
f 496/281/25 499/280/26 495/283/25
f 503/284/27 504/282/26 505/285/27
f 504/282/26 503/284/27 506/280/26
f 511/286/28 505/287/27 512/288/28
f 505/287/27 511/286/28 503/289/27
f 515/290/29 512/291/28 516/292/29
f 512/291/28 515/290/29 511/293/28
f 511/293/28 515/290/29 517/294/29
f 521/295/30 522/296/31 523/297/30
f 522/296/31 521/295/30 524/298/31
f 529/299/32 523/300/30 530/301/32
f 523/300/30 529/299/32 521/302/30
f 521/302/30 529/299/32 531/303/33
f 535/304/34 530/305/32 536/306/34
f 530/305/32 535/304/34 529/307/32
f 539/308/35 536/309/34 540/310/35
f 536/309/34 539/308/35 535/311/34
f 543/312/36 540/313/35 544/314/36
f 540/313/35 543/312/36 539/315/35
f 547/316/37 544/317/36 548/318/37
f 544/317/36 547/316/37 543/319/36
f 551/320/38 548/321/37 552/322/38
f 548/321/37 551/320/38 547/323/37
f 555/324/39 552/325/38 556/326/39
f 552/325/38 555/324/39 551/327/38
f 559/328/40 556/329/39 560/330/40
f 556/329/39 559/328/40 555/331/39
f 563/332/41 560/333/40 564/334/41
f 560/333/40 563/332/41 559/335/40
f 567/336/42 568/337/42 569/338/42
f 568/337/42 567/336/42 570/339/42
f 570/339/42 567/336/42 571/340/42
f 577/341/43 578/342/43 579/343/43
f 578/342/43 577/341/43 580/344/43
f 585/345/44 586/346/44 587/347/44
f 586/346/44 585/345/44 588/348/44
f 593/349/2 594/350/2 595/351/2
f 594/350/2 593/349/2 596/352/2
f 601/353/45 602/354/46 603/355/45
f 602/354/46 601/353/45 604/356/46
f 609/357/47 603/358/45 610/359/47
f 603/358/45 609/357/47 601/360/45
f 613/361/48 610/362/47 614/363/48
f 610/362/47 613/361/48 609/364/47
f 617/365/49 614/366/48 618/367/49
f 614/366/48 617/365/49 613/368/48
f 621/369/50 618/370/49 622/371/50
f 618/370/49 621/369/50 617/372/49
f 621/373/50 625/374/51 626/375/51
f 625/374/51 621/373/50 622/376/50
f 626/377/51 629/378/52 630/379/52
f 629/378/52 626/377/51 625/380/51
f 630/381/52 633/382/53 634/383/53
f 633/382/53 630/381/52 629/384/52
f 634/385/53 637/386/54 638/387/54
f 637/386/54 634/385/53 633/388/53
f 638/389/54 641/390/55 642/391/55
f 641/390/55 638/389/54 637/392/54
f 645/393/42 646/394/42 647/395/42
f 646/394/42 645/393/42 648/396/42
f 648/396/42 645/393/42 649/397/42
f 648/396/42 649/397/42 650/398/42
f 657/399/56 658/400/57 659/401/57
f 658/400/57 657/399/56 660/402/56
f 659/403/57 665/404/58 666/405/58
f 665/404/58 659/403/57 658/406/57
f 666/407/58 669/408/59 670/409/59
f 669/408/59 666/407/58 665/410/58
f 670/411/59 673/412/60 674/413/60
f 673/412/60 670/411/59 669/414/59
f 674/415/60 677/416/61 678/417/61
f 677/416/61 674/415/60 673/418/60
f 681/419/62 677/420/61 682/421/62
f 677/420/61 681/419/62 678/422/61
f 685/423/63 682/424/62 686/425/63
f 682/424/62 685/423/63 681/426/62
f 689/427/64 686/428/63 690/429/64
f 686/428/63 689/427/64 685/430/63
f 693/431/42 690/432/64 694/433/42
f 690/432/64 693/431/42 689/434/64
f 697/431/65 694/432/42 698/433/65
f 694/432/42 697/431/65 693/434/42
f 701/427/66 698/428/65 702/429/66
f 698/428/65 701/427/66 697/430/65
f 705/423/67 702/424/66 706/425/67
f 702/424/66 705/423/67 701/426/66
f 709/419/68 706/420/67 710/421/68
f 706/420/67 709/419/68 705/422/67
f 713/416/69 709/415/68 710/418/68
f 709/415/68 713/416/69 714/417/69
f 717/412/70 714/411/69 713/414/69
f 714/411/69 717/412/70 718/413/70
f 721/408/71 718/407/70 717/410/70
f 718/407/70 721/408/71 722/409/71
f 725/404/72 722/403/71 721/406/71
f 722/403/71 725/404/72 726/405/72
f 729/400/73 726/399/72 725/402/72
f 726/399/72 729/400/73 730/401/73
f 733/435/42 734/436/42 735/437/42
f 734/436/42 733/435/42 736/438/42
f 736/438/42 733/435/42 737/439/42
f 743/440/74 744/441/74 745/442/74
f 744/441/74 743/440/74 746/443/74
f 751/444/43 752/445/43 753/446/43
f 752/445/43 751/444/43 754/447/43
f 759/448/75 760/449/75 761/450/75
f 760/449/75 759/448/75 762/451/75
f 767/452/76 768/453/74 769/454/76
f 768/453/74 767/452/76 770/455/74
f 775/456/77 769/457/76 776/458/77
f 769/457/76 775/456/77 767/459/76
f 779/460/78 780/461/78 781/462/78
f 780/461/78 779/460/78 782/463/78
f 787/464/79 788/465/79 789/466/79
f 788/465/79 787/464/79 790/467/79
f 795/468/80 796/469/77 797/470/80
f 796/469/77 795/468/80 798/471/77
f 803/472/81 797/473/80 804/474/81
f 797/473/80 803/472/81 795/475/80
f 807/476/82 808/477/82 809/478/82
f 808/477/82 807/476/82 810/479/82
f 815/480/83 816/481/83 817/482/83
f 816/481/83 815/480/83 818/483/83
f 823/484/84 824/485/84 825/486/84
f 824/485/84 823/484/84 826/487/84
f 831/488/85 832/489/85 833/490/85
f 832/489/85 831/488/85 834/491/85
f 839/492/86 840/493/86 841/494/86
f 840/493/86 839/492/86 842/495/86
f 847/496/87 848/497/87 849/498/87
f 848/497/87 847/496/87 850/499/87
f 855/500/88 856/501/88 857/502/88
f 856/501/88 855/500/88 858/503/88
f 863/504/89 864/505/89 865/506/89
f 864/505/89 863/504/89 866/507/89
f 871/508/90 872/509/90 873/510/90
f 872/509/90 871/508/90 874/511/90
f 879/512/91 880/513/91 881/514/91
f 880/513/91 879/512/91 882/515/91
f 887/516/92 888/517/92 889/518/92
f 888/517/92 887/516/92 890/519/92
f 895/520/93 896/521/93 897/522/93
f 896/521/93 895/520/93 898/523/93
f 903/524/94 904/525/94 905/526/94
f 904/525/94 903/524/94 906/527/94
f 911/526/94 912/528/94 913/529/94
f 912/528/94 911/526/94 914/525/94
f 919/530/95 920/531/95 921/532/95
f 920/531/95 919/530/95 922/533/95
f 927/534/96 928/535/96 929/536/96
f 928/535/96 927/534/96 930/537/96
f 935/538/97 936/539/97 937/540/97
f 936/539/97 935/538/97 938/541/97
f 943/542/98 944/543/98 945/544/98
f 944/543/98 943/542/98 946/545/98
f 951/546/99 952/547/99 953/548/99
f 952/547/99 951/546/99 954/549/99
f 959/550/100 960/551/100 961/552/100
f 960/551/100 959/550/100 962/553/100
f 967/554/101 968/555/101 969/556/101
f 968/555/101 967/554/101 970/557/101
f 975/558/102 976/559/102 977/560/102
f 976/559/102 975/558/102 978/561/102
f 983/562/103 984/563/103 985/564/103
f 984/563/103 983/562/103 986/565/103
f 991/566/104 992/567/104 993/568/104
f 992/567/104 991/566/104 994/569/104
f 999/570/105 1000/571/105 1001/572/105
f 1000/571/105 999/570/105 1002/573/105
f 1007/574/106 1008/575/106 1009/576/106
f 1008/575/106 1007/574/106 1010/577/106
f 1015/578/101 1016/579/101 1017/580/101
f 1016/579/101 1015/578/101 1018/581/101
f 1023/582/107 1024/583/107 1025/584/107
f 1024/583/107 1023/582/107 1026/585/107
f 1031/586/108 1032/587/108 1033/588/108
f 1032/587/108 1031/586/108 1034/589/108
f 1039/590/109 1040/591/109 1041/592/109
f 1040/591/109 1039/590/109 1042/593/109
f 1047/594/42 1048/595/42 1049/596/42
f 1048/595/42 1047/594/42 1050/597/42
f 1055/598/110 1056/599/110 1057/600/110
f 1056/599/110 1055/598/110 1058/601/110
f 1063/602/109 1064/603/109 1065/604/109
f 1064/603/109 1063/602/109 1066/605/109
f 1071/606/42 1072/607/42 1073/608/42
f 1072/607/42 1071/606/42 1074/609/42
f 1079/610/110 1080/611/110 1081/612/110
f 1080/611/110 1079/610/110 1082/613/110
f 1087/614/109 1088/615/109 1089/616/109
f 1088/615/109 1087/614/109 1090/617/109
f 1095/618/42 1096/619/42 1097/620/42
f 1096/619/42 1095/618/42 1098/621/42
f 1103/622/110 1104/623/110 1105/624/110
f 1104/623/110 1103/622/110 1106/625/110
f 1111/626/109 1112/627/109 1113/628/109
f 1112/627/109 1111/626/109 1114/629/109
f 1119/630/42 1120/631/42 1121/632/42
f 1120/631/42 1119/630/42 1122/633/42
f 1127/634/110 1128/635/110 1129/636/110
f 1128/635/110 1127/634/110 1130/637/110
f 1135/638/109 1136/639/109 1137/640/109
f 1136/639/109 1135/638/109 1138/641/109
f 1143/642/42 1144/643/42 1145/644/42
f 1144/643/42 1143/642/42 1146/645/42
f 1151/646/110 1152/647/110 1153/648/110
f 1152/647/110 1151/646/110 1154/649/110
f 1159/650/109 1160/651/109 1161/652/109
f 1160/651/109 1159/650/109 1162/653/109
f 1167/654/42 1168/655/42 1169/656/42
f 1168/655/42 1167/654/42 1170/657/42
f 1175/658/110 1176/659/110 1177/660/110
f 1176/659/110 1175/658/110 1178/661/110
f 1183/662/109 1184/663/109 1185/664/109
f 1184/663/109 1183/662/109 1186/665/109
f 1191/666/42 1192/667/42 1193/668/42
f 1192/667/42 1191/666/42 1194/669/42
f 1199/670/110 1200/671/110 1201/672/110
f 1200/671/110 1199/670/110 1202/673/110
f 1207/674/109 1208/675/109 1209/676/109
f 1208/675/109 1207/674/109 1210/677/109
f 1215/678/42 1216/679/42 1217/680/42
f 1216/679/42 1215/678/42 1218/681/42
f 1223/682/110 1224/683/110 1225/684/110
f 1224/683/110 1223/682/110 1226/685/110
f 1231/686/109 1232/687/109 1233/688/109
f 1232/687/109 1231/686/109 1234/689/109
f 1239/690/42 1240/691/42 1241/692/42
f 1240/691/42 1239/690/42 1242/693/42
f 1247/694/43 1248/695/43 1249/696/43
f 1248/695/43 1247/694/43 1250/697/43
f 1255/698/111 1256/699/111 1257/700/111
f 1256/699/111 1255/698/111 1258/701/111
f 1263/198/3 1264/702/3 1265/703/3
f 1264/702/3 1263/198/3 1266/704/3
f 1271/705/112 1272/706/112 1273/707/112
f 1274/693/112 1275/708/112 1276/694/112
f 1275/708/112 1274/693/112 1277/709/112
f 1275/708/112 1277/709/112 1278/710/112
f 1278/710/112 1277/709/112 1279/711/112
f 1279/711/112 1277/709/112 1280/678/112
f 1279/711/112 1280/678/112 1281/681/112
f 1278/710/112 1279/711/112 1282/712/112
f 1282/712/112 1279/711/112 1283/666/112
f 1282/712/112 1283/666/112 1284/669/112
f 1278/710/112 1282/712/112 1285/713/112
f 1285/713/112 1282/712/112 1286/654/112
f 1285/713/112 1286/654/112 1287/657/112
f 1278/710/112 1285/713/112 1288/714/112
f 1288/714/112 1285/713/112 1289/642/112
f 1288/714/112 1289/642/112 1290/645/112
f 1278/710/112 1288/714/112 1291/715/112
f 1291/715/112 1288/714/112 1292/630/112
f 1291/715/112 1292/630/112 1293/633/112
f 1278/710/112 1291/715/112 1294/716/112
f 1294/716/112 1291/715/112 1295/618/112
f 1294/716/112 1295/618/112 1296/621/112
f 1278/710/112 1294/716/112 1297/717/112
f 1297/717/112 1294/716/112 1298/606/112
f 1297/717/112 1298/606/112 1299/609/112
f 1278/710/112 1297/717/112 1300/718/112
f 1300/718/112 1297/717/112 1301/594/112
f 1300/718/112 1301/594/112 1302/597/112
f 1278/710/112 1300/718/112 1303/719/112
f 1303/719/112 1300/718/112 1304/720/112
f 1303/719/112 1304/720/112 1305/721/112
f 1278/710/112 1303/719/112 1306/722/112
f 1306/722/112 1303/719/112 1307/723/112
f 1306/722/112 1307/723/112 1308/724/112
f 1278/710/112 1306/722/112 1309/725/112
f 1309/725/112 1306/722/112 1310/726/112
f 1309/725/112 1310/726/112 1311/727/112
f 1278/710/112 1309/725/112 1312/728/112
f 1312/728/112 1309/725/112 1313/729/112
f 1312/728/112 1313/729/112 1314/730/112
f 1278/710/112 1312/728/112 1315/731/112
f 1315/731/112 1312/728/112 1316/732/112
f 1315/731/112 1316/732/112 1317/733/112
f 1278/710/112 1315/731/112 1318/734/112
f 1278/710/112 1318/734/112 1319/735/112
f 1278/710/112 1319/735/112 1320/736/112
f 1320/736/112 1319/735/112 1321/737/112
f 1278/710/112 1320/736/112 1322/738/112
f 1278/710/112 1322/738/112 1323/739/112
f 1323/739/112 1322/738/112 1324/740/112
f 1278/710/112 1323/739/112 1325/741/112
f 1278/710/112 1325/741/112 1326/742/112
f 1278/710/112 1326/742/112 1327/743/112
f 1278/710/112 1327/743/112 1328/744/112
f 1278/710/112 1328/744/112 1329/745/112
f 1278/710/112 1329/745/112 1330/746/112
f 1278/710/112 1330/746/112 1331/747/112
f 1278/710/112 1331/747/112 1332/748/112
f 1278/710/112 1332/748/112 1333/749/112
f 1278/710/112 1333/749/112 1334/750/112
f 1278/710/112 1334/750/112 1335/751/112
f 1278/710/112 1335/751/112 1336/752/112
f 1278/710/112 1336/752/112 1337/753/112
f 1278/710/112 1337/753/112 1272/706/112
f 1278/710/112 1272/706/112 1271/705/112
f 1278/710/112 1271/705/112 1338/439/112
f 1278/710/112 1338/439/112 1339/754/112
f 1278/710/112 1339/754/112 1340/755/112
f 1278/710/112 1340/755/112 1341/756/112
f 1278/710/112 1341/756/112 1342/757/112
f 1278/710/112 1342/757/112 1343/758/112
f 1278/710/112 1343/758/112 1344/759/112
f 1278/710/112 1344/759/112 1345/760/112
f 1278/710/112 1345/760/112 1346/761/112
f 1341/756/112 1340/755/112 1347/762/112
f 1347/762/112 1340/755/112 1348/763/112
f 1348/763/112 1340/755/112 1349/397/112
f 1348/763/112 1349/397/112 1350/764/112
f 1350/764/112 1349/397/112 1351/398/112
f 1346/761/112 1345/760/112 1352/765/112
f 1435/766/113 1436/767/114 1437/768/113
f 1436/767/114 1435/766/113 1438/769/114
f 1443/770/112 1444/771/112 1445/772/112
f 1444/771/112 1443/770/112 1446/773/112
f 1446/773/112 1443/770/112 1447/774/112
f 1447/774/112 1443/770/112 1448/775/112
f 1448/775/112 1443/770/112 1449/776/112
f 1448/775/112 1449/776/112 1450/777/112
f 1450/777/112 1449/776/112 1451/778/112
f 1451/778/112 1449/776/112 1452/779/112
f 1452/779/112 1449/776/112 1453/780/112
f 1452/779/112 1453/780/112 1454/781/112
f 1454/781/112 1453/780/112 1455/782/112
f 1455/782/112 1453/780/112 1456/783/112
f 1456/783/112 1453/780/112 1457/784/112
f 1457/784/112 1453/780/112 1458/785/112
f 1458/785/112 1453/780/112 1459/786/112
f 1458/785/112 1459/786/112 1460/787/112
f 1460/787/112 1459/786/112 1461/788/112
f 1460/787/112 1461/788/112 1462/789/112
f 1462/789/112 1461/788/112 1463/790/112
f 1462/789/112 1463/790/112 1464/791/112
f 1464/791/112 1463/790/112 1465/792/112
f 1464/791/112 1465/792/112 1466/793/112
f 1466/793/112 1465/792/112 1467/794/112
f 1466/793/112 1467/794/112 1468/795/112
f 1469/796/112 1470/797/112 1471/798/112
f 1470/797/112 1469/796/112 1472/799/112
f 1472/799/112 1469/796/112 1473/800/112
f 1472/799/112 1473/800/112 1474/801/112
f 1472/799/112 1474/801/112 1475/802/112
f 1472/799/112 1475/802/112 1476/803/112
f 1472/799/112 1476/803/112 1477/804/112
f 1477/804/112 1476/803/112 1478/805/112
f 1478/805/112 1476/803/112 1479/806/112
f 1478/805/112 1479/806/112 1480/807/112
f 1480/807/112 1479/806/112 1481/808/112
f 1480/807/112 1481/808/112 1482/809/112
f 1480/807/112 1482/809/112 1483/810/112
f 1480/807/112 1483/810/112 1457/784/112
f 1457/784/112 1483/810/112 1484/811/112
f 1457/784/112 1484/811/112 1485/812/112
f 1457/784/112 1485/812/112 1456/783/112
f 1486/813/112 1487/814/112 1488/815/112
f 1487/814/112 1486/813/112 1489/816/112
f 1489/816/112 1486/813/112 1490/817/112
f 1490/817/112 1486/813/112 1491/818/112
f 1491/818/112 1486/813/112 1492/819/112
f 1492/819/112 1486/813/112 1493/820/112
f 1492/819/112 1493/820/112 1494/821/112
f 1494/821/112 1493/820/112 1495/822/112
f 1495/822/112 1493/820/112 1496/823/112
f 1496/823/112 1493/820/112 1497/824/112
f 1496/823/112 1497/824/112 1498/825/112
f 1496/823/112 1498/825/112 1499/826/112
f 1499/826/112 1498/825/112 1444/771/112
f 1499/826/112 1444/771/112 1500/827/112
f 1500/827/112 1444/771/112 1501/828/112
f 1501/828/112 1444/771/112 1446/773/112
f 1502/829/112 1503/764/112 1504/398/112
f 1503/764/112 1502/829/112 1505/763/112
f 1505/763/112 1502/829/112 1506/762/112
f 1506/762/112 1502/829/112 1507/756/112
f 1507/756/112 1502/829/112 1508/757/112
f 1508/757/112 1502/829/112 1509/758/112
f 1509/758/112 1502/829/112 1510/759/112
f 1510/759/112 1502/829/112 1511/830/112
f 1510/759/112 1511/830/112 1512/831/112
f 1510/759/112 1512/831/112 1513/832/112
f 1510/759/112 1513/832/112 1514/833/112
f 1510/759/112 1514/833/112 1515/760/112
f 1515/760/112 1514/833/112 1516/834/112
f 1515/760/112 1516/834/112 1517/835/112
f 1515/760/112 1517/835/112 1471/798/112
f 1515/760/112 1471/798/112 1518/765/112
f 1518/765/112 1471/798/112 1470/797/112
f 1519/836/112 1504/398/112 1520/837/112
f 1504/398/112 1519/836/112 1502/829/112
f 1502/829/112 1519/836/112 1521/838/112
f 1502/829/112 1521/838/112 1522/839/112
f 1502/829/112 1522/839/112 1523/840/112
f 1502/829/112 1523/840/112 1524/841/112
f 1502/829/112 1524/841/112 1488/815/112
f 1502/829/112 1488/815/112 1487/814/112
f 1607/842/112 1608/843/112 1609/794/112
f 1613/844/115 1614/845/116 1615/846/116
f 1614/845/116 1613/844/115 1616/847/115
f 1621/848/112 1622/770/112 1623/772/112
f 1622/770/112 1621/848/112 1624/776/112
f 1624/776/112 1621/848/112 1625/780/112
f 1625/780/112 1621/848/112 1626/786/112
f 1626/786/112 1621/848/112 1627/788/112
f 1627/788/112 1621/848/112 1628/790/112
f 1628/790/112 1621/848/112 1629/849/112
f 1628/790/112 1629/849/112 1630/792/112
f 1630/792/112 1629/849/112 1631/850/112
f 1630/792/112 1631/850/112 1632/794/112
f 1632/794/112 1631/850/112 1633/842/112
f 1633/842/112 1631/850/112 1634/851/112
f 1633/842/112 1634/851/112 1635/852/112
f 1633/842/112 1635/852/112 1636/853/112
f 1636/853/112 1635/852/112 1637/854/112
f 1636/853/112 1637/854/112 1638/855/112
f 1638/855/112 1637/854/112 1639/856/112
f 1638/855/112 1639/856/112 1640/857/112
f 1640/857/112 1639/856/112 1641/858/112
f 1640/857/112 1641/858/112 1642/859/112
f 1640/857/112 1642/859/112 1643/860/112
f 1643/860/112 1642/859/112 1644/861/112
f 1643/860/112 1644/861/112 1645/862/112
f 1645/862/112 1644/861/112 1646/863/112
f 1645/862/112 1646/863/112 1647/864/112
f 1645/862/112 1647/864/112 1648/865/112
f 1645/862/112 1648/865/112 1649/866/112
f 1649/866/112 1648/865/112 1650/867/112
f 1649/866/112 1650/867/112 1651/868/112
f 1649/866/112 1651/868/112 1652/869/112
f 1649/866/112 1652/869/112 1653/870/112
f 1653/870/112 1652/869/112 1654/871/112
f 1653/870/112 1654/871/112 1655/872/112
f 1653/870/112 1655/872/112 1656/873/112
f 1656/873/112 1655/872/112 1657/874/112
f 1656/873/112 1657/874/112 1658/875/112
f 1658/875/112 1657/874/112 1659/876/112
f 1658/875/112 1659/876/112 1660/877/112
f 1660/877/112 1659/876/112 1661/878/112
f 1660/877/112 1661/878/112 1662/879/112
f 1662/879/112 1661/878/112 1663/880/112
f 1662/879/112 1663/880/112 1664/881/112
f 1709/882/117 1710/883/118 1711/884/117
f 1710/883/118 1709/882/117 1712/885/118
f 1717/886/15 1718/241/119 1719/887/119
f 1718/241/119 1717/886/15 1720/888/15
f 1725/889/42 1726/890/42 1727/891/42
f 1726/890/42 1725/889/42 1728/892/42
f 1728/892/42 645/893/42 647/894/42
f 645/893/42 1728/892/42 1725/889/42
f 1733/895/120 1734/896/120 1735/897/120
f 1719/898/119 1739/899/121 1740/900/121
f 1739/899/121 1719/898/119 1718/901/119
f 1740/902/121 1743/903/122 1744/904/122
f 1743/903/122 1740/902/121 1739/905/121
f 1744/906/122 1747/907/123 1748/908/123
f 1747/907/123 1744/906/122 1743/909/122
f 1748/910/123 1751/911/124 1752/912/124
f 1751/911/124 1748/910/123 1747/913/123
f 1751/914/124 1755/915/125 1752/916/124
f 1755/915/125 1751/914/124 1756/917/125
f 1756/918/125 1759/919/126 1755/920/125
f 1759/919/126 1756/918/125 1760/921/126
f 1760/922/126 1437/923/113 1759/924/126
f 1437/923/113 1760/922/126 1435/925/113
f 1763/926/127 1764/927/127 1765/928/127
f 1769/929/128 1770/930/128 1771/931/128
f 1770/930/128 1769/929/128 1772/932/128
f 1777/933/129 1711/934/117 1778/935/129
f 1711/934/117 1777/933/129 1709/936/117
f 1781/937/130 1778/938/129 1782/939/130
f 1778/938/129 1781/937/130 1777/940/129
f 1785/941/131 1782/942/130 1786/943/131
f 1782/942/130 1785/941/131 1781/944/130
f 1785/945/131 1789/946/132 1790/947/132
f 1789/946/132 1785/945/131 1786/948/131
f 1790/949/132 1793/950/133 1794/951/133
f 1793/950/133 1790/949/132 1789/952/132
f 1794/953/133 1616/954/115 1613/955/115
f 1616/954/115 1794/953/133 1793/956/133
f 1797/957/134 1798/958/135 1799/959/135
f 1798/958/135 1797/957/134 1800/960/134
f 1799/961/135 1805/962/136 1806/963/136
f 1805/962/136 1799/961/135 1798/964/135
f 1806/965/136 1809/966/137 1810/967/137
f 1809/966/137 1806/965/136 1805/968/136
f 1810/969/137 1813/970/138 1814/971/138
f 1813/970/138 1810/969/137 1809/972/137
f 1814/973/138 1817/974/139 1818/975/139
f 1817/974/139 1814/973/138 1813/976/138
f 1817/977/139 1821/978/140 1818/979/139
f 1821/978/140 1817/977/139 1822/980/140
f 1822/981/140 1825/982/141 1821/983/140
f 1825/982/141 1822/981/140 1826/984/141
f 1826/985/141 1829/986/142 1825/987/141
f 1829/986/142 1826/985/141 1830/988/142
f 1830/989/142 1833/990/143 1829/991/142
f 1833/990/143 1830/989/142 1834/992/143
f 1834/993/143 1837/994/144 1833/995/143
f 1837/994/144 1834/993/143 1838/996/144
f 1838/997/144 1841/998/145 1837/999/144
f 1841/998/145 1838/997/144 1842/1000/145
f 1845/1000/145 1846/1001/146 1847/998/145
f 1846/1001/146 1845/1000/145 1848/1002/146
f 1848/1003/146 1853/1004/147 1846/1005/146
f 1853/1004/147 1848/1003/146 1854/1006/147
f 1854/1007/147 1857/1008/148 1853/1009/147
f 1857/1008/148 1854/1007/147 1858/1010/148
f 1858/1011/148 1861/1012/149 1857/1013/148
f 1861/1012/149 1858/1011/148 1862/1014/149
f 1865/1015/150 1861/1016/149 1862/1017/149
f 1861/1016/149 1865/1015/150 1866/1018/150
f 1869/1019/151 1866/1020/150 1865/1021/150
f 1866/1020/150 1869/1019/151 1870/1022/151
f 1873/1023/152 1870/1024/151 1869/1025/151
f 1870/1024/151 1873/1023/152 1874/1026/152
f 1877/1027/153 1874/1028/152 1873/1029/152
f 1874/1028/152 1877/1027/153 1878/1030/153
f 1881/1031/154 1878/1032/153 1877/1033/153
f 1878/1032/153 1881/1031/154 1882/1034/154
f 1885/1035/155 1882/1036/154 1881/1037/154
f 1882/1036/154 1885/1035/155 1886/1038/155
f 1889/1039/156 1886/1040/155 1885/1041/155
f 1886/1040/155 1889/1039/156 1890/1042/156
f 1893/1043/157 1890/1044/156 1889/1045/156
f 1890/1044/156 1893/1043/157 1894/1046/157
f 1897/1047/158 1894/1048/157 1893/1049/157
f 1894/1048/157 1897/1047/158 1898/1050/158
f 1897/1051/158 1901/1052/159 1898/1053/158
f 1901/1052/159 1897/1051/158 1902/1054/159
f 1902/1055/159 1905/1056/160 1901/1057/159
f 1905/1056/160 1902/1055/159 1906/1058/160
f 1906/1059/160 1909/1060/161 1905/1061/160
f 1909/1060/161 1906/1059/160 1910/1062/161
f 1913/1062/161 1914/1063/162 1915/1060/161
f 1914/1063/162 1913/1062/161 1916/1064/162
f 1916/1065/162 1921/1066/163 1914/1067/162
f 1921/1066/163 1916/1065/162 1922/1068/163
f 1922/1069/163 1925/1070/164 1921/1071/163
f 1925/1070/164 1922/1069/163 1926/1072/164
f 1926/1073/164 1929/1074/165 1925/1075/164
f 1929/1074/165 1926/1073/164 1930/1076/165
f 1930/1077/165 1933/1078/166 1929/1079/165
f 1933/1078/166 1930/1077/165 1934/1080/166
f 1934/1081/166 1937/1082/167 1933/1083/166
f 1937/1082/167 1934/1081/166 1938/1084/167
f 1938/1085/167 1941/1086/168 1937/1087/167
f 1941/1086/168 1938/1085/167 1942/1088/168
f 1941/1089/168 1945/1090/169 1946/1091/169
f 1945/1090/169 1941/1089/168 1942/1092/168
f 1946/1093/169 1949/1094/170 1950/1095/170
f 1949/1094/170 1946/1093/169 1945/1096/169
f 1950/1097/170 1953/1098/171 1954/1099/171
f 1953/1098/171 1950/1097/170 1949/1100/170
f 1954/1101/171 1957/1102/172 1958/1103/172
f 1957/1102/172 1954/1101/171 1953/1104/171
f 1958/1105/172 1961/960/134 1962/957/134
f 1961/960/134 1958/1105/172 1957/1106/172
