# SSTK version 0.8.0
# 8
mtllib original-8.mtl
o #ID81
v 0.010150 0.056612 0.685124
v 0.009438 -0.058041 0.681258
v 0.010150 -0.058041 0.685124
v 0.009438 0.056612 0.681258
v 0.009438 0.056612 0.681258
v 0.010150 0.056612 0.685124
v 0.009438 -0.058041 0.681258
v 0.010150 -0.058041 0.685124
v 0.000874 0.056612 0.494494
v -0.024899 0.056612 0.492213
v -0.001039 0.056612 0.494635
v 0.000874 0.056612 0.414321
v -0.047975 0.056612 0.485684
v -0.069568 0.056612 0.475248
v -0.089020 0.056612 0.461220
v -0.105740 0.056612 0.444028
v -0.119222 0.056612 0.424194
v -0.000006 0.056612 0.414385
v 0.035269 0.056612 0.873002
v 0.006606 0.056612 0.862465
v 0.000874 0.056612 0.873002
v 0.138457 0.056612 0.609301
v 0.000874 0.056612 0.867711
v 0.006606 0.056612 0.851000
v 0.000874 0.056612 0.857523
v 0.000874 0.056612 0.856245
v 0.006606 0.056612 0.839534
v 0.000874 0.056612 0.846057
v 0.000874 0.056612 0.844780
v 0.006606 0.056612 0.828069
v 0.000874 0.056612 0.834592
v 0.000874 0.056612 0.833315
v 0.006606 0.056612 0.816604
v 0.000874 0.056612 0.823127
v 0.000874 0.056612 0.821850
v 0.006606 0.056612 0.805139
v 0.000874 0.056612 0.811662
v 0.000874 0.056612 0.810384
v 0.006606 0.056612 0.793673
v 0.000874 0.056612 0.800196
v 0.000874 0.056612 0.798919
v 0.006606 0.056612 0.782208
v 0.000874 0.056612 0.788731
v 0.000874 0.056612 0.787454
v 0.006606 0.056612 0.770743
v 0.000874 0.056612 0.777266
v 0.000874 0.056612 0.775988
v 0.009029 0.056612 0.756157
v 0.000874 0.056612 0.759278
v 0.012339 0.056612 0.747121
v 0.004572 0.056612 0.750417
v 0.005601 0.056612 0.747392
v 0.014918 0.056612 0.738026
v 0.007668 0.056612 0.740898
v 0.016987 0.056612 0.727859
v 0.009786 0.056612 0.732219
v 0.010392 0.056612 0.728930
v 0.018140 0.056612 0.718421
v 0.011304 0.056612 0.723036
v 0.011610 0.056612 0.720245
v 0.012339 0.056612 0.713819
v 0.012121 0.056612 0.713646
v 0.018634 0.056612 0.707684
v 0.012252 0.056612 0.710057
v 0.012204 0.056612 0.703990
v 0.018294 0.056612 0.698354
v 0.012121 0.056612 0.701721
v 0.011589 0.056612 0.694931
v 0.011356 0.056612 0.692806
v 0.016956 0.056612 0.687339
v 0.010150 0.056612 0.685124
v 0.009438 0.056612 0.681258
v 0.014405 0.056612 0.675375
v 0.007657 0.056612 0.674428
v 0.007198 0.056612 0.672668
v 0.006799 0.056612 0.671498
v 0.011724 0.056612 0.666439
v 0.004715 0.056612 0.665373
v 0.004338 0.056612 0.664264
v 0.003976 0.056612 0.663409
v 0.008443 0.056612 0.657827
v 0.001610 0.056612 0.657827
v 0.000874 0.056612 0.656090
v 0.000874 0.056612 0.643697
v 0.022324 0.056612 0.629142
v 0.022324 0.056612 0.514490
v 0.138444 0.056612 0.368451
v 0.000874 0.056612 0.506113
v 0.019652 0.056612 0.411228
v 0.009961 0.056612 0.413667
v 0.028772 0.056612 0.407145
v 0.037044 0.056612 0.401539
v 0.044218 0.056612 0.394583
v 0.050074 0.056612 0.386486
v 0.054436 0.056612 0.377496
v 0.115513 0.056612 0.368452
v 0.057170 0.056612 0.367884
v 0.115512 0.056612 0.345521
v 0.058193 0.056612 0.357944
v 0.057475 0.056612 0.347977
v 0.056858 0.056612 0.345524
v 0.055037 0.056612 0.338287
v 0.137454 0.056612 0.345520
v 0.136686 0.056612 0.335060
v 0.050953 0.056612 0.329166
v 0.130801 0.056612 0.311810
v 0.045348 0.056612 0.320894
v 0.038391 0.056612 0.313721
v 0.030295 0.056612 0.307864
v 0.120969 0.056612 0.289936
v 0.021304 0.056612 0.303503
v 0.011693 0.056612 0.300769
v 0.001753 0.056612 0.299745
v 0.002786 0.056612 0.219495
v -0.021132 0.056612 0.221253
v 0.026646 0.056612 0.221917
v -0.129054 0.056612 0.402320
v -0.009946 0.056612 0.413361
v -0.019557 0.056612 0.410627
v -0.028548 0.056612 0.406266
v -0.036644 0.056612 0.400409
v -0.134939 0.056612 0.379070
v -0.043601 0.056612 0.393236
v -0.049206 0.056612 0.384964
v -0.053290 0.056612 0.375843
v -0.135718 0.056612 0.368465
v -0.112787 0.056612 0.368464
v -0.055728 0.056612 0.366153
v -0.112789 0.056612 0.345533
v -0.056446 0.056612 0.356186
v -0.055423 0.056612 0.346246
v -0.055219 0.056612 0.345530
v -0.135720 0.056612 0.345533
v -0.135720 0.056612 0.238435
v -0.052689 0.056612 0.336634
v -0.048327 0.056612 0.327644
v -0.042471 0.056612 0.319547
v -0.035297 0.056612 0.312591
v -0.027025 0.056612 0.306985
v -0.017905 0.056612 0.302901
v -0.008214 0.056612 0.300463
v 0.107487 0.056612 0.270102
v 0.090767 0.056612 0.252910
v 0.071315 0.056612 0.238882
v 0.049722 0.056612 0.228446
v -0.135863 0.056612 0.229418
v -0.136291 0.056612 0.220410
v -0.021132 0.056612 0.205242
v -0.137004 0.056612 0.211420
v -0.138001 0.056612 0.202457
v -0.021353 0.056612 0.197841
v -0.139281 0.056612 0.193530
v -0.022180 0.056612 0.186162
v -0.140844 0.056612 0.184648
v -0.023482 0.056612 0.174526
v -0.142686 0.056612 0.175820
v -0.144807 0.056612 0.167055
v -0.025258 0.056612 0.162953
v -0.146037 0.056612 0.162595
v -0.027506 0.056612 0.151462
v -0.147205 0.056612 0.158362
v -0.148216 0.056612 0.155101
v -0.137165 0.056612 0.149458
v -0.030220 0.056612 0.140072
v -0.123713 0.056612 0.141871
v -0.110586 0.056612 0.133733
v -0.033396 0.056612 0.128802
v -0.097808 0.056612 0.125058
v -0.037030 0.056612 0.117672
v -0.085400 0.056612 0.115860
v -0.037568 0.056612 0.116228
v -0.041115 0.056612 0.106699
v -0.073385 0.056612 0.106157
v -0.045644 0.056612 0.095902
v -0.061781 0.056612 0.095964
v -0.050610 0.056612 0.085298
v -0.047181 0.056612 0.092622
v 0.008417 0.056612 0.738026
v 0.002196 0.056612 0.756157
v 0.009029 0.056612 0.756157
v 0.000874 0.056612 0.759278
v 0.002196 0.056612 0.756157
v 0.014918 0.056612 0.738026
v 0.007668 0.056612 0.740898
v 0.008417 0.056612 0.738026
v -0.047181 0.056612 0.092622
v -0.045644 0.056612 0.095902
v -0.050610 0.056612 0.085298
v -0.061781 0.056612 0.095964
v -0.073385 0.056612 0.106157
v -0.041115 0.056612 0.106699
v -0.085400 0.056612 0.115860
v -0.037568 0.056612 0.116228
v -0.037030 0.056612 0.117672
v -0.097808 0.056612 0.125058
v -0.033396 0.056612 0.128802
v -0.110586 0.056612 0.133733
v -0.030220 0.056612 0.140072
v -0.123713 0.056612 0.141871
v -0.137165 0.056612 0.149458
v -0.027506 0.056612 0.151462
v -0.148216 0.056612 0.155101
v -0.147205 0.056612 0.158362
v -0.146037 0.056612 0.162595
v -0.025258 0.056612 0.162953
v -0.144807 0.056612 0.167055
v -0.023482 0.056612 0.174526
v -0.142686 0.056612 0.175820
v -0.140844 0.056612 0.184648
v -0.022180 0.056612 0.186162
v -0.139281 0.056612 0.193530
v -0.021353 0.056612 0.197841
v -0.138001 0.056612 0.202457
v -0.021132 0.056612 0.205242
v -0.137004 0.056612 0.211420
v -0.136291 0.056612 0.220410
v -0.021132 0.056612 0.221253
v 0.026646 0.056612 0.221917
v 0.049722 0.056612 0.228446
v -0.135863 0.056612 0.229418
v -0.135720 0.056612 0.238435
v 0.071315 0.056612 0.238882
v 0.090767 0.056612 0.252910
v 0.107487 0.056612 0.270102
v 0.120969 0.056612 0.289936
v 0.001753 0.056612 0.299745
v -0.008214 0.056612 0.300463
v -0.017905 0.056612 0.302901
v -0.027025 0.056612 0.306985
v -0.035297 0.056612 0.312591
v -0.042471 0.056612 0.319547
v -0.048327 0.056612 0.327644
v -0.052689 0.056612 0.336634
v -0.055219 0.056612 0.345530
v -0.135720 0.056612 0.345533
v -0.112789 0.056612 0.345533
v -0.055423 0.056612 0.346246
v -0.056446 0.056612 0.356186
v -0.055728 0.056612 0.366153
v -0.112787 0.056612 0.368464
v -0.053290 0.056612 0.375843
v -0.135718 0.056612 0.368465
v -0.134939 0.056612 0.379070
v -0.049206 0.056612 0.384964
v -0.043601 0.056612 0.393236
v -0.036644 0.056612 0.400409
v -0.129054 0.056612 0.402320
v -0.028548 0.056612 0.406266
v -0.019557 0.056612 0.410627
v -0.009946 0.056612 0.413361
v -0.000006 0.056612 0.414385
v -0.119222 0.056612 0.424194
v 0.002786 0.056612 0.219495
v 0.011693 0.056612 0.300769
v 0.021304 0.056612 0.303503
v 0.030295 0.056612 0.307864
v 0.130801 0.056612 0.311810
v 0.038391 0.056612 0.313721
v 0.045348 0.056612 0.320894
v 0.050953 0.056612 0.329166
v 0.136686 0.056612 0.335060
v 0.055037 0.056612 0.338287
v 0.137454 0.056612 0.345520
v 0.115512 0.056612 0.345521
v 0.056858 0.056612 0.345524
v 0.057475 0.056612 0.347977
v 0.058193 0.056612 0.357944
v 0.057170 0.056612 0.367884
v 0.115513 0.056612 0.368452
v 0.054436 0.056612 0.377496
v 0.138444 0.056612 0.368451
v 0.050074 0.056612 0.386486
v 0.044218 0.056612 0.394583
v 0.037044 0.056612 0.401539
v 0.028772 0.056612 0.407145
v 0.019652 0.056612 0.411228
v 0.000874 0.056612 0.414321
v 0.009961 0.056612 0.413667
v 0.000874 0.056612 0.494494
v 0.000874 0.056612 0.506113
v 0.022324 0.056612 0.514490
v 0.138457 0.056612 0.609301
v 0.022324 0.056612 0.629142
v 0.000874 0.056612 0.643697
v 0.000874 0.056612 0.656090
v 0.001610 0.056612 0.657827
v 0.008443 0.056612 0.657827
v 0.003976 0.056612 0.663409
v 0.004338 0.056612 0.664264
v 0.004715 0.056612 0.665373
v 0.011724 0.056612 0.666439
v 0.006799 0.056612 0.671498
v 0.007198 0.056612 0.672668
v 0.007657 0.056612 0.674428
v 0.014405 0.056612 0.675375
v 0.009438 0.056612 0.681258
v 0.010150 0.056612 0.685124
v 0.016956 0.056612 0.687339
v 0.011356 0.056612 0.692806
v 0.011589 0.056612 0.694931
v 0.018294 0.056612 0.698354
v 0.012121 0.056612 0.701721
v 0.012204 0.056612 0.703990
v 0.018634 0.056612 0.707684
v 0.012252 0.056612 0.710057
v 0.012121 0.056612 0.713646
v 0.012339 0.056612 0.713819
v 0.018140 0.056612 0.718421
v 0.011610 0.056612 0.720245
v 0.011304 0.056612 0.723036
v 0.016987 0.056612 0.727859
v 0.010392 0.056612 0.728930
v 0.009786 0.056612 0.732219
v 0.012339 0.056612 0.747121
v 0.005601 0.056612 0.747392
v 0.004572 0.056612 0.750417
v 0.006606 0.056612 0.770743
v 0.000874 0.056612 0.775988
v 0.000874 0.056612 0.777266
v 0.006606 0.056612 0.782208
v 0.000874 0.056612 0.787454
v 0.000874 0.056612 0.788731
v 0.006606 0.056612 0.793673
v 0.000874 0.056612 0.798919
v 0.000874 0.056612 0.800196
v 0.006606 0.056612 0.805139
v 0.000874 0.056612 0.810384
v 0.000874 0.056612 0.811662
v 0.006606 0.056612 0.816604
v 0.000874 0.056612 0.821850
v 0.000874 0.056612 0.823127
v 0.006606 0.056612 0.828069
v 0.000874 0.056612 0.833315
v 0.000874 0.056612 0.834592
v 0.006606 0.056612 0.839534
v 0.000874 0.056612 0.844780
v 0.000874 0.056612 0.846057
v 0.006606 0.056612 0.851000
v 0.000874 0.056612 0.856245
v 0.000874 0.056612 0.857523
v 0.006606 0.056612 0.862465
v 0.000874 0.056612 0.867711
v 0.000874 0.056612 0.873002
v 0.035269 0.056612 0.873002
v -0.105740 0.056612 0.444028
v -0.089020 0.056612 0.461220
v -0.069568 0.056612 0.475248
v -0.047975 0.056612 0.485684
v -0.024899 0.056612 0.492213
v -0.001039 0.056612 0.494635
v 0.009438 0.056612 0.681258
v 0.014405 -0.058041 0.675375
v 0.009438 -0.058041 0.681258
v 0.014405 0.056612 0.675375
v 0.014405 0.056612 0.675375
v 0.009438 0.056612 0.681258
v 0.014405 -0.058041 0.675375
v 0.009438 -0.058041 0.681258
v 0.000874 -0.058041 0.656090
v 0.008443 -0.058041 0.657827
v 0.001610 -0.058041 0.657827
v 0.000874 -0.058041 0.867711
v 0.035269 -0.058041 0.873002
v 0.000874 -0.058041 0.873002
v 0.006606 -0.058041 0.862465
v 0.138457 -0.058041 0.609301
v 0.006606 -0.058041 0.851000
v 0.000874 -0.058041 0.857523
v 0.000874 -0.058041 0.856245
v 0.006606 -0.058041 0.839534
v 0.000874 -0.058041 0.846057
v 0.000874 -0.058041 0.844780
v 0.006606 -0.058041 0.828069
v 0.000874 -0.058041 0.834592
v 0.000874 -0.058041 0.833315
v 0.006606 -0.058041 0.816604
v 0.000874 -0.058041 0.823127
v 0.000874 -0.058041 0.821850
v 0.006606 -0.058041 0.805139
v 0.000874 -0.058041 0.811662
v 0.000874 -0.058041 0.810384
v 0.006606 -0.058041 0.793673
v 0.000874 -0.058041 0.800196
v 0.000874 -0.058041 0.798919
v 0.006606 -0.058041 0.782208
v 0.000874 -0.058041 0.788731
v 0.000874 -0.058041 0.787454
v 0.006606 -0.058041 0.770743
v 0.000874 -0.058041 0.777266
v 0.000874 -0.058041 0.775988
v 0.009029 -0.058041 0.756157
v 0.000874 -0.058041 0.759278
v 0.002196 -0.058041 0.756157
v 0.012339 -0.058041 0.747121
v 0.004572 -0.058041 0.750417
v 0.005601 -0.058041 0.747392
v 0.014918 -0.058041 0.738026
v 0.007668 -0.058041 0.740898
v 0.008417 -0.058041 0.738026
v 0.016987 -0.058041 0.727859
v 0.009786 -0.058041 0.732219
v 0.010392 -0.058041 0.728930
v 0.018140 -0.058041 0.718421
v 0.011304 -0.058041 0.723036
v 0.011610 -0.058041 0.720245
v 0.012339 -0.058041 0.713819
v 0.012121 -0.058041 0.713646
v 0.018634 -0.058041 0.707684
v 0.012252 -0.058041 0.710057
v 0.012204 -0.058041 0.703990
v 0.018294 -0.058041 0.698354
v 0.012121 -0.058041 0.701721
v 0.011589 -0.058041 0.694931
v 0.011356 -0.058041 0.692806
v 0.016956 -0.058041 0.687339
v 0.010150 -0.058041 0.685124
v 0.009438 -0.058041 0.681258
v 0.014405 -0.058041 0.675375
v 0.007657 -0.058041 0.674428
v 0.007198 -0.058041 0.672668
v 0.006799 -0.058041 0.671498
v 0.011724 -0.058041 0.666439
v 0.004715 -0.058041 0.665373
v 0.004338 -0.058041 0.664264
v 0.003976 -0.058041 0.663409
v 0.012819 -0.058041 0.642652
v 0.000874 -0.058041 0.643697
v 0.024402 -0.058041 0.639548
v 0.035269 -0.058041 0.634481
v 0.045092 -0.058041 0.627603
v 0.053571 -0.058041 0.619124
v 0.060449 -0.058041 0.609301
v 0.065517 -0.058041 0.598433
v 0.129493 -0.058041 0.405914
v 0.136021 -0.058041 0.382837
v 0.138444 -0.058041 0.368451
v 0.068620 -0.058041 0.586851
v 0.069665 -0.058041 0.574905
v 0.068620 -0.058041 0.562960
v 0.065517 -0.058041 0.551377
v 0.119056 -0.058041 0.427506
v 0.060449 -0.058041 0.540509
v 0.053571 -0.058041 0.530687
v 0.105029 -0.058041 0.446958
v 0.045092 -0.058041 0.522208
v 0.035269 -0.058041 0.515330
v 0.087837 -0.058041 0.463679
v 0.024402 -0.058041 0.510262
v 0.068002 -0.058041 0.477160
v 0.012819 -0.058041 0.507159
v 0.046128 -0.058041 0.486993
v 0.000874 -0.058041 0.506113
v 0.022879 -0.058041 0.492877
v 0.000874 -0.058041 0.494494
v 0.137482 -0.058041 0.368451
v 0.137482 -0.058041 0.368451
v 0.136021 -0.058041 0.382837
v 0.138444 -0.058041 0.368451
v 0.000874 -0.058041 0.494494
v 0.000874 -0.058041 0.506113
v 0.022879 -0.058041 0.492877
v 0.046128 -0.058041 0.486993
v 0.012819 -0.058041 0.507159
v 0.068002 -0.058041 0.477160
v 0.024402 -0.058041 0.510262
v 0.087837 -0.058041 0.463679
v 0.035269 -0.058041 0.515330
v 0.105029 -0.058041 0.446958
v 0.045092 -0.058041 0.522208
v 0.053571 -0.058041 0.530687
v 0.119056 -0.058041 0.427506
v 0.060449 -0.058041 0.540509
v 0.065517 -0.058041 0.551377
v 0.129493 -0.058041 0.405914
v 0.068620 -0.058041 0.562960
v 0.069665 -0.058041 0.574905
v 0.068620 -0.058041 0.586851
v 0.065517 -0.058041 0.598433
v 0.138457 -0.058041 0.609301
v 0.060449 -0.058041 0.609301
v 0.053571 -0.058041 0.619124
v 0.045092 -0.058041 0.627603
v 0.035269 -0.058041 0.634481
v 0.024402 -0.058041 0.639548
v 0.012819 -0.058041 0.642652
v 0.000874 -0.058041 0.643697
v 0.000874 -0.058041 0.656090
v 0.008443 -0.058041 0.657827
v 0.003976 -0.058041 0.663409
v 0.004338 -0.058041 0.664264
v 0.004715 -0.058041 0.665373
v 0.011724 -0.058041 0.666439
v 0.006799 -0.058041 0.671498
v 0.007198 -0.058041 0.672668
v 0.007657 -0.058041 0.674428
v 0.014405 -0.058041 0.675375
v 0.009438 -0.058041 0.681258
v 0.010150 -0.058041 0.685124
v 0.016956 -0.058041 0.687339
v 0.011356 -0.058041 0.692806
v 0.011589 -0.058041 0.694931
v 0.018294 -0.058041 0.698354
v 0.012121 -0.058041 0.701721
v 0.012204 -0.058041 0.703990
v 0.018634 -0.058041 0.707684
v 0.012252 -0.058041 0.710057
v 0.012121 -0.058041 0.713646
v 0.012339 -0.058041 0.713819
v 0.018140 -0.058041 0.718421
v 0.011610 -0.058041 0.720245
v 0.011304 -0.058041 0.723036
v 0.016987 -0.058041 0.727859
v 0.010392 -0.058041 0.728930
v 0.009786 -0.058041 0.732219
v 0.014918 -0.058041 0.738026
v 0.008417 -0.058041 0.738026
v 0.007668 -0.058041 0.740898
v 0.012339 -0.058041 0.747121
v 0.005601 -0.058041 0.747392
v 0.004572 -0.058041 0.750417
v 0.009029 -0.058041 0.756157
v 0.002196 -0.058041 0.756157
v 0.000874 -0.058041 0.759278
v 0.006606 -0.058041 0.770743
v 0.000874 -0.058041 0.775988
v 0.000874 -0.058041 0.777266
v 0.006606 -0.058041 0.782208
v 0.000874 -0.058041 0.787454
v 0.000874 -0.058041 0.788731
v 0.006606 -0.058041 0.793673
v 0.000874 -0.058041 0.798919
v 0.000874 -0.058041 0.800196
v 0.006606 -0.058041 0.805139
v 0.000874 -0.058041 0.810384
v 0.000874 -0.058041 0.811662
v 0.006606 -0.058041 0.816604
v 0.000874 -0.058041 0.821850
v 0.000874 -0.058041 0.823127
v 0.006606 -0.058041 0.828069
v 0.000874 -0.058041 0.833315
v 0.000874 -0.058041 0.834592
v 0.006606 -0.058041 0.839534
v 0.000874 -0.058041 0.844780
v 0.000874 -0.058041 0.846057
v 0.006606 -0.058041 0.851000
v 0.000874 -0.058041 0.856245
v 0.000874 -0.058041 0.857523
v 0.006606 -0.058041 0.862465
v 0.035269 -0.058041 0.873002
v 0.000874 -0.058041 0.867711
v 0.000874 -0.058041 0.873002
v 0.001610 -0.058041 0.657827
v 0.010150 0.056612 0.685124
v 0.016956 -0.058041 0.687339
v 0.016956 0.056612 0.687339
v 0.010150 -0.058041 0.685124
v 0.010150 -0.058041 0.685124
v 0.010150 0.056612 0.685124
v 0.016956 -0.058041 0.687339
v 0.016956 0.056612 0.687339
v 0.012204 0.056612 0.703990
v 0.018634 -0.058041 0.707684
v 0.018634 0.056612 0.707684
v 0.012204 -0.058041 0.703990
v 0.012204 -0.058041 0.703990
v 0.012204 0.056612 0.703990
v 0.018634 -0.058041 0.707684
v 0.018634 0.056612 0.707684
v 0.012252 -0.058041 0.710057
v 0.018634 0.056612 0.707684
v 0.018634 -0.058041 0.707684
v 0.012252 0.056612 0.710057
v 0.012252 0.056612 0.710057
v 0.012252 -0.058041 0.710057
v 0.018634 0.056612 0.707684
v 0.018634 -0.058041 0.707684
v 0.012121 0.056612 0.713646
v 0.012252 -0.058041 0.710057
v 0.012121 -0.058041 0.713646
v 0.012252 0.056612 0.710057
v 0.012252 0.056612 0.710057
v 0.012121 0.056612 0.713646
v 0.012252 -0.058041 0.710057
v 0.012121 -0.058041 0.713646
v 0.012121 0.056612 0.713646
v 0.012339 -0.058041 0.713819
v 0.012339 0.056612 0.713819
v 0.012121 -0.058041 0.713646
v 0.012121 -0.058041 0.713646
v 0.012121 0.056612 0.713646
v 0.012339 -0.058041 0.713819
v 0.012339 0.056612 0.713819
v 0.012339 0.056612 0.713819
v 0.018140 -0.058041 0.718421
v 0.018140 0.056612 0.718421
v 0.012339 -0.058041 0.713819
v 0.012339 -0.058041 0.713819
v 0.012339 0.056612 0.713819
v 0.018140 -0.058041 0.718421
v 0.018140 0.056612 0.718421
v 0.011610 -0.058041 0.720245
v 0.018140 0.056612 0.718421
v 0.018140 -0.058041 0.718421
v 0.011610 0.056612 0.720245
v 0.011610 0.056612 0.720245
v 0.011610 -0.058041 0.720245
v 0.018140 0.056612 0.718421
v 0.018140 -0.058041 0.718421
v 0.011304 0.056612 0.723036
v 0.011610 -0.058041 0.720245
v 0.011304 -0.058041 0.723036
v 0.011610 0.056612 0.720245
v 0.011610 0.056612 0.720245
v 0.011304 0.056612 0.723036
v 0.011610 -0.058041 0.720245
v 0.011304 -0.058041 0.723036
v 0.011304 0.056612 0.723036
v 0.016987 -0.058041 0.727859
v 0.016987 0.056612 0.727859
v 0.011304 -0.058041 0.723036
v 0.011304 -0.058041 0.723036
v 0.011304 0.056612 0.723036
v 0.016987 -0.058041 0.727859
v 0.016987 0.056612 0.727859
v 0.010392 -0.058041 0.728930
v 0.016987 0.056612 0.727859
v 0.016987 -0.058041 0.727859
v 0.010392 0.056612 0.728930
v 0.010392 0.056612 0.728930
v 0.010392 -0.058041 0.728930
v 0.016987 0.056612 0.727859
v 0.016987 -0.058041 0.727859
v 0.009786 0.056612 0.732219
v 0.010392 -0.058041 0.728930
v 0.009786 -0.058041 0.732219
v 0.010392 0.056612 0.728930
v 0.010392 0.056612 0.728930
v 0.009786 0.056612 0.732219
v 0.010392 -0.058041 0.728930
v 0.009786 -0.058041 0.732219
v 0.014918 0.056612 0.738026
v 0.009786 -0.058041 0.732219
v 0.014918 -0.058041 0.738026
v 0.009786 0.056612 0.732219
v 0.009786 0.056612 0.732219
v 0.014918 0.056612 0.738026
v 0.009786 -0.058041 0.732219
v 0.014918 -0.058041 0.738026
v 0.008417 -0.058041 0.738026
v 0.014918 0.056612 0.738026
v 0.014918 -0.058041 0.738026
v 0.008417 0.056612 0.738026
v 0.008417 0.056612 0.738026
v 0.008417 -0.058041 0.738026
v 0.014918 0.056612 0.738026
v 0.014918 -0.058041 0.738026
v 0.007668 0.056612 0.740898
v 0.008417 -0.058041 0.738026
v 0.007668 -0.058041 0.740898
v 0.008417 0.056612 0.738026
v 0.008417 0.056612 0.738026
v 0.007668 0.056612 0.740898
v 0.008417 -0.058041 0.738026
v 0.007668 -0.058041 0.740898
v 0.012339 0.056612 0.747121
v 0.007668 -0.058041 0.740898
v 0.012339 -0.058041 0.747121
v 0.007668 0.056612 0.740898
v 0.007668 0.056612 0.740898
v 0.012339 0.056612 0.747121
v 0.007668 -0.058041 0.740898
v 0.012339 -0.058041 0.747121
v 0.005601 -0.058041 0.747392
v 0.012339 0.056612 0.747121
v 0.012339 -0.058041 0.747121
v 0.005601 0.056612 0.747392
v 0.005601 0.056612 0.747392
v 0.005601 -0.058041 0.747392
v 0.012339 0.056612 0.747121
v 0.012339 -0.058041 0.747121
v 0.004572 0.056612 0.750417
v 0.005601 -0.058041 0.747392
v 0.004572 -0.058041 0.750417
v 0.005601 0.056612 0.747392
v 0.005601 0.056612 0.747392
v 0.004572 0.056612 0.750417
v 0.005601 -0.058041 0.747392
v 0.004572 -0.058041 0.750417
v 0.009029 0.056612 0.756157
v 0.004572 -0.058041 0.750417
v 0.009029 -0.058041 0.756157
v 0.004572 0.056612 0.750417
v 0.004572 0.056612 0.750417
v 0.009029 0.056612 0.756157
v 0.004572 -0.058041 0.750417
v 0.009029 -0.058041 0.756157
v 0.002196 -0.058041 0.756157
v 0.009029 0.056612 0.756157
v 0.009029 -0.058041 0.756157
v 0.002196 0.056612 0.756157
v 0.002196 0.056612 0.756157
v 0.002196 -0.058041 0.756157
v 0.009029 0.056612 0.756157
v 0.009029 -0.058041 0.756157
v 0.000874 0.056612 0.759278
v 0.002196 -0.058041 0.756157
v 0.000874 -0.058041 0.759278
v 0.002196 0.056612 0.756157
v 0.002196 0.056612 0.756157
v 0.000874 0.056612 0.759278
v 0.002196 -0.058041 0.756157
v 0.000874 -0.058041 0.759278
v 0.006606 0.056612 0.770743
v 0.000874 -0.058041 0.759278
v 0.006606 -0.058041 0.770743
v 0.000874 0.056612 0.759278
v 0.000874 0.056612 0.759278
v 0.006606 0.056612 0.770743
v 0.000874 -0.058041 0.759278
v 0.006606 -0.058041 0.770743
v 0.000874 -0.058041 0.775988
v 0.006606 0.056612 0.770743
v 0.006606 -0.058041 0.770743
v 0.000874 0.056612 0.775988
v 0.000874 0.056612 0.775988
v 0.000874 -0.058041 0.775988
v 0.006606 0.056612 0.770743
v 0.006606 -0.058041 0.770743
v 0.000874 0.056612 0.777266
v 0.000874 -0.058041 0.775988
v 0.000874 -0.058041 0.777266
v 0.000874 0.056612 0.775988
v 0.000874 0.056612 0.775988
v 0.000874 0.056612 0.777266
v 0.000874 -0.058041 0.775988
v 0.000874 -0.058041 0.777266
v 0.000874 0.056612 0.777266
v 0.006606 -0.058041 0.782208
v 0.006606 0.056612 0.782208
v 0.000874 -0.058041 0.777266
v 0.000874 -0.058041 0.777266
v 0.000874 0.056612 0.777266
v 0.006606 -0.058041 0.782208
v 0.006606 0.056612 0.782208
v 0.000874 -0.058041 0.787454
v 0.006606 0.056612 0.782208
v 0.006606 -0.058041 0.782208
v 0.000874 0.056612 0.787454
v 0.000874 0.056612 0.787454
v 0.000874 -0.058041 0.787454
v 0.006606 0.056612 0.782208
v 0.006606 -0.058041 0.782208
v 0.000874 0.056612 0.788731
v 0.000874 -0.058041 0.787454
v 0.000874 -0.058041 0.788731
v 0.000874 0.056612 0.787454
v 0.000874 0.056612 0.787454
v 0.000874 0.056612 0.788731
v 0.000874 -0.058041 0.787454
v 0.000874 -0.058041 0.788731
v 0.000874 0.056612 0.788731
v 0.006606 -0.058041 0.793673
v 0.006606 0.056612 0.793673
v 0.000874 -0.058041 0.788731
v 0.000874 -0.058041 0.788731
v 0.000874 0.056612 0.788731
v 0.006606 -0.058041 0.793673
v 0.006606 0.056612 0.793673
v 0.000874 -0.058041 0.798919
v 0.006606 0.056612 0.793673
v 0.006606 -0.058041 0.793673
v 0.000874 0.056612 0.798919
v 0.000874 0.056612 0.798919
v 0.000874 -0.058041 0.798919
v 0.006606 0.056612 0.793673
v 0.006606 -0.058041 0.793673
v 0.000874 0.056612 0.800196
v 0.000874 -0.058041 0.798919
v 0.000874 -0.058041 0.800196
v 0.000874 0.056612 0.798919
v 0.000874 0.056612 0.798919
v 0.000874 0.056612 0.800196
v 0.000874 -0.058041 0.798919
v 0.000874 -0.058041 0.800196
v 0.000874 0.056612 0.800196
v 0.006606 -0.058041 0.805139
v 0.006606 0.056612 0.805139
v 0.000874 -0.058041 0.800196
v 0.000874 -0.058041 0.800196
v 0.000874 0.056612 0.800196
v 0.006606 -0.058041 0.805139
v 0.006606 0.056612 0.805139
v 0.000874 -0.058041 0.810384
v 0.006606 0.056612 0.805139
v 0.006606 -0.058041 0.805139
v 0.000874 0.056612 0.810384
v 0.000874 0.056612 0.810384
v 0.000874 -0.058041 0.810384
v 0.006606 0.056612 0.805139
v 0.006606 -0.058041 0.805139
v 0.000874 0.056612 0.811662
v 0.000874 -0.058041 0.810384
v 0.000874 -0.058041 0.811662
v 0.000874 0.056612 0.810384
v 0.000874 0.056612 0.810384
v 0.000874 0.056612 0.811662
v 0.000874 -0.058041 0.810384
v 0.000874 -0.058041 0.811662
v 0.000874 0.056612 0.811662
v 0.006606 -0.058041 0.816604
v 0.006606 0.056612 0.816604
v 0.000874 -0.058041 0.811662
v 0.000874 -0.058041 0.811662
v 0.000874 0.056612 0.811662
v 0.006606 -0.058041 0.816604
v 0.006606 0.056612 0.816604
v 0.000874 -0.058041 0.821850
v 0.006606 0.056612 0.816604
v 0.006606 -0.058041 0.816604
v 0.000874 0.056612 0.821850
v 0.000874 0.056612 0.821850
v 0.000874 -0.058041 0.821850
v 0.006606 0.056612 0.816604
v 0.006606 -0.058041 0.816604
v 0.000874 0.056612 0.823127
v 0.000874 -0.058041 0.821850
v 0.000874 -0.058041 0.823127
v 0.000874 0.056612 0.821850
v 0.000874 0.056612 0.821850
v 0.000874 0.056612 0.823127
v 0.000874 -0.058041 0.821850
v 0.000874 -0.058041 0.823127
v 0.000874 0.056612 0.823127
v 0.006606 -0.058041 0.828069
v 0.006606 0.056612 0.828069
v 0.000874 -0.058041 0.823127
v 0.000874 -0.058041 0.823127
v 0.000874 0.056612 0.823127
v 0.006606 -0.058041 0.828069
v 0.006606 0.056612 0.828069
v 0.000874 -0.058041 0.833315
v 0.006606 0.056612 0.828069
v 0.006606 -0.058041 0.828069
v 0.000874 0.056612 0.833315
v 0.000874 0.056612 0.833315
v 0.000874 -0.058041 0.833315
v 0.006606 0.056612 0.828069
v 0.006606 -0.058041 0.828069
v 0.000874 0.056612 0.834592
v 0.000874 -0.058041 0.833315
v 0.000874 -0.058041 0.834592
v 0.000874 0.056612 0.833315
v 0.000874 0.056612 0.833315
v 0.000874 0.056612 0.834592
v 0.000874 -0.058041 0.833315
v 0.000874 -0.058041 0.834592
v 0.000874 0.056612 0.834592
v 0.006606 -0.058041 0.839534
v 0.006606 0.056612 0.839534
v 0.000874 -0.058041 0.834592
v 0.000874 -0.058041 0.834592
v 0.000874 0.056612 0.834592
v 0.006606 -0.058041 0.839534
v 0.006606 0.056612 0.839534
v 0.000874 -0.058041 0.844780
v 0.006606 0.056612 0.839534
v 0.006606 -0.058041 0.839534
v 0.000874 0.056612 0.844780
v 0.000874 0.056612 0.844780
v 0.000874 -0.058041 0.844780
v 0.006606 0.056612 0.839534
v 0.006606 -0.058041 0.839534
v 0.000874 0.056612 0.846057
v 0.000874 -0.058041 0.844780
v 0.000874 -0.058041 0.846057
v 0.000874 0.056612 0.844780
v 0.000874 0.056612 0.844780
v 0.000874 0.056612 0.846057
v 0.000874 -0.058041 0.844780
v 0.000874 -0.058041 0.846057
v 0.000874 0.056612 0.846057
v 0.006606 -0.058041 0.851000
v 0.006606 0.056612 0.851000
v 0.000874 -0.058041 0.846057
v 0.000874 -0.058041 0.846057
v 0.000874 0.056612 0.846057
v 0.006606 -0.058041 0.851000
v 0.006606 0.056612 0.851000
v 0.000874 -0.058041 0.856245
v 0.006606 0.056612 0.851000
v 0.006606 -0.058041 0.851000
v 0.000874 0.056612 0.856245
v 0.000874 0.056612 0.856245
v 0.000874 -0.058041 0.856245
v 0.006606 0.056612 0.851000
v 0.006606 -0.058041 0.851000
v 0.000874 0.056612 0.857523
v 0.000874 -0.058041 0.856245
v 0.000874 -0.058041 0.857523
v 0.000874 0.056612 0.856245
v 0.000874 0.056612 0.856245
v 0.000874 0.056612 0.857523
v 0.000874 -0.058041 0.856245
v 0.000874 -0.058041 0.857523
v 0.000874 0.056612 0.857523
v 0.006606 -0.058041 0.862465
v 0.006606 0.056612 0.862465
v 0.000874 -0.058041 0.857523
v 0.000874 -0.058041 0.857523
v 0.000874 0.056612 0.857523
v 0.006606 -0.058041 0.862465
v 0.006606 0.056612 0.862465
v 0.000874 -0.058041 0.867711
v 0.006606 0.056612 0.862465
v 0.006606 -0.058041 0.862465
v 0.000874 0.056612 0.867711
v 0.000874 0.056612 0.867711
v 0.000874 -0.058041 0.867711
v 0.006606 0.056612 0.862465
v 0.006606 -0.058041 0.862465
v 0.000874 0.056612 0.873002
v 0.000874 -0.058041 0.867711
v 0.000874 -0.058041 0.873002
v 0.000874 0.056612 0.867711
v 0.000874 0.056612 0.867711
v 0.000874 0.056612 0.873002
v 0.000874 -0.058041 0.867711
v 0.000874 -0.058041 0.873002
v 0.000874 0.056612 0.873002
v 0.035269 -0.058041 0.873002
v 0.035269 0.056612 0.873002
v 0.000874 -0.058041 0.873002
v 0.000874 -0.058041 0.873002
v 0.000874 0.056612 0.873002
v 0.035269 -0.058041 0.873002
v 0.035269 0.056612 0.873002
v 0.138457 0.056612 0.609301
v 0.035269 -0.058041 0.873002
v 0.138457 -0.058041 0.609301
v 0.035269 0.056612 0.873002
v 0.035269 0.056612 0.873002
v 0.138457 0.056612 0.609301
v 0.035269 -0.058041 0.873002
v 0.138457 -0.058041 0.609301
v 0.138444 0.056612 0.368451
v 0.138457 -0.058041 0.609301
v 0.138444 -0.058041 0.368451
v 0.138457 0.056612 0.609301
v 0.138457 0.056612 0.609301
v 0.138444 0.056612 0.368451
v 0.138457 -0.058041 0.609301
v 0.138444 -0.058041 0.368451
v 0.137482 -0.058041 0.368451
v 0.138444 0.056612 0.368451
v 0.138444 -0.058041 0.368451
v 0.137482 -0.000715 0.368451
v 0.115513 0.056612 0.368452
v 0.115513 -0.000715 0.368452
v 0.115513 -0.000715 0.368452
v 0.137482 -0.000715 0.368451
v 0.115513 0.056612 0.368452
v 0.138444 0.056612 0.368451
v 0.137482 -0.058041 0.368451
v 0.138444 -0.058041 0.368451
v 0.115512 0.056612 0.345521
v 0.115513 -0.000715 0.368452
v 0.115512 -0.000715 0.345521
v 0.115513 0.056612 0.368452
v 0.115513 0.056612 0.368452
v 0.115512 0.056612 0.345521
v 0.115513 -0.000715 0.368452
v 0.115512 -0.000715 0.345521
v 0.115512 0.056612 0.345521
v 0.137454 -0.000715 0.345520
v 0.137454 0.056612 0.345520
v 0.115512 -0.000715 0.345521
v 0.115512 -0.000715 0.345521
v 0.115512 0.056612 0.345521
v 0.137454 -0.000715 0.345520
v 0.137454 0.056612 0.345520
v 0.136686 0.056612 0.335060
v 0.137454 -0.000715 0.345520
v 0.136686 -0.000715 0.335060
v 0.137454 0.056612 0.345520
v 0.137454 0.056612 0.345520
v 0.136686 0.056612 0.335060
v 0.137454 -0.000715 0.345520
v 0.136686 -0.000715 0.335060
v 0.130801 0.056612 0.311810
v 0.130801 -0.000715 0.311810
v 0.130801 0.056612 0.311810
v 0.130801 -0.000715 0.311810
v 0.120969 0.056612 0.289936
v 0.120969 -0.000715 0.289936
v 0.120969 0.056612 0.289936
v 0.120969 -0.000715 0.289936
v 0.107487 0.056612 0.270102
v 0.107487 -0.000715 0.270102
v 0.107487 0.056612 0.270102
v 0.107487 -0.000715 0.270102
v 0.090767 0.056612 0.252910
v 0.090767 -0.000715 0.252910
v 0.090767 0.056612 0.252910
v 0.090767 -0.000715 0.252910
v 0.071315 -0.000715 0.238882
v 0.071315 0.056612 0.238882
v 0.071315 0.056612 0.238882
v 0.071315 -0.000715 0.238882
v 0.049722 -0.000715 0.228446
v 0.049722 0.056612 0.228446
v 0.049722 0.056612 0.228446
v 0.049722 -0.000715 0.228446
v 0.026646 -0.000715 0.221917
v 0.026646 0.056612 0.221917
v 0.026646 0.056612 0.221917
v 0.026646 -0.000715 0.221917
v 0.002786 -0.000715 0.219495
v 0.002786 0.056612 0.219495
v 0.002786 0.056612 0.219495
v 0.002786 -0.000715 0.219495
v -0.021132 -0.000715 0.221253
v -0.021132 0.056612 0.221253
v -0.021132 0.056612 0.221253
v -0.021132 -0.000715 0.221253
v -0.021132 0.056612 0.205242
v -0.021132 -0.058041 0.221253
v -0.021132 -0.058041 0.205242
v -0.021132 -0.000715 0.221253
v -0.021132 0.056612 0.221253
v -0.021132 0.056612 0.221253
v -0.021132 0.056612 0.205242
v -0.021132 -0.000715 0.221253
v -0.021132 -0.058041 0.221253
v -0.021132 -0.058041 0.205242
v -0.021353 0.056612 0.197841
v -0.021353 -0.058041 0.197841
v -0.021353 0.056612 0.197841
v -0.021353 -0.058041 0.197841
v -0.022180 0.056612 0.186162
v -0.022180 -0.058041 0.186162
v -0.022180 0.056612 0.186162
v -0.022180 -0.058041 0.186162
v -0.023482 0.056612 0.174526
v -0.023482 -0.058041 0.174526
v -0.023482 0.056612 0.174526
v -0.023482 -0.058041 0.174526
v -0.025258 0.056612 0.162953
v -0.025258 -0.058041 0.162953
v -0.025258 0.056612 0.162953
v -0.025258 -0.058041 0.162953
v -0.027506 0.056612 0.151462
v -0.027506 -0.058041 0.151462
v -0.027506 0.056612 0.151462
v -0.027506 -0.058041 0.151462
v -0.030220 0.056612 0.140072
v -0.030220 -0.058041 0.140072
v -0.030220 0.056612 0.140072
v -0.030220 -0.058041 0.140072
v -0.033396 0.056612 0.128802
v -0.033396 -0.058041 0.128802
v -0.033396 0.056612 0.128802
v -0.033396 -0.058041 0.128802
v -0.037030 0.056612 0.117672
v -0.037030 -0.058041 0.117672
v -0.037030 0.056612 0.117672
v -0.037030 -0.058041 0.117672
v -0.037568 0.056612 0.116228
v -0.037568 -0.058041 0.116228
v -0.037568 0.056612 0.116228
v -0.037568 -0.058041 0.116228
v -0.041115 0.056612 0.106699
v -0.037568 -0.058041 0.116228
v -0.041115 -0.058041 0.106699
v -0.037568 0.056612 0.116228
v -0.037568 0.056612 0.116228
v -0.041115 0.056612 0.106699
v -0.037568 -0.058041 0.116228
v -0.041115 -0.058041 0.106699
v -0.045644 0.056612 0.095902
v -0.045644 -0.058041 0.095902
v -0.045644 0.056612 0.095902
v -0.045644 -0.058041 0.095902
v -0.050610 0.056612 0.085298
v -0.050610 -0.058041 0.085298
v -0.047181 0.056612 0.092622
v -0.047181 0.056612 0.092622
v -0.050610 0.056612 0.085298
v -0.050610 -0.058041 0.085298
v -0.147205 0.056612 0.158362
v -0.148216 -0.058041 0.155101
v -0.147205 -0.058041 0.158362
v -0.148216 0.056612 0.155101
v -0.148216 0.056612 0.155101
v -0.147205 0.056612 0.158362
v -0.148216 -0.058041 0.155101
v -0.147205 -0.058041 0.158362
v -0.144807 0.056612 0.167055
v -0.144807 -0.058041 0.167055
v -0.146037 0.056612 0.162595
v -0.146037 0.056612 0.162595
v -0.144807 0.056612 0.167055
v -0.144807 -0.058041 0.167055
v -0.142686 0.056612 0.175820
v -0.142686 -0.058041 0.175820
v -0.142686 0.056612 0.175820
v -0.142686 -0.058041 0.175820
v -0.140844 0.056612 0.184648
v -0.140844 -0.058041 0.184648
v -0.140844 0.056612 0.184648
v -0.140844 -0.058041 0.184648
v -0.139281 0.056612 0.193530
v -0.139281 -0.058041 0.193530
v -0.139281 0.056612 0.193530
v -0.139281 -0.058041 0.193530
v -0.138001 0.056612 0.202457
v -0.138001 -0.058041 0.202457
v -0.138001 0.056612 0.202457
v -0.138001 -0.058041 0.202457
v -0.137004 0.056612 0.211420
v -0.137004 -0.058041 0.211420
v -0.137004 0.056612 0.211420
v -0.137004 -0.058041 0.211420
v -0.136291 0.056612 0.220410
v -0.136291 -0.058041 0.220410
v -0.136291 0.056612 0.220410
v -0.136291 -0.058041 0.220410
v -0.135863 0.056612 0.229418
v -0.135863 -0.058041 0.229418
v -0.135863 0.056612 0.229418
v -0.135863 -0.058041 0.229418
v -0.135720 0.056612 0.238435
v -0.135720 -0.058041 0.238435
v -0.135720 0.056612 0.238435
v -0.135720 -0.058041 0.238435
v -0.135720 -0.000715 0.345533
v -0.135720 -0.058041 0.238435
v -0.135720 -0.058041 0.345533
v -0.135720 0.056612 0.238435
v -0.135720 0.056612 0.345533
v -0.135720 0.056612 0.345533
v -0.135720 -0.000715 0.345533
v -0.135720 0.056612 0.238435
v -0.135720 -0.058041 0.238435
v -0.135720 -0.058041 0.345533
v -0.135720 0.056612 0.345533
v -0.112789 -0.000715 0.345533
v -0.112789 0.056612 0.345533
v -0.135720 -0.000715 0.345533
v -0.135720 -0.000715 0.345533
v -0.135720 0.056612 0.345533
v -0.112789 -0.000715 0.345533
v -0.112789 0.056612 0.345533
v -0.112787 0.056612 0.368464
v -0.112789 -0.000715 0.345533
v -0.112787 -0.000715 0.368464
v -0.112789 0.056612 0.345533
v -0.112789 0.056612 0.345533
v -0.112787 0.056612 0.368464
v -0.112789 -0.000715 0.345533
v -0.112787 -0.000715 0.368464
v -0.135718 -0.000715 0.368465
v -0.112787 0.056612 0.368464
v -0.112787 -0.000715 0.368464
v -0.135718 0.056612 0.368465
v -0.135718 0.056612 0.368465
v -0.135718 -0.000715 0.368465
v -0.112787 0.056612 0.368464
v -0.112787 -0.000715 0.368464
v -0.134939 0.056612 0.379070
v -0.135718 -0.000715 0.368465
v -0.134939 -0.000715 0.379070
v -0.135718 0.056612 0.368465
v -0.135718 0.056612 0.368465
v -0.134939 0.056612 0.379070
v -0.135718 -0.000715 0.368465
v -0.134939 -0.000715 0.379070
v -0.129054 0.056612 0.402320
v -0.129054 -0.000715 0.402320
v -0.129054 0.056612 0.402320
v -0.129054 -0.000715 0.402320
v -0.119222 0.056612 0.424194
v -0.119222 -0.000715 0.424194
v -0.119222 0.056612 0.424194
v -0.119222 -0.000715 0.424194
v -0.105740 0.056612 0.444028
v -0.105740 -0.000715 0.444028
v -0.105740 0.056612 0.444028
v -0.105740 -0.000715 0.444028
v -0.089020 0.056612 0.461220
v -0.089020 -0.000715 0.461220
v -0.089020 0.056612 0.461220
v -0.089020 -0.000715 0.461220
v -0.069568 -0.000715 0.475248
v -0.069568 0.056612 0.475248
v -0.069568 -0.000715 0.475248
v -0.069568 0.056612 0.475248
v -0.047975 -0.000715 0.485684
v -0.047975 0.056612 0.485684
v -0.047975 -0.000715 0.485684
v -0.047975 0.056612 0.485684
v -0.024899 -0.000715 0.492213
v -0.024899 0.056612 0.492213
v -0.024899 -0.000715 0.492213
v -0.024899 0.056612 0.492213
v -0.001039 -0.000715 0.494635
v -0.001039 0.056612 0.494635
v -0.001039 -0.000715 0.494635
v -0.001039 0.056612 0.494635
v 0.000874 -0.000715 0.494494
v 0.000874 0.056612 0.494494
v 0.000874 -0.000715 0.494494
v 0.000874 0.056612 0.494494
v 0.000874 0.056612 0.414321
v 0.000874 -0.000715 0.494494
v 0.000874 -0.000715 0.414321
v 0.000874 0.056612 0.494494
v 0.000874 0.056612 0.494494
v 0.000874 0.056612 0.414321
v 0.000874 -0.000715 0.494494
v 0.000874 -0.000715 0.414321
v -0.000006 -0.000715 0.414385
v 0.000874 0.056612 0.414321
v 0.000874 -0.000715 0.414321
v -0.000006 0.056612 0.414385
v -0.000006 0.056612 0.414385
v -0.000006 -0.000715 0.414385
v 0.000874 0.056612 0.414321
v 0.000874 -0.000715 0.414321
v -0.009946 -0.000715 0.413361
v -0.009946 0.056612 0.413361
v -0.009946 0.056612 0.413361
v -0.009946 -0.000715 0.413361
v -0.019557 -0.000715 0.410627
v -0.019557 0.056612 0.410627
v -0.019557 0.056612 0.410627
v -0.019557 -0.000715 0.410627
v -0.028548 -0.000715 0.406266
v -0.028548 0.056612 0.406266
v -0.028548 0.056612 0.406266
v -0.028548 -0.000715 0.406266
v -0.036644 -0.000715 0.400409
v -0.036644 0.056612 0.400409
v -0.036644 0.056612 0.400409
v -0.036644 -0.000715 0.400409
v -0.043601 0.056612 0.393236
v -0.043601 -0.000715 0.393236
v -0.043601 0.056612 0.393236
v -0.043601 -0.000715 0.393236
v -0.049206 0.056612 0.384964
v -0.049206 -0.000715 0.384964
v -0.049206 0.056612 0.384964
v -0.049206 -0.000715 0.384964
v -0.053290 0.056612 0.375843
v -0.053290 -0.000715 0.375843
v -0.053290 0.056612 0.375843
v -0.053290 -0.000715 0.375843
v -0.055728 0.056612 0.366153
v -0.055728 -0.000715 0.366153
v -0.055728 0.056612 0.366153
v -0.055728 -0.000715 0.366153
v -0.056446 0.056612 0.356186
v -0.056446 -0.000715 0.356186
v -0.056446 0.056612 0.356186
v -0.056446 -0.000715 0.356186
v -0.055423 0.056612 0.346246
v -0.055423 -0.000715 0.346246
v -0.055423 0.056612 0.346246
v -0.055423 -0.000715 0.346246
v -0.055219 0.056612 0.345530
v -0.055219 -0.000715 0.345530
v -0.055219 0.056612 0.345530
v -0.055219 -0.000715 0.345530
v -0.052689 0.056612 0.336634
v -0.055219 -0.000715 0.345530
v -0.052689 -0.000715 0.336634
v -0.055219 0.056612 0.345530
v -0.055219 0.056612 0.345530
v -0.052689 0.056612 0.336634
v -0.055219 -0.000715 0.345530
v -0.052689 -0.000715 0.336634
v -0.048327 0.056612 0.327644
v -0.048327 -0.000715 0.327644
v -0.048327 0.056612 0.327644
v -0.048327 -0.000715 0.327644
v -0.042471 0.056612 0.319547
v -0.042471 -0.000715 0.319547
v -0.042471 0.056612 0.319547
v -0.042471 -0.000715 0.319547
v -0.035297 -0.000715 0.312591
v -0.035297 0.056612 0.312591
v -0.035297 -0.000715 0.312591
v -0.035297 0.056612 0.312591
v -0.027025 -0.000715 0.306985
v -0.027025 0.056612 0.306985
v -0.027025 -0.000715 0.306985
v -0.027025 0.056612 0.306985
v -0.017905 -0.000715 0.302901
v -0.017905 0.056612 0.302901
v -0.017905 -0.000715 0.302901
v -0.017905 0.056612 0.302901
v -0.008214 -0.000715 0.300463
v -0.008214 0.056612 0.300463
v -0.008214 -0.000715 0.300463
v -0.008214 0.056612 0.300463
v 0.001753 -0.000715 0.299745
v 0.001753 0.056612 0.299745
v 0.001753 -0.000715 0.299745
v 0.001753 0.056612 0.299745
v 0.011693 -0.000715 0.300769
v 0.011693 0.056612 0.300769
v 0.011693 -0.000715 0.300769
v 0.011693 0.056612 0.300769
v 0.021304 -0.000715 0.303503
v 0.021304 0.056612 0.303503
v 0.021304 -0.000715 0.303503
v 0.021304 0.056612 0.303503
v 0.030295 -0.000715 0.307864
v 0.030295 0.056612 0.307864
v 0.030295 -0.000715 0.307864
v 0.030295 0.056612 0.307864
v 0.038391 -0.000715 0.313721
v 0.038391 0.056612 0.313721
v 0.038391 -0.000715 0.313721
v 0.038391 0.056612 0.313721
v 0.045348 0.056612 0.320894
v 0.045348 -0.000715 0.320894
v 0.045348 0.056612 0.320894
v 0.045348 -0.000715 0.320894
v 0.050953 0.056612 0.329166
v 0.050953 -0.000715 0.329166
v 0.050953 0.056612 0.329166
v 0.050953 -0.000715 0.329166
v 0.055037 0.056612 0.338287
v 0.055037 -0.000715 0.338287
v 0.055037 0.056612 0.338287
v 0.055037 -0.000715 0.338287
v 0.056858 0.056612 0.345524
v 0.056858 -0.000715 0.345524
v 0.056858 0.056612 0.345524
v 0.056858 -0.000715 0.345524
v 0.057475 0.056612 0.347977
v 0.056858 -0.000715 0.345524
v 0.057475 -0.000715 0.347977
v 0.056858 0.056612 0.345524
v 0.056858 0.056612 0.345524
v 0.057475 0.056612 0.347977
v 0.056858 -0.000715 0.345524
v 0.057475 -0.000715 0.347977
v 0.058193 0.056612 0.357944
v 0.058193 -0.000715 0.357944
v 0.058193 0.056612 0.357944
v 0.058193 -0.000715 0.357944
v 0.057170 0.056612 0.367884
v 0.057170 -0.000715 0.367884
v 0.057170 0.056612 0.367884
v 0.057170 -0.000715 0.367884
v 0.054436 0.056612 0.377496
v 0.054436 -0.000715 0.377496
v 0.054436 0.056612 0.377496
v 0.054436 -0.000715 0.377496
v 0.050074 0.056612 0.386486
v 0.050074 -0.000715 0.386486
v 0.050074 0.056612 0.386486
v 0.050074 -0.000715 0.386486
v 0.044218 0.056612 0.394583
v 0.044218 -0.000715 0.394583
v 0.044218 0.056612 0.394583
v 0.044218 -0.000715 0.394583
v 0.037044 -0.000715 0.401539
v 0.037044 0.056612 0.401539
v 0.037044 0.056612 0.401539
v 0.037044 -0.000715 0.401539
v 0.028772 -0.000715 0.407145
v 0.028772 0.056612 0.407145
v 0.028772 0.056612 0.407145
v 0.028772 -0.000715 0.407145
v 0.019652 -0.000715 0.411228
v 0.019652 0.056612 0.411228
v 0.019652 0.056612 0.411228
v 0.019652 -0.000715 0.411228
v 0.009961 -0.000715 0.413667
v 0.009961 0.056612 0.413667
v 0.009961 0.056612 0.413667
v 0.009961 -0.000715 0.413667
v 0.000874 -0.000715 0.414321
v 0.000874 0.056612 0.414321
v 0.000874 0.056612 0.414321
v 0.000874 -0.000715 0.414321
v 0.000874 0.033681 0.506113
v 0.000874 -0.058041 0.494494
v 0.000874 -0.058041 0.506113
v 0.000874 -0.000715 0.494494
v 0.000874 0.056612 0.494494
v 0.000874 0.056612 0.506113
v 0.000874 0.056612 0.506113
v 0.000874 0.033681 0.506113
v 0.000874 0.056612 0.494494
v 0.000874 -0.000715 0.494494
v 0.000874 -0.058041 0.494494
v 0.000874 -0.058041 0.506113
v 0.000874 0.050322 0.629142
v 0.000874 0.056612 0.643697
v 0.022324 0.056612 0.629142
v 0.022324 0.056612 0.629142
v 0.000874 0.056612 0.643697
v 0.000874 0.050322 0.629142
v 0.000874 0.056612 0.656090
v 0.000874 -0.058041 0.643697
v 0.000874 -0.058041 0.656090
v 0.000874 0.033681 0.643697
v 0.000874 0.056612 0.643697
v 0.000874 0.056612 0.643697
v 0.000874 0.056612 0.656090
v 0.000874 0.033681 0.643697
v 0.000874 -0.058041 0.643697
v 0.000874 -0.058041 0.656090
v 0.001610 0.056612 0.657827
v 0.000874 -0.058041 0.656090
v 0.001610 -0.058041 0.657827
v 0.000874 0.056612 0.656090
v 0.000874 0.056612 0.656090
v 0.001610 0.056612 0.657827
v 0.000874 -0.058041 0.656090
v 0.001610 -0.058041 0.657827
v 0.001610 0.056612 0.657827
v 0.008443 -0.058041 0.657827
v 0.008443 0.056612 0.657827
v 0.001610 -0.058041 0.657827
v 0.001610 -0.058041 0.657827
v 0.001610 0.056612 0.657827
v 0.008443 -0.058041 0.657827
v 0.008443 0.056612 0.657827
v 0.003976 0.056612 0.663409
v 0.008443 -0.058041 0.657827
v 0.003976 -0.058041 0.663409
v 0.008443 0.056612 0.657827
v 0.008443 0.056612 0.657827
v 0.003976 0.056612 0.663409
v 0.008443 -0.058041 0.657827
v 0.003976 -0.058041 0.663409
v 0.004338 0.056612 0.664264
v 0.003976 -0.058041 0.663409
v 0.004338 -0.058041 0.664264
v 0.003976 0.056612 0.663409
v 0.003976 0.056612 0.663409
v 0.004338 0.056612 0.664264
v 0.003976 -0.058041 0.663409
v 0.004338 -0.058041 0.664264
v 0.004715 0.056612 0.665373
v 0.004715 -0.058041 0.665373
v 0.004715 0.056612 0.665373
v 0.004715 -0.058041 0.665373
v 0.004715 0.056612 0.665373
v 0.011724 -0.058041 0.666439
v 0.011724 0.056612 0.666439
v 0.004715 -0.058041 0.665373
v 0.004715 -0.058041 0.665373
v 0.004715 0.056612 0.665373
v 0.011724 -0.058041 0.666439
v 0.011724 0.056612 0.666439
v 0.006799 0.056612 0.671498
v 0.011724 -0.058041 0.666439
v 0.006799 -0.058041 0.671498
v 0.011724 0.056612 0.666439
v 0.011724 0.056612 0.666439
v 0.006799 0.056612 0.671498
v 0.011724 -0.058041 0.666439
v 0.006799 -0.058041 0.671498
v 0.007198 0.056612 0.672668
v 0.006799 -0.058041 0.671498
v 0.007198 -0.058041 0.672668
v 0.006799 0.056612 0.671498
v 0.006799 0.056612 0.671498
v 0.007198 0.056612 0.672668
v 0.006799 -0.058041 0.671498
v 0.007198 -0.058041 0.672668
v 0.007657 0.056612 0.674428
v 0.007657 -0.058041 0.674428
v 0.007657 0.056612 0.674428
v 0.007657 -0.058041 0.674428
v 0.007657 0.056612 0.674428
v 0.014405 -0.058041 0.675375
v 0.014405 0.056612 0.675375
v 0.007657 -0.058041 0.674428
v 0.007657 -0.058041 0.674428
v 0.007657 0.056612 0.674428
v 0.014405 -0.058041 0.675375
v 0.014405 0.056612 0.675375
v 0.011356 -0.058041 0.692806
v 0.016956 0.056612 0.687339
v 0.016956 -0.058041 0.687339
v 0.011356 0.056612 0.692806
v 0.011356 0.056612 0.692806
v 0.011356 -0.058041 0.692806
v 0.016956 0.056612 0.687339
v 0.016956 -0.058041 0.687339
v 0.011589 0.056612 0.694931
v 0.011356 -0.058041 0.692806
v 0.011589 -0.058041 0.694931
v 0.011356 0.056612 0.692806
v 0.011356 0.056612 0.692806
v 0.011589 0.056612 0.694931
v 0.011356 -0.058041 0.692806
v 0.011589 -0.058041 0.694931
v 0.011589 0.056612 0.694931
v 0.018294 -0.058041 0.698354
v 0.018294 0.056612 0.698354
v 0.011589 -0.058041 0.694931
v 0.011589 -0.058041 0.694931
v 0.011589 0.056612 0.694931
v 0.018294 -0.058041 0.698354
v 0.018294 0.056612 0.698354
v 0.012121 -0.058041 0.701721
v 0.018294 0.056612 0.698354
v 0.018294 -0.058041 0.698354
v 0.012121 0.056612 0.701721
v 0.012121 0.056612 0.701721
v 0.012121 -0.058041 0.701721
v 0.018294 0.056612 0.698354
v 0.018294 -0.058041 0.698354
v 0.012204 0.056612 0.703990
v 0.012121 -0.058041 0.701721
v 0.012204 -0.058041 0.703990
v 0.012121 0.056612 0.701721
v 0.012121 0.056612 0.701721
v 0.012204 0.056612 0.703990
v 0.012121 -0.058041 0.701721
v 0.012204 -0.058041 0.703990
v 0.000874 -0.058041 0.494494
v 0.022879 -0.000715 0.492877
v 0.022879 -0.058041 0.492877
v 0.000874 -0.000715 0.494494
v 0.000874 -0.000715 0.494494
v 0.000874 -0.058041 0.494494
v 0.022879 -0.000715 0.492877
v 0.022879 -0.058041 0.492877
v 0.046128 -0.000715 0.486993
v 0.046128 -0.058041 0.486993
v 0.046128 -0.000715 0.486993
v 0.046128 -0.058041 0.486993
v 0.068002 -0.000715 0.477160
v 0.068002 -0.058041 0.477160
v 0.068002 -0.000715 0.477160
v 0.068002 -0.058041 0.477160
v 0.087837 -0.000715 0.463679
v 0.087837 -0.058041 0.463679
v 0.087837 -0.000715 0.463679
v 0.087837 -0.058041 0.463679
v 0.105029 -0.000715 0.446958
v 0.105029 -0.058041 0.446958
v 0.105029 -0.000715 0.446958
v 0.105029 -0.058041 0.446958
v 0.119056 -0.058041 0.427506
v 0.119056 -0.000715 0.427506
v 0.119056 -0.000715 0.427506
v 0.119056 -0.058041 0.427506
v 0.129493 -0.058041 0.405914
v 0.129493 -0.000715 0.405914
v 0.129493 -0.000715 0.405914
v 0.129493 -0.058041 0.405914
v 0.136021 -0.058041 0.382837
v 0.136021 -0.000715 0.382837
v 0.136021 -0.000715 0.382837
v 0.136021 -0.058041 0.382837
v 0.137482 -0.058041 0.368451
v 0.137482 -0.000715 0.368451
v 0.137482 -0.000715 0.368451
v 0.137482 -0.058041 0.368451
v -0.134274 -0.000715 0.331293
v -0.112789 -0.000715 0.345533
v -0.135720 -0.000715 0.345533
v -0.055219 -0.000715 0.345530
v -0.052689 -0.000715 0.336634
v -0.048327 -0.000715 0.327644
v -0.127746 -0.000715 0.308216
v -0.042471 -0.000715 0.319547
v -0.035297 -0.000715 0.312591
v -0.027025 -0.000715 0.306985
v -0.117309 -0.000715 0.286624
v -0.017905 -0.000715 0.302901
v -0.008214 -0.000715 0.300463
v 0.001753 -0.000715 0.299745
v 0.120969 -0.000715 0.289936
v 0.107487 -0.000715 0.270102
v -0.103282 -0.000715 0.267172
v 0.090767 -0.000715 0.252910
v -0.086090 -0.000715 0.250451
v 0.071315 -0.000715 0.238882
v -0.066255 -0.000715 0.236970
v 0.049722 -0.000715 0.228446
v -0.044381 -0.000715 0.227137
v 0.026646 -0.000715 0.221917
v -0.021132 -0.000715 0.221253
v 0.002786 -0.000715 0.219495
v 0.057170 -0.000715 0.367884
v 0.115513 -0.000715 0.368452
v 0.054436 -0.000715 0.377496
v 0.115512 -0.000715 0.345521
v 0.058193 -0.000715 0.357944
v 0.057475 -0.000715 0.347977
v 0.056858 -0.000715 0.345524
v 0.055037 -0.000715 0.338287
v 0.137454 -0.000715 0.345520
v 0.136686 -0.000715 0.335060
v 0.050953 -0.000715 0.329166
v 0.130801 -0.000715 0.311810
v 0.045348 -0.000715 0.320894
v 0.038391 -0.000715 0.313721
v 0.030295 -0.000715 0.307864
v 0.021304 -0.000715 0.303503
v 0.011693 -0.000715 0.300769
v -0.129054 -0.000715 0.402320
v -0.000006 -0.000715 0.414385
v -0.119222 -0.000715 0.424194
v -0.009946 -0.000715 0.413361
v -0.019557 -0.000715 0.410627
v -0.028548 -0.000715 0.406266
v -0.036644 -0.000715 0.400409
v -0.134939 -0.000715 0.379070
v -0.043601 -0.000715 0.393236
v -0.049206 -0.000715 0.384964
v -0.053290 -0.000715 0.375843
v -0.135718 -0.000715 0.368465
v -0.112787 -0.000715 0.368464
v -0.055728 -0.000715 0.366153
v -0.056446 -0.000715 0.356186
v -0.055423 -0.000715 0.346246
v 0.000874 -0.000715 0.414321
v 0.022879 -0.000715 0.492877
v 0.000874 -0.000715 0.494494
v 0.046128 -0.000715 0.486993
v 0.068002 -0.000715 0.477160
v 0.087837 -0.000715 0.463679
v 0.105029 -0.000715 0.446958
v 0.119056 -0.000715 0.427506
v 0.129493 -0.000715 0.405914
v 0.009961 -0.000715 0.413667
v 0.019652 -0.000715 0.411228
v 0.028772 -0.000715 0.407145
v 0.037044 -0.000715 0.401539
v 0.136021 -0.000715 0.382837
v 0.044218 -0.000715 0.394583
v 0.050074 -0.000715 0.386486
v 0.137482 -0.000715 0.368451
v -0.024899 -0.000715 0.492213
v -0.001039 -0.000715 0.494635
v -0.047975 -0.000715 0.485684
v -0.069568 -0.000715 0.475248
v -0.089020 -0.000715 0.461220
v -0.105740 -0.000715 0.444028
v -0.000006 -0.000715 0.414385
v -0.119222 -0.000715 0.424194
v 0.000874 -0.000715 0.414321
v -0.105740 -0.000715 0.444028
v -0.089020 -0.000715 0.461220
v -0.069568 -0.000715 0.475248
v -0.047975 -0.000715 0.485684
v -0.024899 -0.000715 0.492213
v 0.000874 -0.000715 0.494494
v -0.001039 -0.000715 0.494635
v 0.115513 -0.000715 0.368452
v 0.054436 -0.000715 0.377496
v 0.137482 -0.000715 0.368451
v 0.136021 -0.000715 0.382837
v 0.050074 -0.000715 0.386486
v 0.044218 -0.000715 0.394583
v 0.037044 -0.000715 0.401539
v 0.129493 -0.000715 0.405914
v 0.028772 -0.000715 0.407145
v 0.019652 -0.000715 0.411228
v 0.009961 -0.000715 0.413667
v 0.119056 -0.000715 0.427506
v 0.105029 -0.000715 0.446958
v 0.087837 -0.000715 0.463679
v 0.068002 -0.000715 0.477160
v 0.046128 -0.000715 0.486993
v 0.022879 -0.000715 0.492877
v -0.055219 -0.000715 0.345530
v -0.112789 -0.000715 0.345533
v -0.055423 -0.000715 0.346246
v -0.056446 -0.000715 0.356186
v -0.055728 -0.000715 0.366153
v -0.112787 -0.000715 0.368464
v -0.053290 -0.000715 0.375843
v -0.135718 -0.000715 0.368465
v -0.134939 -0.000715 0.379070
v -0.049206 -0.000715 0.384964
v -0.043601 -0.000715 0.393236
v -0.036644 -0.000715 0.400409
v -0.129054 -0.000715 0.402320
v -0.028548 -0.000715 0.406266
v -0.019557 -0.000715 0.410627
v -0.009946 -0.000715 0.413361
v 0.001753 -0.000715 0.299745
v 0.011693 -0.000715 0.300769
v 0.120969 -0.000715 0.289936
v 0.021304 -0.000715 0.303503
v 0.030295 -0.000715 0.307864
v 0.130801 -0.000715 0.311810
v 0.038391 -0.000715 0.313721
v 0.045348 -0.000715 0.320894
v 0.050953 -0.000715 0.329166
v 0.136686 -0.000715 0.335060
v 0.055037 -0.000715 0.338287
v 0.137454 -0.000715 0.345520
v 0.115512 -0.000715 0.345521
v 0.056858 -0.000715 0.345524
v 0.057475 -0.000715 0.347977
v 0.058193 -0.000715 0.357944
v 0.057170 -0.000715 0.367884
v 0.002786 -0.000715 0.219495
v -0.021132 -0.000715 0.221253
v 0.026646 -0.000715 0.221917
v -0.044381 -0.000715 0.227137
v 0.049722 -0.000715 0.228446
v -0.066255 -0.000715 0.236970
v 0.071315 -0.000715 0.238882
v -0.086090 -0.000715 0.250451
v 0.090767 -0.000715 0.252910
v -0.103282 -0.000715 0.267172
v 0.107487 -0.000715 0.270102
v -0.117309 -0.000715 0.286624
v -0.008214 -0.000715 0.300463
v -0.017905 -0.000715 0.302901
v -0.027025 -0.000715 0.306985
v -0.127746 -0.000715 0.308216
v -0.035297 -0.000715 0.312591
v -0.042471 -0.000715 0.319547
v -0.048327 -0.000715 0.327644
v -0.134274 -0.000715 0.331293
v -0.052689 -0.000715 0.336634
v -0.135720 -0.000715 0.345533
v -0.021132 0.056612 0.205242
v -0.021004 0.056612 0.209545
v -0.021132 0.056612 0.221253
v -0.021132 0.056612 0.221253
v -0.021004 0.056612 0.209545
v -0.021132 0.056612 0.205242
v -0.044381 -0.000715 0.227137
v -0.021132 -0.058041 0.221253
v -0.021132 -0.000715 0.221253
v -0.044381 -0.058041 0.227137
v -0.044381 -0.058041 0.227137
v -0.044381 -0.000715 0.227137
v -0.021132 -0.058041 0.221253
v -0.021132 -0.000715 0.221253
v -0.135720 -0.058041 0.238435
v -0.134274 -0.058041 0.331293
v -0.135720 -0.058041 0.345533
v -0.127746 -0.058041 0.308216
v -0.117309 -0.058041 0.286624
v -0.103282 -0.058041 0.267172
v -0.086090 -0.058041 0.250451
v -0.066255 -0.058041 0.236970
v -0.135863 -0.058041 0.229418
v -0.044381 -0.058041 0.227137
v -0.136291 -0.058041 0.220410
v -0.021132 -0.058041 0.221253
v -0.021132 -0.058041 0.205242
v -0.137004 -0.058041 0.211420
v -0.138001 -0.058041 0.202457
v -0.021353 -0.058041 0.197841
v -0.139281 -0.058041 0.193530
v -0.022180 -0.058041 0.186162
v -0.140844 -0.058041 0.184648
v -0.023482 -0.058041 0.174526
v -0.142686 -0.058041 0.175820
v -0.144807 -0.058041 0.167055
v -0.025258 -0.058041 0.162953
v -0.147205 -0.058041 0.158362
v -0.027506 -0.058041 0.151462
v -0.148216 -0.058041 0.155101
v -0.138360 -0.058041 0.152324
v -0.128698 -0.058041 0.148932
v -0.030220 -0.058041 0.140072
v -0.119269 -0.058041 0.144940
v -0.110109 -0.058041 0.140362
v -0.101256 -0.058041 0.135217
v -0.033396 -0.058041 0.128802
v -0.092744 -0.058041 0.129525
v -0.084606 -0.058041 0.123310
v -0.037030 -0.058041 0.117672
v -0.076876 -0.058041 0.116595
v -0.037568 -0.058041 0.116228
v -0.069583 -0.058041 0.109407
v -0.041115 -0.058041 0.106699
v -0.062757 -0.058041 0.101774
v -0.045644 -0.058041 0.095902
v -0.056424 -0.058041 0.093727
v -0.050610 -0.058041 0.085298
v -0.050610 -0.058041 0.085298
v -0.056424 -0.058041 0.093727
v -0.045644 -0.058041 0.095902
v -0.062757 -0.058041 0.101774
v -0.041115 -0.058041 0.106699
v -0.069583 -0.058041 0.109407
v -0.037568 -0.058041 0.116228
v -0.076876 -0.058041 0.116595
v -0.037030 -0.058041 0.117672
v -0.084606 -0.058041 0.123310
v -0.033396 -0.058041 0.128802
v -0.092744 -0.058041 0.129525
v -0.101256 -0.058041 0.135217
v -0.030220 -0.058041 0.140072
v -0.110109 -0.058041 0.140362
v -0.119269 -0.058041 0.144940
v -0.128698 -0.058041 0.148932
v -0.027506 -0.058041 0.151462
v -0.138360 -0.058041 0.152324
v -0.148216 -0.058041 0.155101
v -0.147205 -0.058041 0.158362
v -0.025258 -0.058041 0.162953
v -0.144807 -0.058041 0.167055
v -0.023482 -0.058041 0.174526
v -0.142686 -0.058041 0.175820
v -0.140844 -0.058041 0.184648
v -0.022180 -0.058041 0.186162
v -0.139281 -0.058041 0.193530
v -0.021353 -0.058041 0.197841
v -0.138001 -0.058041 0.202457
v -0.021132 -0.058041 0.205242
v -0.137004 -0.058041 0.211420
v -0.136291 -0.058041 0.220410
v -0.021132 -0.058041 0.221253
v -0.044381 -0.058041 0.227137
v -0.135863 -0.058041 0.229418
v -0.066255 -0.058041 0.236970
v -0.135720 -0.058041 0.238435
v -0.086090 -0.058041 0.250451
v -0.103282 -0.058041 0.267172
v -0.117309 -0.058041 0.286624
v -0.127746 -0.058041 0.308216
v -0.134274 -0.058041 0.331293
v -0.135720 -0.058041 0.345533
v -0.134274 -0.000715 0.331293
v -0.135720 -0.058041 0.345533
v -0.134274 -0.058041 0.331293
v -0.135720 -0.000715 0.345533
v -0.135720 -0.000715 0.345533
v -0.134274 -0.000715 0.331293
v -0.135720 -0.058041 0.345533
v -0.134274 -0.058041 0.331293
v -0.127746 -0.000715 0.308216
v -0.127746 -0.058041 0.308216
v -0.127746 -0.000715 0.308216
v -0.127746 -0.058041 0.308216
v -0.117309 -0.000715 0.286624
v -0.117309 -0.058041 0.286624
v -0.117309 -0.000715 0.286624
v -0.117309 -0.058041 0.286624
v -0.103282 -0.000715 0.267172
v -0.103282 -0.058041 0.267172
v -0.103282 -0.000715 0.267172
v -0.103282 -0.058041 0.267172
v -0.086090 -0.058041 0.250451
v -0.086090 -0.000715 0.250451
v -0.086090 -0.058041 0.250451
v -0.086090 -0.000715 0.250451
v -0.066255 -0.058041 0.236970
v -0.066255 -0.000715 0.236970
v -0.066255 -0.058041 0.236970
v -0.066255 -0.000715 0.236970
vt -0.1164245 0
vt -0.1189245 -0.07290755
vt -0.1164245 -0.07290755
vt -0.1189245 0
vt 0.2406928 0
vt 0.2421436 0.01638842
vt 0.2406034 0.001216048
vt 0.2916748 0
vt 0.246295 0.03106284
vt 0.2529316 0.04479344
vt 0.2618516 0.057163
vt 0.2727841 0.0677957
vt 0.2853968 0.07636846
vt 0.2916345 0.0005589999
vt 0 -0.02187227
vt 0.006700651 -0.003645378
vt 0 0
vt 0.1676874 -0.08748906
vt 0.003364957 0
vt 0.01399141 -0.003645378
vt 0.009843481 0
vt 0.01065571 0
vt 0.02128216 -0.003645378
vt 0.01713424 0
vt 0.01794647 0
vt 0.02857292 -0.003645378
vt 0.02442499 0
vt 0.02523722 0
vt 0.03586367 -0.003645378
vt 0.03171575 0
vt 0.03252798 0
vt 0.04315443 -0.003645378
vt 0.0390065 0
vt 0.03981873 0
vt 0.05044518 -0.003645378
vt 0.04629726 0
vt 0.04710949 0
vt 0.05773594 -0.003645378
vt 0.05358801 0
vt 0.05440024 0
vt 0.06502669 -0.003645378
vt 0.06087877 0
vt 0.061691 0
vt 0.07430155 -0.005186061
vt 0.07231745 0
vt 0.08004782 -0.007290755
vt 0.07795191 -0.002351639
vt 0.07987566 -0.00300628
vt 0.08583118 -0.008931046
vt 0.08400522 -0.004320438
vt 0.09229674 -0.01024656
vt 0.08952371 -0.005667634
vt 0.09161513 -0.006053017
vt 0.09829806 -0.01097945
vt 0.09536315 -0.006632656
vt 0.09713794 -0.006827479
vt 0.1012245 -0.007290755
vt 0.1013342 -0.007152509
vt 0.1051258 -0.01129401
vt 0.1036166 -0.007235727
vt 0.1074745 -0.00720512
vt 0.1110587 -0.01107769
vt 0.1089175 -0.007152509
vt 0.1132355 -0.006814115
vt 0.1145867 -0.006665794
vt 0.118063 -0.01022665
vt 0.1194716 -0.005899153
vt 0.1219302 -0.005446103
vt 0.125671 -0.008604932
vt 0.1262729 -0.004313536
vt 0.1273926 -0.004021533
vt 0.1281367 -0.003768326
vt 0.1313535 -0.006899553
vt 0.132031 -0.002443114
vt 0.1327367 -0.002202946
vt 0.1332799 -0.001972721
vt 0.1368295 -0.004813334
vt 0.1368295 -0.0004682273
vt 0.1379342 -1.387779e-17
vt 0.1458151 0
vt 0.1550704 -0.01364043
vt 0.2279774 -0.01364043
vt 0.3208439 -0.08748093
vt 0.2333042 0
vt 0.2936415 -0.01194117
vt 0.2920912 -0.00577888
vt 0.2962383 -0.01774064
vt 0.2998027 -0.02300106
vt 0.3042265 -0.02756261
vt 0.3093751 -0.03128668
vt 0.3150922 -0.03406013
vt 0.3208431 -0.07289942
vt 0.3212041 -0.03579867
vt 0.3354246 -0.07289865
vt 0.327525 -0.03644949
vt 0.3338629 -0.03599281
vt 0.3354226 -0.03560041
vt 0.3400252 -0.03444251
vt 0.3354253 -0.08685166
vt 0.3420773 -0.08636275
vt 0.3458246 -0.03184568
vt 0.3568614 -0.0826208
vt 0.3510851 -0.02828125
vt 0.3556466 -0.0238575
vt 0.3593707 -0.01870885
vt 0.3707712 -0.07636846
vt 0.3621441 -0.01299175
vt 0.3638827 -0.006879895
vt 0.3645335 -0.0005589999
vt 0.4155646 -0.001216048
vt 0.4144467 0.01399327
vt 0.4140244 -0.01638842
vt 0.2993066 0.0826208
vt 0.2922853 0.006879895
vt 0.2940239 0.01299175
vt 0.2967973 0.01870885
vt 0.3005214 0.0238575
vt 0.3140907 0.08636275
vt 0.3050829 0.02828125
vt 0.3103434 0.03184568
vt 0.3161428 0.03444251
vt 0.3208346 0.08685842
vt 0.3208354 0.0722769
vt 0.3223051 0.03599281
vt 0.3354169 0.07227768
vt 0.328643 0.03644949
vt 0.3349639 0.03579867
vt 0.3354188 0.03566926
vt 0.3354169 0.08685967
vt 0.403521 0.08685967
vt 0.3410757 0.03406013
vt 0.3467928 0.03128668
vt 0.3519415 0.02756261
vt 0.3563652 0.02300106
vt 0.3599297 0.01774064
vt 0.3625265 0.01194117
vt 0.3640768 0.00577888
vt 0.3833839 -0.0677957
vt 0.3943164 -0.057163
vt 0.4032364 -0.04479344
vt 0.409873 -0.03106284
vt 0.4092549 0.08695044
vt 0.414983 0.08722264
vt 0.4246278 0.01399327
vt 0.4206997 0.08767602
vt 0.4263992 0.0883101
vt 0.4293341 0.01413378
vt 0.4320757 0.08912427
vt 0.436761 0.01465946
vt 0.4377236 0.0901177
vt 0.4441603 0.01548776
vt 0.4433373 0.09128939
vt 0.448911 0.09263817
vt 0.4515197 0.0166173
vt 0.4517472 0.09342031
vt 0.4588268 0.0180462
vt 0.4544393 0.0941627
vt 0.4565127 0.09480578
vt 0.4601007 0.08777861
vt 0.4660696 0.01977208
vt 0.4649255 0.07922416
vt 0.4701006 0.07087699
vt 0.4732359 0.02179207
vt 0.4756172 0.06275145
vt 0.4803138 0.02410279
vt 0.4814657 0.0548615
vt 0.481232 0.02444462
vt 0.4872915 0.02670041
vt 0.4876362 0.04722068
vt 0.4941574 0.02958058
vt 0.494118 0.03984213
vt 0.5009 0.03273853
vt 0.4962432 0.03055749
vt 0.08583118 -0.004796639
vt 0.07430155 -0.0008409547
vt -0.09667252 0
vt -0.1015686 -0.07290755
vt -0.09667252 -0.07290755
vt -0.1015686 0
vt -0.1379342 -1.387779e-17
vt -0.1368295 -0.004813334
vt -0.1368295 -0.0004682273
vt -0.003364957 0
vt -5.664069e-32 -0.02187227
vt -5.664069e-32 0
vt -0.006700651 -0.003645378
vt -0.1676874 -0.08748906
vt -0.01399141 -0.003645378
vt -0.009843481 0
vt -0.01065571 0
vt -0.02128216 -0.003645378
vt -0.01713424 0
vt -0.01794647 0
vt -0.02857292 -0.003645378
vt -0.02442499 0
vt -0.02523722 0
vt -0.03586367 -0.003645378
vt -0.03171575 0
vt -0.03252798 0
vt -0.04315443 -0.003645378
vt -0.0390065 0
vt -0.03981873 0
vt -0.05044518 -0.003645378
vt -0.04629726 0
vt -0.04710949 0
vt -0.05773594 -0.003645378
vt -0.05358801 0
vt -0.05440024 0
vt -0.06502669 -0.003645378
vt -0.06087877 0
vt -0.061691 0
vt -0.07430155 -0.005186061
vt -0.07231745 0
vt -0.07430155 -0.0008409547
vt -0.08004782 -0.007290755
vt -0.07795191 -0.002351639
vt -0.07987566 -0.00300628
vt -0.08583118 -0.008931046
vt -0.08400522 -0.004320438
vt -0.08583118 -0.004796639
vt -0.09229674 -0.01024656
vt -0.08952371 -0.005667634
vt -0.09161513 -0.006053017
vt -0.09829806 -0.01097945
vt -0.09536315 -0.006632656
vt -0.09713794 -0.006827479
vt -0.1012245 -0.007290755
vt -0.1013342 -0.007152509
vt -0.1051258 -0.01129401
vt -0.1036166 -0.007235727
vt -0.1074745 -0.00720512
vt -0.1110587 -0.01107769
vt -0.1089175 -0.007152509
vt -0.1132355 -0.006814115
vt -0.1145867 -0.006665794
vt -0.118063 -0.01022665
vt -0.1194716 -0.005899153
vt -0.1219302 -0.005446103
vt -0.125671 -0.008604932
vt -0.1262729 -0.004313536
vt -0.1273926 -0.004021533
vt -0.1281367 -0.003768326
vt -0.1313535 -0.006899553
vt -0.132031 -0.002443114
vt -0.1327367 -0.002202946
vt -0.1332799 -0.001972721
vt -0.1464797 -0.007596158
vt -0.1458151 0
vt -0.1484532 -0.01496151
vt -0.1516758 -0.02187227
vt -0.1560494 -0.02811844
vt -0.1614412 -0.03351026
vt -0.1676874 -0.03788388
vt -0.1745981 -0.04110641
vt -0.2970211 -0.08178897
vt -0.3116956 -0.08594042
vt -0.3208439 -0.08748093
vt -0.1819635 -0.04307995
vt -0.1895596 -0.04374453
vt -0.1971558 -0.04307995
vt -0.2045211 -0.04110641
vt -0.2832906 -0.07515241
vt -0.2114319 -0.03788388
vt -0.2176781 -0.03351026
vt -0.270921 -0.06623238
vt -0.2230699 -0.02811844
vt -0.2274435 -0.02187227
vt -0.2602883 -0.05529991
vt -0.2306661 -0.01496151
vt -0.2517155 -0.04268718
vt -0.2326396 -0.007596158
vt -0.2454632 -0.02877742
vt -0.2333042 0
vt -0.2417212 -0.01399327
vt -0.2406928 0
vt -0.3208438 -0.08686909
vt -0.03136771 0
vt -0.02681674 -0.07290755
vt -0.02681674 0
vt -0.03136771 -0.07290755
vt -0.04728353 0
vt -0.0425681 -0.07290755
vt -0.0425681 0
vt -0.04728353 -0.07290755
vt -0.04289949 -0.07290755
vt -0.04722932 0
vt -0.04722932 -0.07290755
vt -0.04289949 0
vt -0.1015275 0
vt -0.1038114 -0.07290755
vt -0.1015275 -0.07290755
vt -0.1038114 0
vt -0.05737799 0
vt -0.05720152 -0.07290755
vt -0.05720152 0
vt -0.05737799 -0.07290755
vt -0.05249293 -0.07290755
vt -0.05249293 0
vt -0.03271608 -0.07290755
vt -0.03702708 0
vt -0.03702708 -0.07290755
vt -0.03271608 0
vt -0.09551746 0
vt -0.09730291 -0.07290755
vt -0.09551746 -0.07290755
vt -0.09730291 0
vt -0.05664106 0
vt -0.05190152 -0.07290755
vt -0.05190152 0
vt -0.05664106 -0.07290755
vt -0.0206727 -0.07290755
vt -0.02492128 0
vt -0.02492128 -0.07290755
vt -0.0206727 0
vt -0.08906854 0
vt -0.09119518 -0.07290755
vt -0.08906854 -0.07290755
vt -0.09119518 0
vt -0.05839933 0
vt -0.06332728 -0.07290755
vt -0.05839933 -0.07290755
vt -0.06332728 0
vt -0.004796639 -0.07290755
vt -0.008931046 0
vt -0.008931046 -0.07290755
vt -0.004796639 0
vt -0.08237665 0
vt -0.08426367 -0.07290755
vt -0.08237665 -0.07290755
vt -0.08426367 0
vt -0.05964407 0
vt -0.06459218 -0.07290755
vt -0.05964407 -0.07290755
vt -0.06459218 0
vt -0.006210942 -0.07290755
vt -0.01049888 0
vt -0.01049888 -0.07290755
vt -0.006210942 0
vt -0.07455369 0
vt -0.07658576 -0.07290755
vt -0.07455369 -0.07290755
vt -0.07658576 0
vt -0.05550646 0
vt -0.06012805 -0.07290755
vt -0.05550646 -0.07290755
vt -0.06012805 0
vt -0.0008409547 -0.07290755
vt -0.005186061 0
vt -0.005186061 -0.07290755
vt -0.0008409547 0
vt -0.0665836 0
vt -0.06873857 -0.07290755
vt -0.0665836 -0.07290755
vt -0.06873857 0
vt -0.05653138 0
vt -0.06468269 -0.07290755
vt -0.05653138 -0.07290755
vt -0.06468269 0
vt -0.04164607 -0.07290755
vt -0.04658729 0
vt -0.04658729 -0.07290755
vt -0.04164607 0
vt -0.061691 -0.07290755
vt -0.06087877 -0.07290755
vt -0.03975207 0
vt -0.03493894 -0.07290755
vt -0.03493894 0
vt -0.03975207 -0.07290755
vt -0.03672427 -0.07290755
vt -0.04166548 0
vt -0.04166548 -0.07290755
vt -0.03672427 0
vt -0.05440024 -0.07290755
vt -0.05358801 -0.07290755
vt -0.03499142 0
vt -0.03017829 -0.07290755
vt -0.03017829 0
vt -0.03499142 -0.07290755
vt -0.03180246 -0.07290755
vt -0.03674367 0
vt -0.03674367 -0.07290755
vt -0.03180246 0
vt -0.04710949 -0.07290755
vt -0.04629726 -0.07290755
vt -0.03023077 0
vt -0.02541764 -0.07290755
vt -0.02541764 0
vt -0.03023077 -0.07290755
vt -0.02688065 -0.07290755
vt -0.03182186 0
vt -0.03182186 -0.07290755
vt -0.02688065 0
vt -0.03981873 -0.07290755
vt -0.0390065 -0.07290755
vt -0.02547011 0
vt -0.02065699 -0.07290755
vt -0.02065699 0
vt -0.02547011 -0.07290755
vt -0.02195884 -0.07290755
vt -0.02690006 0
vt -0.02690006 -0.07290755
vt -0.02195884 0
vt -0.03252798 -0.07290755
vt -0.03171575 -0.07290755
vt -0.02070946 0
vt -0.01589634 -0.07290755
vt -0.01589634 0
vt -0.02070946 -0.07290755
vt -0.01703703 -0.07290755
vt -0.02197825 0
vt -0.02197825 -0.07290755
vt -0.01703703 0
vt -0.02523722 -0.07290755
vt -0.02442499 -0.07290755
vt -0.01594881 0
vt -0.01113569 -0.07290755
vt -0.01113569 0
vt -0.01594881 -0.07290755
vt -0.01211522 -0.07290755
vt -0.01705644 0
vt -0.01705644 -0.07290755
vt -0.01211522 0
vt -0.01794647 -0.07290755
vt -0.01713424 -0.07290755
vt -0.01118816 0
vt -0.006375035 -0.07290755
vt -0.006375035 0
vt -0.01118816 -0.07290755
vt -0.007193409 -0.07290755
vt -0.01213463 0
vt -0.01213463 -0.07290755
vt -0.007193409 0
vt -0.01065571 -0.07290755
vt -0.009843481 -0.07290755
vt -0.006427508 0
vt -0.001614384 -0.07290755
vt -0.001614384 0
vt -0.006427508 -0.07290755
vt -0.002271599 -0.07290755
vt -0.007212818 0
vt -0.007212818 -0.07290755
vt -0.002271599 0
vt -9.597582e-22 0
vt -0.003364957 -0.07290755
vt -9.597582e-22 -0.07290755
vt 0.02187227 -0.07290755
vt 0.02187227 0
vt 0 -0.07290755
vt 0.1880386 0
vt 0.007970239 -0.07290755
vt 0.1880386 -0.07290755
vt 0.007970239 0
vt 0.3208392 0
vt 0.1676827 -0.07290755
vt 0.3208392 -0.07290755
vt 0.1676827 0
vt -0.08688612 -0.07290755
vt -0.08749797 0
vt -0.08749797 -0.07290755
vt -0.08688612 -0.03645378
vt -0.07291646 0
vt -0.07291646 -0.03645378
vt 0.3354207 0
vt 0.3208392 -0.03645378
vt 0.3354207 -0.03645378
vt 0.07291646 0
vt 0.08686947 -0.03645378
vt 0.08686947 0
vt 0.07291646 -0.03645378
vt 0.3348266 0
vt 0.3281567 -0.03645378
vt 0.3348266 -0.03645378
vt 0.3281567 0
vt 0.3256796 0
vt 0.3104293 -0.03645378
vt 0.3256796 -0.03645378
vt 0.3104293 0
vt 0.3068687 0
vt 0.2916184 -0.03645378
vt 0.3068687 -0.03645378
vt 0.2916184 0
vt 0.2789655 0
vt 0.2637151 -0.03645378
vt 0.2789655 -0.03645378
vt 0.2637151 0
vt 0.2428177 0
vt 0.2275674 -0.03645378
vt 0.2428177 -0.03645378
vt 0.2275674 0
vt 0.1995237 -0.03645378
vt 0.1842734 0
vt 0.1842734 -0.03645378
vt 0.1995237 0
vt 0.150399 -0.03645378
vt 0.1351486 0
vt 0.1351486 -0.03645378
vt 0.150399 0
vt 0.09693615 -0.03645378
vt 0.08168581 0
vt 0.08168581 -0.03645378
vt 0.09693615 0
vt 0.04075964 -0.03645378
vt 0.0255093 0
vt 0.0255093 -0.03645378
vt 0.04075964 0
vt -0.01642364 -0.03645378
vt -0.03167399 0
vt -0.03167399 -0.03645378
vt -0.01642364 0
vt 0.4246278 0
vt 0.4144467 -0.07290755
vt 0.4246278 -0.07290755
vt 0.4144467 -0.03645378
vt 0.4144467 0
vt 0.4295646 0
vt 0.4248563 -0.07290755
vt 0.4295646 -0.07290755
vt 0.4248563 0
vt 0.4367061 0
vt 0.4292605 -0.07290755
vt 0.4367061 -0.07290755
vt 0.4292605 0
vt 0.4431263 0
vt 0.4356807 -0.07290755
vt 0.4431263 -0.07290755
vt 0.4356807 0
vt 0.4488145 0
vt 0.441369 -0.07290755
vt 0.4488145 -0.07290755
vt 0.441369 0
vt 0.4537614 0
vt 0.4463158 -0.07290755
vt 0.4537614 -0.07290755
vt 0.4463158 0
vt 0.4579586 0
vt 0.450513 -0.07290755
vt 0.4579586 -0.07290755
vt 0.450513 0
vt 0.4613991 0
vt 0.4539536 -0.07290755
vt 0.4613991 -0.07290755
vt 0.4539536 0
vt 0.4640773 0
vt 0.4566317 -0.07290755
vt 0.4640773 -0.07290755
vt 0.4566317 0
vt 0.4595229 0
vt 0.4585431 -0.07290755
vt 0.4595229 -0.07290755
vt 0.4585431 0
vt 0.4659886 0
vt 0.4659886 -0.07290755
vt 0.4671299 0
vt 0.4596844 -0.07290755
vt 0.4671299 -0.07290755
vt 0.4596844 0
vt 0.4674993 1.387779e-17
vt 0.4600538 -0.07290755
vt 0.4674993 -0.07290755
vt 0.4600538 1.387779e-17
vt 0.462357 1.387779e-17
vt -0.4619366 0
vt -0.4641075 -0.07290755
vt -0.4619366 -0.07290755
vt -0.4641075 0
vt -0.4573847 0
vt -0.4631193 -0.07290755
vt -0.4573847 -0.07290755
vt -0.4631193 0
vt -0.4603267 0
vt -0.4523716 0
vt -0.4581062 -0.07290755
vt -0.4523716 -0.07290755
vt -0.4581062 0
vt -0.4469023 0
vt -0.4526369 -0.07290755
vt -0.4469023 -0.07290755
vt -0.4526369 0
vt -0.4409823 0
vt -0.446717 -0.07290755
vt -0.4409823 -0.07290755
vt -0.446717 0
vt -0.4346176 0
vt -0.4403522 -0.07290755
vt -0.4346176 -0.07290755
vt -0.4403522 0
vt -0.4278145 0
vt -0.4335491 -0.07290755
vt -0.4278145 -0.07290755
vt -0.4335491 0
vt -0.4205798 0
vt -0.4263145 -0.07290755
vt -0.4205798 -0.07290755
vt -0.4263145 0
vt -0.4129208 0
vt -0.4186555 -0.07290755
vt -0.4129208 -0.07290755
vt -0.4186555 0
vt -0.4048452 0
vt -0.4105798 -0.07290755
vt -0.4048452 -0.07290755
vt -0.4105798 0
vt -0.3354169 -0.03645378
vt -0.403521 -0.07290755
vt -0.3354169 -0.07290755
vt -0.403521 0
vt -0.3354169 0
vt -0.08685967 0
vt -0.07227768 -0.03645378
vt -0.07227768 0
vt -0.08685967 -0.03645378
vt -0.3208392 0
vt -0.3354207 -0.03645378
vt -0.3208392 -0.03645378
vt -0.3354207 0
vt 0.08684138 -0.03645378
vt 0.07225987 0
vt 0.07225987 -0.03645378
vt 0.08684138 0
vt -0.3195762 0
vt -0.3263383 -0.03645378
vt -0.3195762 -0.03645378
vt -0.3263383 0
vt -0.3104293 0
vt -0.3256796 -0.03645378
vt -0.3104293 -0.03645378
vt -0.3256796 0
vt -0.2916184 0
vt -0.3068687 -0.03645378
vt -0.2916184 -0.03645378
vt -0.3068687 0
vt -0.2637151 0
vt -0.2789655 -0.03645378
vt -0.2637151 -0.03645378
vt -0.2789655 0
vt -0.2275674 0
vt -0.2428177 -0.03645378
vt -0.2275674 -0.03645378
vt -0.2428177 0
vt -0.1995237 0
vt -0.1842734 -0.03645378
vt -0.1842734 0
vt -0.1995237 -0.03645378
vt -0.150399 0
vt -0.1351486 -0.03645378
vt -0.1351486 0
vt -0.150399 -0.03645378
vt -0.09693615 0
vt -0.08168581 -0.03645378
vt -0.08168581 0
vt -0.09693615 -0.03645378
vt -0.04075964 0
vt -0.0255093 -0.03645378
vt -0.0255093 0
vt -0.04075964 -0.03645378
vt 0.01642364 0
vt 0.01764297 -0.03645378
vt 0.01764297 0
vt 0.01642364 -0.03645378
vt 0.2406928 -0.03645378
vt 0.2916748 -0.03645378
vt -0.02040203 -0.03645378
vt -0.02096248 0
vt -0.02096248 -0.03645378
vt -0.02040203 0
vt 0.03678005 -0.03645378
vt 0.03042574 0
vt 0.03042574 -0.03645378
vt 0.03678005 0
vt 0.09294113 -0.03645378
vt 0.08658682 0
vt 0.08658682 -0.03645378
vt 0.09294113 0
vt 0.1463748 -0.03645378
vt 0.1400205 0
vt 0.1400205 -0.03645378
vt 0.1463748 0
vt 0.1954574 -0.03645378
vt 0.1891031 0
vt 0.1891031 -0.03645378
vt 0.1954574 0
vt 0.2386977 0
vt 0.2323434 -0.03645378
vt 0.2386977 -0.03645378
vt 0.2323434 0
vt 0.2747819 0
vt 0.2684276 -0.03645378
vt 0.2747819 -0.03645378
vt 0.2684276 0
vt 0.3026135 0
vt 0.2962591 -0.03645378
vt 0.3026135 -0.03645378
vt 0.2962591 0
vt 0.3213468 0
vt 0.3149925 -0.03645378
vt 0.3213468 -0.03645378
vt 0.3149925 0
vt 0.3304127 0
vt 0.3240584 -0.03645378
vt 0.3304127 -0.03645378
vt 0.3240584 0
vt 0.3295358 0
vt 0.3231815 -0.03645378
vt 0.3295358 -0.03645378
vt 0.3231815 0
vt 0.3128613 0
vt 0.3123883 -0.03645378
vt 0.3128613 -0.03645378
vt 0.3123883 0
vt 0.3187426 0
vt 0.3187426 -0.03645378
vt 0.2983611 0
vt 0.2920068 -0.03645378
vt 0.2983611 -0.03645378
vt 0.2920068 0
vt 0.2690106 0
vt 0.2626563 -0.03645378
vt 0.2690106 -0.03645378
vt 0.2626563 0
vt 0.2252285 0
vt 0.2315828 -0.03645378
vt 0.2315828 0
vt 0.2252285 -0.03645378
vt 0.1808608 0
vt 0.1872151 -0.03645378
vt 0.1872151 0
vt 0.1808608 -0.03645378
vt 0.1309012 0
vt 0.1372555 -0.03645378
vt 0.1372555 0
vt 0.1309012 -0.03645378
vt 0.07686767 0
vt 0.08322198 -0.03645378
vt 0.08322198 0
vt 0.07686767 -0.03645378
vt 0.02040203 0
vt 0.02675634 -0.03645378
vt 0.02675634 0
vt 0.02040203 -0.03645378
vt -0.03678005 0
vt -0.03042574 -0.03645378
vt -0.03042574 0
vt -0.03678005 -0.03645378
vt -0.09294113 0
vt -0.08658682 -0.03645378
vt -0.08658682 0
vt -0.09294113 -0.03645378
vt -0.1463748 0
vt -0.1400205 -0.03645378
vt -0.1400205 0
vt -0.1463748 -0.03645378
vt -0.1954574 0
vt -0.1891031 -0.03645378
vt -0.1891031 0
vt -0.1954574 -0.03645378
vt -0.2323434 0
vt -0.2386977 -0.03645378
vt -0.2323434 -0.03645378
vt -0.2386977 0
vt -0.2684276 0
vt -0.2747819 -0.03645378
vt -0.2684276 -0.03645378
vt -0.2747819 0
vt -0.2962591 0
vt -0.3026135 -0.03645378
vt -0.2962591 -0.03645378
vt -0.3026135 0
vt -0.3166008 0
vt -0.3213468 -0.03645378
vt -0.3166008 -0.03645378
vt -0.3213468 0
vt -0.3149925 0
vt -0.3149925 -0.03645378
vt -0.3240584 0
vt -0.3304127 -0.03645378
vt -0.3240584 -0.03645378
vt -0.3304127 0
vt -0.3231815 0
vt -0.3295358 -0.03645378
vt -0.3231815 -0.03645378
vt -0.3295358 0
vt -0.3123883 0
vt -0.3187426 -0.03645378
vt -0.3123883 -0.03645378
vt -0.3187426 0
vt -0.2920068 0
vt -0.2983611 -0.03645378
vt -0.2920068 -0.03645378
vt -0.2983611 0
vt -0.2626563 0
vt -0.2690106 -0.03645378
vt -0.2626563 -0.03645378
vt -0.2690106 0
vt -0.2252285 -0.03645378
vt -0.2315828 0
vt -0.2315828 -0.03645378
vt -0.2252285 0
vt -0.1808608 -0.03645378
vt -0.1872151 0
vt -0.1872151 -0.03645378
vt -0.1808608 0
vt -0.1309012 -0.03645378
vt -0.1372555 0
vt -0.1372555 -0.03645378
vt -0.1309012 0
vt -0.07686767 -0.03645378
vt -0.08322198 0
vt -0.08322198 -0.03645378
vt -0.07686767 0
vt -0.02675634 0
vt -0.02675634 -0.03645378
vt -0.2333042 -0.01458151
vt -0.2406928 -0.07290755
vt -0.2333042 -0.07290755
vt -0.2406928 -0.03645378
vt -0.08706746 -0.1155967
vt -0.0818709 -0.1069567
vt -0.09835487 -0.1069567
vt -0.1379342 0
vt -0.1458151 -0.07290755
vt -0.1379342 -0.07290755
vt -0.1458151 -0.01458151
vt -0.125798 0
vt -0.1269978 -0.07290755
vt -0.125798 -0.07290755
vt -0.1269978 0
vt 0.0004682273 0
vt 0.004813334 -0.07290755
vt 0.004813334 0
vt 0.0004682273 -0.07290755
vt -0.1052936 0
vt -0.1098399 -0.07290755
vt -0.1052936 -0.07290755
vt -0.1098399 0
vt -0.1213527 0
vt -0.1219427 -0.07290755
vt -0.1213527 -0.07290755
vt -0.1219427 0
vt -0.124205 0
vt -0.1249505 -0.07290755
vt -0.124205 -0.07290755
vt -0.1249505 0
vt -0.01742892 0
vt -0.01292128 -0.07290755
vt -0.01292128 0
vt -0.01742892 -0.07290755
vt -0.0944478 0
vt -0.09893693 -0.07290755
vt -0.0944478 -0.07290755
vt -0.09893693 0
vt -0.1193054 0
vt -0.1200914 -0.07290755
vt -0.1193054 -0.07290755
vt -0.1200914 0
vt -0.1210975 0
vt -0.1222546 -0.07290755
vt -0.1210975 -0.07290755
vt -0.1222546 0
vt -0.0132691 0
vt -0.008935692 -0.07290755
vt -0.008935692 0
vt -0.0132691 -0.07290755
vt -0.08481587 -0.07290755
vt -0.08979228 0
vt -0.08979228 -0.07290755
vt -0.08481587 0
vt -0.1118158 0
vt -0.1131751 -0.07290755
vt -0.1118158 -0.07290755
vt -0.1131751 0
vt -0.04542099 0
vt -0.04063388 -0.07290755
vt -0.04063388 0
vt -0.04542099 -0.07290755
vt -0.05843898 -0.07290755
vt -0.06291022 0
vt -0.06291022 -0.07290755
vt -0.05843898 0
vt -0.1071406 0
vt -0.1085845 -0.07290755
vt -0.1071406 -0.07290755
vt -0.1085845 0
vt -0.01764297 -0.07290755
vt -0.03167399 -0.07290755
vt -0.01764297 -0.03645378
vt -0.07287621 -0.07290755
vt -0.08812656 -0.03645378
vt -0.08812656 -0.07290755
vt -0.07287621 -0.03645378
vt -0.1268828 -0.07290755
vt -0.1421331 -0.03645378
vt -0.1421331 -0.07290755
vt -0.1268828 -0.03645378
vt -0.1768024 -0.07290755
vt -0.1920528 -0.03645378
vt -0.1920528 -0.07290755
vt -0.1768024 -0.03645378
vt -0.2211183 -0.07290755
vt -0.2363686 -0.03645378
vt -0.2363686 -0.07290755
vt -0.2211183 -0.03645378
vt -0.2584839 -0.03645378
vt -0.2737343 -0.07290755
vt -0.2584839 -0.07290755
vt -0.2737343 -0.03645378
vt -0.287764 -0.03645378
vt -0.3030143 -0.07290755
vt -0.287764 -0.07290755
vt -0.3030143 -0.03645378
vt -0.3080687 -0.03645378
vt -0.3233191 -0.07290755
vt -0.3080687 -0.07290755
vt -0.3233191 -0.03645378
vt -0.3187813 -0.03645378
vt -0.3279766 -0.07290755
vt -0.3187813 -0.07290755
vt -0.3279766 -0.03645378
vt -0.3444724 0.08594042
vt -0.3354169 0.07227768
vt -0.3354169 0.08685967
vt -0.3354188 0.03566926
vt -0.3410757 0.03406013
vt -0.3467928 0.03128668
vt -0.3591468 0.08178897
vt -0.3519415 0.02756261
vt -0.3563652 0.02300106
vt -0.3599297 0.01774064
vt -0.3728774 0.07515241
vt -0.3625265 0.01194117
vt -0.3640768 0.00577888
vt -0.3645335 -0.0005589999
vt -0.3707712 -0.07636846
vt -0.3833839 -0.0677957
vt -0.385247 0.06623238
vt -0.3943164 -0.057163
vt -0.3958797 0.05529991
vt -0.4032364 -0.04479344
vt -0.4044524 0.04268718
vt -0.409873 -0.03106284
vt -0.4107048 0.02877742
vt -0.4140244 -0.01638842
vt -0.4144467 0.01399327
vt -0.4155646 -0.001216048
vt -0.3212041 -0.03579867
vt -0.3208431 -0.07289942
vt -0.3150922 -0.03406013
vt -0.3354246 -0.07289865
vt -0.327525 -0.03644949
vt -0.3338629 -0.03599281
vt -0.3354226 -0.03560041
vt -0.3400252 -0.03444251
vt -0.3354253 -0.08685166
vt -0.3420773 -0.08636275
vt -0.3458246 -0.03184568
vt -0.3568614 -0.0826208
vt -0.3510851 -0.02828125
vt -0.3556466 -0.0238575
vt -0.3593707 -0.01870885
vt -0.3621441 -0.01299175
vt -0.3638827 -0.006879895
vt -0.2993066 0.0826208
vt -0.2916345 0.0005589999
vt -0.2853968 0.07636846
vt -0.2922853 0.006879895
vt -0.2940239 0.01299175
vt -0.2967973 0.01870885
vt -0.3005214 0.0238575
vt -0.3140907 0.08636275
vt -0.3050829 0.02828125
vt -0.3103434 0.03184568
vt -0.3161428 0.03444251
vt -0.3208346 0.08685842
vt -0.3208354 0.0722769
vt -0.3223051 0.03599281
vt -0.328643 0.03644949
vt -0.3349639 0.03579867
vt -0.2916748 0
vt -0.2920912 -0.00577888
vt -0.2936415 -0.01194117
vt -0.2962383 -0.01774064
vt -0.2998027 -0.02300106
vt -0.3042265 -0.02756261
vt -0.3093751 -0.03128668
vt -0.2421436 0.01638842
vt -0.2406034 0.001216048
vt -0.246295 0.03106284
vt -0.2529316 0.04479344
vt -0.2618516 0.057163
vt -0.2727841 0.0677957
vt -0.4246278 0.01399327
vt -0.4218918 0.01391159
vt 0.07287621 -0.03645378
vt 0.08812656 -0.07290755
vt 0.08812656 -0.03645378
vt 0.07287621 -0.07290755
vt -0.403521 0.08685967
vt -0.4092549 0.08695044
vt -0.414983 0.08722264
vt -0.4206997 0.08767602
vt -0.4263992 0.0883101
vt -0.4293341 0.01413378
vt -0.4320757 0.08912427
vt -0.436761 0.01465946
vt -0.4377236 0.0901177
vt -0.4441603 0.01548776
vt -0.4433373 0.09128939
vt -0.448911 0.09263817
vt -0.4515197 0.0166173
vt -0.4544393 0.0941627
vt -0.4588268 0.0180462
vt -0.4565127 0.09480578
vt -0.4582788 0.0885384
vt -0.4604355 0.08239452
vt -0.4660696 0.01977208
vt -0.4629743 0.07639845
vt -0.4658853 0.07057394
vt -0.4691569 0.06494406
vt -0.4732359 0.02179207
vt -0.4727761 0.0595311
vt -0.4767286 0.05435649
vt -0.4803138 0.02410279
vt -0.4809987 0.04944073
vt -0.481232 0.02444462
vt -0.4855696 0.04480329
vt -0.4872915 0.02670041
vt -0.4904231 0.04046252
vt -0.4941574 0.02958058
vt -0.49554 0.03643562
vt -0.5009 0.03273853
vt 0.3340317 -0.03645378
vt 0.3249296 -0.07290755
vt 0.3340317 -0.07290755
vt 0.3249296 -0.03645378
vt 0.3233191 -0.03645378
vt 0.3080687 -0.07290755
vt 0.3233191 -0.07290755
vt 0.3080687 -0.03645378
vt 0.3030143 -0.03645378
vt 0.287764 -0.07290755
vt 0.3030143 -0.07290755
vt 0.287764 -0.03645378
vt 0.2737343 -0.03645378
vt 0.2584839 -0.07290755
vt 0.2737343 -0.07290755
vt 0.2584839 -0.03645378
vt 0.2211183 -0.03645378
vt 0.2363686 -0.07290755
vt 0.2363686 -0.03645378
vt 0.2211183 -0.07290755
vt 0.1768024 -0.03645378
vt 0.1920528 -0.07290755
vt 0.1920528 -0.03645378
vt 0.1768024 -0.07290755
vt 0.1268828 -0.03645378
vt 0.1421331 -0.07290755
vt 0.1421331 -0.03645378
vt 0.1268828 -0.07290755
vt -0.134779 0.08019831
vt -0.132279 0.08019831
vt -0.134779 0.007290755
vt -0.132279 0.007290755
vt 0.07430155 0.082303
vt 0.07231745 0.08748906
vt 0.07430155 0.08664811
vt 0.08583118 0.07855802
vt 0.08400522 0.08316863
vt 0.08583118 0.08269242
vt 0.4962432 0.1180466
vt 0.4941574 0.1170696
vt 0.5009 0.1202276
vt 0.494118 0.1273312
vt 0.4876362 0.1347097
vt 0.4872915 0.1141895
vt 0.4814657 0.1423506
vt 0.481232 0.1119337
vt 0.4803138 0.1115919
vt 0.4756172 0.1502405
vt 0.4732359 0.1092811
vt 0.4701006 0.1583661
vt 0.4660696 0.1072611
vt 0.4649255 0.1667132
vt 0.4601007 0.1752677
vt 0.4588268 0.1055353
vt 0.4565127 0.1822948
vt 0.4544393 0.1816518
vt 0.4517472 0.1809094
vt 0.4515197 0.1041064
vt 0.448911 0.1801272
vt 0.4441603 0.1029768
vt 0.4433373 0.1787785
vt 0.4377236 0.1776068
vt 0.436761 0.1021485
vt 0.4320757 0.1766133
vt 0.4293341 0.1016228
vt 0.4263992 0.1757992
vt 0.4246278 0.1014823
vt 0.4206997 0.1751651
vt 0.414983 0.1747117
vt 0.4144467 0.1014823
vt 0.4140244 0.07110064
vt 0.409873 0.05642622
vt 0.4092549 0.1744395
vt 0.403521 0.1743487
vt 0.4032364 0.04269563
vt 0.3943164 0.03032606
vt 0.3833839 0.01969337
vt 0.3707712 0.01112061
vt 0.3645335 0.08693006
vt 0.3640768 0.09326794
vt 0.3625265 0.09943024
vt 0.3599297 0.1052297
vt 0.3563652 0.1104901
vt 0.3519415 0.1150517
vt 0.3467928 0.1187757
vt 0.3410757 0.1215492
vt 0.3354188 0.1231583
vt 0.3354169 0.1743487
vt 0.3354169 0.1597667
vt 0.3349639 0.1232877
vt 0.328643 0.1239386
vt 0.3223051 0.1234819
vt 0.3208354 0.159766
vt 0.3161428 0.1219316
vt 0.3208346 0.1743475
vt 0.3140907 0.1738518
vt 0.3103434 0.1193347
vt 0.3050829 0.1157703
vt 0.3005214 0.1113466
vt 0.2993066 0.1701099
vt 0.2967973 0.1061979
vt 0.2940239 0.1004808
vt 0.2922853 0.09436896
vt 0.2916345 0.08804806
vt 0.2853968 0.1638575
vt 0.4155646 0.08627302
vt 0.3638827 0.08060917
vt 0.3621441 0.07449732
vt 0.3593707 0.06878021
vt 0.3568614 0.004868265
vt 0.3556466 0.06363156
vt 0.3510851 0.05920782
vt 0.3458246 0.05564338
vt 0.3420773 0.001126314
vt 0.3400252 0.05304656
vt 0.3354253 0.0006374073
vt 0.3354246 0.01459042
vt 0.3354226 0.05188865
vt 0.3338629 0.05149625
vt 0.327525 0.05103957
vt 0.3212041 0.05169039
vt 0.3208431 0.01458964
vt 0.3150922 0.05342894
vt 0.3208439 0.000008131756
vt 0.3093751 0.05620238
vt 0.3042265 0.05992645
vt 0.2998027 0.064488
vt 0.2962383 0.06974843
vt 0.2936415 0.07554789
vt 0.2916748 0.08748906
vt 0.2920912 0.08171018
vt 0.2406928 0.08748906
vt 0.2333042 0.08748906
vt 0.2279774 0.07384863
vt 0.1676874 0
vt 0.1550704 0.07384863
vt 0.1458151 0.08748906
vt 0.1379342 0.08748906
vt 0.1368295 0.08702084
vt 0.1368295 0.08267573
vt 0.1332799 0.08551634
vt 0.1327367 0.08528612
vt 0.132031 0.08504595
vt 0.1313535 0.08058951
vt 0.1281367 0.08372074
vt 0.1273926 0.08346753
vt 0.1262729 0.08317553
vt 0.125671 0.07888413
vt 0.1219302 0.08204296
vt 0.1194716 0.08158991
vt 0.118063 0.07726241
vt 0.1145867 0.08082327
vt 0.1132355 0.08067495
vt 0.1110587 0.07641137
vt 0.1089175 0.08033655
vt 0.1074745 0.08028394
vt 0.1051258 0.07619505
vt 0.1036166 0.08025334
vt 0.1013342 0.08033655
vt 0.1012245 0.08019831
vt 0.09829806 0.07650961
vt 0.09713794 0.08066159
vt 0.09536315 0.08085641
vt 0.09229674 0.0772425
vt 0.09161513 0.08143605
vt 0.08952371 0.08182143
vt 0.08004782 0.08019831
vt 0.07987566 0.08448278
vt 0.07795191 0.08513742
vt 0.06502669 0.08384369
vt 0.061691 0.08748906
vt 0.06087877 0.08748906
vt 0.05773594 0.08384369
vt 0.05440024 0.08748906
vt 0.05358801 0.08748906
vt 0.05044518 0.08384369
vt 0.04710949 0.08748906
vt 0.04629726 0.08748906
vt 0.04315443 0.08384369
vt 0.03981873 0.08748906
vt 0.0390065 0.08748906
vt 0.03586367 0.08384369
vt 0.03252798 0.08748906
vt 0.03171575 0.08748906
vt 0.02857292 0.08384369
vt 0.02523722 0.08748906
vt 0.02442499 0.08748906
vt 0.02128216 0.08384369
vt 0.01794647 0.08748906
vt 0.01713424 0.08748906
vt 0.01399141 0.08384369
vt 0.01065571 0.08748906
vt 0.009843481 0.08748906
vt 0.006700651 0.08384369
vt 0.003364957 0.08748906
vt 0 0.08748906
vt 0 0.0656168
vt 0.2727841 0.1552848
vt 0.2618516 0.1446521
vt 0.2529316 0.1322825
vt 0.246295 0.1185519
vt 0.2421436 0.1038775
vt 0.2406034 0.08870511
vt -0.04512274 0.08019831
vt -0.04022667 0.08019831
vt -0.04512274 0.007290755
vt -0.04022667 0.007290755
vt -0.3208438 0.0006199769
vt -0.3116956 0.001548643
vt -0.3208439 0.000008131756
vt -0.2406928 0.08748906
vt -0.2333042 0.08748906
vt -0.2417212 0.07349579
vt -0.2454632 0.05871164
vt -0.2326396 0.07989291
vt -0.2517155 0.04480189
vt -0.2306661 0.07252755
vt -0.2602883 0.03218916
vt -0.2274435 0.0656168
vt -0.270921 0.02125669
vt -0.2230699 0.05937062
vt -0.2176781 0.05397881
vt -0.2832906 0.01233666
vt -0.2114319 0.04960519
vt -0.2045211 0.04638265
vt -0.2970211 0.005700091
vt -0.1971558 0.04440911
vt -0.1895596 0.04374453
vt -0.1819635 0.04440911
vt -0.1745981 0.04638265
vt -0.1676874 -3.682191e-32
vt -0.1676874 0.04960519
vt -0.1614412 0.05397881
vt -0.1560494 0.05937062
vt -0.1516758 0.0656168
vt -0.1484532 0.07252755
vt -0.1464797 0.07989291
vt -0.1458151 0.08748906
vt -0.1379342 0.08748906
vt -0.1368295 0.08267573
vt -0.1332799 0.08551634
vt -0.1327367 0.08528612
vt -0.132031 0.08504595
vt -0.1313535 0.08058951
vt -0.1281367 0.08372074
vt -0.1273926 0.08346753
vt -0.1262729 0.08317553
vt -0.125671 0.07888413
vt -0.1219302 0.08204296
vt -0.1194716 0.08158991
vt -0.118063 0.07726241
vt -0.1145867 0.08082327
vt -0.1132355 0.08067495
vt -0.1110587 0.07641137
vt -0.1089175 0.08033655
vt -0.1074745 0.08028394
vt -0.1051258 0.07619505
vt -0.1036166 0.08025334
vt -0.1013342 0.08033655
vt -0.1012245 0.08019831
vt -0.09829806 0.07650961
vt -0.09713794 0.08066159
vt -0.09536315 0.08085641
vt -0.09229674 0.0772425
vt -0.09161513 0.08143605
vt -0.08952371 0.08182143
vt -0.08583118 0.07855802
vt -0.08583118 0.08269242
vt -0.08400522 0.08316863
vt -0.08004782 0.08019831
vt -0.07987566 0.08448278
vt -0.07795191 0.08513742
vt -0.07430155 0.082303
vt -0.07430155 0.08664811
vt -0.07231745 0.08748906
vt -0.06502669 0.08384369
vt -0.061691 0.08748906
vt -0.06087877 0.08748906
vt -0.05773594 0.08384369
vt -0.05440024 0.08748906
vt -0.05358801 0.08748906
vt -0.05044518 0.08384369
vt -0.04710949 0.08748906
vt -0.04629726 0.08748906
vt -0.04315443 0.08384369
vt -0.03981873 0.08748906
vt -0.0390065 0.08748906
vt -0.03586367 0.08384369
vt -0.03252798 0.08748906
vt -0.03171575 0.08748906
vt -0.02857292 0.08384369
vt -0.02523722 0.08748906
vt -0.02442499 0.08748906
vt -0.02128216 0.08384369
vt -0.01794647 0.08748906
vt -0.01713424 0.08748906
vt -0.01399141 0.08384369
vt -0.01065571 0.08748906
vt -0.009843481 0.08748906
vt -0.006700651 0.08384369
vt 5.664069e-33 0.0656168
vt -0.003364957 0.08748906
vt 5.664069e-33 0.08748906
vt -0.1368295 0.08702084
vt -0.1145608 0.007290755
vt -0.1145608 0.08019831
vt -0.1100099 0.007290755
vt -0.1100099 0.08019831
vt -0.1231478 0.007290755
vt -0.1231478 0.08019831
vt -0.1184324 0.007290755
vt -0.1184324 0.08019831
vt 0.03910253 0.08019831
vt 0.03910253 0.007290755
vt 0.03477269 0.08019831
vt 0.03477269 0.007290755
vt -0.1006236 0.08019831
vt -0.09833973 0.08019831
vt -0.1006236 0.007290755
vt -0.09833973 0.007290755
vt -0.1259168 0.007290755
vt -0.1259168 0.08019831
vt -0.1257403 0.007290755
vt -0.1257403 0.08019831
vt -0.1210317 0.007290755
vt -0.1210317 0.08019831
vt 0.05154555 0.08019831
vt 0.05154555 0.007290755
vt 0.04723454 0.08019831
vt 0.04723454 0.007290755
vt -0.08775639 0.08019831
vt -0.08597094 0.08019831
vt -0.08775639 0.007290755
vt -0.08597094 0.007290755
vt -0.1233517 0.007290755
vt -0.1233517 0.08019831
vt -0.1186122 0.007290755
vt -0.1186122 0.08019831
vt 0.06568309 0.08019831
vt 0.06568309 0.007290755
vt 0.06143451 0.08019831
vt 0.06143451 0.007290755
vt -0.07534064 0.08019831
vt -0.07321401 0.08019831
vt -0.07534064 0.007290755
vt -0.07321401 0.007290755
vt -0.1212648 0.08019831
vt -0.1163368 0.08019831
vt -0.1212648 0.007290755
vt -0.1163368 0.007290755
vt 0.08269242 0.08019831
vt 0.08269242 0.007290755
vt 0.07855802 0.08019831
vt 0.07855802 0.007290755
vt -0.06218533 0.08019831
vt -0.0602983 0.08019831
vt -0.06218533 0.007290755
vt -0.0602983 0.007290755
vt -0.1171113 0.08019831
vt -0.1121631 0.08019831
vt -0.1171113 0.007290755
vt -0.1121631 0.007290755
vt 0.08120757 0.08019831
vt 0.08120757 0.007290755
vt 0.07691964 0.08019831
vt 0.07691964 0.007290755
vt -0.04840085 0.08019831
vt -0.04636878 0.08019831
vt -0.04840085 0.007290755
vt -0.04636878 0.007290755
vt -0.1137851 0.08019831
vt -0.1091635 0.08019831
vt -0.1137851 0.007290755
vt -0.1091635 0.007290755
vt 0.08664811 0.08019831
vt 0.08664811 0.007290755
vt 0.082303 0.08019831
vt 0.082303 0.007290755
vt -0.03459677 0.08019831
vt -0.03244181 0.08019831
vt -0.03459677 0.007290755
vt -0.03244181 0.007290755
vt -0.103809 0.08019831
vt -0.09565768 0.08019831
vt -0.103809 0.007290755
vt -0.09565768 0.007290755
vt 0.02289887 0.08019831
vt 0.02289887 0.007290755
vt 0.01795766 0.08019831
vt 0.01795766 0.007290755
vt -0.061691 0.08019831
vt -0.06087877 0.08019831
vt -0.061691 0.007290755
vt -0.06087877 0.007290755
vt -0.1060148 0.007290755
vt -0.1060148 0.08019831
vt -0.1012017 0.007290755
vt -0.1012017 0.08019831
vt 0.02782068 0.08019831
vt 0.02782068 0.007290755
vt 0.02287947 0.08019831
vt 0.02287947 0.007290755
vt -0.05440024 0.08019831
vt -0.05358801 0.08019831
vt -0.05440024 0.007290755
vt -0.05358801 0.007290755
vt -0.1012541 0.007290755
vt -0.1012541 0.08019831
vt -0.09644102 0.007290755
vt -0.09644102 0.08019831
vt 0.03274249 0.08019831
vt 0.03274249 0.007290755
vt 0.02780127 0.08019831
vt 0.02780127 0.007290755
vt -0.04710949 0.08019831
vt -0.04629726 0.08019831
vt -0.04710949 0.007290755
vt -0.04629726 0.007290755
vt -0.09649349 0.007290755
vt -0.09649349 0.08019831
vt -0.09168037 0.007290755
vt -0.09168037 0.08019831
vt 0.0376643 0.08019831
vt 0.0376643 0.007290755
vt 0.03272308 0.08019831
vt 0.03272308 0.007290755
vt -0.03981873 0.08019831
vt -0.0390065 0.08019831
vt -0.03981873 0.007290755
vt -0.0390065 0.007290755
vt -0.09173284 0.007290755
vt -0.09173284 0.08019831
vt -0.08691971 0.007290755
vt -0.08691971 0.08019831
vt 0.04258611 0.08019831
vt 0.04258611 0.007290755
vt 0.03764489 0.08019831
vt 0.03764489 0.007290755
vt -0.03252798 0.08019831
vt -0.03171575 0.08019831
vt -0.03252798 0.007290755
vt -0.03171575 0.007290755
vt -0.08697219 0.007290755
vt -0.08697219 0.08019831
vt -0.08215906 0.007290755
vt -0.08215906 0.08019831
vt 0.04750792 0.08019831
vt 0.04750792 0.007290755
vt 0.0425667 0.08019831
vt 0.0425667 0.007290755
vt -0.02523722 0.08019831
vt -0.02442499 0.08019831
vt -0.02523722 0.007290755
vt -0.02442499 0.007290755
vt -0.08221154 0.007290755
vt -0.08221154 0.08019831
vt -0.07739841 0.007290755
vt -0.07739841 0.08019831
vt 0.05242973 0.08019831
vt 0.05242973 0.007290755
vt 0.04748851 0.08019831
vt 0.04748851 0.007290755
vt -0.01794647 0.08019831
vt -0.01713424 0.08019831
vt -0.01794647 0.007290755
vt -0.01713424 0.007290755
vt -0.07745088 0.007290755
vt -0.07745088 0.08019831
vt -0.07263776 0.007290755
vt -0.07263776 0.08019831
vt 0.05735154 0.08019831
vt 0.05735154 0.007290755
vt 0.05241032 0.08019831
vt 0.05241032 0.007290755
vt -0.01065571 0.08019831
vt -0.009843481 0.08019831
vt -0.01065571 0.007290755
vt -0.009843481 0.007290755
vt -0.07269023 0.007290755
vt -0.07269023 0.08019831
vt -0.06787711 0.007290755
vt -0.06787711 0.08019831
vt 0.06227335 0.08019831
vt 0.06227335 0.007290755
vt 0.05733213 0.08019831
vt 0.05733213 0.007290755
vt -0.003364957 0.08019831
vt -6.805874e-17 0.08019831
vt -0.003364957 0.007290755
vt -6.805874e-17 0.007290755
vt -0.08748906 0.007290755
vt -0.08748906 0.08019831
vt -0.0656168 0.007290755
vt -0.0656168 0.08019831
vt -0.02391072 0.08019831
vt 0.1561577 0.08019831
vt -0.02391072 0.007290755
vt 0.1561577 0.007290755
vt 0.1676874 0.08019831
vt 0.3208439 0.08019831
vt 0.1676874 0.007290755
vt 0.3208439 0.007290755
vt 0.01457261 0.04374453
vt 0.0006029419 0.04374453
vt 0.01457261 0.08019831
vt -0.000008903265 0.08019831
vt 0.0006029419 0.007290755
vt -0.000008903265 0.007290755
vt 0.3354254 0.08019831
vt 0.3208439 0.04374453
vt 0.3354254 0.04374453
vt -0.01457261 0.04374453
vt -0.01457261 0.08019831
vt -0.0006195981 0.04374453
vt -0.0006195981 0.08019831
vt 0.3345697 0.08019831
vt 0.3412396 0.08019831
vt 0.3345697 0.04374453
vt 0.3412396 0.04374453
vt 0.3318963 0.08019831
vt 0.3471467 0.08019831
vt 0.3318963 0.04374453
vt 0.3471467 0.04374453
vt 0.3274872 0.08019831
vt 0.3427375 0.08019831
vt 0.3274872 0.04374453
vt 0.3427375 0.04374453
vt 0.3128958 0.08019831
vt 0.3281462 0.08019831
vt 0.3128958 0.04374453
vt 0.3281462 0.04374453
vt 0.2885656 0.08019831
vt 0.303816 0.08019831
vt 0.2885656 0.04374453
vt 0.303816 0.04374453
vt 0.2704861 0.08019831
vt 0.2704861 0.04374453
vt 0.2552358 0.08019831
vt 0.2552358 0.04374453
vt 0.2291694 0.08019831
vt 0.2291694 0.04374453
vt 0.2139191 0.08019831
vt 0.2139191 0.04374453
vt 0.1811212 0.08019831
vt 0.1811212 0.04374453
vt 0.1658709 0.08019831
vt 0.1658709 0.04374453
vt 0.1278014 0.08019831
vt 0.1278014 0.04374453
vt 0.112551 0.08019831
vt 0.112551 0.04374453
vt 0.07083007 0.08019831
vt 0.07083007 0.04374453
vt 0.05557972 0.08019831
vt 0.05557972 0.04374453
vt 0.4144467 0.08019831
vt 0.4246278 0.08019831
vt 0.4144467 0.04374453
vt 0.4144467 0.007290755
vt 0.4246278 0.007290755
vt 0.4274671 0.08019831
vt 0.4321754 0.08019831
vt 0.4274671 0.007290755
vt 0.4321754 0.007290755
vt 0.4354376 0.08019831
vt 0.4428831 0.08019831
vt 0.4354376 0.007290755
vt 0.4428831 0.007290755
vt 0.4454137 0.08019831
vt 0.4528592 0.08019831
vt 0.4454137 0.007290755
vt 0.4528592 0.007290755
vt 0.4546417 0.08019831
vt 0.4620873 0.08019831
vt 0.4546417 0.007290755
vt 0.4620873 0.007290755
vt 0.4631062 0.08019831
vt 0.4705517 0.08019831
vt 0.4631062 0.007290755
vt 0.4705517 0.007290755
vt 0.4707931 0.08019831
vt 0.4782386 0.08019831
vt 0.4707931 0.007290755
vt 0.4782386 0.007290755
vt 0.4776895 0.08019831
vt 0.485135 0.08019831
vt 0.4776895 0.007290755
vt 0.485135 0.007290755
vt 0.483784 0.08019831
vt 0.4912295 0.08019831
vt 0.483784 0.007290755
vt 0.4912295 0.007290755
vt 0.4890664 0.08019831
vt 0.4900462 0.08019831
vt 0.4890664 0.007290755
vt 0.4900462 0.007290755
vt 0.496512 0.08019831
vt 0.496512 0.007290755
vt 0.493528 0.08019831
vt 0.5009735 0.08019831
vt 0.493528 0.007290755
vt 0.5009735 0.007290755
vt 0.4994646 0.08019831
vt 0.5046068 0.08019831
vt 0.4971613 0.08019831
vt 0.4971613 0.007290755
vt 0.5046068 0.007290755
vt -0.4900239 0.08019831
vt -0.487853 0.08019831
vt -0.4900239 0.007290755
vt -0.487853 0.007290755
vt -0.4835853 0.08019831
vt -0.4806433 0.08019831
vt -0.4863779 0.08019831
vt -0.4863779 0.007290755
vt -0.4806433 0.007290755
vt -0.4786837 0.08019831
vt -0.472949 0.08019831
vt -0.4786837 0.007290755
vt -0.472949 0.007290755
vt -0.4705126 0.08019831
vt -0.464778 0.08019831
vt -0.4705126 0.007290755
vt -0.464778 0.007290755
vt -0.461873 0.08019831
vt -0.4561383 0.08019831
vt -0.461873 0.007290755
vt -0.4561383 0.007290755
vt -0.4527734 0.08019831
vt -0.4470387 0.08019831
vt -0.4527734 0.007290755
vt -0.4470387 0.007290755
vt -0.4432229 0.08019831
vt -0.4374883 0.08019831
vt -0.4432229 0.007290755
vt -0.4374883 0.007290755
vt -0.4332313 0.08019831
vt -0.4274966 0.08019831
vt -0.4332313 0.007290755
vt -0.4274966 0.007290755
vt -0.4228083 0.08019831
vt -0.4170737 0.08019831
vt -0.4228083 0.007290755
vt -0.4170737 0.007290755
vt -0.4119646 0.08019831
vt -0.4062299 0.08019831
vt -0.4119646 0.007290755
vt -0.4062299 0.007290755
vt -0.3354169 0.08019831
vt -0.3354169 0.04374453
vt -0.403521 0.08019831
vt -0.403521 0.007290755
vt -0.3354169 0.007290755
vt -0.1743487 0.04374453
vt -0.1743487 0.08019831
vt -0.1597667 0.04374453
vt -0.1597667 0.08019831
vt -0.3354254 0.08019831
vt -0.3208439 0.08019831
vt -0.3354254 0.04374453
vt -0.3208439 0.04374453
vt 0.1743304 0.08019831
vt 0.1743304 0.04374453
vt 0.1597489 0.08019831
vt 0.1597489 0.04374453
vt -0.3327513 0.08019831
vt -0.3259892 0.08019831
vt -0.3327513 0.04374453
vt -0.3259892 0.04374453
vt -0.3471467 0.08019831
vt -0.3318963 0.08019831
vt -0.3471467 0.04374453
vt -0.3318963 0.04374453
vt -0.3427375 0.08019831
vt -0.3274872 0.08019831
vt -0.3427375 0.04374453
vt -0.3274872 0.04374453
vt -0.3281462 0.08019831
vt -0.3128958 0.08019831
vt -0.3281462 0.04374453
vt -0.3128958 0.04374453
vt -0.303816 0.08019831
vt -0.2885656 0.08019831
vt -0.303816 0.04374453
vt -0.2885656 0.04374453
vt -0.2704861 0.04374453
vt -0.2704861 0.08019831
vt -0.2552358 0.04374453
vt -0.2552358 0.08019831
vt -0.2291694 0.04374453
vt -0.2291694 0.08019831
vt -0.2139191 0.04374453
vt -0.2139191 0.08019831
vt -0.1811212 0.04374453
vt -0.1811212 0.08019831
vt -0.1658709 0.04374453
vt -0.1658709 0.08019831
vt -0.1278014 0.04374453
vt -0.1278014 0.08019831
vt -0.112551 0.04374453
vt -0.112551 0.08019831
vt -0.07083007 0.04374453
vt -0.07083007 0.08019831
vt -0.06961074 0.04374453
vt -0.06961074 0.08019831
vt 0.2406928 0.08019831
vt 0.2916748 0.08019831
vt 0.2406928 0.04374453
vt 0.2916748 0.04374453
vt 0.06686079 0.08019831
vt 0.06686079 0.04374453
vt 0.06630034 0.08019831
vt 0.06630034 0.04374453
vt 0.123809 0.08019831
vt 0.123809 0.04374453
vt 0.1174547 0.08019831
vt 0.1174547 0.04374453
vt 0.1770919 0.08019831
vt 0.1770919 0.04374453
vt 0.1707376 0.08019831
vt 0.1707376 0.04374453
vt 0.2250905 0.08019831
vt 0.2250905 0.04374453
vt 0.2187362 0.08019831
vt 0.2187362 0.04374453
vt 0.2663463 0.08019831
vt 0.2663463 0.04374453
vt 0.259992 0.08019831
vt 0.259992 0.04374453
vt 0.2932516 0.08019831
vt 0.2996059 0.08019831
vt 0.2932516 0.04374453
vt 0.2996059 0.04374453
vt 0.3175044 0.08019831
vt 0.3238587 0.08019831
vt 0.3175044 0.04374453
vt 0.3238587 0.04374453
vt 0.3320134 0.08019831
vt 0.3383677 0.08019831
vt 0.3320134 0.04374453
vt 0.3383677 0.04374453
vt 0.3363378 0.08019831
vt 0.3426921 0.08019831
vt 0.3363378 0.04374453
vt 0.3426921 0.04374453
vt 0.3303462 0.08019831
vt 0.3367005 0.08019831
vt 0.3303462 0.04374453
vt 0.3367005 0.04374453
vt 0.3142207 0.08019831
vt 0.320575 0.08019831
vt 0.3142207 0.04374453
vt 0.320575 0.04374453
vt 0.2884512 0.08019831
vt 0.2889242 0.08019831
vt 0.2884512 0.04374453
vt 0.2889242 0.04374453
vt 0.2948055 0.08019831
vt 0.2948055 0.04374453
vt 0.2538207 0.08019831
vt 0.260175 0.08019831
vt 0.2538207 0.04374453
vt 0.260175 0.04374453
vt 0.2113815 0.08019831
vt 0.2177358 0.08019831
vt 0.2113815 0.04374453
vt 0.2177358 0.04374453
vt 0.162423 0.04374453
vt 0.162423 0.08019831
vt 0.1687773 0.04374453
vt 0.1687773 0.08019831
vt 0.1084329 0.04374453
vt 0.1084329 0.08019831
vt 0.1147872 0.04374453
vt 0.1147872 0.08019831
vt 0.05105151 0.04374453
vt 0.05105151 0.08019831
vt 0.05740582 0.04374453
vt 0.05740582 0.08019831
vt -0.007977569 0.04374453
vt -0.007977569 0.08019831
vt -0.001623257 0.04374453
vt -0.001623257 0.08019831
vt -0.06686079 0.04374453
vt -0.06686079 0.08019831
vt -0.06050648 0.04374453
vt -0.06050648 0.08019831
vt -0.123809 0.04374453
vt -0.123809 0.08019831
vt -0.1174547 0.04374453
vt -0.1174547 0.08019831
vt -0.1770919 0.04374453
vt -0.1770919 0.08019831
vt -0.1707376 0.04374453
vt -0.1707376 0.08019831
vt -0.2250905 0.04374453
vt -0.2250905 0.08019831
vt -0.2187362 0.04374453
vt -0.2187362 0.08019831
vt -0.2663463 0.04374453
vt -0.2663463 0.08019831
vt -0.259992 0.04374453
vt -0.259992 0.08019831
vt -0.2996059 0.08019831
vt -0.2932516 0.08019831
vt -0.2996059 0.04374453
vt -0.2932516 0.04374453
vt -0.3238587 0.08019831
vt -0.3175044 0.08019831
vt -0.3238587 0.04374453
vt -0.3175044 0.04374453
vt -0.3383677 0.08019831
vt -0.3320134 0.08019831
vt -0.3383677 0.04374453
vt -0.3320134 0.04374453
vt -0.3426921 0.08019831
vt -0.3379461 0.08019831
vt -0.3426921 0.04374453
vt -0.3379461 0.04374453
vt -0.3363378 0.08019831
vt -0.3363378 0.04374453
vt -0.3367005 0.08019831
vt -0.3303462 0.08019831
vt -0.3367005 0.04374453
vt -0.3303462 0.04374453
vt -0.320575 0.08019831
vt -0.3142207 0.08019831
vt -0.320575 0.04374453
vt -0.3142207 0.04374453
vt -0.2948055 0.08019831
vt -0.2884512 0.08019831
vt -0.2948055 0.04374453
vt -0.2884512 0.04374453
vt -0.260175 0.08019831
vt -0.2538207 0.08019831
vt -0.260175 0.04374453
vt -0.2538207 0.04374453
vt -0.2177358 0.08019831
vt -0.2113815 0.08019831
vt -0.2177358 0.04374453
vt -0.2113815 0.04374453
vt -0.162423 0.08019831
vt -0.162423 0.04374453
vt -0.1687773 0.08019831
vt -0.1687773 0.04374453
vt -0.1084329 0.08019831
vt -0.1084329 0.04374453
vt -0.1147872 0.08019831
vt -0.1147872 0.04374453
vt -0.05105151 0.08019831
vt -0.05105151 0.04374453
vt -0.05740582 0.08019831
vt -0.05740582 0.04374453
vt 0.007977569 0.08019831
vt 0.007977569 0.04374453
vt 0.001623257 0.08019831
vt 0.001623257 0.04374453
vt 0.06050648 0.08019831
vt 0.06050648 0.04374453
vt -0.2333042 0.08019831
vt -0.2333042 0.0656168
vt -0.2406928 0.08019831
vt -0.2406928 0.04374453
vt -0.2406928 0.007290755
vt -0.2333042 0.007290755
vt -0.02595796 -0.1133774
vt -0.009473986 -0.1133774
vt -0.01467055 -0.1220174
vt -0.1458151 0.08019831
vt -0.1379342 0.08019831
vt -0.1458151 0.0656168
vt -0.1458151 0.007290755
vt -0.1379342 0.007290755
vt -0.1611396 0.08019831
vt -0.1599398 0.08019831
vt -0.1611396 0.007290755
vt -0.1599398 0.007290755
vt -0.08702084 0.007290755
vt -0.08702084 0.08019831
vt -0.08267573 0.007290755
vt -0.08267573 0.08019831
vt -0.05517516 0.08019831
vt -0.05062885 0.08019831
vt -0.05517516 0.007290755
vt -0.05062885 0.007290755
vt -0.1560845 0.08019831
vt -0.1554945 0.08019831
vt -0.1560845 0.007290755
vt -0.1554945 0.007290755
vt -0.1531354 0.08019831
vt -0.1523899 0.08019831
vt -0.1531354 0.007290755
vt -0.1523899 0.007290755
vt -0.1039241 0.007290755
vt -0.1039241 0.08019831
vt -0.0994165 0.007290755
vt -0.0994165 0.08019831
vt -0.0379123 0.08019831
vt -0.03342316 0.08019831
vt -0.0379123 0.007290755
vt -0.03342316 0.007290755
vt -0.1482763 0.08019831
vt -0.1474903 0.08019831
vt -0.1482763 0.007290755
vt -0.1474903 0.007290755
vt -0.144333 0.08019831
vt -0.1431759 0.08019831
vt -0.144333 0.007290755
vt -0.1431759 0.007290755
vt -0.09990994 0.007290755
vt -0.09990994 0.08019831
vt -0.09557653 0.007290755
vt -0.09557653 0.08019831
vt -0.02221333 0.08019831
vt -0.02221333 0.007290755
vt -0.02718974 0.08019831
vt -0.02718974 0.007290755
vt -0.1227216 0.08019831
vt -0.1213624 0.08019831
vt -0.1227216 0.007290755
vt -0.1213624 0.007290755
vt -0.123342 0.007290755
vt -0.123342 0.08019831
vt -0.1185549 0.007290755
vt -0.1185549 0.08019831
vt 0.01836526 0.08019831
vt 0.01836526 0.007290755
vt 0.01389401 0.08019831
vt 0.01389401 0.007290755
vt -0.1117724 0.08019831
vt -0.1103284 0.08019831
vt -0.1117724 0.007290755
vt -0.1103284 0.007290755
vt 0.06961074 0.04374453
vt 0.06961074 0.007290755
vt 0.05557972 0.007290755
vt 0.01193831 0.04374453
vt 0.01193831 0.007290755
vt -0.00331204 0.04374453
vt -0.00331204 0.007290755
vt -0.0470845 0.04374453
vt -0.0470845 0.007290755
vt -0.06233485 0.04374453
vt -0.06233485 0.007290755
vt -0.104445 0.04374453
vt -0.104445 0.007290755
vt -0.1196953 0.04374453
vt -0.1196953 0.007290755
vt -0.1584003 0.04374453
vt -0.1584003 0.007290755
vt -0.1736506 0.04374453
vt -0.1736506 0.007290755
vt -0.2225613 0.04374453
vt -0.207311 0.04374453
vt -0.2225613 0.007290755
vt -0.207311 0.007290755
vt -0.2649413 0.04374453
vt -0.2496909 0.04374453
vt -0.2649413 0.007290755
vt -0.2496909 0.007290755
vt -0.2995028 0.04374453
vt -0.2842525 0.04374453
vt -0.2995028 0.007290755
vt -0.2842525 0.007290755
vt -0.3191408 0.04374453
vt -0.3099455 0.04374453
vt -0.3191408 0.007290755
vt -0.3099455 0.007290755
vt -0.2916345 0.08804806
vt -0.2853968 0.1638575
vt -0.2916748 0.08748906
vt -0.2727841 0.1552848
vt -0.2618516 0.1446521
vt -0.2529316 0.1322825
vt -0.246295 0.1185519
vt -0.2421436 0.1038775
vt -0.2406034 0.08870511
vt -0.3208431 0.01458964
vt -0.3150922 0.05342894
vt -0.3093751 0.05620238
vt -0.3042265 0.05992645
vt -0.2998027 0.064488
vt -0.2962383 0.06974843
vt -0.2936415 0.07554789
vt -0.2920912 0.08171018
vt -0.3354188 0.1231583
vt -0.3354169 0.1597667
vt -0.3349639 0.1232877
vt -0.328643 0.1239386
vt -0.3223051 0.1234819
vt -0.3208354 0.159766
vt -0.3161428 0.1219316
vt -0.3208346 0.1743475
vt -0.3140907 0.1738518
vt -0.3103434 0.1193347
vt -0.3050829 0.1157703
vt -0.3005214 0.1113466
vt -0.2993066 0.1701099
vt -0.2967973 0.1061979
vt -0.2940239 0.1004808
vt -0.2922853 0.09436896
vt -0.3645335 0.08693006
vt -0.3638827 0.08060917
vt -0.3707712 0.01112061
vt -0.3621441 0.07449732
vt -0.3593707 0.06878021
vt -0.3568614 0.004868265
vt -0.3556466 0.06363156
vt -0.3510851 0.05920782
vt -0.3458246 0.05564338
vt -0.3420773 0.001126314
vt -0.3400252 0.05304656
vt -0.3354253 0.0006374073
vt -0.3354246 0.01459042
vt -0.3354226 0.05188865
vt -0.3338629 0.05149625
vt -0.327525 0.05103957
vt -0.3212041 0.05169039
vt -0.4155646 0.08627302
vt -0.4144467 0.1014823
vt -0.4140244 0.07110064
vt -0.4107048 0.1162665
vt -0.409873 0.05642622
vt -0.4044524 0.1301762
vt -0.4032364 0.04269563
vt -0.3958797 0.142789
vt -0.3943164 0.03032606
vt -0.385247 0.1537214
vt -0.3833839 0.01969337
vt -0.3728774 0.1626415
vt -0.3640768 0.09326794
vt -0.3625265 0.09943024
vt -0.3599297 0.1052297
vt -0.3591468 0.169278
vt -0.3563652 0.1104901
vt -0.3519415 0.1150517
vt -0.3467928 0.1187757
vt -0.3444724 0.1734295
vt -0.3410757 0.1215492
vt -0.3354169 0.1743487
vt -0.4218918 0.1014007
vt -0.4246278 0.1014823
vt -0.01193831 0.007290755
vt -0.01193831 0.04374453
vt 0.00331204 0.007290755
vt 0.00331204 0.04374453
vt -0.5009 0.1202276
vt -0.49554 0.1239247
vt -0.4941574 0.1170696
vt -0.4904231 0.1279516
vt -0.4872915 0.1141895
vt -0.4855696 0.1322924
vt -0.481232 0.1119337
vt -0.4809987 0.1369298
vt -0.4803138 0.1115919
vt -0.4767286 0.1418456
vt -0.4732359 0.1092811
vt -0.4727761 0.1470202
vt -0.4691569 0.1524331
vt -0.4660696 0.1072611
vt -0.4658853 0.158063
vt -0.4629743 0.1638875
vt -0.4604355 0.1698836
vt -0.4588268 0.1055353
vt -0.4582788 0.1760275
vt -0.4565127 0.1822948
vt -0.4544393 0.1816518
vt -0.4515197 0.1041064
vt -0.448911 0.1801272
vt -0.4441603 0.1029768
vt -0.4433373 0.1787785
vt -0.4377236 0.1776068
vt -0.436761 0.1021485
vt -0.4320757 0.1766133
vt -0.4293341 0.1016228
vt -0.4263992 0.1757992
vt -0.4206997 0.1751651
vt -0.414983 0.1747117
vt -0.4092549 0.1744395
vt -0.403521 0.1743487
vt 0.3160938 0.04374453
vt 0.3251958 0.04374453
vt 0.3160938 0.007290755
vt 0.3251958 0.007290755
vt 0.2842525 0.04374453
vt 0.2995028 0.04374453
vt 0.2842525 0.007290755
vt 0.2995028 0.007290755
vt 0.2496909 0.04374453
vt 0.2649413 0.04374453
vt 0.2496909 0.007290755
vt 0.2649413 0.007290755
vt 0.207311 0.04374453
vt 0.2225613 0.04374453
vt 0.207311 0.007290755
vt 0.2225613 0.007290755
vt 0.1584003 0.007290755
vt 0.1584003 0.04374453
vt 0.1736506 0.007290755
vt 0.1736506 0.04374453
vt 0.104445 0.007290755
vt 0.104445 0.04374453
vt 0.1196953 0.007290755
vt 0.1196953 0.04374453
vt 0.0470845 0.007290755
vt 0.0470845 0.04374453
vt 0.06233485 0.007290755
vt 0.06233485 0.04374453
vn -0.9834430799589545 0 0.18121729630707242
vn 0 1 0
vn -0.764033990781166 0 -0.6451759922153065
vn 0 -1 0
vn -0.30950620724783073 0 0.9508974222675456
vn -0.49808360616877545 0 0.8671290107394102
vn -0.3485693036614609 0 -0.9372830098454599
vn -0.9993359608383741 0 -0.036436758572129135
vn -0.6215200592447868 0 0.7833982486298757
vn -0.26910659936064035 0 -0.9631103977117845
vn -0.9940289347525195 0 -0.10911680381486265
vn -0.6469844763040353 0 0.762503172073135
vn -0.16043300517637982 0 -0.9870467318471177
vn -0.9834430799589545 0 -0.18121729630707242
vn -0.7493046948120954 0 0.6622253954149997
vn 0 0 -1
vn -0.9676345915344503 0 -0.25235549779221617
vn -0.7997800942961203 0 0.6002930957188237
vn -0.040150990958023935 0 -0.9991936238412897
vn -0.9466874421839152 0 -0.3221535143549982
vn -0.789849814003986 0 0.6133003108737748
vn -0.9207128266691471 0 -0.39024081130362176
vn -0.8944271909999159 0 0.4472135954999579
vn -0.6750753704362225 0 -0.7377487676915476
vn -1 0 0
vn -0.6529710052063304 0 0.7573829060388374
vn 0 0 1
vn 0.9312427988860801 0 0.3643992995641184
vn 0.9999999985904907 0 -0.00005309442992516291
vn -0.00005309442992516291 0 -0.9999999985904907
vn 0.00005309442992516291 0 0.9999999985904907
vn 0.9871262345671623 0 -0.15994310560088376
vn 0.9973098795618205 0 -0.0733007784978245
vn 0.9443557303075396 0 -0.3289259105563346
vn 0.8728914858156838 0 -0.48791439207148635
vn 0.7749048307127917 0 -0.6320779250519507
vn 0.6533730789264905 0 -0.7570360755830055
vn 0.511989002000597 0 -0.8589920033565113
vn 0.35504828607555855 0 -0.9348479633367173
vn 0.18731970042998392 0 -0.9822990022548231
vn 0.013899429975774093 0 -0.9999033982572259
vn -0.0733007784978245 0 -0.9973098795618205
vn 0.9998886567399967 0 -0.014922269354390694
vn 1 0 0
vn 0.9987375374086523 0 -0.05023277188151565
vn 0.9958559518787755 0 -0.0909446156054224
vn 0.9913155071546959 0 -0.13150500094912093
vn 0.985123774312834 0 -0.17184629551909675
vn 0.9772910730849643 0 -0.21190129416414302
vn 0.9678304222331361 0 -0.25160340577986867
vn 0.9567575986305353 0 -0.2908863995836368
vn 0.9440910658001836 0 -0.32968478805712753
vn 0.9371666533812202 0 -0.3488820198723972
vn 0.929851907304168 0 -0.36793400289019335
vn 0.9140638092198874 0 -0.40557040409086703
vn 0.9055970621110786 0 -0.4241390822546108
vn -0.959687067224336 0 0.28107069040074745
vn -0.9551181590057325 0 0.29622508728583435
vn -0.9681024961389652 0 0.250554499000726
vn -0.9640155352892065 0 0.26584590973168054
vn -0.9755478373787598 0 0.21978720842129207
vn -0.9820156170068167 0 0.1887997032696852
vn -0.9874993629049031 0 0.15762299407894279
vn -0.9919935690421032 0 0.12628839605882208
vn -0.995493752160501 0 0.09482715544298133
vn -0.9979963862641456 0 0.06327094912917465
vn -0.9994989711685687 0 0.031651329086989435
vn -0.9998747348933228 0 0.01582765055234851
vn -0.9999999985904907 0 0.00005309442992516291
vn -0.9871262345671623 0 0.15994310560088376
vn -0.9973098795618205 0 0.0733007784978245
vn -0.9443557303075396 0 0.3289259105563346
vn -0.8728914858156838 0 0.48791439207148635
vn -0.7749048307127917 0 0.6320779250519507
vn -0.6533730789264905 0 0.7570360755830055
vn -0.511989002000597 0 0.8589920033565113
vn -0.35504828607555855 0 0.9348479633367173
vn -0.18731970042998392 0 0.9822990022548231
vn -0.013899429975774093 0 0.9999033982572259
vn 0.0733007784978245 0 0.9973098795618205
vn 0.015334490303520784 0 -0.9998824197910129
vn -0.07186935670171335 0 -0.9974140542258676
vn 0.18872929072101802 0 -0.9820291517179832
vn 0.3563896135380085 0 -0.9343374354922471
vn 0.5132213053212376 0 -0.8582563088986674
vn 0.6544588893601445 0 -0.756097587707755
vn 0.7758112095178653 0 -0.6309651077408533
vn 0.8735907958809846 0 -0.486661197705373
vn 0.9448268387727276 0 -0.3275702134424533
vn 0.987354771776721 0 -0.15852619546857002
vn 0.9998824197910129 0 0.015334490303520784
vn 0.9820291517179832 0 0.18872929072101802
vn 0.9618433930536054 0 0.2736005980240674
vn 0.9343374354922471 0 0.3563896135380085
vn 0.8582563088986674 0 0.5132213053212376
vn 0.756097587707755 0 0.6544588893601445
vn 0.6309651077408533 0 0.7758112095178653
vn 0.486661197705373 0 0.8735907958809846
vn 0.3275702134424533 0 0.9448268387727276
vn 0.15852619546857002 0 0.987354771776721
vn -0.015334490303520784 0 0.9998824197910129
vn -0.18872929072101802 0 0.9820291517179832
vn -0.3563896135380085 0 0.9343374354922471
vn -0.5132213053212376 0 0.8582563088986674
vn -0.6544588893601445 0 0.756097587707755
vn -0.7758112095178653 0 0.6309651077408533
vn -0.8735907958809846 0 0.486661197705373
vn -0.9448268387727276 0 0.3275702134424533
vn -0.9697811178125664 0 0.24397660448126834
vn -0.987354771776721 0 0.15852619546857002
vn -0.9998824197910129 0 -0.015334490303520784
vn -0.9820291517179832 0 -0.18872929072101802
vn -0.9343374354922471 0 -0.3563896135380085
vn -0.8582563088986674 0 -0.5132213053212376
vn -0.756097587707755 0 -0.6544588893601445
vn -0.6309651077408533 0 -0.7758112095178653
vn -0.486661197705373 0 -0.8735907958809846
vn -0.3275702134424533 0 -0.9448268387727276
vn -0.15852619546857002 0 -0.987354771776721
vn -0.25989539411856083 0.886419179940312 -0.38303449133192
vn -0.9207128266691471 0 0.39024081130362176
vn -0.7807703704854088 0 -0.6248180763806994
vn -0.934320582543715 0 0.356433793340605
vn -0.9466874421839152 0 0.3221535143549982
vn -0.15030020070399114 0 0.9886404046306929
vn -0.7165734953290839 0 -0.6975115954533371
vn -0.95779702337496 0 0.2874454070150822
vn -0.9676345915344503 0 0.25235549779221617
vn -0.1389119059173903 0 0.9903047421851507
vn -0.6985644954667846 0 -0.7155470953565789
vn -0.9940289347525195 0 0.10911680381486265
vn -0.45471512050546514 0 0.890636940163443
vn -0.4788946027318734 0 -0.8778724050078582
vn -0.9993359608383741 0 0.036436758572129135
vn -0.15994310560088376 0 -0.9871262345671623
vn -0.3289259105563346 0 -0.9443557303075396
vn -0.48791439207148635 0 -0.8728914858156838
vn -0.6320779250519507 0 -0.7749048307127917
vn -0.7570360755830055 0 -0.6533730789264905
vn -0.8589920033565113 0 -0.511989002000597
vn -0.9348479633367173 0 -0.35504828607555855
vn -0.9822990022548231 0 -0.18731970042998392
vn -0.9948870444683626 0 -0.10099390451411402
vn 0.3289259105563346 0 0.9443557303075396
vn 0.24536819037282714 0 0.9694299619638153
vn 0.9822990022548231 0 0.18731970042998392
vn 0.9948870444683626 0 0.10099390451411402
vn 0.9348479633367173 0 0.35504828607555855
vn 0.8589920033565113 0 0.511989002000597
vn 0.7570360755830055 0 0.6533730789264905
vn 0.6320779250519507 0 0.7749048307127917
vn 0.48791439207148635 0 0.8728914858156838
vn 0.9834430799589545 0 -0.18121729630707242
vn 0.764033990781166 0 0.6451759922153065
vn 0.30950620724783073 0 -0.9508974222675456
vn 0.49808360616877545 0 -0.8671290107394102
vn 0.3485693036614609 0 0.9372830098454599
vn 0.9993359608383741 0 0.036436758572129135
vn 0.6215200592447868 0 -0.7833982486298757
vn 0.26910659936064035 0 0.9631103977117845
vn 0.9940289347525195 0 0.10911680381486265
vn 0.6469844763040353 0 -0.762503172073135
vn 0.16043300517637982 0 0.9870467318471177
vn 0.9834430799589545 0 0.18121729630707242
vn 0.7493046948120954 0 -0.6622253954149997
vn 0.9676345915344503 0 0.25235549779221617
vn 0.7997800942961203 0 -0.6002930957188237
vn 0.040150990958023935 0 0.9991936238412897
vn 0.9466874421839152 0 0.3221535143549982
vn 0.789849814003986 0 -0.6133003108737748
vn 0.9207128266691471 0 0.39024081130362176
vn 0.8944271909999159 0 -0.4472135954999579
vn 0.6750753704362225 0 0.7377487676915476
vn 0.6529710052063304 0 -0.7573829060388374
vn -0.9312427988860801 0 -0.3643992995641184
vn -0.9998886567399967 0 0.014922269354390694
vn -0.9987375374086523 0 0.05023277188151565
vn -0.9958559518787755 0 0.0909446156054224
vn -0.9913155071546959 0 0.13150500094912093
vn -0.985123774312834 0 0.17184629551909675
vn -0.9772910730849643 0 0.21190129416414302
vn -0.9678304222331361 0 0.25160340577986867
vn -0.9567575986305353 0 0.2908863995836368
vn -0.9440910658001836 0 0.32968478805712753
vn -0.9371666533812202 0 0.3488820198723972
vn -0.929851907304168 0 0.36793400289019335
vn -0.9140638092198874 0 0.40557040409086703
vn -0.9055970621110786 0 0.4241390822546108
vn 0.9551181590057325 0 -0.29622508728583435
vn 0.959687067224336 0 -0.28107069040074745
vn 0.9640155352892065 0 -0.26584590973168054
vn 0.9681024961389652 0 -0.250554499000726
vn 0.9755478373787598 0 -0.21978720842129207
vn 0.9820156170068167 0 -0.1887997032696852
vn 0.9874993629049031 0 -0.15762299407894279
vn 0.9919935690421032 0 -0.12628839605882208
vn 0.995493752160501 0 -0.09482715544298133
vn 0.9979963862641456 0 -0.06327094912917465
vn 0.9994989711685687 0 -0.031651329086989435
vn 0.9998747348933228 0 -0.01582765055234851
vn 0.07186935670171335 0 0.9974140542258676
vn -0.9618433930536054 0 -0.2736005980240674
vn 0.9697811178125664 0 -0.24397660448126834
vn 0.25989539411856083 -0.886419179940312 0.38303449133192
vn 0.9207128266691471 0 -0.39024081130362176
vn 0.7807703704854088 0 0.6248180763806994
vn 0.934320582543715 0 -0.356433793340605
vn 0.9466874421839152 0 -0.3221535143549982
vn 0.15030020070399114 0 -0.9886404046306929
vn 0.7165734953290839 0 0.6975115954533371
vn 0.95779702337496 0 -0.2874454070150822
vn 0.9676345915344503 0 -0.25235549779221617
vn 0.1389119059173903 0 -0.9903047421851507
vn 0.6985644954667846 0 0.7155470953565789
vn 0.9940289347525195 0 -0.10911680381486265
vn 0.45471512050546514 0 -0.890636940163443
vn 0.4788946027318734 0 0.8778724050078582
vn 0.9993359608383741 0 -0.036436758572129135
vn 0.15994310560088376 0 0.9871262345671623
vn -0.24536819037282714 0 -0.9694299619638153
usemtl material_0_0
f 5/1058/153 6/1059/153 7/1060/153
f 8/1061/153 7/1060/153 6/1059/153
f 180/1062/4 181/1063/4 182/1064/4
f 183/1065/4 184/1066/4 185/1067/4
f 186/1068/4 187/1069/4 188/1070/4
f 188/1070/4 187/1069/4 189/1071/4
f 189/1071/4 187/1069/4 190/1072/4
f 187/1069/4 191/1073/4 190/1072/4
f 190/1072/4 191/1073/4 192/1074/4
f 191/1073/4 193/1075/4 192/1074/4
f 193/1075/4 194/1076/4 192/1074/4
f 192/1074/4 194/1076/4 195/1077/4
f 194/1076/4 196/1078/4 195/1077/4
f 195/1077/4 196/1078/4 197/1079/4
f 196/1078/4 198/1080/4 197/1079/4
f 197/1079/4 198/1080/4 199/1081/4
f 199/1081/4 198/1080/4 200/1082/4
f 198/1080/4 201/1083/4 200/1082/4
f 200/1082/4 201/1083/4 202/1084/4
f 202/1084/4 201/1083/4 203/1085/4
f 203/1085/4 201/1083/4 204/1086/4
f 201/1083/4 205/1087/4 204/1086/4
f 204/1086/4 205/1087/4 206/1088/4
f 205/1087/4 207/1089/4 206/1088/4
f 206/1088/4 207/1089/4 208/1090/4
f 208/1090/4 207/1089/4 209/1091/4
f 207/1089/4 210/1092/4 209/1091/4
f 209/1091/4 210/1092/4 211/1093/4
f 210/1092/4 212/1094/4 211/1093/4
f 211/1093/4 212/1094/4 213/1095/4
f 212/1094/4 214/1096/4 213/1095/4
f 213/1095/4 214/1096/4 215/1097/4
f 215/1097/4 214/1096/4 216/1098/4
f 214/1096/4 217/1099/4 216/1098/4
f 217/1099/4 218/1100/4 216/1098/4
f 218/1100/4 219/1101/4 216/1098/4
f 216/1098/4 219/1101/4 220/1102/4
f 220/1102/4 219/1101/4 221/1103/4
f 219/1101/4 222/1104/4 221/1103/4
f 222/1104/4 223/1105/4 221/1103/4
f 223/1105/4 224/1106/4 221/1103/4
f 224/1106/4 225/1107/4 221/1103/4
f 225/1107/4 226/1108/4 221/1103/4
f 226/1108/4 227/1109/4 221/1103/4
f 227/1109/4 228/1110/4 221/1103/4
f 228/1110/4 229/1111/4 221/1103/4
f 229/1111/4 230/1112/4 221/1103/4
f 230/1112/4 231/1113/4 221/1103/4
f 231/1113/4 232/1114/4 221/1103/4
f 232/1114/4 233/1115/4 221/1103/4
f 233/1115/4 234/1116/4 221/1103/4
f 221/1103/4 234/1116/4 235/1117/4
f 235/1117/4 234/1116/4 236/1118/4
f 234/1116/4 237/1119/4 236/1118/4
f 237/1119/4 238/1120/4 236/1118/4
f 238/1120/4 239/1121/4 236/1118/4
f 236/1118/4 239/1121/4 240/1122/4
f 239/1121/4 241/1123/4 240/1122/4
f 240/1122/4 241/1123/4 242/1124/4
f 242/1124/4 241/1123/4 243/1125/4
f 241/1123/4 244/1126/4 243/1125/4
f 244/1126/4 245/1127/4 243/1125/4
f 245/1127/4 246/1128/4 243/1125/4
f 243/1125/4 246/1128/4 247/1129/4
f 246/1128/4 248/1130/4 247/1129/4
f 248/1130/4 249/1131/4 247/1129/4
f 249/1131/4 250/1132/4 247/1129/4
f 250/1132/4 251/1133/4 247/1129/4
f 252/1134/4 247/1129/4 251/1133/4
f 218/1100/4 217/1099/4 253/1135/4
f 226/1108/4 225/1107/4 254/1136/4
f 254/1136/4 225/1107/4 255/1137/4
f 255/1137/4 225/1107/4 256/1138/4
f 225/1107/4 257/1139/4 256/1138/4
f 256/1138/4 257/1139/4 258/1140/4
f 258/1140/4 257/1139/4 259/1141/4
f 259/1141/4 257/1139/4 260/1142/4
f 257/1139/4 261/1143/4 260/1142/4
f 260/1142/4 261/1143/4 262/1144/4
f 261/1143/4 263/1145/4 262/1144/4
f 263/1145/4 264/1146/4 262/1144/4
f 262/1144/4 264/1146/4 265/1147/4
f 265/1147/4 264/1146/4 266/1148/4
f 266/1148/4 264/1146/4 267/1149/4
f 267/1149/4 264/1146/4 268/1150/4
f 264/1146/4 269/1151/4 268/1150/4
f 270/1152/4 268/1150/4 269/1151/4
f 269/1151/4 271/1153/4 270/1152/4
f 270/1152/4 271/1153/4 272/1154/4
f 272/1154/4 271/1153/4 273/1155/4
f 273/1155/4 271/1153/4 274/1156/4
f 274/1156/4 271/1153/4 275/1157/4
f 275/1157/4 271/1153/4 276/1158/4
f 277/1159/4 278/1160/4 279/1161/4
f 278/1160/4 276/1158/4 279/1161/4
f 276/1158/4 271/1153/4 279/1161/4
f 279/1161/4 271/1153/4 280/1162/4
f 280/1162/4 271/1153/4 281/1163/4
f 271/1153/4 282/1164/4 281/1163/4
f 281/1163/4 282/1164/4 283/1165/4
f 283/1165/4 282/1164/4 284/1166/4
f 284/1166/4 282/1164/4 285/1167/4
f 285/1167/4 282/1164/4 286/1168/4
f 286/1168/4 282/1164/4 287/1169/4
f 287/1169/4 282/1164/4 288/1170/4
f 288/1170/4 282/1164/4 289/1171/4
f 289/1171/4 282/1164/4 290/1172/4
f 290/1172/4 282/1164/4 291/1173/4
f 291/1173/4 282/1164/4 292/1174/4
f 292/1174/4 282/1164/4 293/1175/4
f 293/1175/4 282/1164/4 294/1176/4
f 294/1176/4 282/1164/4 295/1177/4
f 295/1177/4 282/1164/4 296/1178/4
f 296/1178/4 282/1164/4 297/1179/4
f 297/1179/4 282/1164/4 298/1180/4
f 298/1180/4 282/1164/4 299/1181/4
f 299/1181/4 282/1164/4 300/1182/4
f 300/1182/4 282/1164/4 301/1183/4
f 302/1184/4 301/1183/4 303/1185/4
f 301/1183/4 282/1164/4 303/1185/4
f 303/1185/4 282/1164/4 304/1186/4
f 305/1187/4 304/1186/4 306/1188/4
f 304/1186/4 282/1164/4 306/1188/4
f 306/1188/4 282/1164/4 307/1189/4
f 307/1189/4 282/1164/4 308/1190/4
f 309/1191/4 308/1190/4 310/1192/4
f 310/1192/4 308/1190/4 311/1193/4
f 308/1190/4 282/1164/4 311/1193/4
f 312/1194/4 311/1193/4 313/1195/4
f 313/1195/4 311/1193/4 183/1065/4
f 311/1193/4 282/1164/4 183/1065/4
f 184/1066/4 183/1065/4 314/1196/4
f 183/1065/4 282/1164/4 314/1196/4
f 315/1197/4 314/1196/4 316/1198/4
f 316/1198/4 314/1196/4 180/1062/4
f 314/1196/4 282/1164/4 180/1062/4
f 181/1063/4 180/1062/4 317/1199/4
f 180/1062/4 282/1164/4 317/1199/4
f 318/1200/4 317/1199/4 319/1201/4
f 319/1201/4 317/1199/4 320/1202/4
f 317/1199/4 282/1164/4 320/1202/4
f 321/1203/4 320/1202/4 322/1204/4
f 322/1204/4 320/1202/4 323/1205/4
f 320/1202/4 282/1164/4 323/1205/4
f 324/1206/4 323/1205/4 325/1207/4
f 325/1207/4 323/1205/4 326/1208/4
f 323/1205/4 282/1164/4 326/1208/4
f 327/1209/4 326/1208/4 328/1210/4
f 328/1210/4 326/1208/4 329/1211/4
f 326/1208/4 282/1164/4 329/1211/4
f 330/1212/4 329/1211/4 331/1213/4
f 331/1213/4 329/1211/4 332/1214/4
f 329/1211/4 282/1164/4 332/1214/4
f 333/1215/4 332/1214/4 334/1216/4
f 334/1216/4 332/1214/4 335/1217/4
f 332/1214/4 282/1164/4 335/1217/4
f 336/1218/4 335/1217/4 337/1219/4
f 337/1219/4 335/1217/4 338/1220/4
f 335/1217/4 282/1164/4 338/1220/4
f 339/1221/4 338/1220/4 340/1222/4
f 340/1222/4 338/1220/4 341/1223/4
f 338/1220/4 282/1164/4 341/1223/4
f 342/1224/4 341/1223/4 343/1225/4
f 282/1164/4 344/1226/4 341/1223/4
f 343/1225/4 341/1223/4 344/1226/4
f 251/1133/4 277/1159/4 252/1134/4
f 252/1134/4 277/1159/4 345/1227/4
f 345/1227/4 277/1159/4 346/1228/4
f 346/1228/4 277/1159/4 347/1229/4
f 347/1229/4 277/1159/4 348/1230/4
f 348/1230/4 277/1159/4 349/1231/4
f 277/1159/4 279/1161/4 349/1231/4
f 350/1232/4 349/1231/4 279/1161/4
f 355/1233/154 356/1234/154 357/1235/154
f 358/1236/154 357/1235/154 356/1234/154
f 456/1237/2 457/1238/2 458/1239/2
f 459/1240/2 460/1241/2 461/1242/2
f 461/1242/2 460/1241/2 462/1243/2
f 460/1241/2 463/1244/2 462/1243/2
f 462/1243/2 463/1244/2 464/1245/2
f 463/1244/2 465/1246/2 464/1245/2
f 464/1245/2 465/1246/2 466/1247/2
f 465/1246/2 467/1248/2 466/1247/2
f 466/1247/2 467/1248/2 468/1249/2
f 467/1248/2 469/1250/2 468/1249/2
f 469/1250/2 470/1251/2 468/1249/2
f 468/1249/2 470/1251/2 471/1252/2
f 470/1251/2 472/1253/2 471/1252/2
f 472/1253/2 473/1254/2 471/1252/2
f 471/1252/2 473/1254/2 474/1255/2
f 473/1254/2 475/1256/2 474/1255/2
f 475/1256/2 476/1257/2 474/1255/2
f 476/1257/2 477/1258/2 474/1255/2
f 477/1258/2 478/1259/2 474/1255/2
f 458/1239/2 457/1238/2 479/1260/2
f 457/1238/2 474/1255/2 479/1260/2
f 474/1255/2 478/1259/2 479/1260/2
f 478/1259/2 480/1261/2 479/1260/2
f 480/1261/2 481/1262/2 479/1260/2
f 481/1262/2 482/1263/2 479/1260/2
f 482/1263/2 483/1264/2 479/1260/2
f 483/1264/2 484/1265/2 479/1260/2
f 484/1265/2 485/1266/2 479/1260/2
f 486/1267/2 487/1268/2 485/1266/2
f 485/1266/2 487/1268/2 479/1260/2
f 487/1268/2 488/1269/2 479/1260/2
f 488/1269/2 489/1270/2 479/1260/2
f 489/1270/2 490/1271/2 479/1260/2
f 490/1271/2 491/1272/2 479/1260/2
f 491/1272/2 492/1273/2 479/1260/2
f 492/1273/2 493/1274/2 479/1260/2
f 493/1274/2 494/1275/2 479/1260/2
f 494/1275/2 495/1276/2 479/1260/2
f 495/1276/2 496/1277/2 479/1260/2
f 496/1277/2 497/1278/2 479/1260/2
f 497/1278/2 498/1279/2 479/1260/2
f 498/1279/2 499/1280/2 479/1260/2
f 499/1280/2 500/1281/2 479/1260/2
f 500/1281/2 501/1282/2 479/1260/2
f 501/1282/2 502/1283/2 479/1260/2
f 503/1284/2 504/1285/2 502/1283/2
f 502/1283/2 504/1285/2 479/1260/2
f 504/1285/2 505/1286/2 479/1260/2
f 506/1287/2 507/1288/2 505/1286/2
f 505/1286/2 507/1288/2 479/1260/2
f 507/1288/2 508/1289/2 479/1260/2
f 508/1289/2 509/1290/2 479/1260/2
f 510/1291/2 511/1292/2 509/1290/2
f 511/1292/2 512/1293/2 509/1290/2
f 509/1290/2 512/1293/2 479/1260/2
f 513/1294/2 514/1295/2 512/1293/2
f 514/1295/2 515/1296/2 512/1293/2
f 512/1293/2 515/1296/2 479/1260/2
f 516/1297/2 517/1298/2 515/1296/2
f 517/1298/2 518/1299/2 515/1296/2
f 515/1296/2 518/1299/2 479/1260/2
f 519/1300/2 520/1301/2 518/1299/2
f 520/1301/2 521/1302/2 518/1299/2
f 518/1299/2 521/1302/2 479/1260/2
f 522/1303/2 523/1304/2 521/1302/2
f 523/1304/2 524/1305/2 521/1302/2
f 521/1302/2 524/1305/2 479/1260/2
f 525/1306/2 526/1307/2 524/1305/2
f 526/1307/2 527/1308/2 524/1305/2
f 524/1305/2 527/1308/2 479/1260/2
f 528/1309/2 529/1310/2 527/1308/2
f 529/1310/2 530/1311/2 527/1308/2
f 527/1308/2 530/1311/2 479/1260/2
f 531/1312/2 532/1313/2 530/1311/2
f 532/1313/2 533/1314/2 530/1311/2
f 530/1311/2 533/1314/2 479/1260/2
f 534/1315/2 535/1316/2 533/1314/2
f 535/1316/2 536/1317/2 533/1314/2
f 533/1314/2 536/1317/2 479/1260/2
f 537/1318/2 538/1319/2 536/1317/2
f 538/1319/2 539/1320/2 536/1317/2
f 536/1317/2 539/1320/2 479/1260/2
f 540/1321/2 541/1322/2 539/1320/2
f 541/1322/2 542/1323/2 539/1320/2
f 539/1320/2 542/1323/2 479/1260/2
f 543/1324/2 544/1325/2 542/1323/2
f 544/1325/2 545/1326/2 542/1323/2
f 542/1323/2 545/1326/2 479/1260/2
f 546/1327/2 547/1328/2 545/1326/2
f 547/1328/2 548/1329/2 545/1326/2
f 545/1326/2 548/1329/2 479/1260/2
f 479/1260/2 548/1329/2 549/1330/2
f 548/1329/2 550/1331/2 549/1330/2
f 551/1332/2 549/1330/2 550/1331/2
f 552/1333/2 488/1269/2 487/1268/2
f 557/1334/155 558/1335/155 559/1336/155
f 560/1337/155 559/1336/155 558/1335/155
f 565/1338/156 566/1339/156 567/1340/156
f 568/1341/156 567/1340/156 566/1339/156
f 573/1342/157 574/1343/157 575/1344/157
f 576/1345/157 575/1344/157 574/1343/157
f 581/1346/158 582/1347/158 583/1348/158
f 584/1349/158 583/1348/158 582/1347/158
f 589/1350/159 590/1351/159 591/1352/159
f 592/1353/159 591/1352/159 590/1351/159
f 597/1352/159 598/1353/159 599/1354/159
f 600/1355/159 599/1354/159 598/1353/159
f 605/1356/160 606/1357/160 607/1358/160
f 608/1359/160 607/1358/160 606/1357/160
f 613/1360/161 614/1361/161 615/1362/161
f 616/1363/161 615/1362/161 614/1361/161
f 621/1364/162 622/1365/162 623/1366/162
f 624/1367/162 623/1366/162 622/1365/162
f 629/1368/163 630/1369/163 631/1370/163
f 632/1371/163 631/1370/163 630/1369/163
f 637/1372/164 638/1373/164 639/1374/164
f 640/1375/164 639/1374/164 638/1373/164
f 645/1376/165 646/1377/165 647/1378/165
f 648/1379/165 647/1378/165 646/1377/165
f 653/1380/27 654/1381/27 655/1382/27
f 656/1383/27 655/1382/27 654/1381/27
f 661/1384/166 662/1385/166 663/1386/166
f 664/1387/166 663/1386/166 662/1385/166
f 669/1388/167 670/1389/167 671/1390/167
f 672/1391/167 671/1390/167 670/1389/167
f 677/1392/168 678/1393/168 679/1394/168
f 680/1395/168 679/1394/168 678/1393/168
f 685/1396/169 686/1397/169 687/1398/169
f 688/1399/169 687/1398/169 686/1397/169
f 693/1400/170 694/1401/170 695/1402/170
f 696/1403/170 695/1402/170 694/1401/170
f 701/1404/27 702/1405/27 703/1406/27
f 704/1407/27 703/1406/27 702/1405/27
f 709/1408/171 710/1409/171 711/1410/171
f 712/1411/171 711/1410/171 710/1409/171
f 717/1412/172 718/1413/172 719/1414/172
f 720/1415/172 719/1414/172 718/1413/172
f 725/1416/173 726/1417/173 727/1418/173
f 728/1419/173 727/1418/173 726/1417/173
f 733/1420/44 734/1421/44 735/1422/44
f 736/1423/44 735/1422/44 734/1421/44
f 741/1424/174 742/1425/174 743/1426/174
f 744/1427/174 743/1426/174 742/1425/174
f 749/1428/173 750/1429/173 751/1430/173
f 752/1431/173 751/1430/173 750/1429/173
f 757/1432/44 758/1433/44 759/1434/44
f 760/1435/44 759/1434/44 758/1433/44
f 765/1436/174 766/1437/174 767/1438/174
f 768/1439/174 767/1438/174 766/1437/174
f 773/1440/173 774/1441/173 775/1442/173
f 776/1443/173 775/1442/173 774/1441/173
f 781/1444/44 782/1445/44 783/1446/44
f 784/1447/44 783/1446/44 782/1445/44
f 789/1448/174 790/1449/174 791/1450/174
f 792/1451/174 791/1450/174 790/1449/174
f 797/1452/173 798/1453/173 799/1454/173
f 800/1455/173 799/1454/173 798/1453/173
f 805/1456/44 806/1457/44 807/1458/44
f 808/1459/44 807/1458/44 806/1457/44
f 813/1460/174 814/1461/174 815/1462/174
f 816/1463/174 815/1462/174 814/1461/174
f 821/1464/173 822/1465/173 823/1466/173
f 824/1467/173 823/1466/173 822/1465/173
f 829/1468/44 830/1469/44 831/1470/44
f 832/1471/44 831/1470/44 830/1469/44
f 837/1472/174 838/1473/174 839/1474/174
f 840/1475/174 839/1474/174 838/1473/174
f 845/1476/173 846/1477/173 847/1478/173
f 848/1479/173 847/1478/173 846/1477/173
f 853/1480/44 854/1481/44 855/1482/44
f 856/1483/44 855/1482/44 854/1481/44
f 861/1484/174 862/1485/174 863/1486/174
f 864/1487/174 863/1486/174 862/1485/174
f 869/1488/173 870/1489/173 871/1490/173
f 872/1491/173 871/1490/173 870/1489/173
f 877/1492/44 878/1493/44 879/1494/44
f 880/1495/44 879/1494/44 878/1493/44
f 885/1496/174 886/1497/174 887/1498/174
f 888/1499/174 887/1498/174 886/1497/174
f 893/1500/173 894/1501/173 895/1502/173
f 896/1503/173 895/1502/173 894/1501/173
f 901/1504/44 902/1505/44 903/1506/44
f 904/1507/44 903/1506/44 902/1505/44
f 909/1508/174 910/1509/174 911/1510/174
f 912/1511/174 911/1510/174 910/1509/174
f 917/1512/173 918/1513/173 919/1514/173
f 920/1515/173 919/1514/173 918/1513/173
f 925/1516/44 926/1517/44 927/1518/44
f 928/1519/44 927/1518/44 926/1517/44
f 933/1520/16 934/1521/16 935/1522/16
f 936/1523/16 935/1522/16 934/1521/16
f 941/1524/175 942/1525/175 943/1526/175
f 944/1527/175 943/1526/175 942/1525/175
f 949/1528/69 950/1529/69 951/1530/69
f 952/1531/69 951/1530/69 950/1529/69
f 959/1532/31 960/1533/31 961/1534/31
f 961/1534/31 960/1533/31 962/1535/31
f 960/1533/31 963/1536/31 962/1535/31
f 964/1537/31 962/1535/31 963/1536/31
f 969/1529/69 970/1538/69 971/1539/69
f 972/1540/69 971/1539/69 970/1538/69
f 977/1541/30 978/1542/30 979/1543/30
f 980/1544/30 979/1543/30 978/1542/30
f 985/1545/71 986/1546/70 987/1547/71
f 988/1548/70 987/1547/71 986/1546/70
f 986/1549/70 991/1550/72 988/1551/70
f 992/1552/72 988/1551/70 991/1550/72
f 991/1553/72 995/1554/73 992/1555/72
f 996/1556/73 992/1555/72 995/1554/73
f 995/1557/73 999/1558/74 996/1559/73
f 1000/1560/74 996/1559/73 999/1558/74
f 999/1561/74 1003/1562/75 1000/1563/74
f 1004/1564/75 1000/1563/74 1003/1562/75
f 1007/1565/76 1008/1566/76 1003/1567/75
f 1004/1568/75 1003/1567/75 1008/1566/76
f 1011/1569/77 1012/1570/77 1007/1571/76
f 1008/1572/76 1007/1571/76 1012/1570/77
f 1015/1573/78 1016/1574/78 1011/1575/77
f 1012/1576/77 1011/1575/77 1016/1574/78
f 1019/1577/79 1020/1578/79 1015/1579/78
f 1016/1580/78 1015/1579/78 1020/1578/79
f 1023/1581/80 1024/1582/80 1019/1583/79
f 1020/1584/79 1019/1583/79 1024/1582/80
f 1030/1585/25 1031/1586/176 1032/1587/25
f 1032/1587/25 1031/1586/176 1033/1588/25
f 1034/1589/176 1033/1588/25 1031/1586/176
f 1031/1590/176 1037/1591/177 1034/1592/176
f 1038/1593/177 1034/1592/176 1037/1591/177
f 1037/1594/177 1041/1595/178 1038/1596/177
f 1042/1597/178 1038/1596/177 1041/1595/178
f 1041/1598/178 1045/1599/179 1042/1600/178
f 1046/1601/179 1042/1600/178 1045/1599/179
f 1045/1602/179 1049/1603/180 1046/1604/179
f 1050/1605/180 1046/1604/179 1049/1603/180
f 1049/1606/180 1053/1607/181 1050/1608/180
f 1054/1609/181 1050/1608/180 1053/1607/181
f 1053/1610/181 1057/1611/182 1054/1612/181
f 1058/1613/182 1054/1612/181 1057/1611/182
f 1057/1614/182 1061/1615/183 1058/1616/182
f 1062/1617/183 1058/1616/182 1061/1615/183
f 1061/1618/183 1065/1619/184 1062/1620/183
f 1066/1621/184 1062/1620/183 1065/1619/184
f 1065/1622/184 1069/1623/185 1066/1624/184
f 1070/1625/185 1066/1624/184 1069/1623/185
f 1075/1623/185 1076/1626/186 1077/1625/185
f 1078/1627/186 1077/1625/185 1076/1626/186
f 1076/1628/186 1081/1629/187 1078/1630/186
f 1082/1631/187 1078/1630/186 1081/1629/187
f 1086/1632/188 1087/1633/188 1081/1634/187
f 1081/1634/187 1087/1633/188 1082/1635/187
f 1088/1636/188 1082/1635/187 1087/1633/188
f 1093/1637/189 1094/1638/190 1095/1639/189
f 1096/1640/190 1095/1639/189 1094/1638/190
f 1100/1641/191 1101/1642/192 1094/1643/190
f 1094/1643/190 1101/1642/192 1096/1644/190
f 1102/1645/192 1096/1644/190 1101/1642/192
f 1101/1646/192 1105/1647/193 1102/1648/192
f 1106/1649/193 1102/1648/192 1105/1647/193
f 1105/1650/193 1109/1651/194 1106/1652/193
f 1110/1653/194 1106/1652/193 1109/1651/194
f 1109/1654/194 1113/1655/195 1110/1656/194
f 1114/1657/195 1110/1656/194 1113/1655/195
f 1113/1658/195 1117/1659/196 1114/1660/195
f 1118/1661/196 1114/1660/195 1117/1659/196
f 1117/1662/196 1121/1663/197 1118/1664/196
f 1122/1665/197 1118/1664/196 1121/1663/197
f 1121/1666/197 1125/1667/198 1122/1668/197
f 1126/1669/198 1122/1668/197 1125/1667/198
f 1125/1670/198 1129/1671/199 1126/1672/198
f 1130/1673/199 1126/1672/198 1129/1671/199
f 1129/1674/199 1133/1675/200 1130/1676/199
f 1134/1677/200 1130/1676/199 1133/1675/200
f 1140/1678/44 1141/1679/44 1142/1680/44
f 1142/1680/44 1141/1679/44 1143/1681/44
f 1144/1682/44 1143/1681/44 1141/1679/44
f 1149/1683/16 1150/1684/16 1151/1685/16
f 1152/1686/16 1151/1685/16 1150/1684/16
f 1157/1687/29 1158/1688/29 1159/1689/29
f 1160/1690/29 1159/1689/29 1158/1688/29
f 1165/1691/31 1166/1692/31 1167/1693/31
f 1168/1694/31 1167/1693/31 1166/1692/31
f 1173/1695/33 1174/1696/32 1175/1697/33
f 1176/1698/32 1175/1697/33 1174/1696/32
f 1174/1699/32 1179/1700/34 1176/1701/32
f 1180/1702/34 1176/1701/32 1179/1700/34
f 1179/1703/34 1183/1704/35 1180/1705/34
f 1184/1706/35 1180/1705/34 1183/1704/35
f 1183/1707/35 1187/1708/36 1184/1709/35
f 1188/1710/36 1184/1709/35 1187/1708/36
f 1187/1711/36 1191/1712/37 1188/1713/36
f 1192/1714/37 1188/1713/36 1191/1712/37
f 1192/1715/37 1191/1716/37 1195/1717/38
f 1196/1718/38 1195/1717/38 1191/1716/37
f 1195/1719/38 1196/1720/38 1199/1721/39
f 1200/1722/39 1199/1721/39 1196/1720/38
f 1199/1723/39 1200/1724/39 1203/1725/40
f 1204/1726/40 1203/1725/40 1200/1724/39
f 1203/1727/40 1204/1728/40 1207/1729/41
f 1208/1730/41 1207/1729/41 1204/1728/40
f 1207/1731/41 1208/1732/41 1211/1733/42
f 1212/1734/42 1211/1733/42 1208/1732/41
f 1217/1735/25 1218/1736/25 1219/1737/25
f 1220/1738/25 1219/1737/25 1218/1736/25
f 1225/1739/101 1226/1740/101 1227/1741/201
f 1228/1742/201 1227/1741/201 1226/1740/101
f 1231/1743/102 1232/1744/102 1225/1745/101
f 1226/1746/101 1225/1745/101 1232/1744/102
f 1235/1747/103 1236/1748/103 1231/1749/102
f 1232/1750/102 1231/1749/102 1236/1748/103
f 1239/1751/104 1240/1752/104 1235/1753/103
f 1236/1754/103 1235/1753/103 1240/1752/104
f 1243/1755/105 1244/1756/105 1239/1757/104
f 1240/1758/104 1239/1757/104 1244/1756/105
f 1243/1759/105 1247/1760/106 1244/1761/105
f 1248/1762/106 1244/1761/105 1247/1760/106
f 1247/1763/106 1251/1764/107 1248/1765/106
f 1252/1766/107 1248/1765/106 1251/1764/107
f 1251/1767/107 1255/1768/108 1252/1769/107
f 1256/1770/108 1252/1769/107 1255/1768/108
f 1255/1771/108 1259/1772/110 1256/1773/108
f 1260/1774/110 1256/1773/108 1259/1772/110
f 1259/1775/110 1263/1776/111 1260/1777/110
f 1264/1778/111 1260/1777/110 1263/1776/111
f 1263/1779/111 1267/1780/112 1264/1781/111
f 1268/1782/112 1264/1781/111 1267/1780/112
f 1267/1783/112 1271/1784/202 1268/1785/112
f 1272/1786/202 1268/1785/112 1271/1784/202
f 1277/1784/202 1278/1787/113 1279/1786/202
f 1280/1788/113 1279/1786/202 1278/1787/113
f 1278/1789/113 1283/1790/114 1280/1791/113
f 1284/1792/114 1280/1791/113 1283/1790/114
f 1283/1793/114 1287/1794/115 1284/1795/114
f 1288/1796/115 1284/1795/114 1287/1794/115
f 1288/1797/115 1287/1798/115 1291/1799/116
f 1292/1800/116 1291/1799/116 1287/1798/115
f 1291/1801/116 1292/1802/116 1295/1803/117
f 1296/1804/117 1295/1803/117 1292/1802/116
f 1295/1805/117 1296/1806/117 1299/1807/118
f 1300/1808/118 1299/1807/118 1296/1806/117
f 1299/1809/118 1300/1810/118 1303/1811/119
f 1304/1812/119 1303/1811/119 1300/1810/118
f 1303/1813/119 1304/1814/119 1307/1815/81
f 1308/1816/81 1307/1815/81 1304/1814/119
f 1307/1817/81 1308/1818/81 1311/1819/83
f 1312/1820/83 1311/1819/83 1308/1818/81
f 1311/1821/83 1312/1822/83 1315/1823/84
f 1316/1824/84 1315/1823/84 1312/1822/83
f 1315/1825/84 1316/1826/84 1319/1827/85
f 1320/1828/85 1319/1827/85 1316/1826/84
f 1319/1829/85 1320/1830/85 1323/1831/86
f 1324/1832/86 1323/1831/86 1320/1830/85
f 1324/1833/86 1327/1834/87 1323/1835/86
f 1328/1836/87 1323/1835/86 1327/1834/87
f 1327/1837/87 1331/1838/88 1328/1839/87
f 1332/1840/88 1328/1839/87 1331/1838/88
f 1331/1841/88 1335/1842/89 1332/1843/88
f 1336/1844/89 1332/1843/88 1335/1842/89
f 1335/1845/89 1339/1846/203 1336/1847/89
f 1340/1848/203 1336/1847/89 1339/1846/203
f 1345/1846/203 1346/1849/90 1347/1848/203
f 1348/1850/90 1347/1848/203 1346/1849/90
f 1346/1851/90 1351/1852/91 1348/1853/90
f 1352/1854/91 1348/1853/90 1351/1852/91
f 1351/1855/91 1355/1856/92 1352/1857/91
f 1356/1858/92 1352/1857/91 1355/1856/92
f 1355/1859/92 1359/1860/94 1356/1861/92
f 1360/1862/94 1356/1861/92 1359/1860/94
f 1359/1863/94 1363/1864/95 1360/1865/94
f 1364/1866/95 1360/1865/94 1363/1864/95
f 1363/1867/95 1367/1868/96 1364/1869/95
f 1368/1870/96 1364/1869/95 1367/1868/96
f 1371/1871/97 1372/1872/97 1367/1873/96
f 1368/1874/96 1367/1873/96 1372/1872/97
f 1375/1875/98 1376/1876/98 1371/1877/97
f 1372/1878/97 1371/1877/97 1376/1876/98
f 1379/1879/99 1380/1880/99 1375/1881/98
f 1376/1882/98 1375/1881/98 1380/1880/99
f 1383/1883/100 1384/1884/100 1379/1885/99
f 1380/1886/99 1379/1885/99 1384/1884/100
f 1387/1741/201 1388/1742/201 1383/1887/100
f 1384/1888/100 1383/1887/100 1388/1742/201
f 1395/1889/44 1396/1890/44 1397/1891/44
f 1397/1891/44 1396/1890/44 1398/1892/44
f 1398/1892/44 1396/1890/44 1399/1893/44
f 1400/1894/44 1399/1893/44 1396/1890/44
f 1404/1895/204 1405/1896/204 1406/1897/204
f 1412/1898/44 1413/1899/44 1414/1900/44
f 1414/1900/44 1413/1899/44 1415/1901/44
f 1416/1902/44 1415/1901/44 1413/1899/44
f 1421/1903/205 1422/1904/205 1423/1905/205
f 1424/1906/205 1423/1905/205 1422/1904/205
f 1429/1907/16 1430/1908/16 1431/1909/16
f 1432/1910/16 1431/1909/16 1430/1908/16
f 1437/1911/206 1438/1912/206 1439/1913/206
f 1440/1914/206 1439/1913/206 1438/1912/206
f 1445/1915/205 1446/1916/207 1447/1917/205
f 1448/1918/207 1447/1917/205 1446/1916/207
f 1446/1919/207 1451/1920/208 1448/1921/207
f 1452/1922/208 1448/1921/207 1451/1920/208
f 1457/1923/209 1458/1924/209 1459/1925/209
f 1460/1926/209 1459/1925/209 1458/1924/209
f 1465/1927/210 1466/1928/210 1467/1929/210
f 1468/1930/210 1467/1929/210 1466/1928/210
f 1473/1931/208 1474/1932/211 1475/1933/208
f 1476/1934/211 1475/1933/208 1474/1932/211
f 1474/1935/211 1479/1936/212 1476/1937/211
f 1480/1938/212 1476/1937/211 1479/1936/212
f 1485/1939/213 1486/1940/213 1487/1941/213
f 1488/1942/213 1487/1941/213 1486/1940/213
f 1493/1943/214 1494/1944/214 1495/1945/214
f 1496/1946/214 1495/1945/214 1494/1944/214
f 1501/1947/215 1502/1948/215 1503/1949/215
f 1504/1950/215 1503/1949/215 1502/1948/215
f 1509/1951/216 1510/1952/216 1511/1953/216
f 1512/1954/216 1511/1953/216 1510/1952/216
f 1517/1955/217 1518/1956/217 1519/1957/217
f 1520/1958/217 1519/1957/217 1518/1956/217
f 1525/1959/218 1526/1960/218 1527/1961/218
f 1528/1962/218 1527/1961/218 1526/1960/218
f 1533/1963/80 1534/1964/80 1535/1584/219
f 1536/1965/219 1535/1584/219 1534/1964/80
f 1535/1966/219 1536/1967/219 1539/1968/144
f 1540/1969/144 1539/1968/144 1536/1967/219
f 1539/1970/144 1540/1971/144 1543/1972/152
f 1544/1973/152 1543/1972/152 1540/1971/144
f 1543/1974/152 1544/1975/152 1547/1976/151
f 1548/1977/151 1547/1976/151 1544/1975/152
f 1547/1978/151 1548/1979/151 1551/1980/150
f 1552/1981/150 1551/1980/150 1548/1979/151
f 1555/1982/149 1551/1983/150 1556/1984/149
f 1552/1985/150 1556/1984/149 1551/1983/150
f 1559/1986/148 1555/1987/149 1560/1988/148
f 1556/1989/149 1560/1988/148 1555/1987/149
f 1563/1990/146 1559/1991/148 1564/1992/146
f 1560/1993/148 1564/1992/146 1559/1991/148
f 1567/1994/147 1563/1995/146 1568/1996/147
f 1564/1997/146 1568/1996/147 1563/1995/146
f 1651/1998/2 1652/1999/2 1653/2000/2
f 1652/1999/2 1654/2001/2 1653/2000/2
f 1654/2001/2 1655/2002/2 1653/2000/2
f 1655/2002/2 1656/2003/2 1653/2000/2
f 1656/2003/2 1657/2004/2 1653/2000/2
f 1657/2004/2 1658/2005/2 1653/2000/2
f 1653/2000/2 1658/2005/2 1659/1240/2
f 1660/2006/2 1659/1240/2 1658/2005/2
f 1661/2007/2 1662/2008/2 1663/1237/2
f 1663/1237/2 1662/2008/2 1664/1238/2
f 1662/2008/2 1665/2009/2 1664/1238/2
f 1665/2009/2 1666/2010/2 1664/1238/2
f 1666/2010/2 1667/2011/2 1664/1238/2
f 1664/1238/2 1667/2011/2 1668/1255/2
f 1667/2011/2 1669/2012/2 1668/1255/2
f 1669/2012/2 1670/2013/2 1668/1255/2
f 1670/2013/2 1671/2014/2 1668/1255/2
f 1671/2014/2 1653/2000/2 1668/1255/2
f 1668/1255/2 1653/2000/2 1672/1252/2
f 1672/1252/2 1653/2000/2 1673/1249/2
f 1673/1249/2 1653/2000/2 1674/1247/2
f 1674/1247/2 1653/2000/2 1675/1245/2
f 1675/1245/2 1653/2000/2 1676/1243/2
f 1676/1243/2 1653/2000/2 1677/1242/2
f 1659/1240/2 1677/1242/2 1653/2000/2
f 1678/2015/2 1679/2016/2 1680/2017/2
f 1680/2017/2 1679/2016/2 1681/2018/2
f 1681/2018/2 1679/2016/2 1682/2019/2
f 1679/2016/2 1683/2020/2 1682/2019/2
f 1682/2019/2 1683/2020/2 1684/2021/2
f 1683/2020/2 1685/2022/2 1684/2021/2
f 1685/2022/2 1686/2023/2 1684/2021/2
f 1684/2021/2 1686/2023/2 1687/2024/2
f 1687/2024/2 1686/2023/2 1688/2025/2
f 1688/2025/2 1686/2023/2 1689/2026/2
f 1686/2023/2 1690/2027/2 1689/2026/2
f 1689/2026/2 1690/2027/2 1691/2028/2
f 1691/2028/2 1690/2027/2 1692/2029/2
f 1692/2029/2 1690/2027/2 1693/2030/2
f 1693/2030/2 1690/2027/2 1651/1998/2
f 1652/1999/2 1651/1998/2 1690/2027/2
f 1694/2031/2 1695/2032/2 1696/2033/2
f 1695/2032/2 1697/2034/2 1696/2033/2
f 1697/2034/2 1698/2035/2 1696/2033/2
f 1696/2033/2 1698/2035/2 1699/2036/2
f 1698/2035/2 1700/2037/2 1699/2036/2
f 1700/2037/2 1701/2038/2 1699/2036/2
f 1701/2038/2 1702/2039/2 1699/2036/2
f 1699/2036/2 1702/2039/2 1703/2040/2
f 1702/2039/2 1704/2041/2 1703/2040/2
f 1703/2040/2 1704/2041/2 1705/2042/2
f 1705/2042/2 1704/2041/2 1706/2043/2
f 1704/2041/2 1707/2044/2 1706/2043/2
f 1707/2044/2 1708/2045/2 1706/2043/2
f 1708/2045/2 1709/2046/2 1706/2043/2
f 1709/2046/2 1710/2047/2 1706/2043/2
f 1706/2043/2 1710/2047/2 1661/2007/2
f 1662/2008/2 1661/2007/2 1710/2047/2
f 1711/2048/2 1712/2049/2 1713/2050/2
f 1712/2049/2 1714/2051/2 1713/2050/2
f 1713/2050/2 1714/2051/2 1715/2052/2
f 1714/2051/2 1716/2053/2 1715/2052/2
f 1715/2052/2 1716/2053/2 1717/2054/2
f 1716/2053/2 1718/2055/2 1717/2054/2
f 1717/2054/2 1718/2055/2 1719/2056/2
f 1718/2055/2 1720/2057/2 1719/2056/2
f 1719/2056/2 1720/2057/2 1721/2058/2
f 1720/2057/2 1722/2059/2 1721/2058/2
f 1721/2058/2 1722/2059/2 1696/2033/2
f 1696/2033/2 1722/2059/2 1694/2031/2
f 1694/2031/2 1722/2059/2 1723/2060/2
f 1723/2060/2 1722/2059/2 1724/2061/2
f 1724/2061/2 1722/2059/2 1725/2062/2
f 1722/2059/2 1726/2063/2 1725/2062/2
f 1725/2062/2 1726/2063/2 1727/2064/2
f 1727/2064/2 1726/2063/2 1728/2065/2
f 1728/2065/2 1726/2063/2 1729/2066/2
f 1726/2063/2 1730/2067/2 1729/2066/2
f 1729/2066/2 1730/2067/2 1731/2068/2
f 1731/2068/2 1730/2067/2 1678/2015/2
f 1678/2015/2 1730/2067/2 1679/2016/2
f 1732/2069/2 1679/2016/2 1730/2067/2
f 1736/2049/2 1737/2070/2 1738/2071/2
f 1743/2072/136 1744/2073/136 1745/2074/220
f 1746/2075/220 1745/2074/220 1744/2073/136
f 1791/2076/2 1792/2077/2 1793/2078/2
f 1792/2077/2 1794/2079/2 1793/2078/2
f 1793/2078/2 1794/2079/2 1795/2080/2
f 1794/2079/2 1796/2081/2 1795/2080/2
f 1795/2080/2 1796/2081/2 1797/2082/2
f 1796/2081/2 1798/2083/2 1797/2082/2
f 1797/2082/2 1798/2083/2 1799/2084/2
f 1798/2083/2 1800/2085/2 1799/2084/2
f 1799/2084/2 1800/2085/2 1801/2086/2
f 1800/2085/2 1802/2087/2 1801/2086/2
f 1802/2087/2 1803/2088/2 1801/2086/2
f 1801/2086/2 1803/2088/2 1804/2089/2
f 1803/2088/2 1805/2090/2 1804/2089/2
f 1805/2090/2 1806/2091/2 1804/2089/2
f 1806/2091/2 1807/2092/2 1804/2089/2
f 1804/2089/2 1807/2092/2 1808/2093/2
f 1807/2092/2 1809/2094/2 1808/2093/2
f 1809/2094/2 1810/2095/2 1808/2093/2
f 1810/2095/2 1811/2096/2 1808/2093/2
f 1808/2093/2 1811/2096/2 1812/2097/2
f 1811/2096/2 1813/2098/2 1812/2097/2
f 1812/2097/2 1813/2098/2 1814/2099/2
f 1813/2098/2 1815/2100/2 1814/2099/2
f 1815/2100/2 1816/2101/2 1814/2099/2
f 1814/2099/2 1816/2101/2 1817/2102/2
f 1816/2101/2 1818/2103/2 1817/2102/2
f 1817/2102/2 1818/2103/2 1819/2104/2
f 1818/2103/2 1820/2105/2 1819/2104/2
f 1819/2104/2 1820/2105/2 1821/2071/2
f 1820/2105/2 1822/2106/2 1821/2071/2
f 1822/2106/2 1823/2107/2 1821/2071/2
f 1821/2071/2 1823/2107/2 1824/2049/2
f 1824/2049/2 1823/2107/2 1825/2051/2
f 1823/2107/2 1826/2108/2 1825/2051/2
f 1825/2051/2 1826/2108/2 1827/2053/2
f 1826/2108/2 1828/2109/2 1827/2053/2
f 1827/2053/2 1828/2109/2 1829/2055/2
f 1829/2055/2 1828/2109/2 1830/2057/2
f 1830/2057/2 1828/2109/2 1831/2059/2
f 1831/2059/2 1828/2109/2 1832/2063/2
f 1832/2063/2 1828/2109/2 1833/2067/2
f 1834/2069/2 1833/2067/2 1828/2109/2
f 1839/2110/143 1840/2111/142 1841/2112/143
f 1842/2113/142 1841/2112/143 1840/2111/142
f 1840/2114/142 1845/2115/141 1842/2116/142
f 1846/2117/141 1842/2116/142 1845/2115/141
f 1845/2118/141 1849/2119/140 1846/2120/141
f 1850/2121/140 1846/2120/141 1849/2119/140
f 1849/2122/140 1853/2123/139 1850/2124/140
f 1854/2125/139 1850/2124/140 1853/2123/139
f 1854/2126/139 1853/2127/139 1857/2128/138
f 1858/2129/138 1857/2128/138 1853/2127/139
f 1857/2130/138 1858/2131/138 1861/2132/137
f 1862/2133/137 1861/2132/137 1858/2131/138
f 1861/2134/137 1862/2135/137 1743/2136/136
f 1744/2137/136 1743/2136/136 1862/2135/137
usemtl material_1_0
f 1/1/1 2/2/1 3/3/1
f 2/2/1 1/1/1 4/4/1
f 9/5/2 10/6/2 11/7/2
f 10/6/2 9/5/2 12/8/2
f 10/6/2 12/8/2 13/9/2
f 13/9/2 12/8/2 14/10/2
f 14/10/2 12/8/2 15/11/2
f 15/11/2 12/8/2 16/12/2
f 16/12/2 12/8/2 17/13/2
f 17/13/2 12/8/2 18/14/2
f 19/15/2 20/16/2 21/17/2
f 20/16/2 19/15/2 22/18/2
f 21/17/2 20/16/2 23/19/2
f 20/16/2 22/18/2 24/20/2
f 20/16/2 24/20/2 25/21/2
f 25/21/2 24/20/2 26/22/2
f 24/20/2 22/18/2 27/23/2
f 24/20/2 27/23/2 28/24/2
f 28/24/2 27/23/2 29/25/2
f 27/23/2 22/18/2 30/26/2
f 27/23/2 30/26/2 31/27/2
f 31/27/2 30/26/2 32/28/2
f 30/26/2 22/18/2 33/29/2
f 30/26/2 33/29/2 34/30/2
f 34/30/2 33/29/2 35/31/2
f 33/29/2 22/18/2 36/32/2
f 33/29/2 36/32/2 37/33/2
f 37/33/2 36/32/2 38/34/2
f 36/32/2 22/18/2 39/35/2
f 36/32/2 39/35/2 40/36/2
f 40/36/2 39/35/2 41/37/2
f 39/35/2 22/18/2 42/38/2
f 39/35/2 42/38/2 43/39/2
f 43/39/2 42/38/2 44/40/2
f 42/38/2 22/18/2 45/41/2
f 42/38/2 45/41/2 46/42/2
f 46/42/2 45/41/2 47/43/2
f 45/41/2 22/18/2 48/44/2
f 45/41/2 48/44/2 49/45/2
f 48/44/2 22/18/2 50/46/2
f 48/44/2 50/46/2 51/47/2
f 51/47/2 50/46/2 52/48/2
f 50/46/2 22/18/2 53/49/2
f 50/46/2 53/49/2 54/50/2
f 53/49/2 22/18/2 55/51/2
f 53/49/2 55/51/2 56/52/2
f 56/52/2 55/51/2 57/53/2
f 55/51/2 22/18/2 58/54/2
f 55/51/2 58/54/2 59/55/2
f 59/55/2 58/54/2 60/56/2
f 58/54/2 22/18/2 61/57/2
f 61/57/2 22/18/2 62/58/2
f 62/58/2 22/18/2 63/59/2
f 62/58/2 63/59/2 64/60/2
f 63/59/2 22/18/2 65/61/2
f 65/61/2 22/18/2 66/62/2
f 65/61/2 66/62/2 67/63/2
f 66/62/2 22/18/2 68/64/2
f 68/64/2 22/18/2 69/65/2
f 69/65/2 22/18/2 70/66/2
f 70/66/2 22/18/2 71/67/2
f 71/67/2 22/18/2 72/68/2
f 72/68/2 22/18/2 73/69/2
f 73/69/2 22/18/2 74/70/2
f 74/70/2 22/18/2 75/71/2
f 75/71/2 22/18/2 76/72/2
f 76/72/2 22/18/2 77/73/2
f 77/73/2 22/18/2 78/74/2
f 78/74/2 22/18/2 79/75/2
f 79/75/2 22/18/2 80/76/2
f 80/76/2 22/18/2 81/77/2
f 81/77/2 22/18/2 82/78/2
f 82/78/2 22/18/2 83/79/2
f 83/79/2 22/18/2 84/80/2
f 84/80/2 22/18/2 85/81/2
f 85/81/2 22/18/2 86/82/2
f 86/82/2 22/18/2 87/83/2
f 86/82/2 87/83/2 88/84/2
f 88/84/2 87/83/2 9/5/2
f 9/5/2 87/83/2 89/85/2
f 9/5/2 89/85/2 90/86/2
f 9/5/2 90/86/2 12/8/2
f 89/85/2 87/83/2 91/87/2
f 91/87/2 87/83/2 92/88/2
f 92/88/2 87/83/2 93/89/2
f 93/89/2 87/83/2 94/90/2
f 94/90/2 87/83/2 95/91/2
f 95/91/2 87/83/2 96/92/2
f 96/92/2 97/93/2 95/91/2
f 97/93/2 96/92/2 98/94/2
f 97/93/2 98/94/2 99/95/2
f 99/95/2 98/94/2 100/96/2
f 100/96/2 98/94/2 101/97/2
f 101/97/2 98/94/2 102/98/2
f 102/98/2 98/94/2 103/99/2
f 102/98/2 103/99/2 104/100/2
f 102/98/2 104/100/2 105/101/2
f 105/101/2 104/100/2 106/102/2
f 105/101/2 106/102/2 107/103/2
f 107/103/2 106/102/2 108/104/2
f 108/104/2 106/102/2 109/105/2
f 109/105/2 106/102/2 110/106/2
f 109/105/2 110/106/2 111/107/2
f 111/107/2 110/106/2 112/108/2
f 112/108/2 110/106/2 113/109/2
f 114/110/2 115/111/2 116/112/2
f 18/14/2 117/113/2 17/13/2
f 117/113/2 18/14/2 118/114/2
f 117/113/2 118/114/2 119/115/2
f 117/113/2 119/115/2 120/116/2
f 117/113/2 120/116/2 121/117/2
f 117/113/2 121/117/2 122/118/2
f 122/118/2 121/117/2 123/119/2
f 122/118/2 123/119/2 124/120/2
f 122/118/2 124/120/2 125/121/2
f 122/118/2 125/121/2 126/122/2
f 126/122/2 125/121/2 127/123/2
f 127/123/2 125/121/2 128/124/2
f 127/123/2 128/124/2 129/125/2
f 129/125/2 128/124/2 130/126/2
f 129/125/2 130/126/2 131/127/2
f 129/125/2 131/127/2 132/128/2
f 129/125/2 132/128/2 133/129/2
f 133/129/2 132/128/2 134/130/2
f 134/130/2 132/128/2 135/131/2
f 134/130/2 135/131/2 136/132/2
f 134/130/2 136/132/2 137/133/2
f 134/130/2 137/133/2 138/134/2
f 134/130/2 138/134/2 139/135/2
f 134/130/2 139/135/2 140/136/2
f 134/130/2 140/136/2 141/137/2
f 134/130/2 141/137/2 113/109/2
f 134/130/2 113/109/2 110/106/2
f 134/130/2 110/106/2 142/138/2
f 134/130/2 142/138/2 143/139/2
f 134/130/2 143/139/2 144/140/2
f 134/130/2 144/140/2 145/141/2
f 134/130/2 145/141/2 146/142/2
f 146/142/2 145/141/2 147/143/2
f 147/143/2 145/141/2 116/112/2
f 147/143/2 116/112/2 115/111/2
f 147/143/2 115/111/2 148/144/2
f 147/143/2 148/144/2 149/145/2
f 149/145/2 148/144/2 150/146/2
f 150/146/2 148/144/2 151/147/2
f 150/146/2 151/147/2 152/148/2
f 152/148/2 151/147/2 153/149/2
f 152/148/2 153/149/2 154/150/2
f 154/150/2 153/149/2 155/151/2
f 154/150/2 155/151/2 156/152/2
f 156/152/2 155/151/2 157/153/2
f 157/153/2 155/151/2 158/154/2
f 157/153/2 158/154/2 159/155/2
f 159/155/2 158/154/2 160/156/2
f 159/155/2 160/156/2 161/157/2
f 161/157/2 160/156/2 162/158/2
f 162/158/2 160/156/2 163/159/2
f 163/159/2 160/156/2 164/160/2
f 163/159/2 164/160/2 165/161/2
f 165/161/2 164/160/2 166/162/2
f 166/162/2 164/160/2 167/163/2
f 166/162/2 167/163/2 168/164/2
f 168/164/2 167/163/2 169/165/2
f 168/164/2 169/165/2 170/166/2
f 170/166/2 169/165/2 171/167/2
f 170/166/2 171/167/2 172/168/2
f 170/166/2 172/168/2 173/169/2
f 173/169/2 172/168/2 174/170/2
f 173/169/2 174/170/2 175/171/2
f 175/171/2 174/170/2 176/172/2
f 176/172/2 174/170/2 177/173/2
f 178/174/2 54/50/2 53/49/2
f 179/175/2 49/45/2 48/44/2
f 351/176/3 352/177/3 353/178/3
f 352/177/3 351/176/3 354/179/3
f 359/180/4 360/181/4 361/182/4
f 362/183/4 363/184/4 364/185/4
f 363/184/4 362/183/4 365/186/4
f 363/184/4 365/186/4 366/187/4
f 366/187/4 365/186/4 367/188/4
f 367/188/4 365/186/4 368/189/4
f 367/188/4 368/189/4 369/190/4
f 366/187/4 367/188/4 370/191/4
f 370/191/4 367/188/4 371/192/4
f 370/191/4 371/192/4 372/193/4
f 366/187/4 370/191/4 373/194/4
f 373/194/4 370/191/4 374/195/4
f 373/194/4 374/195/4 375/196/4
f 366/187/4 373/194/4 376/197/4
f 376/197/4 373/194/4 377/198/4
f 376/197/4 377/198/4 378/199/4
f 366/187/4 376/197/4 379/200/4
f 379/200/4 376/197/4 380/201/4
f 379/200/4 380/201/4 381/202/4
f 366/187/4 379/200/4 382/203/4
f 382/203/4 379/200/4 383/204/4
f 382/203/4 383/204/4 384/205/4
f 366/187/4 382/203/4 385/206/4
f 385/206/4 382/203/4 386/207/4
f 385/206/4 386/207/4 387/208/4
f 366/187/4 385/206/4 388/209/4
f 388/209/4 385/206/4 389/210/4
f 388/209/4 389/210/4 390/211/4
f 366/187/4 388/209/4 391/212/4
f 391/212/4 388/209/4 392/213/4
f 391/212/4 392/213/4 393/214/4
f 366/187/4 391/212/4 394/215/4
f 394/215/4 391/212/4 395/216/4
f 394/215/4 395/216/4 396/217/4
f 366/187/4 394/215/4 397/218/4
f 397/218/4 394/215/4 398/219/4
f 397/218/4 398/219/4 399/220/4
f 366/187/4 397/218/4 400/221/4
f 400/221/4 397/218/4 401/222/4
f 400/221/4 401/222/4 402/223/4
f 366/187/4 400/221/4 403/224/4
f 403/224/4 400/221/4 404/225/4
f 403/224/4 404/225/4 405/226/4
f 366/187/4 403/224/4 406/227/4
f 366/187/4 406/227/4 407/228/4
f 366/187/4 407/228/4 408/229/4
f 408/229/4 407/228/4 409/230/4
f 366/187/4 408/229/4 410/231/4
f 366/187/4 410/231/4 411/232/4
f 411/232/4 410/231/4 412/233/4
f 366/187/4 411/232/4 413/234/4
f 366/187/4 413/234/4 414/235/4
f 366/187/4 414/235/4 415/236/4
f 366/187/4 415/236/4 416/237/4
f 366/187/4 416/237/4 417/238/4
f 366/187/4 417/238/4 418/239/4
f 366/187/4 418/239/4 419/240/4
f 366/187/4 419/240/4 420/241/4
f 366/187/4 420/241/4 421/242/4
f 366/187/4 421/242/4 422/243/4
f 366/187/4 422/243/4 423/244/4
f 366/187/4 423/244/4 424/245/4
f 366/187/4 424/245/4 425/246/4
f 366/187/4 425/246/4 360/181/4
f 366/187/4 360/181/4 359/180/4
f 366/187/4 359/180/4 426/247/4
f 426/247/4 359/180/4 427/248/4
f 366/187/4 426/247/4 428/249/4
f 366/187/4 428/249/4 429/250/4
f 366/187/4 429/250/4 430/251/4
f 366/187/4 430/251/4 431/252/4
f 366/187/4 431/252/4 432/253/4
f 366/187/4 432/253/4 433/254/4
f 366/187/4 433/254/4 434/255/4
f 366/187/4 434/255/4 435/256/4
f 366/187/4 435/256/4 436/257/4
f 434/255/4 433/254/4 437/258/4
f 434/255/4 437/258/4 438/259/4
f 434/255/4 438/259/4 439/260/4
f 434/255/4 439/260/4 440/261/4
f 434/255/4 440/261/4 441/262/4
f 441/262/4 440/261/4 442/263/4
f 441/262/4 442/263/4 443/264/4
f 441/262/4 443/264/4 444/265/4
f 444/265/4 443/264/4 445/266/4
f 444/265/4 445/266/4 446/267/4
f 444/265/4 446/267/4 447/268/4
f 447/268/4 446/267/4 448/269/4
f 447/268/4 448/269/4 449/270/4
f 449/270/4 448/269/4 450/271/4
f 449/270/4 450/271/4 451/272/4
f 451/272/4 450/271/4 452/273/4
f 451/272/4 452/273/4 453/274/4
f 453/274/4 452/273/4 454/275/4
f 436/257/4 435/256/4 455/276/4
f 553/277/5 554/278/5 555/279/5
f 554/278/5 553/277/5 556/280/5
f 561/281/6 562/282/6 563/283/6
f 562/282/6 561/281/6 564/284/6
f 569/285/7 570/286/7 571/287/7
f 570/286/7 569/285/7 572/288/7
f 577/289/8 578/290/8 579/291/8
f 578/290/8 577/289/8 580/292/8
f 585/293/9 586/294/9 587/295/9
f 586/294/9 585/293/9 588/296/9
f 593/295/9 594/297/9 595/298/9
f 594/297/9 593/295/9 596/294/9
f 601/299/10 602/300/10 603/301/10
f 602/300/10 601/299/10 604/302/10
f 609/303/11 610/304/11 611/305/11
f 610/304/11 609/303/11 612/306/11
f 617/307/12 618/308/12 619/309/12
f 618/308/12 617/307/12 620/310/12
f 625/311/13 626/312/13 627/313/13
f 626/312/13 625/311/13 628/314/13
f 633/315/14 634/316/14 635/317/14
f 634/316/14 633/315/14 636/318/14
f 641/319/15 642/320/15 643/321/15
f 642/320/15 641/319/15 644/322/15
f 649/323/16 650/324/16 651/325/16
f 650/324/16 649/323/16 652/326/16
f 657/327/17 658/328/17 659/329/17
f 658/328/17 657/327/17 660/330/17
f 665/331/18 666/332/18 667/333/18
f 666/332/18 665/331/18 668/334/18
f 673/335/19 674/336/19 675/337/19
f 674/336/19 673/335/19 676/338/19
f 681/339/20 682/340/20 683/341/20
f 682/340/20 681/339/20 684/342/20
f 689/343/21 690/344/21 691/345/21
f 690/344/21 689/343/21 692/346/21
f 697/347/16 698/348/16 699/349/16
f 698/348/16 697/347/16 700/350/16
f 705/351/22 706/352/22 707/353/22
f 706/352/22 705/351/22 708/354/22
f 713/355/23 714/356/23 715/357/23
f 714/356/23 713/355/23 716/358/23
f 721/359/24 722/360/24 723/361/24
f 722/360/24 721/359/24 724/362/24
f 729/210/25 730/363/25 731/364/25
f 730/363/25 729/210/25 732/211/25
f 737/365/26 738/366/26 739/367/26
f 738/366/26 737/365/26 740/368/26
f 745/369/24 746/370/24 747/371/24
f 746/370/24 745/369/24 748/372/24
f 753/207/25 754/373/25 755/374/25
f 754/373/25 753/207/25 756/208/25
f 761/375/26 762/376/26 763/377/26
f 762/376/26 761/375/26 764/378/26
f 769/379/24 770/380/24 771/381/24
f 770/380/24 769/379/24 772/382/24
f 777/204/25 778/383/25 779/384/25
f 778/383/25 777/204/25 780/205/25
f 785/385/26 786/386/26 787/387/26
f 786/386/26 785/385/26 788/388/26
f 793/389/24 794/390/24 795/391/24
f 794/390/24 793/389/24 796/392/24
f 801/201/25 802/393/25 803/394/25
f 802/393/25 801/201/25 804/202/25
f 809/395/26 810/396/26 811/397/26
f 810/396/26 809/395/26 812/398/26
f 817/399/24 818/400/24 819/401/24
f 818/400/24 817/399/24 820/402/24
f 825/198/25 826/403/25 827/404/25
f 826/403/25 825/198/25 828/199/25
f 833/405/26 834/406/26 835/407/26
f 834/406/26 833/405/26 836/408/26
f 841/409/24 842/410/24 843/411/24
f 842/410/24 841/409/24 844/412/24
f 849/195/25 850/413/25 851/414/25
f 850/413/25 849/195/25 852/196/25
f 857/415/26 858/416/26 859/417/26
f 858/416/26 857/415/26 860/418/26
f 865/419/24 866/420/24 867/421/24
f 866/420/24 865/419/24 868/422/24
f 873/192/25 874/423/25 875/424/25
f 874/423/25 873/192/25 876/193/25
f 881/425/26 882/426/26 883/427/26
f 882/426/26 881/425/26 884/428/26
f 889/429/24 890/430/24 891/431/24
f 890/430/24 889/429/24 892/432/24
f 897/189/25 898/433/25 899/434/25
f 898/433/25 897/189/25 900/190/25
f 905/435/26 906/436/26 907/437/26
f 906/436/26 905/435/26 908/438/26
f 913/439/24 914/440/24 915/441/24
f 914/440/24 913/439/24 916/442/24
f 921/443/25 922/444/25 923/445/25
f 922/444/25 921/443/25 924/183/25
f 929/17/27 930/446/27 931/447/27
f 930/446/27 929/17/27 932/448/27
f 937/449/28 938/450/28 939/451/28
f 938/450/28 937/449/28 940/452/28
f 945/453/29 946/454/29 947/455/29
f 946/454/29 945/453/29 948/456/29
f 953/457/30 954/458/30 955/459/30
f 954/458/30 953/457/30 956/460/30
f 954/458/30 956/460/30 957/461/30
f 957/461/30 956/460/30 958/462/30
f 965/463/29 966/464/29 967/465/29
f 966/464/29 965/463/29 968/453/29
f 973/466/31 974/467/31 975/468/31
f 974/467/31 973/466/31 976/469/31
f 981/470/32 982/471/33 983/472/32
f 982/471/33 981/470/32 984/473/33
f 989/474/34 983/475/32 990/476/34
f 983/475/32 989/474/34 981/477/32
f 993/478/35 990/479/34 994/480/35
f 990/479/34 993/478/35 989/481/34
f 997/482/36 994/483/35 998/484/36
f 994/483/35 997/482/36 993/485/35
f 1001/486/37 998/487/36 1002/488/37
f 998/487/36 1001/486/37 997/489/36
f 1005/490/38 1001/491/37 1002/492/37
f 1001/491/37 1005/490/38 1006/493/38
f 1009/494/39 1006/495/38 1005/496/38
f 1006/495/38 1009/494/39 1010/497/39
f 1013/498/40 1010/499/39 1009/500/39
f 1010/499/39 1013/498/40 1014/501/40
f 1017/502/41 1014/503/40 1013/504/40
f 1014/503/40 1017/502/41 1018/505/41
f 1021/506/42 1018/507/41 1017/508/41
f 1018/507/41 1021/506/42 1022/509/42
f 1025/510/43 1026/511/44 1027/512/43
f 1026/511/44 1025/510/43 1028/513/44
f 1028/513/44 1025/510/43 1029/514/44
f 1035/515/45 1027/516/43 1036/517/45
f 1027/516/43 1035/515/45 1025/518/43
f 1039/519/46 1036/520/45 1040/521/46
f 1036/520/45 1039/519/46 1035/522/45
f 1043/523/47 1040/524/46 1044/525/47
f 1040/524/46 1043/523/47 1039/526/46
f 1047/527/48 1044/528/47 1048/529/48
f 1044/528/47 1047/527/48 1043/530/47
f 1051/531/49 1048/532/48 1052/533/49
f 1048/532/48 1051/531/49 1047/534/48
f 1055/535/50 1052/536/49 1056/537/50
f 1052/536/49 1055/535/50 1051/538/49
f 1059/539/51 1056/540/50 1060/541/51
f 1056/540/50 1059/539/51 1055/542/50
f 1063/543/52 1060/544/51 1064/545/52
f 1060/544/51 1063/543/52 1059/546/51
f 1067/547/53 1064/548/52 1068/549/53
f 1064/548/52 1067/547/53 1063/550/52
f 1071/551/54 1072/549/53 1073/552/54
f 1072/549/53 1071/551/54 1074/547/53
f 1079/553/55 1073/554/54 1080/555/55
f 1073/554/54 1079/553/55 1071/556/54
f 1083/557/56 1080/558/55 1084/559/56
f 1080/558/55 1083/557/56 1079/560/55
f 1079/560/55 1083/557/56 1085/561/56
f 1089/562/57 1090/563/58 1091/564/57
f 1090/563/58 1089/562/57 1092/565/58
f 1097/566/59 1091/567/57 1098/568/59
f 1091/567/57 1097/566/59 1089/569/57
f 1089/569/57 1097/566/59 1099/570/60
f 1103/571/61 1098/572/59 1104/573/61
f 1098/572/59 1103/571/61 1097/574/59
f 1107/575/62 1104/576/61 1108/577/62
f 1104/576/61 1107/575/62 1103/578/61
f 1111/579/63 1108/580/62 1112/581/63
f 1108/580/62 1111/579/63 1107/582/62
f 1115/583/64 1112/584/63 1116/585/64
f 1112/584/63 1115/583/64 1111/586/63
f 1119/587/65 1116/588/64 1120/589/65
f 1116/588/64 1119/587/65 1115/590/64
f 1123/591/66 1120/592/65 1124/593/66
f 1120/592/65 1123/591/66 1119/594/65
f 1127/595/67 1124/596/66 1128/597/67
f 1124/596/66 1127/595/67 1123/598/66
f 1131/599/68 1128/600/67 1132/601/68
f 1128/600/67 1131/599/68 1127/602/67
f 1135/603/25 1136/604/25 1137/605/25
f 1136/604/25 1135/603/25 1138/606/25
f 1138/606/25 1135/603/25 1139/607/25
f 1145/608/27 1146/609/27 1147/610/27
f 1146/609/27 1145/608/27 1148/611/27
f 1153/612/69 1154/613/69 1155/614/69
f 1154/613/69 1153/612/69 1156/615/69
f 1161/616/30 1162/617/30 1163/618/30
f 1162/617/30 1161/616/30 1164/619/30
f 1169/620/70 1170/621/71 1171/622/70
f 1170/621/71 1169/620/70 1172/623/71
f 1177/624/72 1171/625/70 1178/626/72
f 1171/625/70 1177/624/72 1169/627/70
f 1181/628/73 1178/629/72 1182/630/73
f 1178/629/72 1181/628/73 1177/631/72
f 1185/632/74 1182/633/73 1186/634/74
f 1182/633/73 1185/632/74 1181/635/73
f 1189/636/75 1186/637/74 1190/638/75
f 1186/637/74 1189/636/75 1185/639/74
f 1189/640/75 1193/641/76 1194/642/76
f 1193/641/76 1189/640/75 1190/643/75
f 1194/644/76 1197/645/77 1198/646/77
f 1197/645/77 1194/644/76 1193/647/76
f 1198/648/77 1201/649/78 1202/650/78
f 1201/649/78 1198/648/77 1197/651/77
f 1202/652/78 1205/653/79 1206/654/79
f 1205/653/79 1202/652/78 1201/655/78
f 1206/656/79 1209/657/80 1210/658/80
f 1209/657/80 1206/656/79 1205/659/79
f 1213/8/44 1214/660/44 1215/661/44
f 1214/660/44 1213/8/44 1216/5/44
f 1221/662/81 1222/663/82 1223/664/82
f 1222/663/82 1221/662/81 1224/665/81
f 1229/666/83 1224/667/81 1221/668/81
f 1224/667/81 1229/666/83 1230/669/83
f 1233/670/84 1230/671/83 1229/672/83
f 1230/671/83 1233/670/84 1234/673/84
f 1237/674/85 1234/675/84 1233/676/84
f 1234/675/84 1237/674/85 1238/677/85
f 1241/678/86 1238/679/85 1237/680/85
f 1238/679/85 1241/678/86 1242/681/86
f 1245/682/87 1241/683/86 1246/684/87
f 1241/683/86 1245/682/87 1242/685/86
f 1249/686/88 1246/687/87 1250/688/88
f 1246/687/87 1249/686/88 1245/689/87
f 1253/690/89 1250/691/88 1254/692/89
f 1250/691/88 1253/690/89 1249/693/88
f 1257/694/90 1254/695/89 1258/696/90
f 1254/695/89 1257/694/90 1253/697/89
f 1261/698/91 1258/699/90 1262/700/91
f 1258/699/90 1261/698/91 1257/701/90
f 1265/702/92 1262/703/91 1266/704/92
f 1262/703/91 1265/702/92 1261/705/91
f 1269/706/93 1266/707/92 1270/708/93
f 1266/707/92 1269/706/93 1265/709/92
f 1273/710/94 1274/708/93 1275/711/94
f 1274/708/93 1273/710/94 1276/706/93
f 1281/712/95 1275/713/94 1282/714/95
f 1275/713/94 1281/712/95 1273/715/94
f 1285/716/96 1282/717/95 1286/718/96
f 1282/717/95 1285/716/96 1281/719/95
f 1285/720/96 1289/721/97 1290/722/97
f 1289/721/97 1285/720/96 1286/723/96
f 1290/724/97 1293/725/98 1294/726/98
f 1293/725/98 1290/724/97 1289/727/97
f 1294/728/98 1297/729/99 1298/730/99
f 1297/729/99 1294/728/98 1293/731/98
f 1298/732/99 1301/733/100 1302/734/100
f 1301/733/100 1298/732/99 1297/735/99
f 1302/736/100 1305/737/101 1306/738/101
f 1305/737/101 1302/736/100 1301/739/100
f 1306/740/101 1309/741/102 1310/742/102
f 1309/741/102 1306/740/101 1305/743/101
f 1310/744/102 1313/745/103 1314/746/103
f 1313/745/103 1310/744/102 1309/747/102
f 1314/748/103 1317/749/104 1318/750/104
f 1317/749/104 1314/748/103 1313/751/103
f 1318/752/104 1321/753/105 1322/754/105
f 1321/753/105 1318/752/104 1317/755/104
f 1325/756/106 1321/757/105 1326/758/106
f 1321/757/105 1325/756/106 1322/759/105
f 1329/760/107 1326/761/106 1330/762/107
f 1326/761/106 1329/760/107 1325/763/106
f 1333/764/108 1330/765/107 1334/766/108
f 1330/765/107 1333/764/108 1329/767/107
f 1337/768/109 1334/769/108 1338/770/109
f 1334/769/108 1337/768/109 1333/771/108
f 1341/772/110 1342/770/109 1343/773/110
f 1342/770/109 1341/772/110 1344/768/109
f 1349/774/111 1343/775/110 1350/776/111
f 1343/775/110 1349/774/111 1341/777/110
f 1353/778/112 1350/779/111 1354/780/112
f 1350/779/111 1353/778/112 1349/781/111
f 1357/782/113 1354/783/112 1358/784/113
f 1354/783/112 1357/782/113 1353/785/112
f 1361/786/114 1358/787/113 1362/788/114
f 1358/787/113 1361/786/114 1357/789/113
f 1365/790/115 1362/791/114 1366/792/115
f 1362/791/114 1365/790/115 1361/793/114
f 1369/794/116 1365/795/115 1366/796/115
f 1365/795/115 1369/794/116 1370/797/116
f 1373/798/117 1370/799/116 1369/800/116
f 1370/799/116 1373/798/117 1374/801/117
f 1377/802/118 1374/803/117 1373/804/117
f 1374/803/117 1377/802/118 1378/805/118
f 1381/806/119 1378/807/118 1377/808/118
f 1378/807/118 1381/806/119 1382/809/119
f 1385/664/82 1382/810/119 1381/811/119
f 1382/810/119 1385/664/82 1386/663/82
f 1389/812/25 1390/813/25 1391/814/25
f 1390/813/25 1389/812/25 1392/815/25
f 1392/815/25 1389/812/25 1393/275/25
f 1393/275/25 1389/812/25 1394/273/25
f 1401/816/120 1402/817/120 1403/818/120
f 1407/819/25 1408/820/25 1409/821/25
f 1408/820/25 1407/819/25 1410/822/25
f 1410/822/25 1407/819/25 1411/248/25
f 1417/823/121 1418/824/121 1419/825/121
f 1418/824/121 1417/823/121 1420/826/121
f 1425/827/27 1426/828/27 1427/829/27
f 1426/828/27 1425/827/27 1428/830/27
f 1433/831/122 1434/832/122 1435/833/122
f 1434/832/122 1433/831/122 1436/834/122
f 1441/835/123 1442/836/121 1443/837/123
f 1442/836/121 1441/835/123 1444/838/121
f 1449/839/124 1443/840/123 1450/841/124
f 1443/840/123 1449/839/124 1441/842/123
f 1453/843/125 1454/844/125 1455/845/125
f 1454/844/125 1453/843/125 1456/846/125
f 1461/847/126 1462/848/126 1463/849/126
f 1462/848/126 1461/847/126 1464/850/126
f 1469/851/127 1470/852/124 1471/853/127
f 1470/852/124 1469/851/127 1472/854/124
f 1477/855/128 1471/856/127 1478/857/128
f 1471/856/127 1477/855/128 1469/858/127
f 1481/859/129 1482/860/129 1483/861/129
f 1482/860/129 1481/859/129 1484/862/129
f 1489/863/130 1490/864/130 1491/865/130
f 1490/864/130 1489/863/130 1492/866/130
f 1497/867/131 1498/868/131 1499/869/131
f 1498/868/131 1497/867/131 1500/870/131
f 1505/871/132 1506/872/132 1507/873/132
f 1506/872/132 1505/871/132 1508/874/132
f 1513/875/133 1514/876/133 1515/877/133
f 1514/876/133 1513/875/133 1516/878/133
f 1521/879/134 1522/880/134 1523/881/134
f 1522/880/134 1521/879/134 1524/882/134
f 1529/883/42 1530/508/135 1531/884/135
f 1530/508/135 1529/883/42 1532/885/42
f 1531/886/135 1537/887/136 1538/888/136
f 1537/887/136 1531/886/135 1530/889/135
f 1538/890/136 1541/891/137 1542/892/137
f 1541/891/137 1538/890/136 1537/893/136
f 1542/894/137 1545/895/138 1546/896/138
f 1545/895/138 1542/894/137 1541/897/137
f 1546/898/138 1549/899/139 1550/900/139
f 1549/899/139 1546/898/138 1545/901/138
f 1549/902/139 1553/903/140 1550/904/139
f 1553/903/140 1549/902/139 1554/905/140
f 1554/906/140 1557/907/141 1553/908/140
f 1557/907/141 1554/906/140 1558/909/141
f 1558/910/141 1561/911/142 1557/912/141
f 1561/911/142 1558/910/141 1562/913/142
f 1562/914/142 1565/915/143 1561/916/142
f 1565/915/143 1562/914/142 1566/917/143
f 1569/918/4 1570/919/4 1571/920/4
f 1570/919/4 1569/918/4 1572/921/4
f 1572/921/4 1569/918/4 1573/922/4
f 1573/922/4 1569/918/4 1574/923/4
f 1574/923/4 1569/918/4 1575/924/4
f 1574/923/4 1575/924/4 1576/925/4
f 1576/925/4 1575/924/4 1577/926/4
f 1577/926/4 1575/924/4 1578/927/4
f 1578/927/4 1575/924/4 1579/928/4
f 1578/927/4 1579/928/4 1580/929/4
f 1580/929/4 1579/928/4 1581/930/4
f 1581/930/4 1579/928/4 1582/931/4
f 1582/931/4 1579/928/4 1583/932/4
f 1583/932/4 1579/928/4 1584/933/4
f 1584/933/4 1579/928/4 1585/934/4
f 1584/933/4 1585/934/4 1586/935/4
f 1586/935/4 1585/934/4 1587/936/4
f 1586/935/4 1587/936/4 1588/937/4
f 1588/937/4 1587/936/4 1589/938/4
f 1588/937/4 1589/938/4 1590/939/4
f 1590/939/4 1589/938/4 1591/940/4
f 1590/939/4 1591/940/4 1592/941/4
f 1592/941/4 1591/940/4 1593/942/4
f 1592/941/4 1593/942/4 1594/943/4
f 1595/944/4 1596/945/4 1597/946/4
f 1596/945/4 1595/944/4 1598/947/4
f 1598/947/4 1595/944/4 1599/948/4
f 1598/947/4 1599/948/4 1600/949/4
f 1598/947/4 1600/949/4 1601/950/4
f 1598/947/4 1601/950/4 1602/951/4
f 1598/947/4 1602/951/4 1603/952/4
f 1603/952/4 1602/951/4 1604/953/4
f 1604/953/4 1602/951/4 1605/954/4
f 1604/953/4 1605/954/4 1606/955/4
f 1606/955/4 1605/954/4 1607/956/4
f 1606/955/4 1607/956/4 1608/957/4
f 1606/955/4 1608/957/4 1609/958/4
f 1606/955/4 1609/958/4 1583/932/4
f 1583/932/4 1609/958/4 1610/959/4
f 1583/932/4 1610/959/4 1611/960/4
f 1583/932/4 1611/960/4 1582/931/4
f 1612/961/4 1613/962/4 1614/963/4
f 1613/962/4 1612/961/4 1615/964/4
f 1615/964/4 1612/961/4 1616/965/4
f 1616/965/4 1612/961/4 1617/966/4
f 1617/966/4 1612/961/4 1618/967/4
f 1618/967/4 1612/961/4 1619/968/4
f 1618/967/4 1619/968/4 1620/969/4
f 1620/969/4 1619/968/4 1621/970/4
f 1621/970/4 1619/968/4 1622/971/4
f 1622/971/4 1619/968/4 1623/972/4
f 1622/971/4 1623/972/4 1624/973/4
f 1622/971/4 1624/973/4 1625/974/4
f 1625/974/4 1624/973/4 1570/919/4
f 1625/974/4 1570/919/4 1626/975/4
f 1626/975/4 1570/919/4 1627/976/4
f 1627/976/4 1570/919/4 1572/921/4
f 1628/977/4 1629/274/4 1630/275/4
f 1629/274/4 1628/977/4 1631/272/4
f 1631/272/4 1628/977/4 1632/270/4
f 1632/270/4 1628/977/4 1633/268/4
f 1633/268/4 1628/977/4 1634/265/4
f 1634/265/4 1628/977/4 1635/262/4
f 1635/262/4 1628/977/4 1636/255/4
f 1636/255/4 1628/977/4 1637/978/4
f 1636/255/4 1637/978/4 1638/979/4
f 1636/255/4 1638/979/4 1639/980/4
f 1636/255/4 1639/980/4 1640/981/4
f 1636/255/4 1640/981/4 1641/256/4
f 1641/256/4 1640/981/4 1642/982/4
f 1641/256/4 1642/982/4 1643/983/4
f 1641/256/4 1643/983/4 1597/946/4
f 1641/256/4 1597/946/4 1644/276/4
f 1644/276/4 1597/946/4 1596/945/4
f 1645/984/4 1630/275/4 1646/985/4
f 1630/275/4 1645/984/4 1628/977/4
f 1628/977/4 1645/984/4 1647/986/4
f 1628/977/4 1647/986/4 1648/987/4
f 1628/977/4 1648/987/4 1649/988/4
f 1628/977/4 1649/988/4 1650/989/4
f 1628/977/4 1650/989/4 1614/963/4
f 1628/977/4 1614/963/4 1613/962/4
f 1733/990/4 1734/991/4 1735/942/4
f 1739/992/144 1740/993/145 1741/994/145
f 1740/993/145 1739/992/144 1742/995/144
f 1747/996/4 1748/918/4 1749/920/4
f 1748/918/4 1747/996/4 1750/924/4
f 1750/924/4 1747/996/4 1751/928/4
f 1751/928/4 1747/996/4 1752/934/4
f 1752/934/4 1747/996/4 1753/936/4
f 1753/936/4 1747/996/4 1754/938/4
f 1754/938/4 1747/996/4 1755/997/4
f 1754/938/4 1755/997/4 1756/940/4
f 1756/940/4 1755/997/4 1757/998/4
f 1756/940/4 1757/998/4 1758/942/4
f 1758/942/4 1757/998/4 1759/990/4
f 1759/990/4 1757/998/4 1760/999/4
f 1759/990/4 1760/999/4 1761/1000/4
f 1759/990/4 1761/1000/4 1762/1001/4
f 1762/1001/4 1761/1000/4 1763/1002/4
f 1762/1001/4 1763/1002/4 1764/1003/4
f 1764/1003/4 1763/1002/4 1765/1004/4
f 1764/1003/4 1765/1004/4 1766/1005/4
f 1766/1005/4 1765/1004/4 1767/1006/4
f 1766/1005/4 1767/1006/4 1768/1007/4
f 1766/1005/4 1768/1007/4 1769/1008/4
f 1769/1008/4 1768/1007/4 1770/1009/4
f 1769/1008/4 1770/1009/4 1771/1010/4
f 1771/1010/4 1770/1009/4 1772/1011/4
f 1771/1010/4 1772/1011/4 1773/1012/4
f 1771/1010/4 1773/1012/4 1774/1013/4
f 1771/1010/4 1774/1013/4 1775/1014/4
f 1775/1014/4 1774/1013/4 1776/1015/4
f 1775/1014/4 1776/1015/4 1777/1016/4
f 1775/1014/4 1777/1016/4 1778/1017/4
f 1775/1014/4 1778/1017/4 1779/1018/4
f 1779/1018/4 1778/1017/4 1780/1019/4
f 1779/1018/4 1780/1019/4 1781/1020/4
f 1779/1018/4 1781/1020/4 1782/1021/4
f 1782/1021/4 1781/1020/4 1783/1022/4
f 1782/1021/4 1783/1022/4 1784/1023/4
f 1784/1023/4 1783/1022/4 1785/1024/4
f 1784/1023/4 1785/1024/4 1786/1025/4
f 1786/1025/4 1785/1024/4 1787/1026/4
f 1786/1025/4 1787/1026/4 1788/1027/4
f 1788/1027/4 1787/1026/4 1789/1028/4
f 1788/1027/4 1789/1028/4 1790/1029/4
f 1835/1030/146 1836/1031/147 1837/1032/146
f 1836/1031/147 1835/1030/146 1838/1033/147
f 1843/1034/148 1837/1035/146 1844/1036/148
f 1837/1035/146 1843/1034/148 1835/1037/146
f 1847/1038/149 1844/1039/148 1848/1040/149
f 1844/1039/148 1847/1038/149 1843/1041/148
f 1851/1042/150 1848/1043/149 1852/1044/150
f 1848/1043/149 1851/1042/150 1847/1045/149
f 1851/1046/150 1855/1047/151 1856/1048/151
f 1855/1047/151 1851/1046/150 1852/1049/150
f 1856/1050/151 1859/1051/152 1860/1052/152
f 1859/1051/152 1856/1050/151 1855/1053/151
f 1860/1054/152 1742/1055/144 1739/1056/144
f 1742/1055/144 1860/1054/152 1859/1057/152
