# SSTK version 0.8.0
# 1
mtllib original-1.mtl
o group_0/ID6#ID6
v -0.050680 0.062064 0.374541
v -0.053772 0.061719 0.365655
v -0.051468 0.061719 0.374814
v -0.052948 0.062064 0.365522
v -0.052948 0.062064 0.365522
v -0.050680 0.062064 0.374541
v -0.053772 0.061719 0.365655
v -0.051468 0.061719 0.374814
v -0.049850 0.062274 0.374253
v -0.052082 0.062274 0.365383
v -0.052082 0.062274 0.365383
v -0.049850 0.062274 0.374253
v -0.054451 0.061719 0.356234
v -0.053617 0.062064 0.356247
v -0.053617 0.062064 0.356247
v -0.054451 0.061719 0.356234
v -0.054532 0.061249 0.365777
v -0.052195 0.061249 0.375066
v -0.054532 0.061249 0.365777
v -0.052195 0.061249 0.375066
v -0.046879 0.062064 0.383028
v -0.047608 0.061719 0.383434
v -0.046879 0.062064 0.383028
v -0.047608 0.061719 0.383434
v -0.048999 0.062344 0.373958
v -0.051193 0.062344 0.365241
v -0.051193 0.062344 0.365241
v -0.048999 0.062344 0.373958
v -0.052739 0.062274 0.356260
v -0.052739 0.062274 0.356260
v -0.046112 0.062274 0.382601
v -0.046112 0.062274 0.382601
v -0.052664 0.062064 0.346996
v -0.053484 0.061719 0.346839
v -0.053484 0.061719 0.346839
v -0.052664 0.062064 0.346996
v -0.055221 0.061249 0.356222
v -0.055221 0.061249 0.356222
v -0.055210 0.060665 0.365886
v -0.052844 0.060665 0.375291
v -0.055210 0.060665 0.365886
v -0.052844 0.060665 0.375291
v -0.048281 0.061249 0.383809
v -0.048281 0.061249 0.383809
v -0.041663 0.062064 0.390727
v -0.042310 0.061719 0.391253
v -0.041663 0.062064 0.390727
v -0.042310 0.061719 0.391253
v -0.000685 0.062344 0.408604
v -0.010006 0.062344 0.407710
v -0.001064 0.062344 0.408631
v 0.007902 0.062344 0.407985
v 0.016620 0.062344 0.405792
v -0.018653 0.062344 0.405251
v 0.024825 0.062344 0.402118
v -0.026741 0.062344 0.401327
v 0.032267 0.062344 0.397075
v -0.034025 0.062344 0.396058
v 0.038720 0.062344 0.390817
v -0.040283 0.062344 0.389605
v 0.043989 0.062344 0.383533
v -0.045326 0.062344 0.382163
v 0.047912 0.062344 0.375445
v -0.048999 0.062344 0.373958
v 0.050372 0.062344 0.366798
v -0.051193 0.062344 0.365241
v 0.051293 0.062344 0.357856
v -0.051839 0.062344 0.356274
v 0.050647 0.062344 0.348890
v -0.050918 0.062344 0.347332
v 0.048453 0.062344 0.340172
v -0.048459 0.062344 0.338685
v 0.044780 0.062344 0.331967
v -0.044535 0.062344 0.330597
v 0.039737 0.062344 0.324525
v -0.039266 0.062344 0.323313
v 0.033479 0.062344 0.318072
v -0.032813 0.062344 0.317055
v 0.026195 0.062344 0.312803
v -0.025371 0.062344 0.312012
v 0.018107 0.062344 0.308880
v -0.017166 0.062344 0.308339
v 0.009460 0.062344 0.306420
v -0.008449 0.062344 0.306145
v 0.000518 0.062344 0.305499
v 0.000518 0.062344 0.305499
v 0.009460 0.062344 0.306420
v -0.008449 0.062344 0.306145
v -0.017166 0.062344 0.308339
v 0.018107 0.062344 0.308880
v -0.025371 0.062344 0.312012
v 0.026195 0.062344 0.312803
v -0.032813 0.062344 0.317055
v 0.033479 0.062344 0.318072
v -0.039266 0.062344 0.323313
v 0.039737 0.062344 0.324525
v -0.044535 0.062344 0.330597
v 0.044780 0.062344 0.331967
v -0.048459 0.062344 0.338685
v 0.048453 0.062344 0.340172
v -0.050918 0.062344 0.347332
v 0.050647 0.062344 0.348890
v -0.051839 0.062344 0.356274
v 0.051293 0.062344 0.357856
v -0.051193 0.062344 0.365241
v 0.050372 0.062344 0.366798
v -0.048999 0.062344 0.373958
v 0.047912 0.062344 0.375445
v -0.045326 0.062344 0.382163
v 0.043989 0.062344 0.383533
v -0.040283 0.062344 0.389605
v 0.038720 0.062344 0.390817
v -0.034025 0.062344 0.396058
v 0.032267 0.062344 0.397075
v -0.026741 0.062344 0.401327
v 0.024825 0.062344 0.402118
v -0.018653 0.062344 0.405251
v 0.016620 0.062344 0.405792
v -0.010006 0.062344 0.407710
v 0.007902 0.062344 0.407985
v -0.000685 0.062344 0.408604
v -0.001064 0.062344 0.408631
v -0.051839 0.062344 0.356274
v -0.051839 0.062344 0.356274
v -0.045326 0.062344 0.382163
v -0.045326 0.062344 0.382163
v -0.051802 0.062274 0.347162
v -0.051802 0.062274 0.347162
v -0.040981 0.062274 0.390173
v -0.040981 0.062274 0.390173
v -0.050120 0.062064 0.338052
v -0.050899 0.061719 0.337754
v -0.050899 0.061719 0.337754
v -0.050120 0.062064 0.338052
v -0.054240 0.061249 0.346694
v -0.054240 0.061249 0.346694
v -0.055907 0.060665 0.356212
v -0.055907 0.060665 0.356212
v -0.055789 0.059981 0.365979
v -0.053398 0.059981 0.375483
v -0.055789 0.059981 0.365979
v -0.053398 0.059981 0.375483
v -0.048880 0.060665 0.384143
v -0.048880 0.060665 0.384143
v -0.042907 0.061249 0.391739
v -0.042907 0.061249 0.391739
v -0.035188 0.062064 0.397403
v -0.035734 0.061719 0.398034
v -0.035188 0.062064 0.397403
v -0.035734 0.061719 0.398034
v 0.000518 0.062344 0.305499
v -0.008591 0.062274 0.305257
v -0.008449 0.062344 0.306145
v 0.000532 0.062274 0.304599
v 0.000532 0.062274 0.304599
v 0.000518 0.062344 0.305499
v -0.008591 0.062274 0.305257
v -0.008449 0.062344 0.306145
v -0.017461 0.062274 0.307488
v -0.017166 0.062344 0.308339
v -0.017461 0.062274 0.307488
v -0.017166 0.062344 0.308339
v -0.025809 0.062274 0.311226
v -0.025371 0.062344 0.312012
v -0.025809 0.062274 0.311226
v -0.025371 0.062344 0.312012
v -0.033381 0.062274 0.316357
v -0.032813 0.062344 0.317055
v -0.033381 0.062274 0.316357
v -0.032813 0.062344 0.317055
v -0.039947 0.062274 0.322724
v -0.039266 0.062344 0.323313
v -0.039947 0.062274 0.322724
v -0.039266 0.062344 0.323313
v -0.045307 0.062274 0.330135
v -0.044535 0.062344 0.330597
v -0.045307 0.062274 0.330135
v -0.044535 0.062344 0.330597
v -0.049300 0.062274 0.338365
v -0.048459 0.062344 0.338685
v -0.049300 0.062274 0.338365
v -0.048459 0.062344 0.338685
v -0.050918 0.062344 0.347332
v -0.050918 0.062344 0.347332
v -0.040283 0.062344 0.389605
v -0.040283 0.062344 0.389605
v -0.034025 0.062344 0.396058
v -0.034614 0.062274 0.396739
v -0.034025 0.062344 0.396058
v -0.034614 0.062274 0.396739
v -0.026741 0.062344 0.401327
v -0.027203 0.062274 0.402100
v -0.026741 0.062344 0.401327
v -0.027203 0.062274 0.402100
v -0.018653 0.062344 0.405251
v -0.018974 0.062274 0.406092
v -0.018653 0.062344 0.405251
v -0.018974 0.062274 0.406092
v -0.010006 0.062344 0.407710
v -0.010176 0.062274 0.408594
v -0.010006 0.062344 0.407710
v -0.010176 0.062274 0.408594
v -0.001064 0.062344 0.408631
v -0.001078 0.062274 0.409531
v -0.001064 0.062344 0.408631
v -0.001078 0.062274 0.409531
v -0.000621 0.062274 0.409498
v -0.000685 0.062344 0.408604
v -0.000685 0.062344 0.408604
v -0.000621 0.062274 0.409498
v 0.008045 0.062274 0.408874
v -0.000685 0.062344 0.408604
v -0.000621 0.062274 0.409498
v 0.007902 0.062344 0.407985
v 0.007902 0.062344 0.407985
v 0.008045 0.062274 0.408874
v -0.000685 0.062344 0.408604
v -0.000621 0.062274 0.409498
v 0.016915 0.062274 0.406642
v 0.016620 0.062344 0.405792
v 0.016620 0.062344 0.405792
v 0.016915 0.062274 0.406642
v 0.025263 0.062274 0.402904
v 0.024825 0.062344 0.402118
v 0.024825 0.062344 0.402118
v 0.025263 0.062274 0.402904
v 0.032835 0.062274 0.397773
v 0.032267 0.062344 0.397075
v 0.032267 0.062344 0.397075
v 0.032835 0.062274 0.397773
v 0.039401 0.062274 0.391406
v 0.038720 0.062344 0.390817
v 0.038720 0.062344 0.390817
v 0.039401 0.062274 0.391406
v 0.044761 0.062274 0.383995
v 0.043989 0.062344 0.383533
v 0.043989 0.062344 0.383533
v 0.044761 0.062274 0.383995
v 0.048754 0.062274 0.375766
v 0.047912 0.062344 0.375445
v 0.047912 0.062344 0.375445
v 0.048754 0.062274 0.375766
v 0.051256 0.062274 0.366968
v 0.050372 0.062344 0.366798
v 0.050372 0.062344 0.366798
v 0.051256 0.062274 0.366968
v 0.052193 0.062274 0.357870
v 0.051293 0.062344 0.357856
v 0.051293 0.062344 0.357856
v 0.052193 0.062274 0.357870
v 0.051535 0.062274 0.348747
v 0.050647 0.062344 0.348890
v 0.050647 0.062344 0.348890
v 0.051535 0.062274 0.348747
v 0.048453 0.062344 0.340172
v 0.049304 0.062274 0.339877
v 0.049304 0.062274 0.339877
v 0.048453 0.062344 0.340172
v 0.044780 0.062344 0.331967
v 0.045566 0.062274 0.331529
v 0.045566 0.062274 0.331529
v 0.044780 0.062344 0.331967
v 0.039737 0.062344 0.324525
v 0.040435 0.062274 0.323957
v 0.040435 0.062274 0.323957
v 0.039737 0.062344 0.324525
v 0.033479 0.062344 0.318072
v 0.034068 0.062274 0.317391
v 0.034068 0.062274 0.317391
v 0.033479 0.062344 0.318072
v 0.026195 0.062344 0.312803
v 0.026657 0.062274 0.312031
v 0.026657 0.062274 0.312031
v 0.026195 0.062344 0.312803
v 0.018107 0.062344 0.308880
v 0.018427 0.062274 0.308038
v 0.018427 0.062274 0.308038
v 0.018107 0.062344 0.308880
v 0.009460 0.062344 0.306420
v 0.009630 0.062274 0.305536
v 0.009630 0.062274 0.305536
v 0.009460 0.062344 0.306420
v -0.046061 0.062064 0.329685
v -0.046777 0.061719 0.329256
v -0.046777 0.061719 0.329256
v -0.046061 0.062064 0.329685
v -0.051619 0.061249 0.337480
v -0.051619 0.061249 0.337480
v -0.054914 0.060665 0.346564
v -0.054914 0.060665 0.346564
v -0.056494 0.059981 0.356203
v -0.056494 0.059981 0.356203
v -0.056255 0.059214 0.366053
v -0.053844 0.059214 0.375638
v -0.056255 0.059214 0.366053
v -0.053844 0.059214 0.375638
v -0.049393 0.059981 0.384429
v -0.049393 0.059981 0.384429
v -0.043440 0.060665 0.392173
v -0.043440 0.060665 0.392173
v -0.036238 0.061249 0.398616
v -0.036238 0.061249 0.398616
v -0.027653 0.062064 0.402853
v -0.028082 0.061719 0.403569
v -0.027653 0.062064 0.402853
v -0.028082 0.061719 0.403569
v -0.008730 0.062064 0.304390
v 0.000545 0.062064 0.303721
v 0.000545 0.062064 0.303721
v -0.008730 0.062064 0.304390
v -0.017749 0.062064 0.306658
v -0.017749 0.062064 0.306658
v -0.026236 0.062064 0.310459
v -0.026236 0.062064 0.310459
v -0.033935 0.062064 0.315675
v -0.033935 0.062064 0.315675
v -0.040611 0.062064 0.322150
v -0.040611 0.062064 0.322150
v -0.019286 0.062064 0.406912
v -0.019286 0.062064 0.406912
v -0.010342 0.062064 0.409456
v -0.010342 0.062064 0.409456
v -0.001091 0.062064 0.410409
v -0.001091 0.062064 0.410409
v -0.000558 0.062064 0.410370
v -0.000558 0.062064 0.410370
v 0.008184 0.062064 0.409741
v -0.000558 0.062064 0.410370
v 0.008184 0.062064 0.409741
v -0.000558 0.062064 0.410370
v 0.017203 0.062064 0.407472
v 0.017203 0.062064 0.407472
v 0.025690 0.062064 0.403671
v 0.025690 0.062064 0.403671
v 0.033389 0.062064 0.398455
v 0.033389 0.062064 0.398455
v 0.040065 0.062064 0.391980
v 0.040065 0.062064 0.391980
v 0.045515 0.062064 0.384445
v 0.045515 0.062064 0.384445
v 0.049574 0.062064 0.376078
v 0.049574 0.062064 0.376078
v 0.052118 0.062064 0.367134
v 0.052118 0.062064 0.367134
v 0.053071 0.062064 0.357883
v 0.053071 0.062064 0.357883
v 0.052402 0.062064 0.348608
v 0.052402 0.062064 0.348608
v 0.050134 0.062064 0.339589
v 0.050134 0.062064 0.339589
v 0.046333 0.062064 0.331102
v 0.046333 0.062064 0.331102
v 0.041117 0.062064 0.323403
v 0.041117 0.062064 0.323403
v 0.034642 0.062064 0.316727
v 0.034642 0.062064 0.316727
v 0.027107 0.062064 0.311277
v 0.027107 0.062064 0.311277
v 0.018740 0.062064 0.307218
v 0.018740 0.062064 0.307218
v 0.009796 0.062064 0.304674
v 0.009796 0.062064 0.304674
v -0.041242 0.061719 0.321604
v -0.041242 0.061719 0.321604
v -0.047438 0.061249 0.328861
v -0.047438 0.061249 0.328861
v -0.052260 0.060665 0.337235
v -0.052260 0.060665 0.337235
v -0.055490 0.059981 0.346453
v -0.055490 0.059981 0.346453
v -0.056966 0.059214 0.356196
v -0.056966 0.059214 0.356196
v -0.056596 0.058383 0.366108
v -0.054170 0.058383 0.375751
v -0.056596 0.058383 0.366108
v -0.054170 0.058383 0.375751
v -0.049805 0.059214 0.384658
v -0.049805 0.059214 0.384658
v -0.043895 0.059981 0.392543
v -0.043895 0.059981 0.392543
v -0.036688 0.060665 0.399135
v -0.036688 0.060665 0.399135
v -0.028477 0.061249 0.404230
v -0.028477 0.061249 0.404230
v -0.019584 0.061719 0.407692
v -0.019584 0.061719 0.407692
v -0.008863 0.061719 0.303566
v 0.000558 0.061719 0.302887
v 0.000558 0.061719 0.302887
v -0.008863 0.061719 0.303566
v -0.018022 0.061719 0.305870
v -0.018022 0.061719 0.305870
v -0.026642 0.061719 0.309730
v -0.026642 0.061719 0.309730
v -0.034461 0.061719 0.315028
v -0.034461 0.061719 0.315028
v -0.010499 0.061719 0.410276
v -0.010499 0.061719 0.410276
v -0.001104 0.061719 0.411243
v -0.001104 0.061719 0.411243
v -0.000498 0.061719 0.411199
v -0.000498 0.061719 0.411199
v 0.008317 0.061719 0.410564
v -0.000498 0.061719 0.411199
v 0.008317 0.061719 0.410564
v -0.000498 0.061719 0.411199
v 0.017476 0.061719 0.408260
v 0.017476 0.061719 0.408260
v 0.026096 0.061719 0.404400
v 0.026096 0.061719 0.404400
v 0.033915 0.061719 0.399102
v 0.033915 0.061719 0.399102
v 0.040696 0.061719 0.392526
v 0.040696 0.061719 0.392526
v 0.046231 0.061719 0.384874
v 0.046231 0.061719 0.384874
v 0.050353 0.061719 0.376376
v 0.050353 0.061719 0.376376
v 0.052938 0.061719 0.367291
v 0.052938 0.061719 0.367291
v 0.053905 0.061719 0.357896
v 0.053905 0.061719 0.357896
v 0.053226 0.061719 0.348475
v 0.053226 0.061719 0.348475
v 0.050922 0.061719 0.339316
v 0.050922 0.061719 0.339316
v 0.047062 0.061719 0.330696
v 0.047062 0.061719 0.330696
v 0.041764 0.061719 0.322877
v 0.041764 0.061719 0.322877
v 0.035188 0.061719 0.316096
v 0.035188 0.061719 0.316096
v 0.027536 0.061719 0.310561
v 0.027536 0.061719 0.310561
v 0.019038 0.061719 0.306439
v 0.019038 0.061719 0.306439
v 0.009953 0.061719 0.303854
v 0.009953 0.061719 0.303854
v -0.041824 0.061249 0.321100
v -0.041824 0.061249 0.321100
v -0.048027 0.060665 0.328509
v -0.048027 0.060665 0.328509
v -0.052808 0.059981 0.337026
v -0.052808 0.059981 0.337026
v -0.055953 0.059214 0.346364
v -0.055953 0.059214 0.346364
v -0.057311 0.058383 0.356190
v -0.057311 0.058383 0.356190
v -0.056805 0.057508 0.366142
v -0.054370 0.057508 0.375820
v -0.056805 0.057508 0.366142
v -0.054370 0.057508 0.375820
v -0.050107 0.058383 0.384826
v -0.050107 0.058383 0.384826
v -0.044261 0.059214 0.392840
v -0.044261 0.059214 0.392840
v -0.037072 0.059981 0.399578
v -0.037072 0.059981 0.399578
v -0.028829 0.060665 0.404819
v -0.028829 0.060665 0.404819
v -0.019858 0.061249 0.408411
v -0.019858 0.061249 0.408411
v -0.008985 0.061249 0.302806
v 0.000570 0.061249 0.302117
v 0.000570 0.061249 0.302117
v -0.008985 0.061249 0.302806
v -0.018274 0.061249 0.305143
v -0.018274 0.061249 0.305143
v -0.027017 0.061249 0.309058
v -0.027017 0.061249 0.309058
v -0.034947 0.061249 0.314431
v -0.034947 0.061249 0.314431
v -0.010645 0.061249 0.411032
v -0.010645 0.061249 0.411032
v -0.001116 0.061249 0.412013
v -0.001116 0.061249 0.412013
v -0.000443 0.061249 0.411964
v -0.000443 0.061249 0.411964
v 0.008439 0.061249 0.411324
v -0.000443 0.061249 0.411964
v 0.008439 0.061249 0.411324
v -0.000443 0.061249 0.411964
v 0.017728 0.061249 0.408987
v 0.017728 0.061249 0.408987
v 0.026471 0.061249 0.405073
v 0.026471 0.061249 0.405073
v 0.034401 0.061249 0.399699
v 0.034401 0.061249 0.399699
v 0.041278 0.061249 0.393030
v 0.041278 0.061249 0.393030
v 0.046892 0.061249 0.385269
v 0.046892 0.061249 0.385269
v 0.051073 0.061249 0.376650
v 0.051073 0.061249 0.376650
v 0.053694 0.061249 0.367437
v 0.053694 0.061249 0.367437
v 0.054675 0.061249 0.357908
v 0.054675 0.061249 0.357908
v 0.053986 0.061249 0.348353
v 0.053986 0.061249 0.348353
v 0.051649 0.061249 0.339064
v 0.051649 0.061249 0.339064
v 0.047735 0.061249 0.330321
v 0.047735 0.061249 0.330321
v 0.042361 0.061249 0.322391
v 0.042361 0.061249 0.322391
v 0.035692 0.061249 0.315514
v 0.035692 0.061249 0.315514
v 0.027931 0.061249 0.309900
v 0.027931 0.061249 0.309900
v 0.019312 0.061249 0.305719
v 0.019312 0.061249 0.305719
v 0.010098 0.061249 0.303098
v 0.010098 0.061249 0.303098
v -0.042343 0.060665 0.320650
v -0.042343 0.060665 0.320650
v -0.048531 0.059981 0.328208
v -0.048531 0.059981 0.328208
v -0.053249 0.059214 0.336858
v -0.053249 0.059214 0.336858
v -0.056293 0.058383 0.346299
v -0.056293 0.058383 0.346299
v -0.057522 0.057508 0.356187
v -0.057522 0.057508 0.356187
v -0.056874 0.056612 0.366153
v -0.054437 0.056612 0.375843
v -0.056874 0.056612 0.366153
v -0.054437 0.056612 0.375843
v -0.050291 0.057508 0.384929
v -0.050291 0.057508 0.384929
v -0.044529 0.058383 0.393058
v -0.044529 0.058383 0.393058
v -0.037380 0.059214 0.399935
v -0.037380 0.059214 0.399935
v -0.029130 0.059981 0.405323
v -0.029130 0.059981 0.405323
v -0.020103 0.060665 0.409052
v -0.020103 0.060665 0.409052
v -0.009094 0.060665 0.302128
v 0.000580 0.060665 0.301431
v 0.000580 0.060665 0.301431
v -0.009094 0.060665 0.302128
v -0.018499 0.060665 0.304494
v -0.018499 0.060665 0.304494
v -0.027351 0.060665 0.308458
v -0.027351 0.060665 0.308458
v -0.035381 0.060665 0.313898
v -0.035381 0.060665 0.313898
v -0.010774 0.060665 0.411706
v -0.010774 0.060665 0.411706
v -0.001126 0.060665 0.412699
v -0.001126 0.060665 0.412699
v -0.000394 0.060665 0.412647
v -0.000394 0.060665 0.412647
v 0.008548 0.060665 0.412002
v -0.000394 0.060665 0.412647
v 0.008548 0.060665 0.412002
v -0.000394 0.060665 0.412647
v 0.017953 0.060665 0.409636
v 0.017953 0.060665 0.409636
v 0.026805 0.060665 0.405672
v 0.026805 0.060665 0.405672
v 0.034834 0.060665 0.400232
v 0.034834 0.060665 0.400232
v 0.041797 0.060665 0.393480
v 0.041797 0.060665 0.393480
v 0.047481 0.060665 0.385621
v 0.047481 0.060665 0.385621
v 0.051714 0.060665 0.376895
v 0.051714 0.060665 0.376895
v 0.054368 0.060665 0.367566
v 0.054368 0.060665 0.367566
v 0.055361 0.060665 0.357918
v 0.055361 0.060665 0.357918
v 0.054664 0.060665 0.348245
v 0.054664 0.060665 0.348245
v 0.052298 0.060665 0.338839
v 0.052298 0.060665 0.338839
v 0.048334 0.060665 0.329987
v 0.048334 0.060665 0.329987
v 0.042894 0.060665 0.321958
v 0.042894 0.060665 0.321958
v 0.036142 0.060665 0.314995
v 0.036142 0.060665 0.314995
v 0.028283 0.060665 0.309311
v 0.028283 0.060665 0.309311
v 0.019557 0.060665 0.305078
v 0.019557 0.060665 0.305078
v 0.010228 0.060665 0.302424
v 0.010228 0.060665 0.302424
v -0.042786 0.059981 0.320267
v -0.042786 0.059981 0.320267
v -0.048935 0.059214 0.327966
v -0.048935 0.059214 0.327966
v -0.053572 0.058383 0.336735
v -0.053572 0.058383 0.336735
v -0.056500 0.057508 0.346259
v -0.056500 0.057508 0.346259
v -0.057593 0.056612 0.356186
v -0.057593 0.056612 0.356186
v -0.054437 0.056612 0.375843
v -0.056874 -0.058041 0.366153
v -0.054437 -0.058041 0.375843
v -0.056874 0.056612 0.366153
v -0.056874 0.056612 0.366153
v -0.054437 0.056612 0.375843
v -0.056874 -0.058041 0.366153
v -0.054437 -0.058041 0.375843
v -0.050353 0.056612 0.384964
v -0.050353 0.056612 0.384964
v -0.044692 0.057508 0.393191
v -0.044692 0.057508 0.393191
v -0.037606 0.058383 0.400196
v -0.037606 0.058383 0.400196
v -0.029372 0.059214 0.405727
v -0.029372 0.059214 0.405727
v -0.020312 0.059981 0.409600
v -0.020312 0.059981 0.409600
v -0.009187 0.059981 0.301549
v 0.000589 0.059981 0.300844
v -0.009187 0.059981 0.301549
v 0.000589 0.059981 0.300844
v -0.018691 0.059981 0.303940
v -0.018691 0.059981 0.303940
v -0.027637 0.059981 0.307945
v -0.027637 0.059981 0.307945
v -0.035751 0.059981 0.313443
v -0.035751 0.059981 0.313443
v -0.010885 0.059981 0.412282
v -0.010885 0.059981 0.412282
v -0.001135 0.059981 0.413286
v -0.001135 0.059981 0.413286
v -0.000352 0.059981 0.413229
v -0.000352 0.059981 0.413229
v -0.000352 0.059981 0.413229
v 0.008640 0.059981 0.412581
v -0.000352 0.059981 0.413229
v 0.008640 0.059981 0.412581
v 0.018145 0.059981 0.410190
v 0.018145 0.059981 0.410190
v 0.027091 0.059981 0.406185
v 0.027091 0.059981 0.406185
v 0.035204 0.059981 0.400687
v 0.035204 0.059981 0.400687
v 0.042240 0.059981 0.393864
v 0.042240 0.059981 0.393864
v 0.047984 0.059981 0.385922
v 0.047984 0.059981 0.385922
v 0.052262 0.059981 0.377104
v 0.052262 0.059981 0.377104
v 0.054944 0.059981 0.367677
v 0.054944 0.059981 0.367677
v 0.055948 0.059981 0.357927
v 0.055948 0.059981 0.357927
v 0.055243 0.059981 0.348152
v 0.055243 0.059981 0.348152
v 0.052852 0.059981 0.338647
v 0.052852 0.059981 0.338647
v 0.048847 0.059981 0.329701
v 0.048847 0.059981 0.329701
v 0.043349 0.059981 0.321588
v 0.043349 0.059981 0.321588
v 0.036525 0.059981 0.314552
v 0.036525 0.059981 0.314552
v 0.028584 0.059981 0.308808
v 0.028584 0.059981 0.308808
v 0.019766 0.059981 0.304530
v 0.019766 0.059981 0.304530
v 0.010339 0.059981 0.301848
v 0.010339 0.059981 0.301848
v -0.043143 0.059214 0.319958
v -0.043143 0.059214 0.319958
v -0.049232 0.058383 0.327788
v -0.049232 0.058383 0.327788
v -0.053769 0.057508 0.336660
v -0.053769 0.057508 0.336660
v -0.056569 0.056612 0.346246
v -0.056569 0.056612 0.346246
v -0.057593 -0.058041 0.356186
v -0.057593 0.056612 0.356186
v -0.057593 0.056612 0.356186
v -0.057593 -0.058041 0.356186
v -0.054437 -0.058041 0.375843
v -0.056805 -0.058938 0.366142
v -0.054370 -0.058938 0.375820
v -0.056874 -0.058041 0.366153
v -0.056874 -0.058041 0.366153
v -0.054437 -0.058041 0.375843
v -0.056805 -0.058938 0.366142
v -0.054370 -0.058938 0.375820
v -0.050353 0.056612 0.384964
v -0.050353 -0.058041 0.384964
v -0.050353 0.056612 0.384964
v -0.050353 -0.058041 0.384964
v -0.044747 0.056612 0.393236
v -0.044747 0.056612 0.393236
v -0.037744 0.057508 0.400356
v -0.037744 0.057508 0.400356
v -0.029550 0.058383 0.406024
v -0.029550 0.058383 0.406024
v -0.020480 0.059214 0.410041
v -0.020480 0.059214 0.410041
v -0.009261 0.059214 0.301083
v 0.000596 0.059214 0.300373
v -0.009261 0.059214 0.301083
v 0.000596 0.059214 0.300373
v -0.018846 0.059214 0.303494
v -0.018846 0.059214 0.303494
v -0.027866 0.059214 0.307533
v -0.027866 0.059214 0.307533
v -0.036048 0.059214 0.313077
v -0.036048 0.059214 0.313077
v -0.010974 0.059214 0.412745
v -0.010974 0.059214 0.412745
v -0.001142 0.059214 0.413758
v -0.001142 0.059214 0.413758
v -0.000318 0.059214 0.413698
v -0.000318 0.059214 0.413698
v -0.000318 0.059214 0.413698
v 0.008715 0.059214 0.413047
v -0.000318 0.059214 0.413698
v 0.008715 0.059214 0.413047
v 0.018300 0.059214 0.410636
v 0.018300 0.059214 0.410636
v 0.027320 0.059214 0.406597
v 0.027320 0.059214 0.406597
v 0.035502 0.059214 0.401053
v 0.035502 0.059214 0.401053
v 0.042597 0.059214 0.394172
v 0.042597 0.059214 0.394172
v 0.048389 0.059214 0.386164
v 0.048389 0.059214 0.386164
v 0.052703 0.059214 0.377272
v 0.052703 0.059214 0.377272
v 0.055407 0.059214 0.367766
v 0.055407 0.059214 0.367766
v 0.056419 0.059214 0.357934
v 0.056419 0.059214 0.357934
v 0.055709 0.059214 0.348077
v 0.055709 0.059214 0.348077
v 0.053298 0.059214 0.338492
v 0.053298 0.059214 0.338492
v 0.049259 0.059214 0.329472
v 0.049259 0.059214 0.329472
v 0.043715 0.059214 0.321290
v 0.043715 0.059214 0.321290
v 0.036834 0.059214 0.314195
v 0.036834 0.059214 0.314195
v 0.028826 0.059214 0.308403
v 0.028826 0.059214 0.308403
v 0.019934 0.059214 0.304089
v 0.019934 0.059214 0.304089
v 0.010428 0.059214 0.301385
v 0.010428 0.059214 0.301385
v -0.043404 0.058383 0.319732
v -0.043404 0.058383 0.319732
v -0.049413 0.057508 0.327680
v -0.049413 0.057508 0.327680
v -0.053835 0.056612 0.336635
v -0.053835 0.056612 0.336635
v -0.056569 -0.058041 0.346246
v -0.056569 0.056612 0.346246
v -0.056569 0.056612 0.346246
v -0.056569 -0.058041 0.346246
v -0.057522 -0.058938 0.356187
v -0.057593 -0.058041 0.356186
v -0.057593 -0.058041 0.356186
v -0.057522 -0.058938 0.356187
v -0.056596 -0.059813 0.366108
v -0.054170 -0.059813 0.375751
v -0.056596 -0.059813 0.366108
v -0.054170 -0.059813 0.375751
v -0.050353 -0.058041 0.384964
v -0.050291 -0.058938 0.384929
v -0.050353 -0.058041 0.384964
v -0.050291 -0.058938 0.384929
v -0.044747 0.056612 0.393236
v -0.044747 -0.058041 0.393236
v -0.044747 0.056612 0.393236
v -0.044747 -0.058041 0.393236
v -0.037791 0.056612 0.400409
v -0.037791 0.056612 0.400409
v -0.029658 0.057508 0.406205
v -0.029658 0.057508 0.406205
v -0.020603 0.058383 0.410364
v -0.020603 0.058383 0.410364
v -0.009316 0.058383 0.300742
v 0.000602 0.058383 0.300027
v -0.009316 0.058383 0.300742
v 0.000602 0.058383 0.300027
v -0.018959 0.058383 0.303168
v -0.018959 0.058383 0.303168
v -0.028034 0.058383 0.307231
v -0.028034 0.058383 0.307231
v -0.036266 0.058383 0.312809
v -0.036266 0.058383 0.312809
v -0.011039 0.058383 0.413085
v -0.011039 0.058383 0.413085
v -0.001148 0.058383 0.414103
v -0.001148 0.058383 0.414103
v -0.000293 0.058383 0.414041
v -0.000293 0.058383 0.414041
v -0.000293 0.058383 0.414041
v 0.008770 0.058383 0.413388
v -0.000293 0.058383 0.414041
v 0.008770 0.058383 0.413388
v 0.018413 0.058383 0.410962
v 0.018413 0.058383 0.410962
v 0.027488 0.058383 0.406899
v 0.027488 0.058383 0.406899
v 0.035720 0.058383 0.401321
v 0.035720 0.058383 0.401321
v 0.042858 0.058383 0.394398
v 0.042858 0.058383 0.394398
v 0.048686 0.058383 0.386342
v 0.048686 0.058383 0.386342
v 0.053026 0.058383 0.377395
v 0.053026 0.058383 0.377395
v 0.055747 0.058383 0.367831
v 0.055747 0.058383 0.367831
v 0.056765 0.058383 0.357940
v 0.056765 0.058383 0.357940
v 0.056050 0.058383 0.348022
v 0.056050 0.058383 0.348022
v 0.053624 0.058383 0.338379
v 0.053624 0.058383 0.338379
v 0.049561 0.058383 0.329304
v 0.049561 0.058383 0.329304
v 0.043983 0.058383 0.321072
v 0.043983 0.058383 0.321072
v 0.037060 0.058383 0.313934
v 0.037060 0.058383 0.313934
v 0.029004 0.058383 0.308106
v 0.029004 0.058383 0.308106
v 0.020057 0.058383 0.303766
v 0.020057 0.058383 0.303766
v 0.010493 0.058383 0.301045
v 0.010493 0.058383 0.301045
v -0.043564 0.057508 0.319594
v -0.043564 0.057508 0.319594
v -0.049474 0.056612 0.327644
v -0.049474 0.056612 0.327644
v -0.053835 -0.058041 0.336635
v -0.053835 0.056612 0.336635
v -0.053835 0.056612 0.336635
v -0.053835 -0.058041 0.336635
v -0.056500 -0.058938 0.346259
v -0.056569 -0.058041 0.346246
v -0.056569 -0.058041 0.346246
v -0.056500 -0.058938 0.346259
v -0.057311 -0.059813 0.356190
v -0.057311 -0.059813 0.356190
v -0.056255 -0.060644 0.366053
v -0.053844 -0.060644 0.375638
v -0.056255 -0.060644 0.366053
v -0.053844 -0.060644 0.375638
v -0.050107 -0.059813 0.384826
v -0.050107 -0.059813 0.384826
v -0.044747 -0.058041 0.393236
v -0.044692 -0.058938 0.393191
v -0.044747 -0.058041 0.393236
v -0.044692 -0.058938 0.393191
v -0.037791 0.056612 0.400409
v -0.037791 -0.058041 0.400409
v -0.037791 0.056612 0.400409
v -0.037791 -0.058041 0.400409
v -0.029694 0.056612 0.406266
v -0.029694 0.056612 0.406266
v -0.020678 0.057508 0.410561
v -0.020678 0.057508 0.410561
v -0.009350 0.057508 0.300534
v 0.000605 0.057508 0.299816
v -0.009350 0.057508 0.300534
v 0.000605 0.057508 0.299816
v -0.019028 0.057508 0.302969
v -0.019028 0.057508 0.302969
v -0.028137 0.057508 0.307047
v -0.028137 0.057508 0.307047
v -0.036399 0.057508 0.312646
v -0.036399 0.057508 0.312646
v -0.011079 0.057508 0.413292
v -0.011079 0.057508 0.413292
v -0.001151 0.057508 0.414314
v -0.001151 0.057508 0.414314
v -0.000278 0.057508 0.414251
v -0.000278 0.057508 0.414251
v -0.000278 0.057508 0.414251
v 0.008803 0.057508 0.413597
v -0.000278 0.057508 0.414251
v 0.008803 0.057508 0.413597
v 0.018482 0.057508 0.411162
v 0.018482 0.057508 0.411162
v 0.027591 0.057508 0.407083
v 0.027591 0.057508 0.407083
v 0.035853 0.057508 0.401485
v 0.035853 0.057508 0.401485
v 0.043018 0.057508 0.394536
v 0.043018 0.057508 0.394536
v 0.048867 0.057508 0.386450
v 0.048867 0.057508 0.386450
v 0.053223 0.057508 0.377470
v 0.053223 0.057508 0.377470
v 0.055954 0.057508 0.367871
v 0.055954 0.057508 0.367871
v 0.056976 0.057508 0.357943
v 0.056976 0.057508 0.357943
v 0.056258 0.057508 0.347989
v 0.056258 0.057508 0.347989
v 0.053824 0.057508 0.338310
v 0.053824 0.057508 0.338310
v 0.049745 0.057508 0.329201
v 0.049745 0.057508 0.329201
v 0.044146 0.057508 0.320939
v 0.044146 0.057508 0.320939
v 0.037198 0.057508 0.313774
v 0.037198 0.057508 0.313774
v 0.029112 0.057508 0.307925
v 0.029112 0.057508 0.307925
v 0.020132 0.057508 0.303569
v 0.020132 0.057508 0.303569
v 0.010533 0.057508 0.300838
v 0.010533 0.057508 0.300838
v -0.043617 0.056612 0.319547
v -0.043617 0.056612 0.319547
v -0.049474 -0.058041 0.327644
v -0.049474 0.056612 0.327644
v -0.049474 0.056612 0.327644
v -0.049474 -0.058041 0.327644
v -0.053769 -0.058938 0.336660
v -0.053835 -0.058041 0.336635
v -0.053835 -0.058041 0.336635
v -0.053769 -0.058938 0.336660
v -0.056293 -0.059813 0.346299
v -0.056293 -0.059813 0.346299
v -0.056966 -0.060644 0.356196
v -0.056966 -0.060644 0.356196
v -0.055789 -0.061411 0.365979
v -0.053398 -0.061411 0.375483
v -0.055789 -0.061411 0.365979
v -0.053398 -0.061411 0.375483
v -0.049805 -0.060644 0.384658
v -0.049805 -0.060644 0.384658
v -0.044529 -0.059813 0.393058
v -0.044529 -0.059813 0.393058
v -0.037791 -0.058041 0.400409
v -0.037744 -0.058938 0.400356
v -0.037791 -0.058041 0.400409
v -0.037744 -0.058938 0.400356
v -0.029694 -0.058041 0.406266
v -0.029694 0.056612 0.406266
v -0.029694 -0.058041 0.406266
v -0.029694 0.056612 0.406266
v -0.020704 0.056612 0.410627
v -0.020704 0.056612 0.410627
v -0.009361 0.056612 0.300464
v 0.000606 0.056612 0.299745
v -0.009361 0.056612 0.300464
v 0.000606 0.056612 0.299745
v -0.019051 0.056612 0.302902
v -0.019051 0.056612 0.302902
v -0.028172 0.056612 0.306985
v -0.028172 0.056612 0.306985
v -0.036444 0.056612 0.312591
v -0.036444 0.056612 0.312591
v -0.011092 0.056612 0.413361
v -0.011092 0.056612 0.413361
v -0.001152 0.056612 0.414385
v -0.001152 0.056612 0.414385
v -0.000273 0.056612 0.414321
v -0.000273 0.056612 0.414321
v -0.000273 0.056612 0.414321
v 0.008815 0.056612 0.413667
v -0.000273 0.056612 0.414321
v 0.008815 0.056612 0.413667
v 0.018505 0.056612 0.411229
v 0.018505 0.056612 0.411229
v 0.027625 0.056612 0.407145
v 0.027625 0.056612 0.407145
v 0.035898 0.056612 0.401539
v 0.035898 0.056612 0.401539
v 0.043071 0.056612 0.394583
v 0.043071 0.056612 0.394583
v 0.048928 0.056612 0.386486
v 0.048928 0.056612 0.386486
v 0.053289 0.056612 0.377496
v 0.053289 0.056612 0.377496
v 0.056023 0.056612 0.367884
v 0.056023 0.056612 0.367884
v 0.057047 0.056612 0.357944
v 0.057047 0.056612 0.357944
v 0.056328 0.056612 0.347977
v 0.056328 0.056612 0.347977
v 0.053890 0.056612 0.338287
v 0.053890 0.056612 0.338287
v 0.049807 0.056612 0.329167
v 0.049807 0.056612 0.329167
v 0.044201 0.056612 0.320894
v 0.044201 0.056612 0.320894
v 0.037245 0.056612 0.313721
v 0.037245 0.056612 0.313721
v 0.029148 0.056612 0.307864
v 0.029148 0.056612 0.307864
v 0.020157 0.056612 0.303503
v 0.020157 0.056612 0.303503
v 0.010546 0.056612 0.300769
v 0.010546 0.056612 0.300769
v -0.043617 -0.058041 0.319547
v -0.043617 0.056612 0.319547
v -0.043617 0.056612 0.319547
v -0.043617 -0.058041 0.319547
v -0.049413 -0.058938 0.327680
v -0.049474 -0.058041 0.327644
v -0.049474 -0.058041 0.327644
v -0.049413 -0.058938 0.327680
v -0.053572 -0.059813 0.336735
v -0.053572 -0.059813 0.336735
v -0.055953 -0.060644 0.346364
v -0.055953 -0.060644 0.346364
v -0.056494 -0.061411 0.356203
v -0.056494 -0.061411 0.356203
v -0.055210 -0.062095 0.365886
v -0.052844 -0.062095 0.375291
v -0.055210 -0.062095 0.365886
v -0.052844 -0.062095 0.375291
v -0.049393 -0.061411 0.384429
v -0.049393 -0.061411 0.384429
v -0.044261 -0.060644 0.392840
v -0.044261 -0.060644 0.392840
v -0.037606 -0.059813 0.400196
v -0.037606 -0.059813 0.400196
v -0.029694 -0.058041 0.406266
v -0.029658 -0.058938 0.406205
v -0.029694 -0.058041 0.406266
v -0.029658 -0.058938 0.406205
v -0.020704 -0.058041 0.410627
v -0.020704 0.056612 0.410627
v -0.020704 -0.058041 0.410627
v -0.020704 0.056612 0.410627
v -0.009361 -0.058041 0.300464
v 0.000606 0.056612 0.299745
v 0.000606 -0.058041 0.299745
v -0.009361 0.056612 0.300464
v -0.009361 0.056612 0.300464
v -0.009361 -0.058041 0.300464
v 0.000606 0.056612 0.299745
v 0.000606 -0.058041 0.299745
v -0.019051 -0.058041 0.302902
v -0.019051 0.056612 0.302902
v -0.019051 0.056612 0.302902
v -0.019051 -0.058041 0.302902
v -0.028172 -0.058041 0.306985
v -0.028172 0.056612 0.306985
v -0.028172 0.056612 0.306985
v -0.028172 -0.058041 0.306985
v -0.036444 -0.058041 0.312591
v -0.036444 0.056612 0.312591
v -0.036444 0.056612 0.312591
v -0.036444 -0.058041 0.312591
v -0.011092 -0.058041 0.413361
v -0.011092 0.056612 0.413361
v -0.011092 -0.058041 0.413361
v -0.011092 0.056612 0.413361
v -0.001152 -0.058041 0.414385
v -0.001152 0.056612 0.414385
v -0.001152 -0.058041 0.414385
v -0.001152 0.056612 0.414385
v -0.000273 -0.058041 0.414321
v -0.000273 0.056612 0.414321
v -0.000273 -0.058041 0.414321
v -0.000273 0.056612 0.414321
v -0.000273 0.056612 0.414321
v 0.008815 -0.058041 0.413667
v 0.008815 0.056612 0.413667
v -0.000273 -0.058041 0.414321
v -0.000273 -0.058041 0.414321
v -0.000273 0.056612 0.414321
v 0.008815 -0.058041 0.413667
v 0.008815 0.056612 0.413667
v 0.018505 -0.058041 0.411229
v 0.018505 0.056612 0.411229
v 0.018505 -0.058041 0.411229
v 0.018505 0.056612 0.411229
v 0.027625 -0.058041 0.407145
v 0.027625 0.056612 0.407145
v 0.027625 -0.058041 0.407145
v 0.027625 0.056612 0.407145
v 0.035898 -0.058041 0.401539
v 0.035898 0.056612 0.401539
v 0.035898 -0.058041 0.401539
v 0.035898 0.056612 0.401539
v 0.043071 -0.058041 0.394583
v 0.043071 0.056612 0.394583
v 0.043071 -0.058041 0.394583
v 0.043071 0.056612 0.394583
v 0.048928 0.056612 0.386486
v 0.048928 -0.058041 0.386486
v 0.048928 0.056612 0.386486
v 0.048928 -0.058041 0.386486
v 0.053289 0.056612 0.377496
v 0.053289 -0.058041 0.377496
v 0.053289 0.056612 0.377496
v 0.053289 -0.058041 0.377496
v 0.056023 0.056612 0.367884
v 0.056023 -0.058041 0.367884
v 0.056023 0.056612 0.367884
v 0.056023 -0.058041 0.367884
v 0.057047 0.056612 0.357944
v 0.057047 -0.058041 0.357944
v 0.057047 0.056612 0.357944
v 0.057047 -0.058041 0.357944
v 0.056328 0.056612 0.347977
v 0.056328 -0.058041 0.347977
v 0.056328 0.056612 0.347977
v 0.056328 -0.058041 0.347977
v 0.053890 0.056612 0.338287
v 0.053890 -0.058041 0.338287
v 0.053890 0.056612 0.338287
v 0.053890 -0.058041 0.338287
v 0.049807 0.056612 0.329167
v 0.049807 -0.058041 0.329167
v 0.049807 0.056612 0.329167
v 0.049807 -0.058041 0.329167
v 0.044201 0.056612 0.320894
v 0.044201 -0.058041 0.320894
v 0.044201 0.056612 0.320894
v 0.044201 -0.058041 0.320894
v 0.037245 0.056612 0.313721
v 0.037245 -0.058041 0.313721
v 0.037245 0.056612 0.313721
v 0.037245 -0.058041 0.313721
v 0.029148 -0.058041 0.307864
v 0.029148 0.056612 0.307864
v 0.029148 0.056612 0.307864
v 0.029148 -0.058041 0.307864
v 0.020157 -0.058041 0.303503
v 0.020157 0.056612 0.303503
v 0.020157 0.056612 0.303503
v 0.020157 -0.058041 0.303503
v 0.010546 -0.058041 0.300769
v 0.010546 0.056612 0.300769
v 0.010546 0.056612 0.300769
v 0.010546 -0.058041 0.300769
v -0.043564 -0.058938 0.319594
v -0.043617 -0.058041 0.319547
v -0.043617 -0.058041 0.319547
v -0.043564 -0.058938 0.319594
v -0.049232 -0.059813 0.327788
v -0.049232 -0.059813 0.327788
v -0.053249 -0.060644 0.336858
v -0.053249 -0.060644 0.336858
v -0.055490 -0.061411 0.346453
v -0.055490 -0.061411 0.346453
v -0.055907 -0.062095 0.356212
v -0.055907 -0.062095 0.356212
v -0.052195 -0.062679 0.375066
v -0.054532 -0.062679 0.365777
v -0.054532 -0.062679 0.365777
v -0.052195 -0.062679 0.375066
v -0.048880 -0.062095 0.384143
v -0.048880 -0.062095 0.384143
v -0.043895 -0.061411 0.392543
v -0.043895 -0.061411 0.392543
v -0.037380 -0.060644 0.399935
v -0.037380 -0.060644 0.399935
v -0.029550 -0.059813 0.406024
v -0.029550 -0.059813 0.406024
v -0.020704 -0.058041 0.410627
v -0.020678 -0.058938 0.410561
v -0.020704 -0.058041 0.410627
v -0.020678 -0.058938 0.410561
v 0.000605 -0.058938 0.299816
v -0.009361 -0.058041 0.300464
v 0.000606 -0.058041 0.299745
v -0.009350 -0.058938 0.300534
v -0.009350 -0.058938 0.300534
v 0.000605 -0.058938 0.299816
v -0.009361 -0.058041 0.300464
v 0.000606 -0.058041 0.299745
v -0.019028 -0.058938 0.302969
v -0.019051 -0.058041 0.302902
v -0.019051 -0.058041 0.302902
v -0.019028 -0.058938 0.302969
v -0.028137 -0.058938 0.307047
v -0.028172 -0.058041 0.306985
v -0.028172 -0.058041 0.306985
v -0.028137 -0.058938 0.307047
v -0.036399 -0.058938 0.312646
v -0.036444 -0.058041 0.312591
v -0.036444 -0.058041 0.312591
v -0.036399 -0.058938 0.312646
v -0.011092 -0.058041 0.413361
v -0.011079 -0.058938 0.413292
v -0.011092 -0.058041 0.413361
v -0.011079 -0.058938 0.413292
v -0.001152 -0.058041 0.414385
v -0.001151 -0.058938 0.414314
v -0.001152 -0.058041 0.414385
v -0.001151 -0.058938 0.414314
v -0.000278 -0.058938 0.414251
v -0.000273 -0.058041 0.414321
v -0.000278 -0.058938 0.414251
v -0.000273 -0.058041 0.414321
v -0.000273 -0.058041 0.414321
v 0.008803 -0.058938 0.413597
v 0.008815 -0.058041 0.413667
v -0.000278 -0.058938 0.414251
v -0.000278 -0.058938 0.414251
v -0.000273 -0.058041 0.414321
v 0.008803 -0.058938 0.413597
v 0.008815 -0.058041 0.413667
v 0.018482 -0.058938 0.411162
v 0.018505 -0.058041 0.411229
v 0.018482 -0.058938 0.411162
v 0.018505 -0.058041 0.411229
v 0.027591 -0.058938 0.407083
v 0.027625 -0.058041 0.407145
v 0.027591 -0.058938 0.407083
v 0.027625 -0.058041 0.407145
v 0.035853 -0.058938 0.401485
v 0.035898 -0.058041 0.401539
v 0.035853 -0.058938 0.401485
v 0.035898 -0.058041 0.401539
v 0.043018 -0.058938 0.394536
v 0.043071 -0.058041 0.394583
v 0.043018 -0.058938 0.394536
v 0.043071 -0.058041 0.394583
v 0.048928 -0.058041 0.386486
v 0.048867 -0.058938 0.386450
v 0.048928 -0.058041 0.386486
v 0.048867 -0.058938 0.386450
v 0.053289 -0.058041 0.377496
v 0.053223 -0.058938 0.377470
v 0.053289 -0.058041 0.377496
v 0.053223 -0.058938 0.377470
v 0.056023 -0.058041 0.367884
v 0.055954 -0.058938 0.367871
v 0.056023 -0.058041 0.367884
v 0.055954 -0.058938 0.367871
v 0.057047 -0.058041 0.357944
v 0.056976 -0.058938 0.357943
v 0.057047 -0.058041 0.357944
v 0.056976 -0.058938 0.357943
v 0.056328 -0.058041 0.347977
v 0.056258 -0.058938 0.347989
v 0.056328 -0.058041 0.347977
v 0.056258 -0.058938 0.347989
v 0.053890 -0.058041 0.338287
v 0.053824 -0.058938 0.338310
v 0.053890 -0.058041 0.338287
v 0.053824 -0.058938 0.338310
v 0.049807 -0.058041 0.329167
v 0.049745 -0.058938 0.329201
v 0.049807 -0.058041 0.329167
v 0.049745 -0.058938 0.329201
v 0.044201 -0.058041 0.320894
v 0.044146 -0.058938 0.320939
v 0.044201 -0.058041 0.320894
v 0.044146 -0.058938 0.320939
v 0.037245 -0.058041 0.313721
v 0.037198 -0.058938 0.313774
v 0.037245 -0.058041 0.313721
v 0.037198 -0.058938 0.313774
v 0.029148 -0.058041 0.307864
v 0.029112 -0.058938 0.307925
v 0.029112 -0.058938 0.307925
v 0.029148 -0.058041 0.307864
v 0.020157 -0.058041 0.303503
v 0.020132 -0.058938 0.303569
v 0.020132 -0.058938 0.303569
v 0.020157 -0.058041 0.303503
v 0.010546 -0.058041 0.300769
v 0.010533 -0.058938 0.300838
v 0.010533 -0.058938 0.300838
v 0.010546 -0.058041 0.300769
v -0.043404 -0.059813 0.319732
v -0.043404 -0.059813 0.319732
v -0.048935 -0.060644 0.327966
v -0.048935 -0.060644 0.327966
v -0.052808 -0.061411 0.337026
v -0.052808 -0.061411 0.337026
v -0.054914 -0.062095 0.346564
v -0.054914 -0.062095 0.346564
v -0.055221 -0.062679 0.356222
v -0.055221 -0.062679 0.356222
v -0.051468 -0.063149 0.374814
v -0.053772 -0.063149 0.365655
v -0.053772 -0.063149 0.365655
v -0.051468 -0.063149 0.374814
v -0.048281 -0.062679 0.383809
v -0.048281 -0.062679 0.383809
v -0.043440 -0.062095 0.392173
v -0.043440 -0.062095 0.392173
v -0.037072 -0.061411 0.399578
v -0.037072 -0.061411 0.399578
v -0.029372 -0.060644 0.405727
v -0.029372 -0.060644 0.405727
v -0.020603 -0.059813 0.410364
v -0.020603 -0.059813 0.410364
v 0.000602 -0.059813 0.300027
v -0.009316 -0.059813 0.300742
v -0.009316 -0.059813 0.300742
v 0.000602 -0.059813 0.300027
v -0.018959 -0.059813 0.303168
v -0.018959 -0.059813 0.303168
v -0.028034 -0.059813 0.307231
v -0.028034 -0.059813 0.307231
v -0.036266 -0.059813 0.312809
v -0.036266 -0.059813 0.312809
v -0.011039 -0.059813 0.413085
v -0.011039 -0.059813 0.413085
v -0.001148 -0.059813 0.414103
v -0.001148 -0.059813 0.414103
v -0.000293 -0.059813 0.414041
v -0.000293 -0.059813 0.414041
v 0.008770 -0.059813 0.413388
v -0.000293 -0.059813 0.414041
v -0.000293 -0.059813 0.414041
v 0.008770 -0.059813 0.413388
v 0.018413 -0.059813 0.410962
v 0.018413 -0.059813 0.410962
v 0.027488 -0.059813 0.406899
v 0.027488 -0.059813 0.406899
v 0.035720 -0.059813 0.401321
v 0.035720 -0.059813 0.401321
v 0.042858 -0.059813 0.394398
v 0.042858 -0.059813 0.394398
v 0.048686 -0.059813 0.386342
v 0.048686 -0.059813 0.386342
v 0.053026 -0.059813 0.377395
v 0.053026 -0.059813 0.377395
v 0.055747 -0.059813 0.367831
v 0.055747 -0.059813 0.367831
v 0.056765 -0.059813 0.357940
v 0.056765 -0.059813 0.357940
v 0.056050 -0.059813 0.348022
v 0.056050 -0.059813 0.348022
v 0.053624 -0.059813 0.338379
v 0.053624 -0.059813 0.338379
v 0.049561 -0.059813 0.329304
v 0.049561 -0.059813 0.329304
v 0.043983 -0.059813 0.321072
v 0.043983 -0.059813 0.321072
v 0.037060 -0.059813 0.313934
v 0.037060 -0.059813 0.313934
v 0.029004 -0.059813 0.308106
v 0.029004 -0.059813 0.308106
v 0.020057 -0.059813 0.303766
v 0.020057 -0.059813 0.303766
v 0.010493 -0.059813 0.301045
v 0.010493 -0.059813 0.301045
v -0.043143 -0.060644 0.319958
v -0.043143 -0.060644 0.319958
v -0.048531 -0.061411 0.328208
v -0.048531 -0.061411 0.328208
v -0.052260 -0.062095 0.337235
v -0.052260 -0.062095 0.337235
v -0.054240 -0.062679 0.346694
v -0.054240 -0.062679 0.346694
v -0.054451 -0.063149 0.356234
v -0.054451 -0.063149 0.356234
v -0.050680 -0.063493 0.374541
v -0.052948 -0.063493 0.365522
v -0.052948 -0.063493 0.365522
v -0.050680 -0.063493 0.374541
v -0.047608 -0.063149 0.383434
v -0.047608 -0.063149 0.383434
v -0.042907 -0.062679 0.391739
v -0.042907 -0.062679 0.391739
v -0.036688 -0.062095 0.399135
v -0.036688 -0.062095 0.399135
v -0.029130 -0.061411 0.405323
v -0.029130 -0.061411 0.405323
v -0.020480 -0.060644 0.410041
v -0.020480 -0.060644 0.410041
v 0.000596 -0.060644 0.300373
v -0.009261 -0.060644 0.301083
v -0.009261 -0.060644 0.301083
v 0.000596 -0.060644 0.300373
v -0.018846 -0.060644 0.303494
v -0.018846 -0.060644 0.303494
v -0.027866 -0.060644 0.307533
v -0.027866 -0.060644 0.307533
v -0.036048 -0.060644 0.313077
v -0.036048 -0.060644 0.313077
v -0.010974 -0.060644 0.412745
v -0.010974 -0.060644 0.412745
v -0.001142 -0.060644 0.413758
v -0.001142 -0.060644 0.413758
v -0.000318 -0.060644 0.413698
v -0.000318 -0.060644 0.413698
v 0.008715 -0.060644 0.413047
v -0.000318 -0.060644 0.413698
v -0.000318 -0.060644 0.413698
v 0.008715 -0.060644 0.413047
v 0.018300 -0.060644 0.410636
v 0.018300 -0.060644 0.410636
v 0.027320 -0.060644 0.406597
v 0.027320 -0.060644 0.406597
v 0.035502 -0.060644 0.401053
v 0.035502 -0.060644 0.401053
v 0.042597 -0.060644 0.394172
v 0.042597 -0.060644 0.394172
v 0.048389 -0.060644 0.386164
v 0.048389 -0.060644 0.386164
v 0.052703 -0.060644 0.377272
v 0.052703 -0.060644 0.377272
v 0.055407 -0.060644 0.367766
v 0.055407 -0.060644 0.367766
v 0.056419 -0.060644 0.357934
v 0.056419 -0.060644 0.357934
v 0.055709 -0.060644 0.348077
v 0.055709 -0.060644 0.348077
v 0.053298 -0.060644 0.338492
v 0.053298 -0.060644 0.338492
v 0.049259 -0.060644 0.329472
v 0.049259 -0.060644 0.329472
v 0.043715 -0.060644 0.321290
v 0.043715 -0.060644 0.321290
v 0.036834 -0.060644 0.314195
v 0.036834 -0.060644 0.314195
v 0.028826 -0.060644 0.308403
v 0.028826 -0.060644 0.308403
v 0.019934 -0.060644 0.304089
v 0.019934 -0.060644 0.304089
v 0.010428 -0.060644 0.301385
v 0.010428 -0.060644 0.301385
v -0.042786 -0.061411 0.320267
v -0.042786 -0.061411 0.320267
v -0.048027 -0.062095 0.328509
v -0.048027 -0.062095 0.328509
v -0.051619 -0.062679 0.337480
v -0.051619 -0.062679 0.337480
v -0.053484 -0.063149 0.346839
v -0.053484 -0.063149 0.346839
v -0.053617 -0.063493 0.356247
v -0.053617 -0.063493 0.356247
v -0.049850 -0.063703 0.374253
v -0.052082 -0.063703 0.365383
v -0.052082 -0.063703 0.365383
v -0.049850 -0.063703 0.374253
v -0.046879 -0.063493 0.383028
v -0.046879 -0.063493 0.383028
v -0.042310 -0.063149 0.391253
v -0.042310 -0.063149 0.391253
v -0.036238 -0.062679 0.398616
v -0.036238 -0.062679 0.398616
v -0.028829 -0.062095 0.404819
v -0.028829 -0.062095 0.404819
v -0.020312 -0.061411 0.409600
v -0.020312 -0.061411 0.409600
v 0.000589 -0.061411 0.300844
v -0.009187 -0.061411 0.301549
v -0.009187 -0.061411 0.301549
v 0.000589 -0.061411 0.300844
v -0.018691 -0.061411 0.303940
v -0.018691 -0.061411 0.303940
v -0.027637 -0.061411 0.307945
v -0.027637 -0.061411 0.307945
v -0.035751 -0.061411 0.313443
v -0.035751 -0.061411 0.313443
v -0.010885 -0.061411 0.412282
v -0.010885 -0.061411 0.412282
v -0.001135 -0.061411 0.413286
v -0.001135 -0.061411 0.413286
v -0.000352 -0.061411 0.413229
v -0.000352 -0.061411 0.413229
v 0.008640 -0.061411 0.412581
v -0.000352 -0.061411 0.413229
v -0.000352 -0.061411 0.413229
v 0.008640 -0.061411 0.412581
v 0.018145 -0.061411 0.410190
v 0.018145 -0.061411 0.410190
v 0.027091 -0.061411 0.406185
v 0.027091 -0.061411 0.406185
v 0.035204 -0.061411 0.400687
v 0.035204 -0.061411 0.400687
v 0.042240 -0.061411 0.393864
v 0.042240 -0.061411 0.393864
v 0.047984 -0.061411 0.385922
v 0.047984 -0.061411 0.385922
v 0.052262 -0.061411 0.377104
v 0.052262 -0.061411 0.377104
v 0.054944 -0.061411 0.367677
v 0.054944 -0.061411 0.367677
v 0.055948 -0.061411 0.357927
v 0.055948 -0.061411 0.357927
v 0.055243 -0.061411 0.348152
v 0.055243 -0.061411 0.348152
v 0.052852 -0.061411 0.338647
v 0.052852 -0.061411 0.338647
v 0.048847 -0.061411 0.329701
v 0.048847 -0.061411 0.329701
v 0.043349 -0.061411 0.321588
v 0.043349 -0.061411 0.321588
v 0.036525 -0.061411 0.314552
v 0.036525 -0.061411 0.314552
v 0.028584 -0.061411 0.308808
v 0.028584 -0.061411 0.308808
v 0.019766 -0.061411 0.304530
v 0.019766 -0.061411 0.304530
v 0.010339 -0.061411 0.301848
v 0.010339 -0.061411 0.301848
v -0.042343 -0.062095 0.320650
v -0.042343 -0.062095 0.320650
v -0.047438 -0.062679 0.328861
v -0.047438 -0.062679 0.328861
v -0.050899 -0.063149 0.337754
v -0.050899 -0.063149 0.337754
v -0.052664 -0.063493 0.346996
v -0.052664 -0.063493 0.346996
v -0.052739 -0.063703 0.356260
v -0.052739 -0.063703 0.356260
v -0.048999 -0.063774 0.373958
v -0.051193 -0.063774 0.365241
v -0.051193 -0.063774 0.365241
v -0.048999 -0.063774 0.373958
v -0.046112 -0.063703 0.382601
v -0.046112 -0.063703 0.382601
v -0.041663 -0.063493 0.390727
v -0.041663 -0.063493 0.390727
v -0.035734 -0.063149 0.398034
v -0.035734 -0.063149 0.398034
v -0.028477 -0.062679 0.404230
v -0.028477 -0.062679 0.404230
v -0.020103 -0.062095 0.409052
v -0.020103 -0.062095 0.409052
v 0.000580 -0.062095 0.301431
v -0.009094 -0.062095 0.302128
v -0.009094 -0.062095 0.302128
v 0.000580 -0.062095 0.301431
v -0.018499 -0.062095 0.304494
v -0.018499 -0.062095 0.304494
v -0.027351 -0.062095 0.308458
v -0.027351 -0.062095 0.308458
v -0.035381 -0.062095 0.313898
v -0.035381 -0.062095 0.313898
v -0.010774 -0.062095 0.411706
v -0.010774 -0.062095 0.411706
v -0.001126 -0.062095 0.412699
v -0.001126 -0.062095 0.412699
v -0.000394 -0.062095 0.412647
v -0.000394 -0.062095 0.412647
v 0.008548 -0.062095 0.412002
v -0.000394 -0.062095 0.412647
v -0.000394 -0.062095 0.412647
v 0.008548 -0.062095 0.412002
v 0.017953 -0.062095 0.409636
v 0.017953 -0.062095 0.409636
v 0.026805 -0.062095 0.405672
v 0.026805 -0.062095 0.405672
v 0.034834 -0.062095 0.400232
v 0.034834 -0.062095 0.400232
v 0.041797 -0.062095 0.393480
v 0.041797 -0.062095 0.393480
v 0.047481 -0.062095 0.385621
v 0.047481 -0.062095 0.385621
v 0.051714 -0.062095 0.376895
v 0.051714 -0.062095 0.376895
v 0.054368 -0.062095 0.367566
v 0.054368 -0.062095 0.367566
v 0.055361 -0.062095 0.357918
v 0.055361 -0.062095 0.357918
v 0.054664 -0.062095 0.348245
v 0.054664 -0.062095 0.348245
v 0.052298 -0.062095 0.338839
v 0.052298 -0.062095 0.338839
v 0.048334 -0.062095 0.329987
v 0.048334 -0.062095 0.329987
v 0.042894 -0.062095 0.321958
v 0.042894 -0.062095 0.321958
v 0.036142 -0.062095 0.314995
v 0.036142 -0.062095 0.314995
v 0.028283 -0.062095 0.309311
v 0.028283 -0.062095 0.309311
v 0.019557 -0.062095 0.305078
v 0.019557 -0.062095 0.305078
v 0.010228 -0.062095 0.302424
v 0.010228 -0.062095 0.302424
v -0.041824 -0.062679 0.321100
v -0.041824 -0.062679 0.321100
v -0.046777 -0.063149 0.329256
v -0.046777 -0.063149 0.329256
v -0.050120 -0.063493 0.338052
v -0.050120 -0.063493 0.338052
v -0.051802 -0.063703 0.347162
v -0.051802 -0.063703 0.347162
v -0.051839 -0.063774 0.356274
v -0.051839 -0.063774 0.356274
v -0.010006 -0.063774 0.407710
v -0.000685 -0.063774 0.408604
v -0.001064 -0.063774 0.408631
v 0.007902 -0.063774 0.407985
v 0.016620 -0.063774 0.405792
v -0.018653 -0.063774 0.405251
v 0.024825 -0.063774 0.402118
v -0.026741 -0.063774 0.401327
v 0.032267 -0.063774 0.397075
v -0.034025 -0.063774 0.396058
v 0.038720 -0.063774 0.390817
v -0.040283 -0.063774 0.389605
v 0.043989 -0.063774 0.383533
v -0.045326 -0.063774 0.382163
v 0.047912 -0.063774 0.375445
v -0.048999 -0.063774 0.373958
v 0.050372 -0.063774 0.366798
v -0.051193 -0.063774 0.365241
v 0.051293 -0.063774 0.357856
v -0.051839 -0.063774 0.356274
v 0.050647 -0.063774 0.348890
v -0.050918 -0.063774 0.347332
v 0.048453 -0.063774 0.340172
v -0.048459 -0.063774 0.338685
v 0.044780 -0.063774 0.331967
v -0.044535 -0.063774 0.330597
v 0.039737 -0.063774 0.324525
v -0.039266 -0.063774 0.323313
v 0.033479 -0.063774 0.318072
v -0.032813 -0.063774 0.317055
v 0.026195 -0.063774 0.312803
v -0.025371 -0.063774 0.312012
v 0.018107 -0.063774 0.308880
v -0.017166 -0.063774 0.308339
v 0.009460 -0.063774 0.306420
v -0.008449 -0.063774 0.306145
v 0.000518 -0.063774 0.305499
v 0.000518 -0.063774 0.305499
v -0.008449 -0.063774 0.306145
v 0.009460 -0.063774 0.306420
v -0.017166 -0.063774 0.308339
v 0.018107 -0.063774 0.308880
v -0.025371 -0.063774 0.312012
v 0.026195 -0.063774 0.312803
v -0.032813 -0.063774 0.317055
v 0.033479 -0.063774 0.318072
v -0.039266 -0.063774 0.323313
v 0.039737 -0.063774 0.324525
v -0.044535 -0.063774 0.330597
v 0.044780 -0.063774 0.331967
v -0.048459 -0.063774 0.338685
v 0.048453 -0.063774 0.340172
v -0.050918 -0.063774 0.347332
v 0.050647 -0.063774 0.348890
v -0.051839 -0.063774 0.356274
v 0.051293 -0.063774 0.357856
v -0.051193 -0.063774 0.365241
v 0.050372 -0.063774 0.366798
v -0.048999 -0.063774 0.373958
v 0.047912 -0.063774 0.375445
v -0.045326 -0.063774 0.382163
v 0.043989 -0.063774 0.383533
v -0.040283 -0.063774 0.389605
v 0.038720 -0.063774 0.390817
v -0.034025 -0.063774 0.396058
v 0.032267 -0.063774 0.397075
v -0.026741 -0.063774 0.401327
v 0.024825 -0.063774 0.402118
v -0.018653 -0.063774 0.405251
v 0.016620 -0.063774 0.405792
v -0.010006 -0.063774 0.407710
v 0.007902 -0.063774 0.407985
v -0.000685 -0.063774 0.408604
v -0.001064 -0.063774 0.408631
v -0.045326 -0.063774 0.382163
v -0.045326 -0.063774 0.382163
v -0.040981 -0.063703 0.390173
v -0.040981 -0.063703 0.390173
v -0.035188 -0.063493 0.397403
v -0.035188 -0.063493 0.397403
v -0.028082 -0.063149 0.403569
v -0.028082 -0.063149 0.403569
v -0.019858 -0.062679 0.408411
v -0.019858 -0.062679 0.408411
v 0.000570 -0.062679 0.302117
v -0.008985 -0.062679 0.302806
v 0.000570 -0.062679 0.302117
v -0.008985 -0.062679 0.302806
v -0.018274 -0.062679 0.305143
v -0.018274 -0.062679 0.305143
v -0.027017 -0.062679 0.309058
v -0.027017 -0.062679 0.309058
v -0.034947 -0.062679 0.314431
v -0.034947 -0.062679 0.314431
v -0.010645 -0.062679 0.411032
v -0.010645 -0.062679 0.411032
v -0.001116 -0.062679 0.412013
v -0.001116 -0.062679 0.412013
v -0.000443 -0.062679 0.411964
v -0.000443 -0.062679 0.411964
v -0.000443 -0.062679 0.411964
v 0.008439 -0.062679 0.411324
v 0.008439 -0.062679 0.411324
v -0.000443 -0.062679 0.411964
v 0.017728 -0.062679 0.408987
v 0.017728 -0.062679 0.408987
v 0.026471 -0.062679 0.405073
v 0.026471 -0.062679 0.405073
v 0.034401 -0.062679 0.399699
v 0.034401 -0.062679 0.399699
v 0.041278 -0.062679 0.393030
v 0.041278 -0.062679 0.393030
v 0.046892 -0.062679 0.385269
v 0.046892 -0.062679 0.385269
v 0.051073 -0.062679 0.376650
v 0.051073 -0.062679 0.376650
v 0.053694 -0.062679 0.367437
v 0.053694 -0.062679 0.367437
v 0.054675 -0.062679 0.357908
v 0.054675 -0.062679 0.357908
v 0.053986 -0.062679 0.348353
v 0.053986 -0.062679 0.348353
v 0.051649 -0.062679 0.339064
v 0.051649 -0.062679 0.339064
v 0.047735 -0.062679 0.330321
v 0.047735 -0.062679 0.330321
v 0.042361 -0.062679 0.322391
v 0.042361 -0.062679 0.322391
v 0.035692 -0.062679 0.315514
v 0.035692 -0.062679 0.315514
v 0.027931 -0.062679 0.309900
v 0.027931 -0.062679 0.309900
v 0.019312 -0.062679 0.305719
v 0.019312 -0.062679 0.305719
v 0.010098 -0.062679 0.303098
v 0.010098 -0.062679 0.303098
v -0.041242 -0.063149 0.321604
v -0.041242 -0.063149 0.321604
v -0.046061 -0.063493 0.329685
v -0.046061 -0.063493 0.329685
v -0.049300 -0.063703 0.338365
v -0.049300 -0.063703 0.338365
v -0.050918 -0.063774 0.347332
v -0.050918 -0.063774 0.347332
v -0.008591 -0.063703 0.305257
v 0.000518 -0.063774 0.305499
v -0.008449 -0.063774 0.306145
v 0.000532 -0.063703 0.304599
v 0.000532 -0.063703 0.304599
v -0.008591 -0.063703 0.305257
v 0.000518 -0.063774 0.305499
v -0.008449 -0.063774 0.306145
v 0.009630 -0.063703 0.305536
v 0.009460 -0.063774 0.306420
v 0.009630 -0.063703 0.305536
v 0.009460 -0.063774 0.306420
v 0.018427 -0.063703 0.308038
v 0.018107 -0.063774 0.308880
v 0.018427 -0.063703 0.308038
v 0.018107 -0.063774 0.308880
v 0.026657 -0.063703 0.312031
v 0.026195 -0.063774 0.312803
v 0.026657 -0.063703 0.312031
v 0.026195 -0.063774 0.312803
v 0.034068 -0.063703 0.317391
v 0.033479 -0.063774 0.318072
v 0.034068 -0.063703 0.317391
v 0.033479 -0.063774 0.318072
v 0.040435 -0.063703 0.323957
v 0.039737 -0.063774 0.324525
v 0.040435 -0.063703 0.323957
v 0.039737 -0.063774 0.324525
v 0.045566 -0.063703 0.331529
v 0.044780 -0.063774 0.331967
v 0.045566 -0.063703 0.331529
v 0.044780 -0.063774 0.331967
v 0.049304 -0.063703 0.339877
v 0.048453 -0.063774 0.340172
v 0.049304 -0.063703 0.339877
v 0.048453 -0.063774 0.340172
v 0.051535 -0.063703 0.348747
v 0.050647 -0.063774 0.348890
v 0.051535 -0.063703 0.348747
v 0.050647 -0.063774 0.348890
v 0.051293 -0.063774 0.357856
v 0.052193 -0.063703 0.357870
v 0.051293 -0.063774 0.357856
v 0.052193 -0.063703 0.357870
v 0.050372 -0.063774 0.366798
v 0.051256 -0.063703 0.366968
v 0.050372 -0.063774 0.366798
v 0.051256 -0.063703 0.366968
v 0.047912 -0.063774 0.375445
v 0.048754 -0.063703 0.375766
v 0.047912 -0.063774 0.375445
v 0.048754 -0.063703 0.375766
v 0.043989 -0.063774 0.383533
v 0.044761 -0.063703 0.383995
v 0.043989 -0.063774 0.383533
v 0.044761 -0.063703 0.383995
v 0.038720 -0.063774 0.390817
v 0.039401 -0.063703 0.391406
v 0.038720 -0.063774 0.390817
v 0.039401 -0.063703 0.391406
v 0.032267 -0.063774 0.397075
v 0.032835 -0.063703 0.397773
v 0.032267 -0.063774 0.397075
v 0.032835 -0.063703 0.397773
v 0.024825 -0.063774 0.402118
v 0.025263 -0.063703 0.402904
v 0.024825 -0.063774 0.402118
v 0.025263 -0.063703 0.402904
v 0.016620 -0.063774 0.405792
v 0.016915 -0.063703 0.406642
v 0.016620 -0.063774 0.405792
v 0.016915 -0.063703 0.406642
v 0.007902 -0.063774 0.407985
v 0.008045 -0.063703 0.408874
v 0.007902 -0.063774 0.407985
v 0.008045 -0.063703 0.408874
v -0.000685 -0.063774 0.408604
v -0.000621 -0.063703 0.409498
v -0.000685 -0.063774 0.408604
v -0.000621 -0.063703 0.409498
v -0.001064 -0.063774 0.408631
v -0.000621 -0.063703 0.409498
v -0.001078 -0.063703 0.409531
v -0.000685 -0.063774 0.408604
v -0.000685 -0.063774 0.408604
v -0.001064 -0.063774 0.408631
v -0.000621 -0.063703 0.409498
v -0.001078 -0.063703 0.409531
v -0.010176 -0.063703 0.408594
v -0.010006 -0.063774 0.407710
v -0.010006 -0.063774 0.407710
v -0.010176 -0.063703 0.408594
v -0.018974 -0.063703 0.406092
v -0.018653 -0.063774 0.405251
v -0.018653 -0.063774 0.405251
v -0.018974 -0.063703 0.406092
v -0.027203 -0.063703 0.402100
v -0.026741 -0.063774 0.401327
v -0.026741 -0.063774 0.401327
v -0.027203 -0.063703 0.402100
v -0.034614 -0.063703 0.396739
v -0.034025 -0.063774 0.396058
v -0.034025 -0.063774 0.396058
v -0.034614 -0.063703 0.396739
v -0.040283 -0.063774 0.389605
v -0.040283 -0.063774 0.389605
v -0.048459 -0.063774 0.338685
v -0.048459 -0.063774 0.338685
v -0.044535 -0.063774 0.330597
v -0.045307 -0.063703 0.330135
v -0.045307 -0.063703 0.330135
v -0.044535 -0.063774 0.330597
v -0.039266 -0.063774 0.323313
v -0.039947 -0.063703 0.322724
v -0.039947 -0.063703 0.322724
v -0.039266 -0.063774 0.323313
v -0.032813 -0.063774 0.317055
v -0.033381 -0.063703 0.316357
v -0.033381 -0.063703 0.316357
v -0.032813 -0.063774 0.317055
v -0.025371 -0.063774 0.312012
v -0.025809 -0.063703 0.311226
v -0.025809 -0.063703 0.311226
v -0.025371 -0.063774 0.312012
v -0.017166 -0.063774 0.308339
v -0.017461 -0.063703 0.307488
v -0.017461 -0.063703 0.307488
v -0.017166 -0.063774 0.308339
v -0.027653 -0.063493 0.402853
v -0.027653 -0.063493 0.402853
v -0.019584 -0.063149 0.407692
v -0.019584 -0.063149 0.407692
v 0.000558 -0.063149 0.302887
v -0.008863 -0.063149 0.303566
v 0.000558 -0.063149 0.302887
v -0.008863 -0.063149 0.303566
v -0.018022 -0.063149 0.305870
v -0.018022 -0.063149 0.305870
v -0.026642 -0.063149 0.309730
v -0.026642 -0.063149 0.309730
v -0.034461 -0.063149 0.315028
v -0.034461 -0.063149 0.315028
v -0.010499 -0.063149 0.410276
v -0.010499 -0.063149 0.410276
v -0.001104 -0.063149 0.411243
v -0.001104 -0.063149 0.411243
v -0.000498 -0.063149 0.411199
v -0.000498 -0.063149 0.411199
v -0.000498 -0.063149 0.411199
v 0.008317 -0.063149 0.410564
v 0.008317 -0.063149 0.410564
v -0.000498 -0.063149 0.411199
v 0.017476 -0.063149 0.408260
v 0.017476 -0.063149 0.408260
v 0.026096 -0.063149 0.404400
v 0.026096 -0.063149 0.404400
v 0.033915 -0.063149 0.399102
v 0.033915 -0.063149 0.399102
v 0.040696 -0.063149 0.392526
v 0.040696 -0.063149 0.392526
v 0.046231 -0.063149 0.384874
v 0.046231 -0.063149 0.384874
v 0.050353 -0.063149 0.376376
v 0.050353 -0.063149 0.376376
v 0.052938 -0.063149 0.367291
v 0.052938 -0.063149 0.367291
v 0.053905 -0.063149 0.357896
v 0.053905 -0.063149 0.357896
v 0.053226 -0.063149 0.348475
v 0.053226 -0.063149 0.348475
v 0.050922 -0.063149 0.339316
v 0.050922 -0.063149 0.339316
v 0.047062 -0.063149 0.330696
v 0.047062 -0.063149 0.330696
v 0.041764 -0.063149 0.322877
v 0.041764 -0.063149 0.322877
v 0.035188 -0.063149 0.316096
v 0.035188 -0.063149 0.316096
v 0.027536 -0.063149 0.310561
v 0.027536 -0.063149 0.310561
v 0.019038 -0.063149 0.306439
v 0.019038 -0.063149 0.306439
v 0.009953 -0.063149 0.303854
v 0.009953 -0.063149 0.303854
v -0.040611 -0.063493 0.322150
v -0.040611 -0.063493 0.322150
v -0.008730 -0.063493 0.304390
v 0.000545 -0.063493 0.303721
v 0.000545 -0.063493 0.303721
v -0.008730 -0.063493 0.304390
v 0.009796 -0.063493 0.304674
v 0.009796 -0.063493 0.304674
v 0.018740 -0.063493 0.307218
v 0.018740 -0.063493 0.307218
v 0.027107 -0.063493 0.311277
v 0.027107 -0.063493 0.311277
v 0.034642 -0.063493 0.316727
v 0.034642 -0.063493 0.316727
v 0.041117 -0.063493 0.323403
v 0.041117 -0.063493 0.323403
v 0.046333 -0.063493 0.331102
v 0.046333 -0.063493 0.331102
v 0.050134 -0.063493 0.339589
v 0.050134 -0.063493 0.339589
v 0.052402 -0.063493 0.348608
v 0.052402 -0.063493 0.348608
v 0.053071 -0.063493 0.357883
v 0.053071 -0.063493 0.357883
v 0.052118 -0.063493 0.367134
v 0.052118 -0.063493 0.367134
v 0.049574 -0.063493 0.376078
v 0.049574 -0.063493 0.376078
v 0.045515 -0.063493 0.384445
v 0.045515 -0.063493 0.384445
v 0.040065 -0.063493 0.391980
v 0.040065 -0.063493 0.391980
v 0.033389 -0.063493 0.398455
v 0.033389 -0.063493 0.398455
v 0.025690 -0.063493 0.403671
v 0.025690 -0.063493 0.403671
v 0.017203 -0.063493 0.407472
v 0.017203 -0.063493 0.407472
v 0.008184 -0.063493 0.409741
v 0.008184 -0.063493 0.409741
v -0.000558 -0.063493 0.410370
v -0.000558 -0.063493 0.410370
v -0.000558 -0.063493 0.410370
v -0.001091 -0.063493 0.410409
v -0.000558 -0.063493 0.410370
v -0.001091 -0.063493 0.410409
v -0.010342 -0.063493 0.409456
v -0.010342 -0.063493 0.409456
v -0.019286 -0.063493 0.406912
v -0.019286 -0.063493 0.406912
v -0.033935 -0.063493 0.315675
v -0.033935 -0.063493 0.315675
v -0.026236 -0.063493 0.310459
v -0.026236 -0.063493 0.310459
v -0.017749 -0.063493 0.306658
v -0.017749 -0.063493 0.306658
vt -0.04128407 -0.02504272
vt -0.04724387 -0.02561475
vt -0.04123783 -0.02561475
vt -0.04719763 -0.02504272
vt -0.04133273 -0.03933432
vt -0.04719763 -0.03990635
vt -0.04128407 -0.03990635
vt -0.04714897 -0.03933432
vt -0.03601805 -0.03176896
vt -0.04197785 -0.03234098
vt -0.03597182 -0.03234098
vt -0.04193162 -0.03176896
vt -0.04123783 -0.01012744
vt -0.04728654 -0.01069947
vt -0.04119516 -0.01069947
vt -0.04724387 -0.01012744
vt -0.04520585 -0.01757384
vt -0.05116565 -0.01814587
vt -0.04515961 -0.01814587
vt -0.05111941 -0.01757384
vt -0.04138262 -0.05265034
vt -0.04714897 -0.05322236
vt -0.04133273 -0.05322236
vt -0.04709908 -0.05265034
vt -0.03606672 -0.04641359
vt -0.04193162 -0.04698562
vt -0.03601805 -0.04698562
vt -0.04188295 -0.04641359
vt -0.04525451 -0.03147343
vt -0.05111941 -0.03204546
vt -0.04520585 -0.03204546
vt -0.05107075 -0.03147343
vt -0.03548137 -0.03754818
vt -0.02952157 -0.03812021
vt -0.02956781 -0.03754818
vt -0.03552761 -0.03812021
vt -0.03597182 -0.01633503
vt -0.04202052 -0.01690705
vt -0.03592915 -0.01690705
vt -0.04197785 -0.01633503
vt -0.04119516 0.00504425
vt -0.0473246 0.004472224
vt -0.04115711 0.004472224
vt -0.04728654 0.00504425
vt -0.04515961 -0.003234479
vt -0.05120832 -0.003806505
vt -0.04511694 -0.003806505
vt -0.05116565 -0.003234479
vt -0.04766423 -0.009589258
vt -0.05362403 -0.01016128
vt -0.047618 -0.01016128
vt -0.0535778 -0.009589258
vt 0.00367623 0.03671148
vt 0.004244361 0.04263877
vt 0.003658872 0.03695238
vt 0.00406971 0.03125071
vt 0.005464391 0.025707
vt 0.005808386 0.0481371
vt 0.007800539 0.02048969
vt 0.008303425 0.05328031
vt 0.01100717 0.01575732
vt 0.01165367 0.05791213
vt 0.01498685 0.01165367
vt 0.01575732 0.06189181
vt 0.01961867 0.008303425
vt 0.02048969 0.06509844
vt 0.02476188 0.005808386
vt 0.025707 0.06743459
vt 0.03026021 0.004244361
vt 0.03125071 0.06882927
vt 0.0359466 0.003658872
vt 0.03695238 0.06924011
vt 0.04164828 0.00406971
vt 0.04263877 0.06865462
vt 0.04719198 0.005464391
vt 0.0481371 0.0670906
vt 0.05240929 0.007800539
vt 0.05328031 0.06459556
vt 0.05714166 0.01100717
vt 0.05791213 0.06124531
vt 0.06124531 0.01498685
vt 0.06189181 0.05714166
vt 0.06459556 0.01961867
vt 0.06509844 0.05240929
vt 0.0670906 0.02476188
vt 0.06743459 0.04719198
vt 0.06865462 0.03026021
vt 0.06882927 0.04164828
vt 0.06924011 0.0359466
vt -0.03611661 -0.05990832
vt -0.04188295 -0.06048035
vt -0.03606672 -0.06048035
vt -0.04183306 -0.05990832
vt -0.0453044 -0.044591
vt -0.05107075 -0.04516303
vt -0.04525451 -0.04516303
vt -0.05102086 -0.044591
vt -0.03543271 -0.05249614
vt -0.02956781 -0.05306817
vt -0.02961647 -0.05249614
vt -0.03548137 -0.05306817
vt -0.0477129 -0.02306977
vt -0.0535778 -0.0236418
vt -0.04766423 -0.0236418
vt -0.05352913 -0.02306977
vt -0.02804288 -0.0422048
vt -0.02208308 -0.04277682
vt -0.02212932 -0.0422048
vt -0.02808912 -0.04277682
vt -0.03552761 -0.02166862
vt -0.0294789 -0.02224065
vt -0.02952157 -0.02166862
vt -0.03557028 -0.02224065
vt -0.03592915 -0.0004918321
vt -0.04205858 -0.001063858
vt -0.03589109 -0.001063858
vt -0.04202052 -0.0004918321
vt -0.04115711 0.02009878
vt -0.0473571 0.01952675
vt -0.04112461 0.01952675
vt -0.0473246 0.02009878
vt -0.04511694 0.01119157
vt -0.05124637 0.01061954
vt -0.04507889 0.01061954
vt -0.05120832 0.01119157
vt -0.047618 0.00413442
vt -0.0536667 0.003562394
vt -0.04757533 0.003562394
vt -0.05362403 0.00413442
vt -0.04858452 -0.001331581
vt -0.05454432 -0.001903607
vt -0.04853829 -0.001903607
vt -0.05449808 -0.001331581
vt 0.03087741 -0.06513137
vt 0.03664375 -0.0657034
vt 0.03659386 -0.06513137
vt 0.03082751 -0.0657034
vt 0.02359698 -0.07038116
vt 0.02936332 -0.07095318
vt 0.02931343 -0.07038116
vt 0.02354708 -0.07095318
vt 0.01551272 -0.07429085
vt 0.02127906 -0.07486287
vt 0.02122917 -0.07429085
vt 0.01546283 -0.07486287
vt 0.00687027 -0.07674165
vt 0.01263662 -0.07731368
vt 0.01258672 -0.07674165
vt 0.006820379 -0.07731368
vt -0.002067774 -0.0776591
vt 0.003698571 -0.07823113
vt 0.003648679 -0.0776591
vt -0.002117666 -0.07823113
vt -0.01102984 -0.07701533
vt -0.005263491 -0.07758735
vt -0.005313383 -0.07701533
vt -0.01107973 -0.07758735
vt -0.01974361 -0.07482988
vt -0.01397726 -0.07540191
vt -0.01402715 -0.07482988
vt -0.0197935 -0.07540191
vt -0.02794433 -0.07116917
vt -0.02217798 -0.0717412
vt -0.02222787 -0.07116917
vt -0.02799422 -0.0717412
vt -0.03538282 -0.06614443
vt -0.02961647 -0.06671645
vt -0.02966636 -0.06614443
vt -0.03543271 -0.06671645
vt -0.04776279 -0.03597519
vt -0.05352913 -0.03654722
vt -0.0477129 -0.03654722
vt -0.05347924 -0.03597519
vt -0.04868308 -0.0270647
vt -0.05444942 -0.02763673
vt -0.04863318 -0.02763673
vt -0.05439953 -0.0270647
vt -0.04803731 -0.01813027
vt -0.05380365 -0.01870229
vt -0.04798742 -0.01870229
vt -0.05375376 -0.01813027
vt -0.04584511 -0.009443355
vt -0.05161145 -0.01001538
vt -0.04579521 -0.01001538
vt -0.05156156 -0.009443355
vt -0.04217308 -0.001267917
vt -0.04793942 -0.001839943
vt -0.04212319 -0.001839943
vt -0.04788953 -0.001267917
vt -0.03713279 0.006147642
vt -0.04289914 0.005575616
vt -0.0370829 0.005575616
vt -0.04284925 0.006147642
vt -0.03635234 0.01200598
vt -0.03659386 0.012578
vt -0.03664375 0.01200598
vt -0.03635234 0.012578
vt -0.03082751 0.01200598
vt -0.03087741 0.012578
vt -0.02354708 0.01725576
vt -0.02931343 0.01782779
vt -0.02936332 0.01725576
vt -0.02359698 0.01782779
vt -0.01546283 0.02116545
vt -0.02122917 0.02173748
vt -0.02127906 0.02116545
vt -0.01551272 0.02173748
vt -0.006820379 0.02361626
vt -0.01258672 0.02418828
vt -0.01263662 0.02361626
vt -0.00687027 0.02418828
vt 0.002117666 0.02453371
vt -0.003648679 0.02510573
vt -0.003698571 0.02453371
vt 0.002067774 0.02510573
vt 0.01107973 0.02388993
vt 0.005313383 0.02446196
vt 0.005263491 0.02388993
vt 0.01102984 0.02446196
vt 0.0197935 0.02170449
vt 0.01402715 0.02227651
vt 0.01397726 0.02170449
vt 0.01974361 0.02227651
vt 0.02799422 0.01804378
vt 0.02222787 0.0186158
vt 0.02217798 0.01804378
vt 0.02794433 0.0186158
vt 0.03543271 0.01301903
vt 0.02966636 0.01359106
vt 0.02961647 0.01301903
vt 0.03538282 0.01359106
vt 0.04188295 0.006782926
vt 0.03611661 0.007354952
vt 0.03606672 0.006782926
vt 0.04183306 0.007354952
vt 0.04133273 -0.0004750604
vt 0.04709908 0.00009696572
vt 0.04138262 0.00009696572
vt 0.04714897 -0.0004750604
vt 0.04525451 -0.008534396
vt 0.05102086 -0.00796237
vt 0.0453044 -0.00796237
vt 0.05107075 -0.008534396
vt 0.0477129 -0.0171502
vt 0.05347924 -0.01657818
vt 0.04776279 -0.01657818
vt 0.05352913 -0.0171502
vt 0.04863318 -0.0260607
vt 0.05439953 -0.02548867
vt 0.04868308 -0.02548867
vt 0.05444942 -0.0260607
vt 0.04798742 -0.03499513
vt 0.05375376 -0.0344231
vt 0.04803731 -0.0344231
vt 0.05380365 -0.03499513
vt 0.04579521 -0.04368204
vt 0.05156156 -0.04311001
vt 0.04584511 -0.04311001
vt 0.05161145 -0.04368204
vt 0.04212319 -0.05185748
vt 0.04788953 -0.05128545
vt 0.04217308 -0.05128545
vt 0.04793942 -0.05185748
vt 0.0370829 -0.05927304
vt 0.04284925 -0.05870101
vt 0.03713279 -0.05870101
vt 0.04289914 -0.05927304
vt -0.02799422 -0.05739716
vt -0.02212932 -0.05796919
vt -0.02217798 -0.05739716
vt -0.02804288 -0.05796919
vt -0.04863318 -0.01437869
vt -0.05449808 -0.01495071
vt -0.04858452 -0.01495071
vt -0.05444942 -0.01437869
vt -0.01984216 -0.04559731
vt -0.01388236 -0.04616934
vt -0.0139286 -0.04559731
vt -0.0198884 -0.04616934
vt -0.02808912 -0.02596617
vt -0.02204041 -0.0265382
vt -0.02208308 -0.02596617
vt -0.02813179 -0.0265382
vt -0.03557028 -0.005248467
vt -0.02944085 -0.005820493
vt -0.0294789 -0.005248467
vt -0.03560833 -0.005820493
vt -0.03589109 0.01537052
vt -0.04209108 0.01479849
vt -0.03585859 0.01479849
vt -0.04205858 0.01537052
vt -0.04112461 0.03466545
vt -0.04738325 0.03409342
vt -0.04109846 0.03409342
vt -0.0473571 0.03466545
vt -0.04507889 0.02534908
vt -0.05127888 0.02477706
vt -0.04504639 0.02477706
vt -0.05124637 0.02534908
vt -0.04757533 0.01776334
vt -0.05370476 0.01719131
vt -0.04753727 0.01719131
vt -0.0536667 0.01776334
vt -0.04853829 0.01175536
vt -0.05458699 0.01118333
vt -0.04849561 0.01118333
vt -0.05454432 0.01175536
vt -0.04793875 0.006948284
vt -0.05389855 0.006376258
vt -0.04789252 0.006376258
vt -0.05385232 0.006948284
vt 0.03082751 -0.05150803
vt 0.03669241 -0.05208006
vt 0.03664375 -0.05150803
vt 0.03077885 -0.05208006
vt 0.02354708 -0.05662855
vt 0.02941198 -0.05720057
vt 0.02936332 -0.05662855
vt 0.02349842 -0.05720057
vt 0.01546283 -0.06044197
vt 0.02132773 -0.061014
vt 0.02127906 -0.06044197
vt 0.01541416 -0.061014
vt 0.006820379 -0.06283243
vt 0.01268528 -0.06340445
vt 0.01263662 -0.06283243
vt 0.006771716 -0.06340445
vt -0.002117666 -0.06372729
vt 0.003747234 -0.06429931
vt 0.003698571 -0.06372729
vt -0.002166329 -0.06429931
vt -0.01107973 -0.06309936
vt -0.005214828 -0.06367139
vt -0.005263491 -0.06309936
vt -0.01112839 -0.06367139
vt -0.0197935 -0.06096773
vt -0.0139286 -0.06153976
vt -0.01397726 -0.06096773
vt -0.01984216 -0.06153976
vt -0.04798742 -0.005664248
vt -0.05385232 -0.006236274
vt -0.04793875 -0.006236274
vt -0.05380365 -0.005664248
vt -0.04579521 0.002808762
vt -0.05166011 0.002236735
vt -0.04574655 0.002236735
vt -0.05161145 0.002808762
vt -0.04212319 0.01078289
vt -0.04798808 0.01021087
vt -0.04207452 0.01021087
vt -0.04793942 0.01078289
vt -0.0370829 0.01801586
vt -0.0429478 0.01744383
vt -0.03703424 0.01744383
vt -0.04289914 0.01801586
vt -0.03635234 0.02371586
vt -0.03664375 0.02428788
vt -0.03669241 0.02371586
vt -0.03635234 0.02428788
vt -0.03077885 0.02371586
vt -0.03082751 0.02428788
vt -0.02349842 0.02883637
vt -0.02936332 0.0294084
vt -0.02941198 0.02883637
vt -0.02354708 0.0294084
vt -0.01541416 0.03264979
vt -0.02127906 0.03322182
vt -0.02132773 0.03264979
vt -0.01546283 0.03322182
vt -0.006771716 0.03504025
vt -0.01263662 0.03561228
vt -0.01268528 0.03504025
vt -0.006820379 0.03561228
vt 0.002166329 0.03593511
vt -0.003698571 0.03650714
vt -0.003747234 0.03593511
vt 0.002117666 0.03650714
vt 0.01112839 0.03530719
vt 0.005263491 0.03587921
vt 0.005214828 0.03530719
vt 0.01107973 0.03587921
vt 0.01984216 0.03317555
vt 0.01397726 0.03374758
vt 0.0139286 0.03317555
vt 0.0197935 0.03374758
vt 0.02804288 0.02960498
vt 0.02217798 0.03017701
vt 0.02212932 0.02960498
vt 0.02799422 0.03017701
vt 0.03548137 0.02470396
vt 0.02961647 0.02527599
vt 0.02956781 0.02470396
vt 0.03543271 0.02527599
vt 0.04193162 0.01862141
vt 0.03606672 0.01919344
vt 0.03601805 0.01862141
vt 0.04188295 0.01919344
vt 0.04128407 0.01154214
vt 0.04714897 0.01211417
vt 0.04133273 0.01211417
vt 0.04719763 0.01154214
vt 0.04520585 0.003681254
vt 0.05107075 0.00425328
vt 0.04525451 0.00425328
vt 0.05111941 0.003681254
vt 0.04766423 -0.004722404
vt 0.05352913 -0.004150378
vt 0.0477129 -0.004150378
vt 0.0535778 -0.004722404
vt 0.04858452 -0.01341349
vt 0.05444942 -0.01284146
vt 0.04863318 -0.01284146
vt 0.05449808 -0.01341349
vt 0.04793875 -0.02212793
vt 0.05380365 -0.0215559
vt 0.04798742 -0.0215559
vt 0.05385232 -0.02212793
vt 0.04574655 -0.03060094
vt 0.05161145 -0.03002891
vt 0.04579521 -0.03002891
vt 0.05166011 -0.03060094
vt 0.04207452 -0.03857507
vt 0.04793942 -0.03800304
vt 0.04212319 -0.03800304
vt 0.04798808 -0.03857507
vt 0.03703424 -0.04580803
vt 0.04289914 -0.04523601
vt 0.0370829 -0.04523601
vt 0.0429478 -0.04580803
vt -0.01112839 -0.04762264
vt -0.005168592 -0.04819467
vt -0.005214828 -0.04762264
vt -0.01117463 -0.04819467
vt -0.0198884 -0.02909709
vt -0.01383969 -0.02966912
vt -0.01388236 -0.02909709
vt -0.01993107 -0.02966912
vt -0.02813179 -0.009081128
vt -0.02200236 -0.009653154
vt -0.02204041 -0.009081128
vt -0.02816984 -0.009653154
vt -0.02944085 0.01130797
vt -0.03564084 0.01073594
vt -0.02940834 0.01073594
vt -0.03560833 0.01130797
vt -0.03585859 0.03086144
vt -0.04211723 0.03028941
vt -0.03583244 0.03028941
vt -0.04209108 0.03086144
vt -0.04109846 0.04838559
vt -0.0474024 0.04781356
vt -0.0410793 0.04781356
vt -0.04738325 0.04838559
vt -0.04504639 0.03888946
vt -0.05130503 0.03831744
vt -0.04502024 0.03831744
vt -0.05127888 0.03888946
vt -0.04753727 0.0309619
vt -0.05373726 0.03038988
vt -0.04750477 0.03038988
vt -0.05370476 0.0309619
vt -0.04849561 0.02455988
vt -0.05462505 0.02398785
vt -0.04845756 0.02398785
vt -0.05458699 0.02455988
vt -0.04789252 0.01939677
vt -0.05394122 0.01882474
vt -0.04784985 0.01882474
vt -0.05389855 0.01939677
vt -0.04574655 0.01499876
vt -0.05170635 0.01442673
vt -0.04570031 0.01442673
vt -0.05166011 0.01499876
vt 0.03077885 -0.03660935
vt 0.03673865 -0.03718138
vt 0.03669241 -0.03660935
vt 0.03073261 -0.03718138
vt 0.02349842 -0.04147452
vt 0.02945822 -0.04204654
vt 0.02941198 -0.04147452
vt 0.02345219 -0.04204654
vt 0.01541416 -0.04509777
vt 0.02137396 -0.04566979
vt 0.02132773 -0.04509777
vt 0.01536793 -0.04566979
vt 0.006771716 -0.04736902
vt 0.01273151 -0.04794104
vt 0.01268528 -0.04736902
vt 0.006725479 -0.04794104
vt -0.002166329 -0.04821925
vt 0.00379347 -0.04879128
vt 0.003747234 -0.04821925
vt -0.002212565 -0.04879128
vt -0.04207452 0.02257524
vt -0.04803432 0.02200321
vt -0.04202829 0.02200321
vt -0.04798808 0.02257524
vt -0.03703424 0.0294475
vt -0.04299404 0.02887548
vt -0.036988 0.02887548
vt -0.0429478 0.0294475
vt -0.03635234 0.03483473
vt -0.03669241 0.03540675
vt -0.03673865 0.03483473
vt -0.03635234 0.03540675
vt -0.03073261 0.03483473
vt -0.03077885 0.03540675
vt -0.02345219 0.03969989
vt -0.02941198 0.04027192
vt -0.02945822 0.03969989
vt -0.02349842 0.04027192
vt -0.01536793 0.04332314
vt -0.02132773 0.04389517
vt -0.02137396 0.04332314
vt -0.01541416 0.04389517
vt -0.006725479 0.04559439
vt -0.01268528 0.04616642
vt -0.01273151 0.04559439
vt -0.006771716 0.04616642
vt 0.002212565 0.04644463
vt -0.003747234 0.04701666
vt -0.00379347 0.04644463
vt 0.002166329 0.04701666
vt 0.01117463 0.04584802
vt 0.005214828 0.04642004
vt 0.005168592 0.04584802
vt 0.01112839 0.04642004
vt 0.0198884 0.04382269
vt 0.0139286 0.04439471
vt 0.01388236 0.04382269
vt 0.01984216 0.04439471
vt 0.02808912 0.04043018
vt 0.02212932 0.0410022
vt 0.02208308 0.04043018
vt 0.02804288 0.0410022
vt 0.03552761 0.03577356
vt 0.02956781 0.03634559
vt 0.02952157 0.03577356
vt 0.03548137 0.03634559
vt 0.04197785 0.02999434
vt 0.03601805 0.03056636
vt 0.03597182 0.02999434
vt 0.04193162 0.03056636
vt 0.04123783 0.0232681
vt 0.04719763 0.02384012
vt 0.04128407 0.02384012
vt 0.04724387 0.0232681
vt 0.04515961 0.01579922
vt 0.05111941 0.01637124
vt 0.04520585 0.01637124
vt 0.05116565 0.01579922
vt 0.047618 0.007814635
vt 0.0535778 0.008386661
vt 0.04766423 0.008386661
vt 0.05362403 0.007814635
vt 0.04853829 -0.0004430419
vt 0.05449808 0.0001289842
vt 0.04858452 0.0001289842
vt 0.05454432 -0.0004430419
vt 0.04789252 -0.008722908
vt 0.05385232 -0.008150882
vt 0.04793875 -0.008150882
vt 0.05389855 -0.008722908
vt 0.04570031 -0.01677338
vt 0.05166011 -0.01620136
vt 0.04574655 -0.01620136
vt 0.05170635 -0.01677338
vt 0.04202829 -0.02434986
vt 0.04798808 -0.02377783
vt 0.04207452 -0.02377783
vt 0.04803432 -0.02434986
vt 0.036988 -0.03122213
vt 0.0429478 -0.0306501
vt 0.03703424 -0.0306501
vt 0.04299404 -0.03122213
vt -0.01117463 -0.03096625
vt -0.005125921 -0.03153828
vt -0.005168592 -0.03096625
vt -0.0112173 -0.03153828
vt -0.01993107 -0.01187336
vt -0.01380164 -0.01244539
vt -0.01383969 -0.01187336
vt -0.01996913 -0.01244539
vt -0.02200236 0.008034565
vt -0.02820235 0.007462539
vt -0.02196985 0.007462539
vt -0.02816984 0.008034565
vt -0.02940834 0.027593
vt -0.03566698 0.02702098
vt -0.02938219 0.02702098
vt -0.03564084 0.027593
vt -0.03583244 0.04559949
vt -0.04213638 0.04502746
vt -0.03581329 0.04502746
vt -0.04211723 0.04559949
vt -0.0410793 0.06092135
vt -0.04741408 0.06034932
vt -0.04106762 0.06034932
vt -0.0474024 0.06092135
vt -0.04502024 0.0514793
vt -0.05132418 0.05090727
vt -0.04500108 0.05090727
vt -0.05130503 0.0514793
vt -0.04750477 0.04340513
vt -0.05376341 0.0428331
vt -0.04747862 0.0428331
vt -0.05373726 0.04340513
vt -0.04845756 0.0367667
vt -0.05465755 0.03619467
vt -0.04842506 0.03619467
vt -0.05462505 0.0367667
vt -0.04784985 0.03137468
vt -0.05397928 0.03080266
vt -0.04781179 0.03080266
vt -0.05394122 0.03137468
vt -0.04570031 0.02682648
vt -0.05174902 0.02625446
vt -0.04565764 0.02625446
vt -0.05170635 0.02682648
vt 0.03073261 -0.02080218
vt 0.03678132 -0.02137421
vt 0.03673865 -0.02080218
vt 0.03068994 -0.02137421
vt 0.02345219 -0.0252922
vt 0.02950089 -0.02586423
vt 0.02945822 -0.0252922
vt 0.02340951 -0.02586423
vt 0.01536793 -0.02863607
vt 0.02141663 -0.02920809
vt 0.02137396 -0.02863607
vt 0.01532526 -0.02920809
vt 0.006725479 -0.03073218
vt 0.01277419 -0.03130421
vt 0.01273151 -0.03073218
vt 0.006682808 -0.03130421
vt -0.002212565 -0.03151686
vt 0.003836141 -0.03208888
vt 0.00379347 -0.03151686
vt -0.002255236 -0.03208888
vt -0.04202829 0.03381874
vt -0.04807699 0.03324672
vt -0.04198561 0.03324672
vt -0.04803432 0.03381874
vt -0.036988 0.0401611
vt -0.04303671 0.03958907
vt -0.03694533 0.03958907
vt -0.04299404 0.0401611
vt -0.03635234 0.04508881
vt -0.03673865 0.04566084
vt -0.03678132 0.04508881
vt -0.03635234 0.04566084
vt -0.03068994 0.04508881
vt -0.03073261 0.04566084
vt -0.02340951 0.04957883
vt -0.02945822 0.05015085
vt -0.02950089 0.04957883
vt -0.02345219 0.05015085
vt -0.01532526 0.05292269
vt -0.02137396 0.05349472
vt -0.02141663 0.05292269
vt -0.01536793 0.05349472
vt -0.006682808 0.05501881
vt -0.01273151 0.05559084
vt -0.01277419 0.05501881
vt -0.006725479 0.05559084
vt 0.002255236 0.05580349
vt -0.00379347 0.05637551
vt -0.003836141 0.05580349
vt 0.002212565 0.05637551
vt 0.0112173 0.05525288
vt 0.005168592 0.0558249
vt 0.005125921 0.05525288
vt 0.01117463 0.0558249
vt 0.01993107 0.05338372
vt 0.01388236 0.05395574
vt 0.01383969 0.05338372
vt 0.0198884 0.05395574
vt 0.02813179 0.0502528
vt 0.02208308 0.05082483
vt 0.02204041 0.0502528
vt 0.02808912 0.05082483
vt 0.03557028 0.04595525
vt 0.02952157 0.04652728
vt 0.0294789 0.04595525
vt 0.03552761 0.04652728
vt 0.04202052 0.04062166
vt 0.03597182 0.04119368
vt 0.03592915 0.04062166
vt 0.04197785 0.04119368
vt 0.04119516 0.03441407
vt 0.04724387 0.0349861
vt 0.04123783 0.0349861
vt 0.04728654 0.03441407
vt 0.04511694 0.02752111
vt 0.05116565 0.02809313
vt 0.04515961 0.02809313
vt 0.05120832 0.02752111
vt 0.04757533 0.02015221
vt 0.05362403 0.02072423
vt 0.047618 0.02072423
vt 0.0536667 0.02015221
vt 0.04849561 0.01253127
vt 0.05454432 0.0131033
vt 0.04853829 0.0131033
vt 0.05458699 0.01253127
vt 0.04784985 0.004889858
vt 0.05389855 0.005461884
vt 0.04789252 0.005461884
vt 0.05394122 0.004889858
vt 0.04565764 -0.002539853
vt 0.05170635 -0.001967827
vt 0.04570031 -0.001967827
vt 0.05174902 -0.002539853
vt 0.04198561 -0.009532115
vt 0.04803432 -0.008960089
vt 0.04202829 -0.008960089
vt 0.04807699 -0.009532115
vt 0.03694533 -0.01587447
vt 0.04299404 -0.01530244
vt 0.036988 -0.01530244
vt 0.04303671 -0.01587447
vt -0.0112173 -0.01354032
vt -0.005087866 -0.01411235
vt -0.005125921 -0.01354032
vt -0.01125535 -0.01411235
vt -0.01380164 0.005649773
vt -0.02000163 0.005077747
vt -0.01376914 0.005077747
vt -0.01996913 0.005649773
vt -0.02196985 0.02495946
vt -0.02822849 0.02438744
vt -0.0219437 0.02438744
vt -0.02820235 0.02495946
vt -0.02938219 0.04320565
vt -0.03568614 0.04263363
vt -0.02936304 0.04263363
vt -0.03566698 0.04320565
vt -0.03581329 0.05922177
vt -0.04214806 0.05864974
vt -0.03580161 0.05864974
vt -0.04213638 0.05922177
vt -0.04106762 0.07196407
vt -0.04741801 0.07139205
vt -0.0410637 0.07139205
vt -0.04741408 0.07196407
vt -0.04500108 0.06280858
vt -0.05133586 0.06223656
vt -0.0449894 0.06223656
vt -0.05132418 0.06280858
vt -0.04747862 0.05478662
vt -0.05378256 0.05421459
vt -0.04745947 0.05421459
vt -0.05376341 0.05478662
vt -0.04842506 0.04807524
vt -0.0546837 0.04750322
vt -0.04839891 0.04750322
vt -0.05465755 0.04807524
vt -0.04781179 0.04258709
vt -0.05401178 0.04201507
vt -0.04777929 0.04201507
vt -0.05397928 0.04258709
vt -0.04565764 0.03800069
vt -0.05178708 0.03742866
vt -0.04561959 0.03742866
vt -0.05174902 0.03800069
vt 0.03068994 -0.004475753
vt 0.03681938 -0.00504778
vt 0.03678132 -0.004475753
vt 0.03065189 -0.00504778
vt 0.02340951 -0.008480063
vt 0.02953895 -0.009052089
vt 0.02950089 -0.008480063
vt 0.02337146 -0.009052089
vt 0.01532526 -0.01146221
vt 0.02145469 -0.01203423
vt 0.02141663 -0.01146221
vt 0.0152872 -0.01203423
vt 0.006682808 -0.01333158
vt 0.01281224 -0.0139036
vt 0.01277419 -0.01333158
vt 0.006644753 -0.0139036
vt -0.002255236 -0.01403137
vt 0.003874196 -0.0146034
vt 0.003836141 -0.01403137
vt -0.002293291 -0.0146034
vt -0.04198561 0.04423656
vt -0.04811505 0.04366454
vt -0.04194756 0.04366454
vt -0.04807699 0.04423656
vt -0.03694533 0.04989284
vt -0.04307477 0.04932081
vt -0.03690728 0.04932081
vt -0.04303671 0.04989284
vt -0.03635234 0.05422562
vt -0.03678132 0.05479764
vt -0.03681938 0.05422562
vt -0.03635234 0.05479764
vt -0.03065189 0.05422562
vt -0.03068994 0.05479764
vt -0.02337146 0.05822993
vt -0.02950089 0.05880195
vt -0.02953895 0.05822993
vt -0.02340951 0.05880195
vt -0.0152872 0.06121207
vt -0.02141663 0.0617841
vt -0.02145469 0.06121207
vt -0.01532526 0.0617841
vt -0.006644753 0.06308144
vt -0.01277419 0.06365346
vt -0.01281224 0.06308144
vt -0.006682808 0.06365346
vt 0.002293291 0.06378123
vt -0.003836141 0.06435326
vt -0.003874196 0.06378123
vt 0.002255236 0.06435326
vt 0.01125535 0.06329019
vt 0.005125921 0.06386221
vt 0.005087866 0.06329019
vt 0.0112173 0.06386221
vt 0.01996913 0.06162322
vt 0.01383969 0.06219525
vt 0.01380164 0.06162322
vt 0.01993107 0.06219525
vt 0.02816984 0.05883099
vt 0.02204041 0.05940302
vt 0.02200236 0.05883099
vt 0.02813179 0.05940302
vt 0.03560833 0.05499833
vt 0.0294789 0.05557036
vt 0.02944085 0.05499833
vt 0.03557028 0.05557036
vt 0.04205858 0.05024169
vt 0.03592915 0.05081372
vt 0.03589109 0.05024169
vt 0.04202052 0.05081372
vt 0.04115711 0.04470561
vt 0.04728654 0.04527764
vt 0.04119516 0.04527764
vt 0.0473246 0.04470561
vt 0.04507889 0.03855829
vt 0.05120832 0.03913032
vt 0.04511694 0.03913032
vt 0.05124637 0.03855829
vt 0.04753727 0.03198652
vt 0.0536667 0.03255855
vt 0.04757533 0.03255855
vt 0.05370476 0.03198652
vt 0.04845756 0.02518998
vt 0.05458699 0.02576201
vt 0.04849561 0.02576201
vt 0.05462505 0.02518998
vt 0.04781179 0.01837518
vt 0.05394122 0.0189472
vt 0.04784985 0.0189472
vt 0.05397928 0.01837518
vt 0.04561959 0.01174917
vt 0.05174902 0.0123212
vt 0.04565764 0.0123212
vt 0.05178708 0.01174917
vt 0.04194756 0.005513298
vt 0.04807699 0.006085324
vt 0.04198561 0.006085324
vt 0.04811505 0.005513298
vt 0.03690728 -0.0001429737
vt 0.04303671 0.0004290524
vt 0.03694533 0.0004290524
vt 0.04307477 -0.0001429737
vt -0.01125535 0.004226052
vt -0.005055364 0.003654026
vt -0.005087866 0.004226052
vt -0.01128786 0.003654026
vt -0.01376914 0.02304083
vt -0.02002778 0.02246881
vt -0.01374299 0.02246881
vt -0.02000163 0.02304083
vt -0.0219437 0.04127682
vt -0.02824765 0.04070479
vt -0.02192455 0.04070479
vt -0.02822849 0.04127682
vt -0.02936304 0.05776148
vt -0.03569782 0.05718945
vt -0.02935136 0.05718945
vt -0.03568614 0.05776148
vt -0.03580161 0.07139286
vt -0.04215199 0.07082083
vt -0.03579768 0.07082083
vt -0.04214806 0.07139286
vt -0.0410637 0.07655293
vt -0.04741801 0.003645378
vt -0.0410637 0.003645378
vt -0.04741801 0.07655293
vt -0.0449894 0.07259836
vt -0.05133979 0.07202633
vt -0.04498548 0.07202633
vt -0.05133586 0.07259836
vt -0.04745947 0.06482612
vt -0.05379424 0.0642541
vt -0.04744778 0.0642541
vt -0.05378256 0.06482612
vt -0.04839891 0.05820706
vt -0.05470285 0.05763503
vt -0.04837976 0.05763503
vt -0.0546837 0.05820706
vt -0.05401178 0.05275791
vt -0.04775314 0.05218588
vt -0.04777929 0.05275791
vt -0.05403793 0.05218588
vt -0.05178708 0.04824624
vt -0.04558709 0.04767421
vt -0.04561959 0.04824624
vt -0.05181958 0.04767421
vt 0.03685188 0.0113959
vt 0.03065189 0.01196793
vt 0.03061939 0.0113959
vt 0.03681938 0.01196793
vt 0.02333896 0.007975897
vt 0.02953895 0.008547923
vt 0.02337146 0.008547923
vt 0.02957145 0.007975897
vt 0.0152547 0.005428905
vt 0.02145469 0.006000931
vt 0.0152872 0.006000931
vt 0.02148719 0.005428905
vt 0.006644753 0.004404339
vt 0.01284474 0.003832313
vt 0.01281224 0.004404339
vt 0.006612251 0.003832313
vt -0.002293291 0.003806659
vt 0.003906698 0.003234633
vt 0.003874196 0.003806659
vt -0.002325794 0.003234633
vt -0.04811505 0.05357218
vt -0.04191506 0.05300015
vt -0.04194756 0.05357218
vt -0.04814755 0.05300015
vt -0.04307477 0.05840309
vt -0.03687478 0.05783106
vt -0.03690728 0.05840309
vt -0.04310727 0.05783106
vt -0.03635234 0.06259219
vt -0.03685188 0.06202016
vt -0.03635234 0.06202016
vt -0.03681938 0.06259219
vt -0.03065189 0.06259219
vt -0.03061939 0.06202016
vt -0.02337146 0.06601219
vt -0.02957145 0.06544017
vt -0.02333896 0.06544017
vt -0.02953895 0.06601219
vt -0.0152872 0.06855918
vt -0.02148719 0.06798716
vt -0.0152547 0.06798716
vt -0.02145469 0.06855918
vt -0.006612251 0.06958375
vt -0.01281224 0.07015578
vt -0.01284474 0.06958375
vt -0.006644753 0.07015578
vt 0.002325794 0.07018143
vt -0.003874196 0.07075346
vt -0.003906698 0.07018143
vt 0.002293291 0.07075346
vt 0.01128786 0.06976204
vt 0.005087866 0.07033406
vt 0.005055364 0.06976204
vt 0.01125535 0.07033406
vt 0.01996913 0.06891034
vt 0.01376914 0.06833832
vt 0.02000163 0.06833832
vt 0.01380164 0.06891034
vt 0.02816984 0.06652555
vt 0.02196985 0.06595352
vt 0.02820235 0.06595352
vt 0.02200236 0.06652555
vt 0.03560833 0.06325215
vt 0.02940834 0.06268012
vt 0.03564084 0.06268012
vt 0.02944085 0.06325215
vt 0.04205858 0.0591896
vt 0.03585859 0.05861757
vt 0.04209108 0.05861757
vt 0.03589109 0.0591896
vt 0.0473246 0.05446134
vt 0.04112461 0.05388931
vt 0.0473571 0.05388931
vt 0.04115711 0.05446134
vt 0.05124637 0.04921103
vt 0.04504639 0.04863901
vt 0.05127888 0.04863901
vt 0.04507889 0.04921103
vt 0.04750477 0.04302618
vt 0.05370476 0.04359821
vt 0.04753727 0.04359821
vt 0.05373726 0.04302618
vt 0.04842506 0.03722139
vt 0.05462505 0.03779342
vt 0.04845756 0.03779342
vt 0.05465755 0.03722139
vt 0.04777929 0.031401
vt 0.05397928 0.03197302
vt 0.04781179 0.03197302
vt 0.05401178 0.031401
vt 0.05181958 0.02574185
vt 0.04561959 0.02631388
vt 0.04558709 0.02574185
vt 0.05178708 0.02631388
vt 0.04814755 0.02041591
vt 0.04194756 0.02098794
vt 0.04191506 0.02041591
vt 0.04811505 0.02098794
vt 0.04310727 0.015585
vt 0.03690728 0.01615703
vt 0.03687478 0.015585
vt 0.04307477 0.01615703
vt -0.005055364 0.02189541
vt -0.011314 0.02132338
vt -0.005029215 0.02132338
vt -0.01128786 0.02189541
vt -0.01374299 0.03987159
vt -0.02004693 0.03929957
vt -0.01372384 0.03929957
vt -0.02002778 0.03987159
vt -0.02192455 0.05658485
vt -0.02825933 0.05601282
vt -0.02191287 0.05601282
vt -0.02824765 0.05658485
vt -0.02935136 0.07090206
vt -0.03570175 0.07033004
vt -0.02934743 0.07033004
vt -0.03569782 0.07090206
vt -0.03579768 0.07655293
vt -0.04215199 0.003645378
vt -0.03579768 0.003645378
vt -0.04215199 0.07655293
vt -0.0410637 0.008559038
vt -0.04741408 0.007987012
vt -0.04106762 0.007987012
vt -0.04741801 0.008559038
vt -0.04498548 0.07655293
vt -0.05133979 0.003645378
vt -0.04498548 0.003645378
vt -0.05133979 0.07655293
vt -0.04744778 0.07327643
vt -0.05379817 0.07270441
vt -0.04744386 0.07270441
vt -0.05379424 0.07327643
vt -0.04837976 0.06691267
vt -0.05471453 0.06634064
vt -0.04836807 0.06634064
vt -0.05470285 0.06691267
vt -0.05403793 0.06163669
vt -0.04773399 0.06106467
vt -0.04775314 0.06163669
vt -0.05405708 0.06106467
vt -0.05181958 0.05731084
vt -0.04556094 0.05673882
vt -0.04558709 0.05731084
vt -0.05184573 0.05673882
vt 0.03687803 0.02755193
vt 0.03061939 0.02812396
vt 0.03059324 0.02755193
vt 0.03685188 0.02812396
vt 0.02331281 0.02480045
vt 0.02957145 0.02537247
vt 0.02333896 0.02537247
vt 0.0295976 0.02480045
vt 0.01522855 0.02275132
vt 0.02148719 0.02332335
vt 0.0152547 0.02332335
vt 0.02151334 0.02275132
vt 0.006586102 0.02146682
vt 0.01284474 0.02203885
vt 0.006612251 0.02203885
vt 0.01287089 0.02146682
vt -0.002351942 0.02098597
vt 0.003906698 0.021558
vt -0.002325794 0.021558
vt 0.003932847 0.02098597
vt -0.04814755 0.06159571
vt -0.04188891 0.06102368
vt -0.04191506 0.06159571
vt -0.0481737 0.06102368
vt -0.04310727 0.06548231
vt -0.03684863 0.06491028
vt -0.03687478 0.06548231
vt -0.04313342 0.06491028
vt -0.03635234 0.06885255
vt -0.03687803 0.06828052
vt -0.03635234 0.06828052
vt -0.03685188 0.06885255
vt -0.03061939 0.06885255
vt -0.03059324 0.06828052
vt -0.02333896 0.07160404
vt -0.0295976 0.07103201
vt -0.02331281 0.07103201
vt -0.02957145 0.07160404
vt -0.0152547 0.07365316
vt -0.02151334 0.07308113
vt -0.01522855 0.07308113
vt -0.02148719 0.07365316
vt -0.006612251 0.07493766
vt -0.01287089 0.07436564
vt -0.006586102 0.07436564
vt -0.01284474 0.07493766
vt 0.002325794 0.07541851
vt -0.003932847 0.07484649
vt 0.002351942 0.07484649
vt -0.003906698 0.07541851
vt 0.01128786 0.0750811
vt 0.005029215 0.07450907
vt 0.011314 0.07450907
vt 0.005055364 0.0750811
vt 0.02000163 0.07393568
vt 0.01374299 0.07336365
vt 0.02002778 0.07336365
vt 0.01376914 0.07393568
vt 0.02820235 0.07201705
vt 0.0219437 0.07144502
vt 0.02822849 0.07144502
vt 0.02196985 0.07201705
vt 0.03564084 0.06938351
vt 0.02938219 0.06881148
vt 0.03566698 0.06881148
vt 0.02940834 0.06938351
vt 0.04209108 0.06611507
vt 0.03583244 0.06554305
vt 0.04211723 0.06554305
vt 0.03585859 0.06611507
vt 0.0473571 0.06231106
vt 0.04109846 0.06173903
vt 0.04738325 0.06173903
vt 0.04112461 0.06231106
vt 0.05127888 0.05808705
vt 0.04502024 0.05751502
vt 0.05130503 0.05751502
vt 0.04504639 0.05808705
vt 0.05373726 0.05357138
vt 0.04747862 0.05299935
vt 0.05376341 0.05299935
vt 0.04750477 0.05357138
vt 0.05465755 0.04890127
vt 0.04839891 0.04832924
vt 0.0546837 0.04832924
vt 0.04842506 0.04890127
vt 0.05403793 0.04364657
vt 0.04777929 0.0442186
vt 0.04775314 0.04364657
vt 0.05401178 0.0442186
vt 0.05184573 0.03909364
vt 0.04558709 0.03966567
vt 0.04556094 0.03909364
vt 0.05181958 0.03966567
vt 0.0481737 0.03480878
vt 0.04191506 0.0353808
vt 0.04188891 0.03480878
vt 0.04814755 0.0353808
vt 0.04313342 0.03092218
vt 0.03687478 0.0314942
vt 0.03684863 0.03092218
vt 0.04310727 0.0314942
vt -0.005029215 0.03903268
vt -0.01133316 0.03846065
vt -0.005010063 0.03846065
vt -0.011314 0.03903268
vt -0.01372384 0.05572763
vt -0.02005861 0.0551556
vt -0.01371215 0.0551556
vt -0.02004693 0.05572763
vt -0.02191287 0.07050661
vt -0.02826326 0.06993458
vt -0.02190894 0.06993458
vt -0.02825933 0.07050661
vt -0.02934743 0.07655293
vt -0.03570175 0.003645378
vt -0.02934743 0.003645378
vt -0.03570175 0.07655293
vt -0.03579768 0.009130254
vt -0.04214806 0.008558228
vt -0.03580161 0.008558228
vt -0.04215199 0.009130254
vt -0.04106762 0.0176331
vt -0.0474024 0.01706107
vt -0.0410793 0.01706107
vt -0.04741408 0.0176331
vt -0.04498548 0.007924755
vt -0.05133586 0.007352729
vt -0.0449894 0.007352729
vt -0.05133979 0.007924755
vt -0.04744386 0.07655293
vt -0.05379817 0.003645378
vt -0.04744386 0.003645378
vt -0.05379817 0.07655293
vt -0.04836807 0.0739777
vt -0.05471846 0.07340568
vt -0.04836415 0.07340568
vt -0.05471453 0.0739777
vt -0.05405708 0.06900482
vt -0.04772231 0.06843279
vt -0.04773399 0.06900482
vt -0.05406876 0.06843279
vt -0.05184573 0.06497131
vt -0.04554179 0.06439928
vt -0.04556094 0.06497131
vt -0.05186488 0.06439928
vt 0.03689718 0.0430225
vt 0.03059324 0.04359453
vt 0.03057409 0.0430225
vt 0.03687803 0.04359453
vt 0.02329366 0.04100729
vt 0.0295976 0.04157931
vt 0.02331281 0.04157931
vt 0.02961675 0.04100729
vt 0.0152094 0.03950649
vt 0.02151334 0.04007851
vt 0.01522855 0.04007851
vt 0.02153249 0.03950649
vt 0.00656695 0.0385657
vt 0.01287089 0.03913773
vt 0.006586102 0.03913773
vt 0.01289004 0.0385657
vt -0.002371094 0.03821352
vt 0.003932847 0.03878555
vt -0.002351942 0.03878555
vt 0.003951999 0.03821352
vt -0.0481737 0.06810959
vt -0.04186976 0.06753756
vt -0.04188891 0.06810959
vt -0.04819285 0.06753756
vt -0.04313342 0.07095617
vt -0.03682947 0.07038415
vt -0.03684863 0.07095617
vt -0.04315257 0.07038415
vt -0.03635234 0.07342458
vt -0.03689718 0.07285255
vt -0.03635234 0.07285255
vt -0.03687803 0.07342458
vt -0.03059324 0.07342458
vt -0.03057409 0.07285255
vt -0.02331281 0.07543979
vt -0.02961675 0.07486777
vt -0.02329366 0.07486777
vt -0.0295976 0.07543979
vt -0.01522855 0.07694059
vt -0.02153249 0.07636857
vt -0.0152094 0.07636857
vt -0.02151334 0.07694059
vt -0.006586102 0.07788138
vt -0.01289004 0.07730935
vt -0.00656695 0.07730935
vt -0.01287089 0.07788138
vt 0.002351942 0.07823356
vt -0.003951999 0.07766153
vt 0.002371094 0.07766153
vt -0.003932847 0.07823356
vt 0.011314 0.07798643
vt 0.005010063 0.07741441
vt 0.01133316 0.07741441
vt 0.005029215 0.07798643
vt 0.02002778 0.07714751
vt 0.01372384 0.07657549
vt 0.02004693 0.07657549
vt 0.01374299 0.07714751
vt 0.02822849 0.07574229
vt 0.02192455 0.07517026
vt 0.02824765 0.07517026
vt 0.0219437 0.07574229
vt 0.03566698 0.07381345
vt 0.02936304 0.07324143
vt 0.03568614 0.07324143
vt 0.02938219 0.07381345
vt 0.04211723 0.07141962
vt 0.03581329 0.07084759
vt 0.04213638 0.07084759
vt 0.03583244 0.07141962
vt 0.04738325 0.06863352
vt 0.0410793 0.0680615
vt 0.0474024 0.0680615
vt 0.04109846 0.06863352
vt 0.05130503 0.06553981
vt 0.04500108 0.06496778
vt 0.05132418 0.06496778
vt 0.04502024 0.06553981
vt 0.05376341 0.06223249
vt 0.04745947 0.06166046
vt 0.05378256 0.06166046
vt 0.04747862 0.06223249
vt 0.0546837 0.05881205
vt 0.04837976 0.05824002
vt 0.05470285 0.05824002
vt 0.04839891 0.05881205
vt 0.05405708 0.05481039
vt 0.04775314 0.05538241
vt 0.04773399 0.05481039
vt 0.05403793 0.05538241
vt 0.05186488 0.05147577
vt 0.04556094 0.0520478
vt 0.04554179 0.05147577
vt 0.05184573 0.0520478
vt 0.04819285 0.04833749
vt 0.04188891 0.04890952
vt 0.04186976 0.04833749
vt 0.0481737 0.04890952
vt 0.04315257 0.04549091
vt 0.03684863 0.04606293
vt 0.03682947 0.04549091
vt 0.04313342 0.04606293
vt -0.005010063 0.05521587
vt -0.01134484 0.05464384
vt -0.00499838 0.05464384
vt -0.01133316 0.05521587
vt -0.01371215 0.0702185
vt -0.02006254 0.06964648
vt -0.01370823 0.06964648
vt -0.02005861 0.0702185
vt -0.02190894 0.07655293
vt -0.02826326 0.003645378
vt -0.02190894 0.003645378
vt -0.02826326 0.07655293
vt -0.02934743 0.009621046
vt -0.03569782 0.00904902
vt -0.02935136 0.00904902
vt -0.03570175 0.009621046
vt -0.03580161 0.01933268
vt -0.04213638 0.01876066
vt -0.03581329 0.01876066
vt -0.04214806 0.01933268
vt -0.0410793 0.02628002
vt -0.04738325 0.02570799
vt -0.04109846 0.02570799
vt -0.0474024 0.02628002
vt -0.0449894 0.01574587
vt -0.05132418 0.01517384
vt -0.04500108 0.01517384
vt -0.05133586 0.01574587
vt -0.04744386 0.007246676
vt -0.05379424 0.00667465
vt -0.04744778 0.00667465
vt -0.05379817 0.007246676
vt -0.04836415 0.07655293
vt -0.05471846 0.003645378
vt -0.04836415 0.003645378
vt -0.05471846 0.07655293
vt -0.05406876 0.07468086
vt -0.04771838 0.07410883
vt -0.04772231 0.07468086
vt -0.05407269 0.07410883
vt -0.05186488 0.07103901
vt -0.0455301 0.07046698
vt -0.04554179 0.07103901
vt -0.05187656 0.07046698
vt 0.03690886 0.05742667
vt 0.03057409 0.0579987
vt 0.0305624 0.05742667
vt 0.03689718 0.0579987
vt 0.02328197 0.05619735
vt 0.02961675 0.05676937
vt 0.02329366 0.05676937
vt 0.02962843 0.05619735
vt 0.01519772 0.05528183
vt 0.02153249 0.05585385
vt 0.0152094 0.05585385
vt 0.02154418 0.05528183
vt 0.006555267 0.05470793
vt 0.01289004 0.05527995
vt 0.00656695 0.05527995
vt 0.01290173 0.05470793
vt -0.002382777 0.05449309
vt 0.003951999 0.05506512
vt -0.002371094 0.05506512
vt 0.003963682 0.05449309
vt -0.04819285 0.07295343
vt -0.04185807 0.0723814
vt -0.04186976 0.07295343
vt -0.04820453 0.0723814
vt -0.04315257 0.07468991
vt -0.03681779 0.07411788
vt -0.03682947 0.07468991
vt -0.04316425 0.07411788
vt -0.03635234 0.07619569
vt -0.03690886 0.07562366
vt -0.03635234 0.07562366
vt -0.03689718 0.07619569
vt -0.03057409 0.07619569
vt -0.0305624 0.07562366
vt -0.02329366 0.07742502
vt -0.02962843 0.07685299
vt -0.02328197 0.07685299
vt -0.02961675 0.07742502
vt -0.0152094 0.07834054
vt -0.02154418 0.07776851
vt -0.01519772 0.07776851
vt -0.02153249 0.07834054
vt -0.00656695 0.07891444
vt -0.01290173 0.07834241
vt -0.006555267 0.07834241
vt -0.01289004 0.07891444
vt 0.002371094 0.07912927
vt -0.003963682 0.07855725
vt 0.002382777 0.07855725
vt -0.003951999 0.07912927
vt 0.01133316 0.07897852
vt 0.00499838 0.0784065
vt 0.01134484 0.0784065
vt 0.005010063 0.07897852
vt 0.02004693 0.07846676
vt 0.01371215 0.07789474
vt 0.02005861 0.07789474
vt 0.01372384 0.07846676
vt 0.02824765 0.07760954
vt 0.02191287 0.07703752
vt 0.02825933 0.07703752
vt 0.02192455 0.07760954
vt 0.03568614 0.07643291
vt 0.02935136 0.07586089
vt 0.03569782 0.07586089
vt 0.02936304 0.07643291
vt 0.04213638 0.07497262
vt 0.03580161 0.0744006
vt 0.04214806 0.0744006
vt 0.03581329 0.07497262
vt 0.0474024 0.07327304
vt 0.04106762 0.07270101
vt 0.04741408 0.07270101
vt 0.0410793 0.07327304
vt 0.05132418 0.07138581
vt 0.0449894 0.07081378
vt 0.05133586 0.07081378
vt 0.04500108 0.07138581
vt 0.05378256 0.06936827
vt 0.04744778 0.06879624
vt 0.05379424 0.06879624
vt 0.04745947 0.06936827
vt 0.05470285 0.06728172
vt 0.04836807 0.0667097
vt 0.05471453 0.0667097
vt 0.04837976 0.06728172
vt 0.05406876 0.06461754
vt 0.04773399 0.06518957
vt 0.04772231 0.06461754
vt 0.05405708 0.06518957
vt 0.05187656 0.06258335
vt 0.04554179 0.06315538
vt 0.0455301 0.06258335
vt 0.05186488 0.06315538
vt 0.04820453 0.06066893
vt 0.04186976 0.06124096
vt 0.04185807 0.06066893
vt 0.04819285 0.06124096
vt 0.04316425 0.05893245
vt 0.03682947 0.05950448
vt 0.03681779 0.05893245
vt 0.04315257 0.05950448
vt -0.00499838 0.07004651
vt -0.01134877 0.06947448
vt -0.004994454 0.06947448
vt -0.01134484 0.07004651
vt -0.01370823 0.07655293
vt -0.02006254 0.003645378
vt -0.01370823 0.003645378
vt -0.02006254 0.07655293
vt -0.02190894 0.0100165
vt -0.02825933 0.009444476
vt -0.02191287 0.009444476
vt -0.02826326 0.0100165
vt -0.02935136 0.02079297
vt -0.03568614 0.02022095
vt -0.02936304 0.02022095
vt -0.03569782 0.02079297
vt -0.03581329 0.02906612
vt -0.04211723 0.02849409
vt -0.03583244 0.02849409
vt -0.04213638 0.02906612
vt -0.04109846 0.03428688
vt -0.0473571 0.03371485
vt -0.04112461 0.03371485
vt -0.04738325 0.03428688
vt -0.04500108 0.02318631
vt -0.05130503 0.02261428
vt -0.04502024 0.02261428
vt -0.05132418 0.02318631
vt -0.04744778 0.01372833
vt -0.05378256 0.0131563
vt -0.04745947 0.0131563
vt -0.05379424 0.01372833
vt -0.04836415 0.006545405
vt -0.05471453 0.005973379
vt -0.04836807 0.005973379
vt -0.05471846 0.006545405
vt -0.05407269 0.07655293
vt -0.04771838 0.003645378
vt -0.04771838 0.07655293
vt -0.05407269 0.003645378
vt -0.05187656 0.07536453
vt -0.04552618 0.07479251
vt -0.0455301 0.07536453
vt -0.05188049 0.07479251
vt 0.03691279 0.07040977
vt 0.0305624 0.07098179
vt 0.03055848 0.07040977
vt 0.03690886 0.07098179
vt 0.02327805 0.0699966
vt 0.02962843 0.07056863
vt 0.02328197 0.07056863
vt 0.02963236 0.0699966
vt 0.01519379 0.0696889
vt 0.02154418 0.07026093
vt 0.01519772 0.07026093
vt 0.0215481 0.0696889
vt 0.006551341 0.06949602
vt 0.01290173 0.07006804
vt 0.006555267 0.07006804
vt 0.01290565 0.06949602
vt -0.002386704 0.06942381
vt 0.003963682 0.06999584
vt -0.002382777 0.06999584
vt 0.003967608 0.06942381
vt -0.04820453 0.07600796
vt -0.04185415 0.07543593
vt -0.04185807 0.07600796
vt -0.04820846 0.07543593
vt -0.04316425 0.07659157
vt -0.03681387 0.07601955
vt -0.03681779 0.07659157
vt -0.04316818 0.07601955
vt -0.03635234 0.07709765
vt -0.03691279 0.07652563
vt -0.03635234 0.07652563
vt -0.03690886 0.07709765
vt -0.0305624 0.07709765
vt -0.03055848 0.07652563
vt -0.02328197 0.07751082
vt -0.02963236 0.07693879
vt -0.02327805 0.07693879
vt -0.02962843 0.07751082
vt -0.01519772 0.07781852
vt -0.0215481 0.07724649
vt -0.01519379 0.07724649
vt -0.02154418 0.07781852
vt -0.006555267 0.0780114
vt -0.01290565 0.07743938
vt -0.006551341 0.07743938
vt -0.01290173 0.0780114
vt 0.002382777 0.07808361
vt -0.003967608 0.07751158
vt 0.002386704 0.07751158
vt -0.003963682 0.07808361
vt 0.01134484 0.07803294
vt 0.004994454 0.07746091
vt 0.01134877 0.07746091
vt 0.00499838 0.07803294
vt 0.02005861 0.07786094
vt 0.01370823 0.07728892
vt 0.02006254 0.07728892
vt 0.01371215 0.07786094
vt 0.02825933 0.07757284
vt 0.02190894 0.07700081
vt 0.02826326 0.07700081
vt 0.02191287 0.07757284
vt 0.03569782 0.07717738
vt 0.02934743 0.07660536
vt 0.03570175 0.07660536
vt 0.02935136 0.07717738
vt 0.04214806 0.07668659
vt 0.03579768 0.07611456
vt 0.04215199 0.07611456
vt 0.03580161 0.07668659
vt 0.04741408 0.07611537
vt 0.0410637 0.07554335
vt 0.04741801 0.07554335
vt 0.04106762 0.07611537
vt 0.05133586 0.07548109
vt 0.04498548 0.07490906
vt 0.05133979 0.07490906
vt 0.0449894 0.07548109
vt 0.05379424 0.07480301
vt 0.04744386 0.07423099
vt 0.05379817 0.07423099
vt 0.04744778 0.07480301
vt 0.05471453 0.07410174
vt 0.04836415 0.07352972
vt 0.05471846 0.07352972
vt 0.04836807 0.07410174
vt 0.05407269 0.07282656
vt 0.04772231 0.07339859
vt 0.04771838 0.07282656
vt 0.05406876 0.07339859
vt 0.05188049 0.07214289
vt 0.0455301 0.07271491
vt 0.04552618 0.07214289
vt 0.05187656 0.07271491
vt 0.04820846 0.07149946
vt 0.04185807 0.07207149
vt 0.04185415 0.07149946
vt 0.04820453 0.07207149
vt 0.04316818 0.07091585
vt 0.03681779 0.07148787
vt 0.03681387 0.07091585
vt 0.04316425 0.07148787
vt -0.004994454 0.07655293
vt -0.01134877 0.003645378
vt -0.004994454 0.003645378
vt -0.01134877 0.07655293
vt -0.01370823 0.01030461
vt -0.02005861 0.00973258
vt -0.01371215 0.00973258
vt -0.02006254 0.01030461
vt -0.02191287 0.0219696
vt -0.02824765 0.02139758
vt -0.02192455 0.02139758
vt -0.02825933 0.0219696
vt -0.02936304 0.03145995
vt -0.03566698 0.03088792
vt -0.02938219 0.03088792
vt -0.03568614 0.03145995
vt -0.03583244 0.03809089
vt -0.04209108 0.03751886
vt -0.03585859 0.03751886
vt -0.04211723 0.03809089
vt -0.04112461 0.04145652
vt -0.0473246 0.04088449
vt -0.04115711 0.04088449
vt -0.0473571 0.04145652
vt -0.04502024 0.03006286
vt -0.05127888 0.02949084
vt -0.04504639 0.02949084
vt -0.05130503 0.03006286
vt -0.04745947 0.01987898
vt -0.05376341 0.01930696
vt -0.04747862 0.01930696
vt -0.05378256 0.01987898
vt -0.04836807 0.01164178
vt -0.05470285 0.01106976
vt -0.04837976 0.01106976
vt -0.05471453 0.01164178
vt -0.04771838 0.00584225
vt -0.05406876 0.005270224
vt -0.04772231 0.005270224
vt -0.05407269 0.00584225
vt -0.05188049 0.07655293
vt -0.04552618 0.003645378
vt -0.04552618 0.07655293
vt -0.05188049 0.003645378
vt 0.03691279 0.003645378
vt 0.03055848 0.07655293
vt 0.03055848 0.003645378
vt 0.03691279 0.07655293
vt 0.02963236 0.003645378
vt 0.02327805 0.07655293
vt 0.02327805 0.003645378
vt 0.02963236 0.07655293
vt 0.0215481 0.003645378
vt 0.01519379 0.07655293
vt 0.01519379 0.003645378
vt 0.0215481 0.07655293
vt 0.01290565 0.003645378
vt 0.006551341 0.07655293
vt 0.006551341 0.003645378
vt 0.01290565 0.07655293
vt 0.003967608 0.003645378
vt -0.002386704 0.07655293
vt -0.002386704 0.003645378
vt 0.003967608 0.07655293
vt -0.04820846 0.07655293
vt -0.04185415 0.003645378
vt -0.04185415 0.07655293
vt -0.04820846 0.003645378
vt -0.04316818 0.07655293
vt -0.03681387 0.003645378
vt -0.03681387 0.07655293
vt -0.04316818 0.003645378
vt -0.03691279 0.07655293
vt -0.03635234 0.003645378
vt -0.03635234 0.07655293
vt -0.03691279 0.003645378
vt -0.03055848 0.003645378
vt -0.03055848 0.07655293
vt -0.02963236 0.07655293
vt -0.02327805 0.003645378
vt -0.02327805 0.07655293
vt -0.02963236 0.003645378
vt -0.0215481 0.07655293
vt -0.01519379 0.003645378
vt -0.01519379 0.07655293
vt -0.0215481 0.003645378
vt -0.01290565 0.07655293
vt -0.006551341 0.003645378
vt -0.006551341 0.07655293
vt -0.01290565 0.003645378
vt -0.003967608 0.07655293
vt 0.002386704 0.003645378
vt 0.002386704 0.07655293
vt -0.003967608 0.003645378
vt 0.01134877 0.07655293
vt 0.004994454 0.003645378
vt 0.01134877 0.003645378
vt 0.004994454 0.07655293
vt 0.02006254 0.07655293
vt 0.01370823 0.003645378
vt 0.02006254 0.003645378
vt 0.01370823 0.07655293
vt 0.02826326 0.07655293
vt 0.02190894 0.003645378
vt 0.02826326 0.003645378
vt 0.02190894 0.07655293
vt 0.03570175 0.07655293
vt 0.02934743 0.003645378
vt 0.03570175 0.003645378
vt 0.02934743 0.07655293
vt 0.04215199 0.07655293
vt 0.03579768 0.003645378
vt 0.04215199 0.003645378
vt 0.03579768 0.07655293
vt 0.04741801 0.07655293
vt 0.0410637 0.003645378
vt 0.04741801 0.003645378
vt 0.0410637 0.07655293
vt 0.05133979 0.07655293
vt 0.04498548 0.003645378
vt 0.05133979 0.003645378
vt 0.04498548 0.07655293
vt 0.05379817 0.07655293
vt 0.04744386 0.003645378
vt 0.05379817 0.003645378
vt 0.04744386 0.07655293
vt 0.05471846 0.07655293
vt 0.04836415 0.003645378
vt 0.05471846 0.003645378
vt 0.04836415 0.07655293
vt 0.05407269 0.003645378
vt 0.04771838 0.07655293
vt 0.04771838 0.003645378
vt 0.05407269 0.07655293
vt 0.05188049 0.003645378
vt 0.04552618 0.07655293
vt 0.04552618 0.003645378
vt 0.05188049 0.07655293
vt 0.04820846 0.003645378
vt 0.04185415 0.07655293
vt 0.04185415 0.003645378
vt 0.04820846 0.07655293
vt 0.04316818 0.003645378
vt 0.03681387 0.07655293
vt 0.03681387 0.003645378
vt 0.04316818 0.07655293
vt -0.004994454 0.0104766
vt -0.01134484 0.009904578
vt -0.00499838 0.009904578
vt -0.01134877 0.0104766
vt -0.01371215 0.02282682
vt -0.02004693 0.0222548
vt -0.01372384 0.0222548
vt -0.02005861 0.02282682
vt -0.02192455 0.03338878
vt -0.02822849 0.03281676
vt -0.0219437 0.03281676
vt -0.02824765 0.03338878
vt -0.02938219 0.04135932
vt -0.03564084 0.0407873
vt -0.02940834 0.0407873
vt -0.03566698 0.04135932
vt -0.03585859 0.04618478
vt -0.04205858 0.04561276
vt -0.03589109 0.04561276
vt -0.04209108 0.04618478
vt -0.0473246 0.04761241
vt -0.04119516 0.04704039
vt -0.04115711 0.04761241
vt -0.04728654 0.04704039
vt -0.04504639 0.03620622
vt -0.05124637 0.03563419
vt -0.04507889 0.03563419
vt -0.05127888 0.03620622
vt -0.04747862 0.0255472
vt -0.05373726 0.02497517
vt -0.04750477 0.02497517
vt -0.05376341 0.0255472
vt -0.04837976 0.01645854
vt -0.0546837 0.01588652
vt -0.04839891 0.01588652
vt -0.05470285 0.01645854
vt -0.04772231 0.00954963
vt -0.05405708 0.008977604
vt -0.04773399 0.008977604
vt -0.05406876 0.00954963
vt -0.04552618 0.005158575
vt -0.05187656 0.004586549
vt -0.0455301 0.004586549
vt -0.05188049 0.005158575
vt 0.0305624 0.008969291
vt 0.03691279 0.009541317
vt 0.03055848 0.009541317
vt 0.03690886 0.008969291
vt 0.02962843 0.009382458
vt 0.02327805 0.009954484
vt 0.02328197 0.009382458
vt 0.02963236 0.009954484
vt 0.02154418 0.009690157
vt 0.01519379 0.01026218
vt 0.01519772 0.009690157
vt 0.0215481 0.01026218
vt 0.01290173 0.00988304
vt 0.006551341 0.01045507
vt 0.006555267 0.00988304
vt 0.01290565 0.01045507
vt 0.003963682 0.009955245
vt -0.002386704 0.01052727
vt -0.002382777 0.009955245
vt 0.003967608 0.01052727
vt -0.04185415 0.004515154
vt -0.04820453 0.003943128
vt -0.04185807 0.003943128
vt -0.04820846 0.004515154
vt -0.03681387 0.003931537
vt -0.04316425 0.003359511
vt -0.03681779 0.003359511
vt -0.04316818 0.003931537
vt -0.03691279 0.003425457
vt -0.03635234 0.00285343
vt -0.03635234 0.003425457
vt -0.03690886 0.00285343
vt -0.0305624 0.00285343
vt -0.03055848 0.003425457
vt -0.02963236 0.00301229
vt -0.02328197 0.002440264
vt -0.02327805 0.00301229
vt -0.02962843 0.002440264
vt -0.0215481 0.00270459
vt -0.01519772 0.002132564
vt -0.01519379 0.00270459
vt -0.02154418 0.002132564
vt -0.01290565 0.002511708
vt -0.006555267 0.001939682
vt -0.006551341 0.002511708
vt -0.01290173 0.001939682
vt -0.003967608 0.002439503
vt 0.002382777 0.001867477
vt 0.002386704 0.002439503
vt -0.003963682 0.001867477
vt 0.01134877 0.002490169
vt 0.00499838 0.001918143
vt 0.01134484 0.001918143
vt 0.004994454 0.002490169
vt 0.02006254 0.002662167
vt 0.01371215 0.002090141
vt 0.02005861 0.002090141
vt 0.01370823 0.002662167
vt 0.02826326 0.002950272
vt 0.02191287 0.002378245
vt 0.02825933 0.002378245
vt 0.02190894 0.002950272
vt 0.03570175 0.003345727
vt 0.02935136 0.002773701
vt 0.03569782 0.002773701
vt 0.02934743 0.003345727
vt 0.04215199 0.00383652
vt 0.03580161 0.003264494
vt 0.04214806 0.003264494
vt 0.03579768 0.00383652
vt 0.04741801 0.004407736
vt 0.04106762 0.003835709
vt 0.04741408 0.003835709
vt 0.0410637 0.004407736
vt 0.05133979 0.005042019
vt 0.0449894 0.004469993
vt 0.05133586 0.004469993
vt 0.04498548 0.005042019
vt 0.05379817 0.005720098
vt 0.04744778 0.005148072
vt 0.05379424 0.005148072
vt 0.04744386 0.005720098
vt 0.05471846 0.006421369
vt 0.04836807 0.005849343
vt 0.05471453 0.005849343
vt 0.04836415 0.006421369
vt 0.04772231 0.006552498
vt 0.05407269 0.007124524
vt 0.04771838 0.007124524
vt 0.05406876 0.006552498
vt 0.0455301 0.007236173
vt 0.05188049 0.007808199
vt 0.04552618 0.007808199
vt 0.05187656 0.007236173
vt 0.04185807 0.007879593
vt 0.04820846 0.00845162
vt 0.04185415 0.00845162
vt 0.04820453 0.007879593
vt 0.03681779 0.008463211
vt 0.04316818 0.009035237
vt 0.03681387 0.009035237
vt 0.04316425 0.008463211
vt -0.00499838 0.02333858
vt -0.01133316 0.02276655
vt -0.005010063 0.02276655
vt -0.01134484 0.02333858
vt -0.01372384 0.03479401
vt -0.02002778 0.03422198
vt -0.01374299 0.03422198
vt -0.02004693 0.03479401
vt -0.0219437 0.04399286
vt -0.02820235 0.04342084
vt -0.02196985 0.04342084
vt -0.02822849 0.04399286
vt -0.02940834 0.05024733
vt -0.03560833 0.04967531
vt -0.02944085 0.04967531
vt -0.03564084 0.05024733
vt -0.04205858 0.05314849
vt -0.03592915 0.05257647
vt -0.03589109 0.05314849
vt -0.04202052 0.05257647
vt -0.04728654 0.05260297
vt -0.04123783 0.05203094
vt -0.04119516 0.05260297
vt -0.04724387 0.05203094
vt -0.05124637 0.04146509
vt -0.04511694 0.04089307
vt -0.04507889 0.04146509
vt -0.05120832 0.04089307
vt -0.05373726 0.03059339
vt -0.04753727 0.03002137
vt -0.04750477 0.03059339
vt -0.05370476 0.03002137
vt -0.04839891 0.02087708
vt -0.05465755 0.02030505
vt -0.04842506 0.02030505
vt -0.0546837 0.02087708
vt -0.04773399 0.01302891
vt -0.05403793 0.01245688
vt -0.04775314 0.01245688
vt -0.05405708 0.01302891
vt -0.0455301 0.00751544
vt -0.05186488 0.006943414
vt -0.04554179 0.006943414
vt -0.05187656 0.00751544
vt 0.03057409 0.01998372
vt 0.03690886 0.02055575
vt 0.0305624 0.02055575
vt 0.03689718 0.01998372
vt 0.02961675 0.02121305
vt 0.02328197 0.02178508
vt 0.02329366 0.02121305
vt 0.02962843 0.02178508
vt 0.02153249 0.02212857
vt 0.01519772 0.0227006
vt 0.0152094 0.02212857
vt 0.02154418 0.0227006
vt 0.01289004 0.02270247
vt 0.006555267 0.0232745
vt 0.00656695 0.02270247
vt 0.01290173 0.0232745
vt 0.003951999 0.02291731
vt -0.002382777 0.02348933
vt -0.002371094 0.02291731
vt 0.003963682 0.02348933
vt -0.04185807 0.005601021
vt -0.04819285 0.005028995
vt -0.04186976 0.005028995
vt -0.04820453 0.005601021
vt -0.03681779 0.00386454
vt -0.04315257 0.003292514
vt -0.03682947 0.003292514
vt -0.04316425 0.00386454
vt -0.03690886 0.00235876
vt -0.03635234 0.001786734
vt -0.03635234 0.00235876
vt -0.03689718 0.001786734
vt -0.03057409 0.001786734
vt -0.0305624 0.00235876
vt -0.02962843 0.001129433
vt -0.02329366 0.0005574066
vt -0.02328197 0.001129433
vt -0.02961675 0.0005574066
vt -0.02154418 0.0002139113
vt -0.0152094 -0.0003581148
vt -0.01519772 0.0002139113
vt -0.02153249 -0.0003581148
vt -0.01290173 -0.0003599867
vt -0.00656695 -0.0009320128
vt -0.006555267 -0.0003599867
vt -0.01289004 -0.0009320128
vt -0.003963682 -0.0005748239
vt 0.002371094 -0.00114685
vt 0.002382777 -0.0005748239
vt -0.003951999 -0.00114685
vt 0.01134484 -0.0004240724
vt 0.005010063 -0.0009960985
vt 0.01133316 -0.0009960985
vt 0.00499838 -0.0004240724
vt 0.02005861 0.00008768711
vt 0.01372384 -0.000484339
vt 0.02004693 -0.000484339
vt 0.01371215 0.00008768711
vt 0.02825933 0.0009449052
vt 0.02192455 0.0003728791
vt 0.02824765 0.0003728791
vt 0.02191287 0.0009449052
vt 0.03569782 0.002121536
vt 0.02936304 0.00154951
vt 0.03568614 0.00154951
vt 0.02935136 0.002121536
vt 0.04214806 0.003581827
vt 0.03581329 0.003009801
vt 0.04213638 0.003009801
vt 0.03580161 0.003581827
vt 0.04741408 0.00528141
vt 0.0410793 0.004709384
vt 0.0474024 0.004709384
vt 0.04106762 0.00528141
vt 0.05133586 0.007168642
vt 0.04500108 0.006596616
vt 0.05132418 0.006596616
vt 0.0449894 0.007168642
vt 0.05379424 0.009186182
vt 0.04745947 0.008614156
vt 0.05378256 0.008614156
vt 0.04744778 0.009186182
vt 0.05471453 0.01127273
vt 0.04837976 0.0107007
vt 0.05470285 0.0107007
vt 0.04836807 0.01127273
vt 0.04773399 0.01279285
vt 0.05406876 0.01336488
vt 0.04772231 0.01336488
vt 0.05405708 0.01279285
vt 0.04554179 0.01482704
vt 0.05187656 0.01539907
vt 0.0455301 0.01539907
vt 0.05186488 0.01482704
vt 0.04186976 0.01674146
vt 0.04820453 0.01731349
vt 0.04185807 0.01731349
vt 0.04819285 0.01674146
vt 0.03682947 0.01847794
vt 0.04316425 0.01904997
vt 0.03681779 0.01904997
vt 0.04315257 0.01847794
vt -0.005010063 0.03563293
vt -0.011314 0.0350609
vt -0.005029215 0.0350609
vt -0.01133316 0.03563293
vt -0.01374299 0.04591149
vt -0.02000163 0.04533947
vt -0.01376914 0.04533947
vt -0.02002778 0.04591149
vt -0.02196985 0.05352073
vt -0.02816984 0.05294871
vt -0.02200236 0.05294871
vt -0.02820235 0.05352073
vt -0.02944085 0.05790513
vt -0.03557028 0.0573331
vt -0.0294789 0.0573331
vt -0.03560833 0.05790513
vt -0.04202052 0.05881056
vt -0.03597182 0.05823853
vt -0.03592915 0.05881056
vt -0.04197785 0.05823853
vt -0.04724387 0.05630531
vt -0.04128407 0.05573328
vt -0.04123783 0.05630531
vt -0.04719763 0.05573328
vt -0.05120832 0.04571001
vt -0.04515961 0.04513798
vt -0.04511694 0.04571001
vt -0.05116565 0.04513798
vt -0.05370476 0.03489332
vt -0.04757533 0.0343213
vt -0.04753727 0.03489332
vt -0.0536667 0.0343213
vt -0.05465755 0.0247886
vt -0.04845756 0.02421657
vt -0.04842506 0.0247886
vt -0.05462505 0.02421657
vt -0.04775314 0.01619442
vt -0.05401178 0.01562239
vt -0.04777929 0.01562239
vt -0.05403793 0.01619442
vt -0.04554179 0.009694293
vt -0.05184573 0.009122267
vt -0.04556094 0.009122267
vt -0.05186488 0.009694293
vt 0.03059324 0.03049905
vt 0.03689718 0.03107107
vt 0.03057409 0.03107107
vt 0.03687803 0.03049905
vt 0.0295976 0.03251426
vt 0.02329366 0.03308629
vt 0.02331281 0.03251426
vt 0.02961675 0.03308629
vt 0.02151334 0.03401506
vt 0.0152094 0.03458709
vt 0.01522855 0.03401506
vt 0.02153249 0.03458709
vt 0.01287089 0.03495585
vt 0.00656695 0.03552787
vt 0.006586102 0.03495585
vt 0.01289004 0.03552787
vt 0.003932847 0.03530803
vt -0.002371094 0.03588005
vt -0.002351942 0.03530803
vt 0.003951999 0.03588005
vt -0.04186976 0.006556014
vt -0.0481737 0.005983988
vt -0.04188891 0.005983988
vt -0.04819285 0.006556014
vt -0.03682947 0.003709427
vt -0.04313342 0.003137401
vt -0.03684863 0.003137401
vt -0.04315257 0.003709427
vt -0.03689718 0.001241025
vt -0.03635234 0.0006689987
vt -0.03635234 0.001241025
vt -0.03687803 0.0006689987
vt -0.03059324 0.0006689987
vt -0.03057409 0.001241025
vt -0.02961675 -0.0007741922
vt -0.02331281 -0.001346218
vt -0.02329366 -0.0007741922
vt -0.0295976 -0.001346218
vt -0.02153249 -0.002274992
vt -0.01522855 -0.002847018
vt -0.0152094 -0.002274992
vt -0.02151334 -0.002847018
vt -0.01289004 -0.003215775
vt -0.006586102 -0.003787801
vt -0.00656695 -0.003215775
vt -0.01287089 -0.003787801
vt -0.003951999 -0.003567954
vt 0.002351942 -0.00413998
vt 0.002371094 -0.003567954
vt -0.003932847 -0.00413998
vt 0.01133316 -0.003320829
vt 0.005029215 -0.003892855
vt 0.011314 -0.003892855
vt 0.005010063 -0.003320829
vt 0.02004693 -0.00248191
vt 0.01374299 -0.003053936
vt 0.02002778 -0.003053936
vt 0.01372384 -0.00248191
vt 0.02824765 -0.001076685
vt 0.0219437 -0.001648711
vt 0.02822849 -0.001648711
vt 0.02192455 -0.001076685
vt 0.03568614 0.0008521473
vt 0.02938219 0.0002801212
vt 0.03566698 0.0002801212
vt 0.02936304 0.0008521473
vt 0.04213638 0.003245981
vt 0.03583244 0.002673955
vt 0.04211723 0.002673955
vt 0.03581329 0.003245981
vt 0.0474024 0.006032081
vt 0.04109846 0.005460055
vt 0.04738325 0.005460055
vt 0.0410793 0.006032081
vt 0.05132418 0.009125792
vt 0.04502024 0.008553766
vt 0.05130503 0.008553766
vt 0.04500108 0.009125792
vt 0.05378256 0.01243311
vt 0.04747862 0.01186109
vt 0.05376341 0.01186109
vt 0.04745947 0.01243311
vt 0.05470285 0.01585356
vt 0.04839891 0.01528153
vt 0.0546837 0.01528153
vt 0.04837976 0.01585356
vt 0.04775314 0.01871116
vt 0.05405708 0.01928319
vt 0.04773399 0.01928319
vt 0.05403793 0.01871116
vt 0.04556094 0.02204578
vt 0.05186488 0.0226178
vt 0.04554179 0.0226178
vt 0.05184573 0.02204578
vt 0.04188891 0.02518406
vt 0.04819285 0.02575608
vt 0.04186976 0.02575608
vt 0.0481737 0.02518406
vt 0.03684863 0.02803064
vt 0.04315257 0.02860267
vt 0.03682947 0.02860267
vt 0.04313342 0.02803064
vt -0.005029215 0.04705691
vt -0.01128786 0.04648489
vt -0.005055364 0.04648489
vt -0.011314 0.04705691
vt -0.01376914 0.05590552
vt -0.01996913 0.0553335
vt -0.01380164 0.0553335
vt -0.02000163 0.05590552
vt -0.02200236 0.06173779
vt -0.02813179 0.06116576
vt -0.02204041 0.06116576
vt -0.02816984 0.06173779
vt -0.0294789 0.06414415
vt -0.03552761 0.06357213
vt -0.02952157 0.06357213
vt -0.03557028 0.06414415
vt -0.04197785 0.06303155
vt -0.03601805 0.06245952
vt -0.03597182 0.06303155
vt -0.04193162 0.06245952
vt -0.04719763 0.05862827
vt -0.04133273 0.05805624
vt -0.04128407 0.05862827
vt -0.04714897 0.05805624
vt -0.05116565 0.04883643
vt -0.04520585 0.0482644
vt -0.04515961 0.04883643
vt -0.05111941 0.0482644
vt -0.0536667 0.03834111
vt -0.047618 0.03776908
vt -0.04757533 0.03834111
vt -0.05362403 0.03776908
vt -0.05462505 0.02809678
vt -0.04849561 0.02752476
vt -0.04845756 0.02809678
vt -0.05458699 0.02752476
vt -0.05401178 0.0189682
vt -0.04781179 0.01839618
vt -0.04777929 0.0189682
vt -0.05397928 0.01839618
vt -0.04556094 0.01164148
vt -0.05181958 0.01106946
vt -0.04558709 0.01106946
vt -0.05184573 0.01164148
vt 0.03061939 0.04025634
vt 0.03687803 0.04082837
vt 0.03059324 0.04082837
vt 0.03685188 0.04025634
vt 0.02957145 0.04300783
vt 0.02331281 0.04357985
vt 0.02333896 0.04300783
vt 0.0295976 0.04357985
vt 0.02148719 0.04505695
vt 0.01522855 0.04562898
vt 0.0152547 0.04505695
vt 0.02151334 0.04562898
vt 0.01284474 0.04634145
vt 0.006586102 0.04691348
vt 0.006612251 0.04634145
vt 0.01287089 0.04691348
vt 0.003906698 0.0468223
vt -0.002351942 0.04739433
vt -0.002325794 0.0468223
vt 0.003932847 0.04739433
vt -0.04188891 0.007356619
vt -0.04814755 0.006784593
vt -0.04191506 0.006784593
vt -0.0481737 0.007356619
vt -0.03684863 0.003470019
vt -0.04310727 0.002897993
vt -0.03687478 0.002897993
vt -0.04313342 0.003470019
vt -0.03687803 0.0000997744
vt -0.03635234 -0.0004722517
vt -0.03635234 0.0000997744
vt -0.03685188 -0.0004722517
vt -0.03061939 -0.0004722517
vt -0.03059324 0.0000997744
vt -0.0295976 -0.002651711
vt -0.02333896 -0.003223737
vt -0.02331281 -0.002651711
vt -0.02957145 -0.003223737
vt -0.02151334 -0.004700836
vt -0.0152547 -0.005272862
vt -0.01522855 -0.004700836
vt -0.02148719 -0.005272862
vt -0.01287089 -0.005985337
vt -0.006612251 -0.006557363
vt -0.006586102 -0.005985337
vt -0.01284474 -0.006557363
vt -0.003932847 -0.006466187
vt 0.002325794 -0.007038213
vt 0.002351942 -0.006466187
vt -0.003906698 -0.007038213
vt 0.011314 -0.006128774
vt 0.005055364 -0.0067008
vt 0.01128786 -0.0067008
vt 0.005029215 -0.006128774
vt 0.02002778 -0.004983351
vt 0.01376914 -0.005555377
vt 0.02000163 -0.005555377
vt 0.01374299 -0.004983351
vt 0.02822849 -0.003064721
vt 0.02196985 -0.003636748
vt 0.02820235 -0.003636748
vt 0.0219437 -0.003064721
vt 0.03566698 -0.0004311813
vt 0.02940834 -0.001003207
vt 0.03564084 -0.001003207
vt 0.02938219 -0.0004311813
vt 0.04211723 0.002837251
vt 0.03585859 0.002265224
vt 0.04209108 0.002265224
vt 0.03583244 0.002837251
vt 0.04738325 0.006641264
vt 0.04112461 0.006069238
vt 0.0473571 0.006069238
vt 0.04109846 0.006641264
vt 0.05130503 0.01086528
vt 0.04504639 0.01029325
vt 0.05127888 0.01029325
vt 0.04502024 0.01086528
vt 0.05376341 0.01538094
vt 0.04750477 0.01480892
vt 0.05373726 0.01480892
vt 0.04747862 0.01538094
vt 0.0546837 0.02005106
vt 0.04842506 0.01947903
vt 0.05465755 0.01947903
vt 0.04839891 0.02005106
vt 0.04777929 0.0241617
vt 0.05403793 0.02473372
vt 0.04775314 0.02473372
vt 0.05401178 0.0241617
vt 0.04558709 0.02871463
vt 0.05184573 0.02928666
vt 0.04556094 0.02928666
vt 0.05181958 0.02871463
vt 0.04191506 0.03299949
vt 0.0481737 0.03357152
vt 0.04188891 0.03357152
vt 0.04814755 0.03299949
vt 0.03687478 0.0368861
vt 0.04313342 0.03745812
vt 0.03684863 0.03745812
vt 0.04310727 0.0368861
vt -0.005055364 0.05732925
vt -0.01125535 0.05675722
vt -0.005087866 0.05675722
vt -0.01128786 0.05732925
vt -0.01380164 0.06453002
vt -0.01993107 0.063958
vt -0.01383969 0.063958
vt -0.01996913 0.06453002
vt -0.02204041 0.0684417
vt -0.02808912 0.06786967
vt -0.02208308 0.06786967
vt -0.02813179 0.0684417
vt -0.02952157 0.06881077
vt -0.03548137 0.06823875
vt -0.02956781 0.06823875
vt -0.03552761 0.06881077
vt -0.04193162 0.06570754
vt -0.03606672 0.06513551
vt -0.03601805 0.06570754
vt -0.04188295 0.06513551
vt -0.04714897 0.05951465
vt -0.04138262 0.05894262
vt -0.04133273 0.05951465
vt -0.04709908 0.05894262
vt -0.05111941 0.05076738
vt -0.04525451 0.05019535
vt -0.04520585 0.05076738
vt -0.05107075 0.05019535
vt -0.05362403 0.04085185
vt -0.04766423 0.04027982
vt -0.047618 0.04085185
vt -0.0535778 0.04027982
vt -0.05458699 0.03072017
vt -0.04853829 0.03014815
vt -0.04849561 0.03072017
vt -0.05454432 0.03014815
vt -0.05397928 0.02128198
vt -0.04784985 0.02070995
vt -0.04781179 0.02128198
vt -0.05394122 0.02070995
vt -0.04558709 0.01330906
vt -0.05178708 0.01273704
vt -0.04561959 0.01273704
vt -0.05181958 0.01330906
vt 0.03065189 0.04901535
vt 0.03685188 0.04958737
vt 0.03061939 0.04958737
vt 0.03681938 0.04901535
vt 0.02953895 0.05243535
vt 0.02333896 0.05300738
vt 0.02337146 0.05243535
vt 0.02957145 0.05300738
vt 0.02145469 0.05498234
vt 0.0152547 0.05555437
vt 0.0152872 0.05498234
vt 0.02148719 0.05555437
vt 0.01284474 0.05715096
vt 0.006644753 0.05657893
vt 0.01281224 0.05657893
vt 0.006612251 0.05715096
vt 0.003906698 0.05774864
vt -0.002293291 0.05717661
vt 0.003874196 0.05717661
vt -0.002325794 0.05774864
vt -0.04191506 0.007983122
vt -0.04811505 0.007411096
vt -0.04194756 0.007411096
vt -0.04814755 0.007983122
vt -0.03687478 0.00315221
vt -0.04307477 0.002580184
vt -0.03690728 0.002580184
vt -0.04310727 0.00315221
vt -0.03685188 -0.00103689
vt -0.03635234 -0.001608916
vt -0.03635234 -0.00103689
vt -0.03681938 -0.001608916
vt -0.03065189 -0.001608916
vt -0.03061939 -0.00103689
vt -0.02957145 -0.004456894
vt -0.02337146 -0.00502892
vt -0.02333896 -0.004456894
vt -0.02953895 -0.00502892
vt -0.02148719 -0.007003886
vt -0.0152872 -0.007575912
vt -0.0152547 -0.007003886
vt -0.02145469 -0.007575912
vt -0.01281224 -0.009172504
vt -0.006612251 -0.008600478
vt -0.01284474 -0.008600478
vt -0.006644753 -0.009172504
vt -0.003874196 -0.009770184
vt 0.002325794 -0.009198158
vt -0.003906698 -0.009198158
vt 0.002293291 -0.009770184
vt 0.005087866 -0.009350791
vt 0.01128786 -0.008778765
vt 0.005055364 -0.008778765
vt 0.01125535 -0.009350791
vt 0.02000163 -0.007355043
vt 0.01380164 -0.00792707
vt 0.01996913 -0.00792707
vt 0.01376914 -0.007355043
vt 0.02820235 -0.004970252
vt 0.02200236 -0.005542278
vt 0.02816984 -0.005542278
vt 0.02196985 -0.004970252
vt 0.03564084 -0.00169685
vt 0.02944085 -0.002268876
vt 0.03560833 -0.002268876
vt 0.02940834 -0.00169685
vt 0.04209108 0.0023657
vt 0.03589109 0.001793674
vt 0.04205858 0.001793674
vt 0.03585859 0.0023657
vt 0.0473571 0.007093961
vt 0.04115711 0.006521935
vt 0.0473246 0.006521935
vt 0.04112461 0.007093961
vt 0.05127888 0.01234427
vt 0.04507889 0.01177224
vt 0.05124637 0.01177224
vt 0.04504639 0.01234427
vt 0.05370476 0.01738506
vt 0.04750477 0.01795709
vt 0.04753727 0.01738506
vt 0.05373726 0.01795709
vt 0.05462505 0.02318986
vt 0.04842506 0.02376188
vt 0.04845756 0.02318986
vt 0.05465755 0.02376188
vt 0.05397928 0.02901025
vt 0.04777929 0.02958228
vt 0.04781179 0.02901025
vt 0.05401178 0.02958228
vt 0.04561959 0.03466939
vt 0.05181958 0.03524142
vt 0.04558709 0.03524142
vt 0.05178708 0.03466939
vt 0.04194756 0.03999533
vt 0.04814755 0.04056736
vt 0.04191506 0.04056736
vt 0.04811505 0.03999533
vt 0.03690728 0.04482625
vt 0.04310727 0.04539827
vt 0.03687478 0.04539827
vt 0.04307477 0.04482625
vt -0.005087866 0.06619699
vt -0.0112173 0.06562496
vt -0.005125921 0.06562496
vt -0.01125535 0.06619699
vt -0.01383969 0.07157262
vt -0.0198884 0.07100059
vt -0.01388236 0.07100059
vt -0.01993107 0.07157262
vt -0.02208308 0.07346739
vt -0.02804288 0.07289536
vt -0.02212932 0.07289536
vt -0.02808912 0.07346739
vt -0.02956781 0.07179009
vt -0.03543271 0.07121807
vt -0.02961647 0.07121807
vt -0.03548137 0.07179009
vt -0.04188295 0.06677263
vt -0.03611661 0.06620061
vt -0.03606672 0.06677263
vt -0.04183306 0.06620061
vt -0.004244361 0.04263877
vt -0.00367623 0.03671148
vt -0.003658872 0.03695238
vt -0.00406971 0.03125071
vt -0.005464391 0.025707
vt -0.005808386 0.0481371
vt -0.007800539 0.02048969
vt -0.008303425 0.05328031
vt -0.01100717 0.01575732
vt -0.01165367 0.05791213
vt -0.01498685 0.01165367
vt -0.01575732 0.06189181
vt -0.01961867 0.008303425
vt -0.02048969 0.06509844
vt -0.02476188 0.005808386
vt -0.025707 0.06743459
vt -0.03026021 0.004244361
vt -0.03125071 0.06882927
vt -0.0359466 0.003658872
vt -0.03695238 0.06924011
vt -0.04164828 0.00406971
vt -0.04263877 0.06865462
vt -0.04719198 0.005464391
vt -0.0481371 0.0670906
vt -0.05240929 0.007800539
vt -0.05328031 0.06459556
vt -0.05714166 0.01100717
vt -0.05791213 0.06124531
vt -0.06124531 0.01498685
vt -0.06189181 0.05714166
vt -0.06459556 0.01961867
vt -0.06509844 0.05240929
vt -0.0670906 0.02476188
vt -0.06743459 0.04719198
vt -0.06865462 0.03026021
vt -0.06882927 0.04164828
vt -0.06924011 0.0359466
vt -0.05107075 0.05145531
vt -0.0453044 0.05088329
vt -0.04525451 0.05145531
vt -0.05102086 0.05088329
vt -0.0535778 0.04236372
vt -0.0477129 0.0417917
vt -0.04766423 0.04236372
vt -0.05352913 0.0417917
vt -0.05454432 0.03259417
vt -0.04858452 0.03202215
vt -0.04853829 0.03259417
vt -0.05449808 0.03202215
vt -0.05394122 0.02307876
vt -0.04789252 0.02250673
vt -0.04784985 0.02307876
vt -0.05389855 0.02250673
vt -0.05178708 0.01465597
vt -0.04565764 0.01408395
vt -0.04561959 0.01465597
vt -0.05174902 0.01408395
vt 0.03681938 0.05713241
vt 0.03068994 0.05656039
vt 0.03678132 0.05656039
vt 0.03065189 0.05713241
vt 0.02953895 0.06113672
vt 0.02340951 0.0605647
vt 0.02950089 0.0605647
vt 0.02337146 0.06113672
vt 0.02145469 0.06411887
vt 0.01532526 0.06354684
vt 0.02141663 0.06354684
vt 0.0152872 0.06411887
vt 0.01281224 0.06598824
vt 0.006682808 0.06541621
vt 0.01277419 0.06541621
vt 0.006644753 0.06598824
vt 0.003874196 0.06668803
vt -0.002255236 0.066116
vt 0.003836141 0.066116
vt -0.002293291 0.06668803
vt -0.04811505 0.008420097
vt -0.04198561 0.007848071
vt -0.04194756 0.008420097
vt -0.04807699 0.007848071
vt -0.04307477 0.002763825
vt -0.03694533 0.002191799
vt -0.03690728 0.002763825
vt -0.04303671 0.002191799
vt -0.03678132 -0.002713007
vt -0.03635234 -0.00214098
vt -0.03681938 -0.00214098
vt -0.03635234 -0.002713007
vt -0.03065189 -0.00214098
vt -0.03068994 -0.002713007
vt -0.02950089 -0.006717316
vt -0.02337146 -0.00614529
vt -0.02953895 -0.00614529
vt -0.02340951 -0.006717316
vt -0.02141663 -0.009699461
vt -0.0152872 -0.009127435
vt -0.02145469 -0.009127435
vt -0.01532526 -0.009699461
vt -0.01277419 -0.01156883
vt -0.006644753 -0.0109968
vt -0.01281224 -0.0109968
vt -0.006682808 -0.01156883
vt -0.003836141 -0.01226862
vt 0.002293291 -0.0116966
vt -0.003874196 -0.0116966
vt 0.002255236 -0.01226862
vt 0.005125921 -0.01177758
vt 0.01125535 -0.01120555
vt 0.005087866 -0.01120555
vt 0.0112173 -0.01177758
vt 0.01383969 -0.01011061
vt 0.01996913 -0.009538587
vt 0.01380164 -0.009538587
vt 0.01993107 -0.01011061
vt 0.02204041 -0.007318381
vt 0.02816984 -0.006746355
vt 0.02200236 -0.006746355
vt 0.02813179 -0.007318381
vt 0.0294789 -0.00348572
vt 0.03560833 -0.002913694
vt 0.02944085 -0.002913694
vt 0.03557028 -0.00348572
vt 0.03592915 0.001270915
vt 0.04205858 0.001842941
vt 0.03589109 0.001842941
vt 0.04202052 0.001270915
vt 0.04728654 0.006806997
vt 0.04115711 0.007379023
vt 0.04119516 0.006806997
vt 0.0473246 0.007379023
vt 0.05120832 0.01295431
vt 0.04507889 0.01352634
vt 0.04511694 0.01295431
vt 0.05124637 0.01352634
vt 0.0536667 0.01952608
vt 0.04753727 0.02009811
vt 0.04757533 0.01952608
vt 0.05370476 0.02009811
vt 0.05458699 0.02632263
vt 0.04845756 0.02689465
vt 0.04849561 0.02632263
vt 0.05462505 0.02689465
vt 0.05394122 0.03313743
vt 0.04781179 0.03370946
vt 0.04784985 0.03313743
vt 0.05397928 0.03370946
vt 0.05174902 0.03976344
vt 0.04561959 0.04033546
vt 0.04565764 0.03976344
vt 0.05178708 0.04033546
vt 0.04807699 0.04599931
vt 0.04194756 0.04657134
vt 0.04198561 0.04599931
vt 0.04811505 0.04657134
vt 0.04303671 0.05165558
vt 0.03690728 0.05222761
vt 0.03694533 0.05165558
vt 0.04307477 0.05222761
vt -0.005125921 0.07344178
vt -0.01117463 0.07286975
vt -0.005168592 0.07286975
vt -0.0112173 0.07344178
vt -0.01388236 0.0768599
vt -0.01984216 0.07628787
vt -0.0139286 0.07628787
vt -0.0198884 0.0768599
vt -0.02212932 0.07669111
vt -0.02799422 0.07611908
vt -0.02217798 0.07611908
vt -0.02804288 0.07669111
vt -0.02961647 0.07300874
vt -0.03538282 0.07243671
vt -0.02966636 0.07243671
vt -0.03543271 0.07300874
vt 0.03664375 0.07199569
vt 0.03087741 0.07142366
vt 0.03659386 0.07142366
vt 0.03082751 0.07199569
vt 0.04284925 0.0649933
vt 0.0370829 0.06556532
vt 0.03713279 0.0649933
vt 0.04289914 0.06556532
vt 0.04788953 0.05757774
vt 0.04212319 0.05814977
vt 0.04217308 0.05757774
vt 0.04793942 0.05814977
vt 0.05156156 0.0494023
vt 0.04579521 0.04997433
vt 0.04584511 0.0494023
vt 0.05161145 0.04997433
vt 0.05375376 0.04071539
vt 0.04798742 0.04128742
vt 0.04803731 0.04071539
vt 0.05380365 0.04128742
vt 0.05439953 0.03178096
vt 0.04863318 0.03235298
vt 0.04868308 0.03178096
vt 0.05444942 0.03235298
vt 0.05347924 0.02287046
vt 0.0477129 0.02344249
vt 0.04776279 0.02287046
vt 0.05352913 0.02344249
vt 0.05102086 0.01425466
vt 0.04525451 0.01482668
vt 0.0453044 0.01425466
vt 0.05107075 0.01482668
vt 0.04709908 0.006195321
vt 0.04133273 0.006767347
vt 0.04138262 0.006195321
vt 0.04714897 0.006767347
vt 0.03611661 -0.001062665
vt 0.04188295 -0.000490639
vt 0.03606672 -0.000490639
vt 0.04183306 -0.001062665
vt 0.02966636 -0.007298771
vt 0.03543271 -0.006726745
vt 0.02961647 -0.006726745
vt 0.03538282 -0.007298771
vt 0.02222787 -0.01232352
vt 0.02799422 -0.01175149
vt 0.02217798 -0.01175149
vt 0.02794433 -0.01232352
vt 0.01402715 -0.01598422
vt 0.0197935 -0.0154122
vt 0.01397726 -0.0154122
vt 0.01974361 -0.01598422
vt 0.005313383 -0.01816967
vt 0.01107973 -0.01759764
vt 0.005263491 -0.01759764
vt 0.01102984 -0.01816967
vt -0.003648679 -0.01881345
vt 0.002117666 -0.01824142
vt -0.003698571 -0.01824142
vt 0.002067774 -0.01881345
vt -0.01258672 -0.01789599
vt -0.006820379 -0.01732397
vt -0.01263662 -0.01732397
vt -0.00687027 -0.01789599
vt -0.02122917 -0.01544519
vt -0.01546283 -0.01487316
vt -0.02127906 -0.01487316
vt -0.01551272 -0.01544519
vt -0.02931343 -0.0115355
vt -0.02354708 -0.01096347
vt -0.02936332 -0.01096347
vt -0.02359698 -0.0115355
vt -0.03635234 -0.006285718
vt -0.03082751 -0.005713691
vt -0.03635234 -0.005713691
vt -0.03087741 -0.006285718
vt -0.03659386 -0.006285718
vt -0.03664375 -0.005713691
vt -0.04289914 0.000716671
vt -0.03713279 0.0001446449
vt -0.0370829 0.000716671
vt -0.04284925 0.0001446449
vt -0.04793942 0.00813223
vt -0.04217308 0.007560204
vt -0.04212319 0.00813223
vt -0.04788953 0.007560204
vt -0.05161145 0.01630767
vt -0.04584511 0.01573564
vt -0.04579521 0.01630767
vt -0.05156156 0.01573564
vt -0.05380365 0.02499458
vt -0.04803731 0.02442255
vt -0.04798742 0.02499458
vt -0.05375376 0.02442255
vt -0.05444942 0.03392901
vt -0.04868308 0.03335699
vt -0.04863318 0.03392901
vt -0.05439953 0.03335699
vt -0.05352913 0.0428395
vt -0.04776279 0.04226748
vt -0.0477129 0.0428395
vt -0.05347924 0.04226748
vt -0.02217798 0.07803348
vt -0.02794433 0.07746146
vt -0.02222787 0.07746146
vt -0.02799422 0.07803348
vt -0.01397726 0.08169419
vt -0.01974361 0.08112217
vt -0.01402715 0.08112217
vt -0.0197935 0.08169419
vt -0.005263491 0.08387964
vt -0.01102984 0.08330761
vt -0.005313383 0.08330761
vt -0.01107973 0.08387964
vt 0.003698571 0.08452342
vt -0.002067774 0.08395139
vt 0.003648679 0.08395139
vt -0.002117666 0.08452342
vt 0.01263662 0.08360596
vt 0.00687027 0.08303394
vt 0.01258672 0.08303394
vt 0.006820379 0.08360596
vt 0.02127906 0.08115516
vt 0.01551272 0.08058313
vt 0.02122917 0.08058313
vt 0.01546283 0.08115516
vt 0.02936332 0.07724547
vt 0.02359698 0.07667344
vt 0.02931343 0.07667344
vt 0.02354708 0.07724547
vt -0.05449808 0.03367264
vt -0.04863318 0.03310061
vt -0.04858452 0.03367264
vt -0.05444942 0.03310061
vt -0.05389855 0.02431431
vt -0.04793875 0.02374228
vt -0.04789252 0.02431431
vt -0.05385232 0.02374228
vt -0.05174902 0.01564905
vt -0.04570031 0.01507702
vt -0.04565764 0.01564905
vt -0.05170635 0.01507702
vt 0.03678132 0.06327771
vt 0.03073261 0.06270568
vt 0.03673865 0.06270568
vt 0.03068994 0.06327771
vt 0.02950089 0.06776773
vt 0.02345219 0.0671957
vt 0.02945822 0.0671957
vt 0.02340951 0.06776773
vt 0.02141663 0.07111159
vt 0.01536793 0.07053957
vt 0.02137396 0.07053957
vt 0.01532526 0.07111159
vt 0.01277419 0.07320771
vt 0.006725479 0.07263568
vt 0.01273151 0.07263568
vt 0.006682808 0.07320771
vt 0.003836141 0.07399238
vt -0.002212565 0.07342036
vt 0.00379347 0.07342036
vt -0.002255236 0.07399238
vt -0.04807699 0.008656784
vt -0.04202829 0.008084758
vt -0.04198561 0.008656784
vt -0.04803432 0.008084758
vt -0.04303671 0.002314429
vt -0.036988 0.001742403
vt -0.03694533 0.002314429
vt -0.04299404 0.001742403
vt -0.03673865 -0.003757336
vt -0.03635234 -0.00318531
vt -0.03678132 -0.00318531
vt -0.03635234 -0.003757336
vt -0.03068994 -0.00318531
vt -0.03073261 -0.003757336
vt -0.02945822 -0.008247353
vt -0.02340951 -0.007675327
vt -0.02950089 -0.007675327
vt -0.02345219 -0.008247353
vt -0.02137396 -0.01159122
vt -0.01532526 -0.01101919
vt -0.02141663 -0.01101919
vt -0.01536793 -0.01159122
vt -0.01273151 -0.01368734
vt -0.006682808 -0.01311531
vt -0.01277419 -0.01311531
vt -0.006725479 -0.01368734
vt -0.00379347 -0.01447201
vt 0.002255236 -0.01389998
vt -0.003836141 -0.01389998
vt 0.002212565 -0.01447201
vt 0.005168592 -0.0139214
vt 0.0112173 -0.01334938
vt 0.005125921 -0.01334938
vt 0.01117463 -0.0139214
vt 0.01388236 -0.01205224
vt 0.01993107 -0.01148022
vt 0.01383969 -0.01148022
vt 0.0198884 -0.01205224
vt 0.02208308 -0.008921324
vt 0.02813179 -0.008349298
vt 0.02204041 -0.008349298
vt 0.02808912 -0.008921324
vt 0.02952157 -0.004623777
vt 0.03557028 -0.004051751
vt 0.0294789 -0.004051751
vt 0.03552761 -0.004623777
vt 0.03597182 0.0007098189
vt 0.04202052 0.001281845
vt 0.03592915 0.001281845
vt 0.04197785 0.0007098189
vt 0.04724387 0.006917405
vt 0.04119516 0.007489431
vt 0.04123783 0.006917405
vt 0.04728654 0.007489431
vt 0.05116565 0.01381037
vt 0.04511694 0.01438239
vt 0.04515961 0.01381037
vt 0.05120832 0.01438239
vt 0.05362403 0.02117927
vt 0.04757533 0.02175129
vt 0.047618 0.02117927
vt 0.0536667 0.02175129
vt 0.05454432 0.0288002
vt 0.04849561 0.02937223
vt 0.04853829 0.0288002
vt 0.05458699 0.02937223
vt 0.05389855 0.03644162
vt 0.04784985 0.03701364
vt 0.04789252 0.03644162
vt 0.05394122 0.03701364
vt 0.05170635 0.04387133
vt 0.04565764 0.04444335
vt 0.04570031 0.04387133
vt 0.05174902 0.04444335
vt 0.04803432 0.05086359
vt 0.04198561 0.05143562
vt 0.04202829 0.05086359
vt 0.04807699 0.05143562
vt 0.04299404 0.05720595
vt 0.03694533 0.05777797
vt 0.036988 0.05720595
vt 0.04303671 0.05777797
vt -0.005168592 0.07888523
vt -0.01112839 0.07831321
vt -0.005214828 0.07831321
vt -0.01117463 0.07888523
vt -0.0139286 0.08026168
vt -0.0197935 0.07968965
vt -0.01397726 0.07968965
vt -0.01984216 0.08026168
vt 0.03669241 0.07080198
vt 0.03082751 0.07022996
vt 0.03664375 0.07022996
vt 0.03077885 0.07080198
vt 0.04289914 0.06395793
vt 0.03703424 0.06452996
vt 0.0370829 0.06395793
vt 0.0429478 0.06452996
vt 0.04793942 0.05672497
vt 0.04207452 0.05729699
vt 0.04212319 0.05672497
vt 0.04798808 0.05729699
vt 0.05161145 0.04875084
vt 0.04574655 0.04932286
vt 0.04579521 0.04875084
vt 0.05166011 0.04932286
vt 0.05380365 0.04027783
vt 0.04793875 0.04084985
vt 0.04798742 0.04027783
vt 0.05385232 0.04084985
vt 0.05444942 0.03156339
vt 0.04858452 0.03213541
vt 0.04863318 0.03156339
vt 0.05449808 0.03213541
vt 0.05352913 0.0228723
vt 0.04766423 0.02344433
vt 0.0477129 0.0228723
vt 0.0535778 0.02344433
vt 0.05107075 0.01446864
vt 0.04520585 0.01504067
vt 0.04525451 0.01446864
vt 0.05111941 0.01504067
vt 0.04714897 0.006607755
vt 0.04128407 0.007179781
vt 0.04133273 0.006607755
vt 0.04719763 0.007179781
vt 0.03606672 -0.0004715152
vt 0.04193162 0.0001005108
vt 0.03601805 0.0001005108
vt 0.04188295 -0.0004715152
vt 0.02961647 -0.006554067
vt 0.03548137 -0.005982041
vt 0.02956781 -0.005982041
vt 0.03543271 -0.006554067
vt 0.02217798 -0.01145509
vt 0.02804288 -0.01088306
vt 0.02212932 -0.01088306
vt 0.02799422 -0.01145509
vt 0.01397726 -0.01502566
vt 0.01984216 -0.01445363
vt 0.0139286 -0.01445363
vt 0.0197935 -0.01502566
vt 0.005263491 -0.01715729
vt 0.01112839 -0.01658526
vt 0.005214828 -0.01658526
vt 0.01107973 -0.01715729
vt -0.003698571 -0.01778521
vt 0.002166329 -0.01721319
vt -0.003747234 -0.01721319
vt 0.002117666 -0.01778521
vt -0.01263662 -0.01689035
vt -0.006771716 -0.01631833
vt -0.01268528 -0.01631833
vt -0.006820379 -0.01689035
vt -0.02127906 -0.01449989
vt -0.01541416 -0.01392787
vt -0.02132773 -0.01392787
vt -0.01546283 -0.01449989
vt -0.02936332 -0.01068647
vt -0.02349842 -0.01011445
vt -0.02941198 -0.01011445
vt -0.02354708 -0.01068647
vt -0.03635234 -0.005565959
vt -0.03077885 -0.004993933
vt -0.03635234 -0.004993933
vt -0.03082751 -0.005565959
vt -0.03664375 -0.005565959
vt -0.03669241 -0.004993933
vt -0.0429478 0.001278093
vt -0.0370829 0.0007060667
vt -0.03703424 0.001278093
vt -0.04289914 0.0007060667
vt -0.04798808 0.008511056
vt -0.04212319 0.00793903
vt -0.04207452 0.008511056
vt -0.04793942 0.00793903
vt -0.05166011 0.01648519
vt -0.04579521 0.01591316
vt -0.04574655 0.01648519
vt -0.05161145 0.01591316
vt -0.05385232 0.0249582
vt -0.04798742 0.02438617
vt -0.04793875 0.0249582
vt -0.05380365 0.02438617
vt -0.005214828 0.08239331
vt -0.01107973 0.08182129
vt -0.005263491 0.08182129
vt -0.01112839 0.08239331
vt 0.003747234 0.08302124
vt -0.002117666 0.08244921
vt 0.003698571 0.08244921
vt -0.002166329 0.08302124
vt 0.01268528 0.08212638
vt 0.006820379 0.08155435
vt 0.01263662 0.08155435
vt 0.006771716 0.08212638
vt 0.02132773 0.07973592
vt 0.01546283 0.07916389
vt 0.02127906 0.07916389
vt 0.01541416 0.07973592
vt 0.02941198 0.0759225
vt 0.02354708 0.07535047
vt 0.02936332 0.07535047
vt 0.02349842 0.0759225
vt -0.05170635 0.01626383
vt -0.04574655 0.0156918
vt -0.04570031 0.01626383
vt -0.05166011 0.0156918
vt 0.03673865 0.06787194
vt 0.03077885 0.06729992
vt 0.03669241 0.06729992
vt 0.03073261 0.06787194
vt 0.02945822 0.07273711
vt 0.02349842 0.07216508
vt 0.02941198 0.07216508
vt 0.02345219 0.07273711
vt 0.02137396 0.07636036
vt 0.01541416 0.07578833
vt 0.02132773 0.07578833
vt 0.01536793 0.07636036
vt 0.01273151 0.07863161
vt 0.006771716 0.07805958
vt 0.01268528 0.07805958
vt 0.006725479 0.07863161
vt 0.00379347 0.07948184
vt -0.002166329 0.07890982
vt 0.003747234 0.07890982
vt -0.002212565 0.07948184
vt -0.04803432 0.008687355
vt -0.04207452 0.008115329
vt -0.04202829 0.008687355
vt -0.04798808 0.008115329
vt -0.04299404 0.001815086
vt -0.03703424 0.00124306
vt -0.036988 0.001815086
vt -0.0429478 0.00124306
vt -0.03669241 -0.00471619
vt -0.03635234 -0.004144164
vt -0.03673865 -0.004144164
vt -0.03635234 -0.00471619
vt -0.03073261 -0.004144164
vt -0.03077885 -0.00471619
vt -0.02941198 -0.009581355
vt -0.02345219 -0.009009328
vt -0.02945822 -0.009009328
vt -0.02349842 -0.009581355
vt -0.02132773 -0.01320461
vt -0.01536793 -0.01263258
vt -0.02137396 -0.01263258
vt -0.01541416 -0.01320461
vt -0.01268528 -0.01547586
vt -0.006725479 -0.01490383
vt -0.01273151 -0.01490383
vt -0.006771716 -0.01547586
vt -0.003747234 -0.01632609
vt 0.002212565 -0.01575407
vt -0.00379347 -0.01575407
vt 0.002166329 -0.01632609
vt 0.005214828 -0.01572948
vt 0.01117463 -0.01515745
vt 0.005168592 -0.01515745
vt 0.01112839 -0.01572948
vt 0.0139286 -0.01370415
vt 0.0198884 -0.01313212
vt 0.01388236 -0.01313212
vt 0.01984216 -0.01370415
vt 0.02212932 -0.01031164
vt 0.02808912 -0.009739611
vt 0.02208308 -0.009739611
vt 0.02804288 -0.01031164
vt 0.02956781 -0.005655024
vt 0.03552761 -0.005082998
vt 0.02952157 -0.005082998
vt 0.03548137 -0.005655024
vt 0.03601805 0.0001242023
vt 0.04197785 0.0006962283
vt 0.03597182 0.0006962283
vt 0.04193162 0.0001242023
vt 0.04719763 0.006850442
vt 0.04123783 0.007422468
vt 0.04128407 0.006850442
vt 0.04724387 0.007422468
vt 0.05111941 0.01431932
vt 0.04515961 0.01489135
vt 0.04520585 0.01431932
vt 0.05116565 0.01489135
vt 0.0535778 0.0223039
vt 0.047618 0.02287593
vt 0.04766423 0.0223039
vt 0.05362403 0.02287593
vt 0.05449808 0.03056158
vt 0.04853829 0.03113361
vt 0.04858452 0.03056158
vt 0.05454432 0.03113361
vt 0.05385232 0.03884145
vt 0.04789252 0.03941347
vt 0.04793875 0.03884145
vt 0.05389855 0.03941347
vt 0.05166011 0.04689192
vt 0.04570031 0.04746395
vt 0.04574655 0.04689192
vt 0.05170635 0.04746395
vt 0.04798808 0.0544684
vt 0.04202829 0.05504042
vt 0.04207452 0.0544684
vt 0.04803432 0.05504042
vt 0.0429478 0.06134066
vt 0.036988 0.06191269
vt 0.03703424 0.06134066
vt 0.04299404 0.06191269
vn -0.29468048825436305 0.9501187621293214 0.10216529592780477
vn -0.4503107995634712 0.8899397991372973 0.07230032992991246
vn -0.4309147880703742 0.8899397753625339 0.14939759586401427
vn -0.3079443928505551 0.9501187779414012 0.04944247885211003
vn 0.3079443928505551 -0.9501187779414012 -0.04944247885211003
vn 0.29468048825436305 -0.9501187621293214 -0.10216529592780477
vn 0.4503107995634712 -0.8899397991372973 -0.07230032992991246
vn 0.4309147880703742 -0.8899397753625339 -0.14939759586401427
vn -0.15125979971532114 0.9871019981422223 0.05244156990130222
vn -0.15806819985732018 0.9871019991089951 0.025378879977091824
vn 0.15806819985732018 -0.9871019991089951 -0.025378879977091824
vn 0.15125979971532114 -0.9871019981422223 -0.05244156990130222
vn -0.456024396997806 0.8899397941411644 -0.006993721953957485
vn -0.3118515955953572 0.9501187865803673 -0.004782646932449114
vn 0.3118515955953572 -0.9501187865803673 0.004782646932449114
vn 0.456024396997806 -0.8899397941411644 0.006993721953957485
vn -0.5817275758486078 0.8080033664543904 0.0934001461223369
vn -0.5566710063290794 0.808003409186607 0.19299710219428345
vn 0.5817275758486078 -0.8080033664543904 -0.0934001461223369
vn 0.5566710063290794 -0.808003409186607 -0.19299710219428345
vn -0.27246279130891526 0.9501187696928792 0.1517838951583602
vn -0.39842558997169775 0.8899397776003719 0.22195549441341916
vn 0.27246279130891526 -0.9501187696928792 -0.1517838951583602
vn 0.39842558997169775 -0.8899397776003719 -0.22195549441341916
vn -0.07384990313626641 0.9969406423381929 0.025603661087339302
vn -0.07717398328783462 0.9969406424725511 0.012390790527883468
vn 0.07717398328783462 -0.9969406424725511 -0.012390790527883468
vn 0.07384990313626641 -0.9969406423381929 -0.025603661087339302
vn -0.16007379947446856 0.9871019967592879 -0.002454936991940302
vn 0.16007379947446856 -0.9871019967592879 0.002454936991940302
vn -0.13985540067811228 0.9871020047861291 0.07791084037776373
vn 0.13985540067811228 -0.9871020047861291 -0.07791084037776373
vn -0.3062833931964885 0.9501187788948924 -0.05886245869248081
vn -0.44788190049295484 0.8899398009794997 -0.08607528009473754
vn 0.44788190049295484 -0.8899398009794997 0.08607528009473754
vn 0.3062833931964885 -0.9501187788948924 0.05886245869248081
vn -0.5891085812915853 0.8080033743401087 -0.00903473871308237
vn 0.5891085812915853 -0.8080033743401087 0.00903473871308237
vn -0.6989951025571547 0.7062653025837515 0.11222820041056779
vn -0.668887538539261 0.7062653406928561 0.23190241336151016
vn 0.6989951025571547 -0.7062653025837515 -0.11222820041056779
vn 0.668887538539261 -0.7062653406928561 -0.23190241336151016
vn -0.5147003770773764 0.8080033640148762 0.28672998723023363
vn 0.5147003770773764 -0.8080033640148762 -0.28672998723023363
vn -0.2419663936545657 0.9501187750836628 0.19679069483927333
vn -0.353830405376331 0.8899398135223284 0.2877693043725553
vn 0.2419663936545657 -0.9501187750836628 -0.19679069483927333
vn 0.353830405376331 -0.8899398135223284 -0.2877693043725553
vn 0 1 0
vn 0 -1 0
vn -0.07815317334091437 0.9969406426175059 -0.0011985800512372457
vn 0.07815317334091437 -0.9969406426175059 0.0011985800512372457
vn -0.06828192290688324 0.9969406424415412 0.03803859161937069
vn 0.06828192290688324 -0.9969406424415412 -0.03803859161937069
vn -0.1572156000981131 0.9871020006160179 -0.030214160018855667
vn 0.1572156000981131 -0.9871020006160179 0.030214160018855667
vn -0.1242016011420089 0.9871020090762057 0.10101280092879251
vn 0.1242016011420089 -0.9871020090762057 -0.10101280092879251
vn -0.2914088929527 0.9501187770227602 -0.11115379731190717
vn -0.42613079029382095 0.8899397797294281 -0.1625414962977168
vn 0.42613079029382095 -0.8899397797294281 0.1625414962977168
vn 0.2914088929527 -0.9501187770227602 0.11115379731190717
vn -0.5785897996124576 0.8080033994587953 -0.11119509992552097
vn 0.5785897996124576 -0.8080033994587953 0.11119509992552097
vn -0.7078640108185652 0.7062653107941317 -0.01085601016591669
vn 0.7078640108185652 -0.7062653107941317 0.01085601016591669
vn -0.7992301322243761 0.5871667236741341 0.12832160517383356
vn -0.7648052144605815 0.5871667111018753 0.2651570050134654
vn 0.7992301322243761 -0.5871667236741341 -0.12832160517383356
vn 0.7648052144605815 -0.5871667111018753 -0.2651570050134654
vn -0.6184562179888228 0.7062653205428959 0.3445304100212373
vn 0.6184562179888228 -0.7062653205428959 -0.3445304100212373
vn -0.45709078244618534 0.8080033689699686 0.3717506857235304
vn 0.45709078244618534 -0.8080033689699686 -0.3717506857235304
vn -0.20411809367386496 0.9501187705534208 0.23581799269140505
vn -0.2984842991447261 0.8899397974499755 0.3448394990119004
vn 0.20411809367386496 -0.9501187705534208 -0.23581799269140505
vn 0.2984842991447261 -0.8899397974499755 -0.3448394990119004
vn 0.0011985800512372457 0.9969406426175059 -0.07815317334091437
vn -0.025378879977091824 0.9871019991089951 -0.15806819985732018
vn -0.012390790527883468 0.9969406424725511 -0.07717398328783462
vn 0.002454936991940302 0.9871019967592879 -0.16007379947446856
vn -0.002454936991940302 -0.9871019967592879 0.16007379947446856
vn -0.0011985800512372457 -0.9969406426175059 0.07815317334091437
vn 0.025378879977091824 -0.9871019991089951 0.15806819985732018
vn 0.012390790527883468 -0.9969406424725511 0.07717398328783462
vn -0.05244156990130222 0.9871019981422223 -0.15125979971532114
vn -0.025603661087339302 0.9969406423381929 -0.07384990313626641
vn 0.05244156990130222 -0.9871019981422223 0.15125979971532114
vn 0.025603661087339302 -0.9969406423381929 0.07384990313626641
vn -0.07791084037776373 0.9871020047861291 -0.13985540067811228
vn -0.03803859161937069 0.9969406424415412 -0.06828192290688324
vn 0.07791084037776373 -0.9871020047861291 0.13985540067811228
vn 0.03803859161937069 -0.9969406424415412 0.06828192290688324
vn -0.10101280092879251 0.9871020090762057 -0.1242016011420089
vn -0.04931773207508085 0.9969406419470309 -0.06063924255144195
vn 0.10101280092879251 -0.9871020090762057 0.1242016011420089
vn 0.04931773207508085 -0.9969406419470309 0.06063924255144195
vn -0.12104560080136062 0.9871020065349313 -0.10477400069363743
vn -0.059098372508149734 0.9969406423104106 -0.051154062170991214
vn 0.12104560080136062 -0.9871020065349313 0.10477400069363743
vn 0.059098372508149734 -0.9969406423104106 0.051154062170991214
vn -0.1374004999156927 0.9871019993943259 -0.08216291994958581
vn -0.06708334285893168 0.9969406424872264 -0.040114591709587984
vn 0.1374004999156927 -0.9871019993943259 0.08216291994958581
vn 0.06708334285893168 -0.9969406424872264 0.040114591709587984
vn -0.14958050028369696 0.9871020018721546 -0.05705534010821214
vn -0.0730300231048442 0.9969406423845595 -0.027856261184298552
vn 0.14958050028369696 -0.9871020018721546 0.05705534010821214
vn 0.0730300231048442 -0.9969406423845595 0.027856261184298552
vn -0.0767577232566269 0.9969406422975507 -0.014751530625868373
vn 0.0767577232566269 -0.9969406422975507 0.014751530625868373
vn -0.06063924255144195 0.9969406419470309 0.04931773207508085
vn 0.06063924255144195 -0.9969406419470309 -0.04931773207508085
vn -0.051154062170991214 0.9969406423104106 0.059098372508149734
vn -0.10477400069363743 0.9871020065349313 0.12104560080136062
vn 0.051154062170991214 -0.9969406423104106 -0.059098372508149734
vn 0.10477400069363743 -0.9871020065349313 -0.12104560080136062
vn -0.040114591709587984 0.9969406424872264 0.06708334285893168
vn -0.08216291994958581 0.9871019993943259 0.1374004999156927
vn 0.040114591709587984 -0.9969406424872264 -0.06708334285893168
vn 0.08216291994958581 -0.9871019993943259 -0.1374004999156927
vn -0.027856261184298552 0.9969406423845595 0.0730300231048442
vn -0.05705534010821214 0.9871020018721546 0.14958050028369696
vn 0.027856261184298552 -0.9969406423845595 -0.0730300231048442
vn 0.05705534010821214 -0.9871020018721546 -0.14958050028369696
vn -0.014751530625868373 0.9969406422975507 0.0767577232566269
vn -0.030214160018855667 0.9871020006160179 0.1572156000981131
vn 0.014751530625868373 -0.9969406422975507 -0.0767577232566269
vn 0.030214160018855667 -0.9871020006160179 -0.1572156000981131
vn -0.0011985800512372457 0.9969406426175059 0.07815317334091437
vn -0.002454936991940302 0.9871019967592879 0.16007379947446856
vn 0.0011985800512372457 -0.9969406426175059 -0.07815317334091437
vn 0.002454936991940302 -0.9871019967592879 -0.16007379947446856
vn 0.011242850509711378 0.9876883447783225 0.1560299070738483
vn 0.0056388051917206266 0.9969173338954103 0.07825620266072823
vn -0.0056388051917206266 -0.9969173338954103 -0.07825620266072823
vn -0.011242850509711378 -0.9876883447783225 -0.1560299070738483
vn 0.025378879977091824 0.9871019991089951 0.15806819985732018
vn 0.012390790527883468 0.9969406424725511 0.07717398328783462
vn -0.012390790527883468 -0.9969406424725511 -0.07717398328783462
vn -0.025378879977091824 -0.9871019991089951 -0.15806819985732018
vn 0.05244156990130222 0.9871019981422223 0.15125979971532114
vn 0.025603661087339302 0.9969406423381929 0.07384990313626641
vn -0.025603661087339302 -0.9969406423381929 -0.07384990313626641
vn -0.05244156990130222 -0.9871019981422223 -0.15125979971532114
vn 0.07791084037776373 0.9871020047861291 0.13985540067811228
vn 0.03803859161937069 0.9969406424415412 0.06828192290688324
vn -0.03803859161937069 -0.9969406424415412 -0.06828192290688324
vn -0.07791084037776373 -0.9871020047861291 -0.13985540067811228
vn 0.10101280092879251 0.9871020090762057 0.1242016011420089
vn 0.04931773207508085 0.9969406419470309 0.06063924255144195
vn -0.04931773207508085 -0.9969406419470309 -0.06063924255144195
vn -0.10101280092879251 -0.9871020090762057 -0.1242016011420089
vn 0.12104560080136062 0.9871020065349313 0.10477400069363743
vn 0.059098372508149734 0.9969406423104106 0.051154062170991214
vn -0.059098372508149734 -0.9969406423104106 -0.051154062170991214
vn -0.12104560080136062 -0.9871020065349313 -0.10477400069363743
vn 0.1374004999156927 0.9871019993943259 0.08216291994958581
vn 0.06708334285893168 0.9969406424872264 0.040114591709587984
vn -0.06708334285893168 -0.9969406424872264 -0.040114591709587984
vn -0.1374004999156927 -0.9871019993943259 -0.08216291994958581
vn 0.14958050028369696 0.9871020018721546 0.05705534010821214
vn 0.0730300231048442 0.9969406423845595 0.027856261184298552
vn -0.0730300231048442 -0.9969406423845595 -0.027856261184298552
vn -0.14958050028369696 -0.9871020018721546 -0.05705534010821214
vn 0.1572156000981131 0.9871020006160179 0.030214160018855667
vn 0.0767577232566269 0.9969406422975507 0.014751530625868373
vn -0.0767577232566269 -0.9969406422975507 -0.014751530625868373
vn -0.1572156000981131 -0.9871020006160179 -0.030214160018855667
vn 0.16007379947446856 0.9871019967592879 0.002454936991940302
vn 0.07815317334091437 0.9969406426175059 0.0011985800512372457
vn -0.07815317334091437 -0.9969406426175059 -0.0011985800512372457
vn -0.16007379947446856 -0.9871019967592879 -0.002454936991940302
vn 0.15806819985732018 0.9871019991089951 -0.025378879977091824
vn 0.07717398328783462 0.9969406424725511 -0.012390790527883468
vn -0.07717398328783462 -0.9969406424725511 0.012390790527883468
vn -0.15806819985732018 -0.9871019991089951 0.025378879977091824
vn 0.07384990313626641 0.9969406423381929 -0.025603661087339302
vn 0.15125979971532114 0.9871019981422223 -0.05244156990130222
vn -0.15125979971532114 -0.9871019981422223 0.05244156990130222
vn -0.07384990313626641 -0.9969406423381929 0.025603661087339302
vn 0.06828192290688324 0.9969406424415412 -0.03803859161937069
vn 0.13985540067811228 0.9871020047861291 -0.07791084037776373
vn -0.13985540067811228 -0.9871020047861291 0.07791084037776373
vn -0.06828192290688324 -0.9969406424415412 0.03803859161937069
vn 0.06063924255144195 0.9969406419470309 -0.04931773207508085
vn 0.1242016011420089 0.9871020090762057 -0.10101280092879251
vn -0.1242016011420089 -0.9871020090762057 0.10101280092879251
vn -0.06063924255144195 -0.9969406419470309 0.04931773207508085
vn 0.051154062170991214 0.9969406423104106 -0.059098372508149734
vn 0.10477400069363743 0.9871020065349313 -0.12104560080136062
vn -0.10477400069363743 -0.9871020065349313 0.12104560080136062
vn -0.051154062170991214 -0.9969406423104106 0.059098372508149734
vn 0.040114591709587984 0.9969406424872264 -0.06708334285893168
vn 0.08216291994958581 0.9871019993943259 -0.1374004999156927
vn -0.08216291994958581 -0.9871019993943259 0.1374004999156927
vn -0.040114591709587984 -0.9969406424872264 0.06708334285893168
vn 0.027856261184298552 0.9969406423845595 -0.0730300231048442
vn 0.05705534010821214 0.9871020018721546 -0.14958050028369696
vn -0.05705534010821214 -0.9871020018721546 0.14958050028369696
vn -0.027856261184298552 -0.9969406423845595 0.0730300231048442
vn 0.014751530625868373 0.9969406422975507 -0.0767577232566269
vn 0.030214160018855667 0.9871020006160179 -0.1572156000981131
vn -0.030214160018855667 -0.9871020006160179 0.1572156000981131
vn -0.014751530625868373 -0.9969406422975507 0.0767577232566269
vn -0.26768009482939226 0.9501187816471544 -0.16006769690807318
vn -0.3914318941463592 0.8899397866914579 -0.23406889649963308
vn 0.3914318941463592 -0.8899397866914579 0.23406889649963308
vn 0.26768009482939226 -0.9501187816471544 0.16006769690807318
vn -0.5504908934139324 0.8080033903330556 -0.20997689748783846
vn 0.5504908934139324 -0.8080033903330556 0.20997689748783846
vn -0.6952248224184667 0.7062653227744826 -0.1336104043084486
vn 0.6952248224184667 -0.7062653227744826 0.1336104043084486
vn -0.8093708397222656 0.5871667288169423 -0.012412750609192417
vn 0.8093708397222656 -0.5871667288169423 0.012412750609192417
vn -0.8799416048904163 0.45358860252089117 0.14128040078518841
vn -0.8420402493131615 0.4535885726961142 0.29193428242693753
vn 0.8799416048904163 -0.45358860252089117 -0.14128040078518841
vn 0.8420402493131615 -0.4535885726961142 -0.29193428242693753
vn -0.7071420933119243 0.5871666944466392 0.3939356962741976
vn 0.7071420933119243 -0.5871666944466392 -0.3939356962741976
vn -0.5492334115999059 0.7062653149164473 0.4466900094341713
vn 0.5492334115999059 -0.7062653149164473 -0.4466900094341713
vn -0.3855926995786127 0.8080033991169896 0.4454758995131705
vn 0.3855926995786127 -0.8080033991169896 -0.4454758995131705
vn -0.16006769690807318 0.9501187816471544 0.26768009482939226
vn -0.23406889649963308 0.8899397866914579 0.3914318941463592
vn 0.16006769690807318 -0.9501187816471544 -0.26768009482939226
vn 0.23406889649963308 -0.8899397866914579 -0.3914318941463592
vn -0.04944247885211003 0.9501187779414012 -0.3079443928505551
vn 0.004782646932449114 0.9501187865803673 -0.3118515955953572
vn -0.004782646932449114 -0.9501187865803673 0.3118515955953572
vn 0.04944247885211003 -0.9501187779414012 0.3079443928505551
vn -0.10216529592780477 0.9501187621293214 -0.29468048825436305
vn 0.10216529592780477 -0.9501187621293214 0.29468048825436305
vn -0.1517838951583602 0.9501187696928792 -0.27246279130891526
vn 0.1517838951583602 -0.9501187696928792 0.27246279130891526
vn -0.19679069483927333 0.9501187750836628 -0.2419663936545657
vn 0.19679069483927333 -0.9501187750836628 0.2419663936545657
vn -0.23581799269140505 0.9501187705534208 -0.20411809367386496
vn 0.23581799269140505 -0.9501187705534208 0.20411809367386496
vn -0.11115379731190717 0.9501187770227602 0.2914088929527
vn 0.11115379731190717 -0.9501187770227602 -0.2914088929527
vn -0.05886245869248081 0.9501187788948924 0.3062833931964885
vn 0.05886245869248081 -0.9501187788948924 -0.3062833931964885
vn -0.004782646932449114 0.9501187865803673 0.3118515955953572
vn 0.004782646932449114 -0.9501187865803673 -0.3118515955953572
vn 0.022208850298809174 0.9510565127959983 0.3082179041469205
vn -0.022208850298809174 -0.9510565127959983 -0.3082179041469205
vn 0.04944247885211003 0.9501187779414012 0.3079443928505551
vn -0.04944247885211003 -0.9501187779414012 -0.3079443928505551
vn 0.10216529592780477 0.9501187621293214 0.29468048825436305
vn -0.10216529592780477 -0.9501187621293214 -0.29468048825436305
vn 0.1517838951583602 0.9501187696928792 0.27246279130891526
vn -0.1517838951583602 -0.9501187696928792 -0.27246279130891526
vn 0.19679069483927333 0.9501187750836628 0.2419663936545657
vn -0.19679069483927333 -0.9501187750836628 -0.2419663936545657
vn 0.23581799269140505 0.9501187705534208 0.20411809367386496
vn -0.23581799269140505 -0.9501187705534208 -0.20411809367386496
vn 0.26768009482939226 0.9501187816471544 0.16006769690807318
vn -0.26768009482939226 -0.9501187816471544 -0.16006769690807318
vn 0.2914088929527 0.9501187770227602 0.11115379731190717
vn -0.2914088929527 -0.9501187770227602 -0.11115379731190717
vn 0.3062833931964885 0.9501187788948924 0.05886245869248081
vn -0.3062833931964885 -0.9501187788948924 -0.05886245869248081
vn 0.3118515955953572 0.9501187865803673 0.004782646932449114
vn -0.3118515955953572 -0.9501187865803673 -0.004782646932449114
vn 0.3079443928505551 0.9501187779414012 -0.04944247885211003
vn -0.3079443928505551 -0.9501187779414012 0.04944247885211003
vn 0.29468048825436305 0.9501187621293214 -0.10216529592780477
vn -0.29468048825436305 -0.9501187621293214 0.10216529592780477
vn 0.27246279130891526 0.9501187696928792 -0.1517838951583602
vn -0.27246279130891526 -0.9501187696928792 0.1517838951583602
vn 0.2419663936545657 0.9501187750836628 -0.19679069483927333
vn -0.2419663936545657 -0.9501187750836628 0.19679069483927333
vn 0.20411809367386496 0.9501187705534208 -0.23581799269140505
vn -0.20411809367386496 -0.9501187705534208 0.23581799269140505
vn 0.16006769690807318 0.9501187816471544 -0.26768009482939226
vn -0.16006769690807318 -0.9501187816471544 0.26768009482939226
vn 0.11115379731190717 0.9501187770227602 -0.2914088929527
vn -0.11115379731190717 -0.9501187770227602 0.2914088929527
vn 0.05886245869248081 0.9501187788948924 -0.3062833931964885
vn -0.05886245869248081 -0.9501187788948924 0.3062833931964885
vn -0.3448394990119003 0.8899397974499753 -0.298484299144726
vn 0.3448394990119003 -0.8899397974499753 0.298484299144726
vn -0.5056655971751294 0.8080033954861375 -0.30237859831078
vn 0.5056655971751294 -0.8080033954861375 0.30237859831078
vn -0.66146160471468 0.7062653050340261 -0.25230510179834753
vn 0.66146160471468 -0.7062653050340261 0.25230510179834753
vn -0.7949192355871281 0.5871667262864158 -0.15276990683923847
vn 0.7949192355871281 -0.5871667262864158 0.15276990683923847
vn -0.8911063995069363 0.453588599749022 -0.013666269992438229
vn 0.8911063995069363 -0.453588599749022 0.013666269992438229
vn -0.9391026672866923 0.30879098924337567 0.15077899474766732
vn -0.8986530860529716 0.30879099520758696 0.3115617951645844
vn 0.9391026672866923 -0.30879098924337567 -0.15077899474766732
vn 0.8986530860529716 -0.30879099520758696 -0.3115617951645844
vn -0.7785538960933801 0.4535885977239877 0.4337178978236947
vn 0.7785538960933801 -0.4535885977239877 -0.4337178978236947
vn -0.6279928184731092 0.587166717272164 0.5107448150241284
vn 0.6279928184731092 -0.587166717272164 -0.5107448150241284
vn -0.4633223997299548 0.7062652995883567 0.5352771996880162
vn 0.4633223997299548 -0.7062652995883567 -0.5352771996880162
vn -0.30237859831078 0.8080033954861375 0.5056655971751294
vn 0.30237859831078 -0.8080033954861375 -0.5056655971751294
vn -0.1625414962977168 0.8899397797294281 0.42613079029382095
vn 0.1625414962977168 -0.8899397797294281 -0.42613079029382095
vn -0.07230032992991246 0.8899397991372973 -0.4503107995634712
vn 0.006993721953957485 0.8899397941411644 -0.456024396997806
vn -0.006993721953957485 -0.8899397941411644 0.456024396997806
vn 0.07230032992991246 -0.8899397991372973 0.4503107995634712
vn -0.14939759586401427 0.8899397753625339 -0.4309147880703742
vn 0.14939759586401427 -0.8899397753625339 0.4309147880703742
vn -0.22195549441341916 0.8899397776003719 -0.39842558997169775
vn 0.22195549441341916 -0.8899397776003719 0.39842558997169775
vn -0.2877693043725553 0.8899398135223284 -0.353830405376331
vn 0.2877693043725553 -0.8899398135223284 0.353830405376331
vn -0.08607528009473754 0.8899398009794997 0.44788190049295484
vn 0.08607528009473754 -0.8899398009794997 -0.44788190049295484
vn -0.006993721953957485 0.8899397941411644 0.456024396997806
vn 0.006993721953957485 -0.8899397941411644 -0.456024396997806
vn 0.03262801077081946 0.8910065210495569 0.4528165106975502
vn -0.03262801077081946 -0.8910065210495569 -0.4528165106975502
vn 0.07230032992991246 0.8899397991372973 0.4503107995634712
vn -0.07230032992991246 -0.8899397991372973 -0.4503107995634712
vn 0.14939759586401427 0.8899397753625339 0.4309147880703742
vn -0.14939759586401427 -0.8899397753625339 -0.4309147880703742
vn 0.22195549441341916 0.8899397776003719 0.39842558997169775
vn -0.22195549441341916 -0.8899397776003719 -0.39842558997169775
vn 0.2877693043725553 0.8899398135223284 0.353830405376331
vn -0.2877693043725553 -0.8899398135223284 -0.353830405376331
vn 0.3448394990119003 0.8899397974499753 0.298484299144726
vn -0.3448394990119003 -0.8899397974499753 -0.298484299144726
vn 0.3914318941463592 0.8899397866914579 0.23406889649963308
vn -0.3914318941463592 -0.8899397866914579 -0.23406889649963308
vn 0.42613079029382095 0.8899397797294281 0.1625414962977168
vn -0.42613079029382095 -0.8899397797294281 -0.1625414962977168
vn 0.44788190049295484 0.8899398009794997 0.08607528009473754
vn -0.44788190049295484 -0.8899398009794997 -0.08607528009473754
vn 0.456024396997806 0.8899397941411644 0.006993721953957485
vn -0.456024396997806 -0.8899397941411644 -0.006993721953957485
vn 0.4503107995634712 0.8899397991372973 -0.07230032992991246
vn -0.4503107995634712 -0.8899397991372973 0.07230032992991246
vn 0.4309147880703742 0.8899397753625339 -0.14939759586401427
vn -0.4309147880703742 -0.8899397753625339 0.14939759586401427
vn 0.39842558997169775 0.8899397776003719 -0.22195549441341916
vn -0.39842558997169775 -0.8899397776003719 0.22195549441341916
vn 0.353830405376331 0.8899398135223284 -0.2877693043725553
vn -0.353830405376331 -0.8899398135223284 0.2877693043725553
vn 0.2984842991447261 0.8899397974499755 -0.3448394990119004
vn -0.2984842991447261 -0.8899397974499755 0.3448394990119004
vn 0.23406889649963308 0.8899397866914579 -0.3914318941463592
vn -0.23406889649963308 -0.8899397866914579 0.3914318941463592
vn 0.1625414962977168 0.8899397797294281 -0.42613079029382095
vn -0.1625414962977168 -0.8899397797294281 0.42613079029382095
vn 0.08607528009473754 0.8899398009794997 -0.44788190049295484
vn -0.08607528009473754 -0.8899398009794997 0.44788190049295484
vn -0.4454758995131705 0.8080033991169896 -0.3855926995786127
vn 0.4454758995131705 -0.8080033991169896 0.3855926995786127
vn -0.6076002054948051 0.7062653063870784 -0.363333603285791
vn 0.6076002054948051 -0.7062653063870784 0.363333603285791
vn -0.7563144100013732 0.5871667077645928 -0.28848530381488063
vn 0.7563144100013732 -0.5871667077645928 0.28848530381488063
vn -0.8751953682669875 0.45358858355369247 -0.16819769390145367
vn 0.8751953682669875 -0.45358858355369247 0.16819769390145367
vn -0.9510180842801856 0.30879099489585193 -0.01458508975891636
vn 0.9510180842801856 -0.30879099489585193 0.01458508975891636
vn -0.9752140547490692 0.15633679274581275 0.1565769927346672
vn -0.9332090514942163 0.15633679187401944 0.3235423831831069
vn 0.9752140547490692 -0.15633679274581275 -0.1565769927346672
vn 0.9332090514942163 -0.15633679187401944 -0.3235423831831069
vn -0.8308983685556656 0.30879098831418195 0.46287798248294776
vn 0.8308983685556656 -0.30879098831418195 -0.46287798248294776
vn -0.6914116000267023 0.45358860001751755 0.5623232000217169
vn 0.6914116000267023 -0.45358860001751755 -0.5623232000217169
vn -0.529762290322231 0.5871666892735597 0.6120352888192567
vn 0.529762290322231 -0.5871666892735597 -0.6120352888192567
vn -0.36333360328579106 0.7062653063870785 0.6076002054948052
vn 0.36333360328579106 -0.7062653063870785 -0.6076002054948052
vn -0.20997689748783846 0.8080033903330556 0.5504908934139324
vn 0.20997689748783846 -0.8080033903330556 -0.5504908934139324
vn -0.0934001461223369 0.8080033664543904 -0.5817275758486078
vn 0.00903473871308237 0.8080033743401087 -0.5891085812915853
vn -0.00903473871308237 -0.8080033743401087 0.5891085812915853
vn 0.0934001461223369 -0.8080033664543904 0.5817275758486078
vn -0.19299710219428345 0.808003409186607 -0.5566710063290794
vn 0.19299710219428345 -0.808003409186607 0.5566710063290794
vn -0.28672998723023363 0.8080033640148762 -0.5147003770773764
vn 0.28672998723023363 -0.8080033640148762 0.5147003770773764
vn -0.3717506857235304 0.8080033689699686 -0.45709078244618534
vn 0.3717506857235304 -0.8080033689699686 0.45709078244618534
vn -0.11119509992552097 0.8080033994587953 0.5785897996124576
vn 0.11119509992552097 -0.8080033994587953 -0.5785897996124576
vn -0.00903473871308237 0.8080033743401087 0.5891085812915853
vn 0.00903473871308237 -0.8080033743401087 -0.5891085812915853
vn 0.04224374909836732 0.8090169827326844 0.5862652874870021
vn -0.04224374909836732 -0.8090169827326844 -0.5862652874870021
vn 0.0934001461223369 0.8080033664543904 0.5817275758486078
vn -0.0934001461223369 -0.8080033664543904 -0.5817275758486078
vn 0.19299710219428345 0.808003409186607 0.5566710063290794
vn -0.19299710219428345 -0.808003409186607 -0.5566710063290794
vn 0.28672998723023363 0.8080033640148762 0.5147003770773764
vn -0.28672998723023363 -0.8080033640148762 -0.5147003770773764
vn 0.3717506857235304 0.8080033689699686 0.45709078244618534
vn -0.3717506857235304 -0.8080033689699686 -0.45709078244618534
vn 0.4454758995131705 0.8080033991169896 0.3855926995786127
vn -0.4454758995131705 -0.8080033991169896 -0.3855926995786127
vn 0.5056655971751294 0.8080033954861375 0.30237859831078
vn -0.5056655971751294 -0.8080033954861375 -0.30237859831078
vn 0.5504908934139324 0.8080033903330556 0.20997689748783846
vn -0.5504908934139324 -0.8080033903330556 -0.20997689748783846
vn 0.5785897996124576 0.8080033994587953 0.11119509992552097
vn -0.5785897996124576 -0.8080033994587953 -0.11119509992552097
vn 0.5891085812915853 0.8080033743401087 0.00903473871308237
vn -0.5891085812915853 -0.8080033743401087 -0.00903473871308237
vn 0.5817275758486078 0.8080033664543904 -0.0934001461223369
vn -0.5817275758486078 -0.8080033664543904 0.0934001461223369
vn 0.5566710063290794 0.808003409186607 -0.19299710219428345
vn -0.5566710063290794 -0.808003409186607 0.19299710219428345
vn 0.5147003770773764 0.8080033640148762 -0.28672998723023363
vn -0.5147003770773764 -0.8080033640148762 0.28672998723023363
vn 0.45709078244618534 0.8080033689699686 -0.3717506857235304
vn -0.45709078244618534 -0.8080033689699686 0.3717506857235304
vn 0.3855926995786127 0.8080033991169896 -0.4454758995131705
vn -0.3855926995786127 -0.8080033991169896 0.4454758995131705
vn 0.30237859831078 0.8080033954861375 -0.5056655971751294
vn -0.30237859831078 -0.8080033954861375 0.5056655971751294
vn 0.20997689748783846 0.8080033903330556 -0.5504908934139324
vn -0.20997689748783846 -0.8080033903330556 0.5504908934139324
vn 0.11119509992552097 0.8080033994587953 -0.5785897996124576
vn -0.11119509992552097 -0.8080033994587953 0.5785897996124576
vn -0.5352771996880162 0.7062652995883567 -0.4633223997299548
vn 0.5352771996880162 -0.7062652995883567 0.4633223997299548
vn -0.6947293210966996 0.5871667178303687 -0.41543521261543404
vn 0.6947293210966996 -0.5871667178303687 0.41543521261543404
vn -0.8326919862886774 0.45358859253109235 -0.317618394770013
vn 0.8326919862886774 -0.45358859253109235 0.317618394770013
vn -0.9340373002757745 0.30879100009117055 -0.17950610005299916
vn 0.9340373002757745 -0.30879100009117055 0.17950610005299916
vn -0.98758767065823 0.1563367953551483 -0.015145929550006149
vn 0.98758767065823 -0.1563367953551483 0.015145929550006149
vn -0.9842878962464116 0.07875693969965988 0.15803379939733705
vn -0.9418920766797586 0.07875693805006236 0.3265526919149042
vn 0.9842878962464116 -0.07875693969965988 -0.15803379939733705
vn 0.9418920766797586 -0.07875693805006236 -0.3265526919149042
vn -0.8628489713967081 0.1563367948174627 0.48067708406563914
vn 0.8628489713967081 -0.1563367948174627 -0.48067708406563914
vn -0.7378972235031781 0.3087910098354755 0.6001298191150714
vn 0.7378972235031781 -0.3087910098354755 -0.6001298191150714
vn -0.5832611062998238 0.4535886048992264 0.6738426072781977
vn 0.5832611062998238 -0.4535886048992264 -0.6738426072781977
vn -0.4154352126154341 0.5871667178303687 0.6947293210966997
vn 0.4154352126154341 -0.5871667178303687 -0.6947293210966997
vn -0.25230510179834753 0.7062653050340261 0.66146160471468
vn 0.25230510179834753 -0.7062653050340261 -0.66146160471468
vn -0.11222820041056779 0.7062653025837515 -0.6989951025571547
vn 0.01085601016591669 0.7062653107941317 -0.7078640108185652
vn -0.01085601016591669 -0.7062653107941317 0.7078640108185652
vn 0.11222820041056779 -0.7062653025837515 0.6989951025571547
vn -0.23190241336151016 0.7062653406928561 -0.668887538539261
vn 0.23190241336151016 -0.7062653406928561 0.668887538539261
vn -0.3445304100212373 0.7062653205428959 -0.6184562179888228
vn 0.3445304100212373 -0.7062653205428959 0.6184562179888228
vn -0.4466900094341713 0.7062653149164473 -0.5492334115999059
vn 0.4466900094341713 -0.7062653149164473 0.5492334115999059
vn -0.1336104043084486 0.7062653227744826 0.6952248224184667
vn 0.1336104043084486 -0.7062653227744826 -0.6952248224184667
vn -0.01085601016591669 0.7062653107941317 0.7078640108185652
vn 0.01085601016591669 -0.7062653107941317 -0.7078640108185652
vn 0.050819310806239325 0.7071068112181239 0.7052782111891134
vn -0.050819310806239325 -0.7071068112181239 -0.7052782111891134
vn 0.11222820041056779 0.7062653025837515 0.6989951025571547
vn -0.11222820041056779 -0.7062653025837515 -0.6989951025571547
vn 0.23190241336151016 0.7062653406928561 0.668887538539261
vn -0.23190241336151016 -0.7062653406928561 -0.668887538539261
vn 0.3445304100212373 0.7062653205428959 0.6184562179888228
vn -0.3445304100212373 -0.7062653205428959 -0.6184562179888228
vn 0.4466900094341713 0.7062653149164473 0.5492334115999059
vn -0.4466900094341713 -0.7062653149164473 -0.5492334115999059
vn 0.5352771996880162 0.7062652995883567 0.4633223997299548
vn -0.5352771996880162 -0.7062652995883567 -0.4633223997299548
vn 0.6076002054948051 0.7062653063870784 0.363333603285791
vn -0.6076002054948051 -0.7062653063870784 -0.363333603285791
vn 0.66146160471468 0.7062653050340261 0.25230510179834753
vn -0.66146160471468 -0.7062653050340261 -0.25230510179834753
vn 0.6952248224184667 0.7062653227744826 0.1336104043084486
vn -0.6952248224184667 -0.7062653227744826 -0.1336104043084486
vn 0.7078640108185652 0.7062653107941317 0.01085601016591669
vn -0.7078640108185652 -0.7062653107941317 -0.01085601016591669
vn 0.6989951025571547 0.7062653025837515 -0.11222820041056779
vn -0.6989951025571547 -0.7062653025837515 0.11222820041056779
vn 0.668887538539261 0.7062653406928561 -0.23190241336151016
vn -0.668887538539261 -0.7062653406928561 0.23190241336151016
vn 0.6184562179888228 0.7062653205428959 -0.3445304100212373
vn -0.6184562179888228 -0.7062653205428959 0.3445304100212373
vn 0.5492334115999059 0.7062653149164473 -0.4466900094341713
vn -0.5492334115999059 -0.7062653149164473 0.4466900094341713
vn 0.4633223997299548 0.7062652995883567 -0.5352771996880162
vn -0.4633223997299548 -0.7062652995883567 0.5352771996880162
vn 0.36333360328579106 0.7062653063870785 -0.6076002054948052
vn -0.36333360328579106 -0.7062653063870785 0.6076002054948052
vn 0.25230510179834753 0.7062653050340261 -0.66146160471468
vn -0.25230510179834753 -0.7062653050340261 0.66146160471468
vn 0.1336104043084486 0.7062653227744826 -0.6952248224184667
vn -0.1336104043084486 -0.7062653227744826 0.6952248224184667
vn -0.6120352888192567 0.5871666892735597 -0.529762290322231
vn 0.6120352888192567 -0.5871666892735597 0.529762290322231
vn -0.7648876802683839 0.4535885882988887 -0.45738848820086364
vn 0.7648876802683839 -0.4535885882988887 0.45738848820086364
vn -0.8886762968885088 0.3087909989188409 -0.3389727988131664
vn 0.8886762968885088 -0.3087909989188409 0.3389727988131664
vn -0.9699539342813686 0.15633680552545792 -0.1864086065882945
vn 0.9699539342813686 -0.15633680552545792 0.1864086065882945
vn -0.9967766330488045 0.07875694261123978 -0.01528685050684588
vn 0.9967766330488045 -0.07875694261123978 0.01528685050684588
vn -0.9448268387727276 0 0.3275702134424533
vn -0.987354771776721 0 0.15852619546857002
vn 0.987354771776721 0 -0.15852619546857002
vn 0.9448268387727276 0 -0.3275702134424533
vn -0.8708773154129158 0.07875694139385203 0.485149508586248
vn 0.8708773154129158 -0.07875694139385203 -0.485149508586248
vn -0.7662716600849027 0.1563367918564152 0.6232066675371594
vn 0.7662716600849027 -0.1563367918564152 -0.6232066675371594
vn -0.622475488362743 0.3087909942271138 0.7191469865554573
vn 0.622475488362743 -0.3087909942271138 -0.7191469865554573
vn -0.45738848820086364 0.4535885882988887 0.7648876802683839
vn 0.45738848820086364 -0.4535885882988887 -0.7648876802683839
vn -0.28848530381488063 0.5871667077645928 0.7563144100013732
vn 0.28848530381488063 -0.5871667077645928 -0.7563144100013732
vn -0.12832160517383356 0.5871667236741341 -0.7992301322243761
vn 0.012412750609192417 0.5871667288169423 -0.8093708397222656
vn 0.12832160517383356 -0.5871667236741341 0.7992301322243761
vn -0.012412750609192417 -0.5871667288169423 0.8093708397222656
vn -0.2651570050134654 0.5871667111018753 -0.7648052144605815
vn 0.2651570050134654 -0.5871667111018753 0.7648052144605815
vn -0.3939356962741976 0.5871666944466392 -0.7071420933119243
vn 0.3939356962741976 -0.5871666944466392 0.7071420933119243
vn -0.5107448150241284 0.587166717272164 -0.6279928184731092
vn 0.5107448150241284 -0.587166717272164 0.6279928184731092
vn -0.15276990683923847 0.5871667262864156 0.794919235587128
vn 0.15276990683923847 -0.5871667262864156 -0.794919235587128
vn -0.012412750609192417 0.5871667288169423 0.8093708397222656
vn 0.012412750609192417 -0.5871667288169423 -0.8093708397222656
vn 0.05814353929123517 0.587785292834947 0.8069248901636537
vn -0.05814353929123517 -0.587785292834947 -0.8069248901636537
vn 0.12832160517383356 0.5871667236741341 0.7992301322243761
vn -0.12832160517383356 -0.5871667236741341 -0.7992301322243761
vn 0.2651570050134654 0.5871667111018753 0.7648052144605815
vn -0.2651570050134654 -0.5871667111018753 -0.7648052144605815
vn 0.3939356962741976 0.5871666944466392 0.7071420933119243
vn -0.3939356962741976 -0.5871666944466392 -0.7071420933119243
vn 0.5107448150241284 0.587166717272164 0.6279928184731092
vn -0.5107448150241284 -0.587166717272164 -0.6279928184731092
vn 0.6120352888192567 0.5871666892735597 0.529762290322231
vn -0.6120352888192567 -0.5871666892735597 -0.529762290322231
vn 0.6947293210966996 0.5871667178303687 0.41543521261543404
vn -0.6947293210966996 -0.5871667178303687 -0.41543521261543404
vn 0.7563144100013732 0.5871667077645928 0.28848530381488063
vn -0.7563144100013732 -0.5871667077645928 -0.28848530381488063
vn 0.7949192355871281 0.5871667262864158 0.15276990683923847
vn -0.7949192355871281 -0.5871667262864158 -0.15276990683923847
vn 0.8093708397222656 0.5871667288169423 0.012412750609192417
vn -0.8093708397222656 -0.5871667288169423 -0.012412750609192417
vn 0.7992301322243761 0.5871667236741341 -0.12832160517383356
vn -0.7992301322243761 -0.5871667236741341 0.12832160517383356
vn 0.7648052144605815 0.5871667111018753 -0.2651570050134654
vn -0.7648052144605815 -0.5871667111018753 0.2651570050134654
vn 0.7071420933119243 0.5871666944466392 -0.3939356962741976
vn -0.7071420933119243 -0.5871666944466392 0.3939356962741976
vn 0.6279928184731092 0.587166717272164 -0.5107448150241284
vn -0.6279928184731092 -0.587166717272164 0.5107448150241284
vn 0.529762290322231 0.5871666892735597 -0.6120352888192567
vn -0.529762290322231 -0.5871666892735597 0.6120352888192567
vn 0.4154352126154341 0.5871667178303687 -0.6947293210966997
vn -0.4154352126154341 -0.5871667178303687 0.6947293210966997
vn 0.28848530381488063 0.5871667077645928 -0.7563144100013732
vn -0.28848530381488063 -0.5871667077645928 0.7563144100013732
vn 0.15276990683923847 0.5871667262864156 -0.794919235587128
vn -0.15276990683923847 -0.5871667262864156 0.794919235587128
vn -0.6738426072781977 0.4535886048992264 -0.5832611062998238
vn 0.6738426072781977 -0.4535886048992264 0.5832611062998238
vn -0.8163132825856297 0.3087909934125772 -0.488140089586532
vn 0.8163132825856297 -0.3087909934125772 0.488140089586532
vn -0.9228486262038441 0.15633680443910858 -0.35200740999508157
vn 0.9228486262038441 -0.15633680443910858 0.35200740999508157
vn -0.9789788134486169 0.07875694108191507 -0.1881431025845958
vn 0.9789788134486169 -0.07875694108191507 0.1881431025845958
vn -0.9998824197910129 0 -0.015334490303520784
vn 0.9998824197910129 0 0.015334490303520784
vn -0.9418920766797586 -0.07875693805006236 0.3265526919149042
vn -0.9752140547490692 -0.15633679274581275 0.1565769927346672
vn -0.9332090514942163 -0.15633679187401944 0.3235423831831069
vn -0.9842878962464116 -0.07875693969965988 0.15803379939733705
vn 0.9842878962464116 0.07875693969965988 -0.15803379939733705
vn 0.9418920766797586 0.07875693805006236 -0.3265526919149042
vn 0.9752140547490692 0.15633679274581275 -0.1565769927346672
vn 0.9332090514942163 0.15633679187401944 -0.3235423831831069
vn -0.8735907958809846 0 0.486661197705373
vn 0.8735907958809846 0 -0.486661197705373
vn -0.7734013812263725 0.07875693808824569 0.6290052847314587
vn 0.7734013812263725 -0.07875693808824569 -0.6290052847314587
vn -0.6464116035265114 0.15633680085289856 0.7468004040741846
vn 0.6464116035265114 -0.15633680085289856 -0.7468004040741846
vn -0.488140089586532 0.3087909934125772 0.8163132825856297
vn 0.488140089586532 -0.3087909934125772 -0.8163132825856297
vn -0.317618394770013 0.45358859253109235 0.8326919862886774
vn 0.317618394770013 -0.45358859253109235 -0.8326919862886774
vn -0.14128040078518841 0.45358860252089117 -0.8799416048904163
vn 0.013666269992438229 0.453588599749022 -0.8911063995069363
vn 0.14128040078518841 -0.45358860252089117 0.8799416048904163
vn -0.013666269992438229 -0.453588599749022 0.8911063995069363
vn -0.29193428242693753 0.4535885726961142 -0.8420402493131615
vn 0.29193428242693753 -0.4535885726961142 0.8420402493131615
vn -0.4337178978236947 0.4535885977239877 -0.7785538960933801
vn 0.4337178978236947 -0.4535885977239877 0.7785538960933801
vn -0.562323200021717 0.4535886000175176 -0.6914116000267024
vn 0.562323200021717 -0.4535886000175176 0.6914116000267024
vn -0.16819769390145367 0.45358858355369247 0.8751953682669875
vn 0.16819769390145367 -0.45358858355369247 -0.8751953682669875
vn -0.013666269992438229 0.453588599749022 0.8911063995069363
vn 0.013666269992438229 -0.453588599749022 -0.8911063995069363
vn 0.06403607166119 0.4539905117771825 0.8887024230542497
vn -0.06403607166119 -0.4539905117771825 -0.8887024230542497
vn 0.14128040078518841 0.45358860252089117 0.8799416048904163
vn -0.14128040078518841 -0.45358860252089117 -0.8799416048904163
vn 0.29193428242693753 0.4535885726961142 0.8420402493131615
vn -0.29193428242693753 -0.4535885726961142 -0.8420402493131615
vn 0.4337178978236947 0.4535885977239877 0.7785538960933801
vn -0.4337178978236947 -0.4535885977239877 -0.7785538960933801
vn 0.562323200021717 0.4535886000175176 0.6914116000267024
vn -0.562323200021717 -0.4535886000175176 -0.6914116000267024
vn 0.6738426072781977 0.4535886048992264 0.5832611062998238
vn -0.6738426072781977 -0.4535886048992264 -0.5832611062998238
vn 0.7648876802683839 0.4535885882988887 0.45738848820086364
vn -0.7648876802683839 -0.4535885882988887 -0.45738848820086364
vn 0.8326919862886774 0.45358859253109235 0.317618394770013
vn -0.8326919862886774 -0.45358859253109235 -0.317618394770013
vn 0.8751953682669875 0.45358858355369247 0.16819769390145367
vn -0.8751953682669875 -0.45358858355369247 -0.16819769390145367
vn 0.8911063995069363 0.453588599749022 0.013666269992438229
vn -0.8911063995069363 -0.453588599749022 -0.013666269992438229
vn 0.8799416048904163 0.45358860252089117 -0.14128040078518841
vn -0.8799416048904163 -0.45358860252089117 0.14128040078518841
vn 0.8420402493131615 0.4535885726961142 -0.29193428242693753
vn -0.8420402493131615 -0.4535885726961142 0.29193428242693753
vn 0.7785538960933801 0.4535885977239877 -0.4337178978236947
vn -0.7785538960933801 -0.4535885977239877 0.4337178978236947
vn 0.6914116000267023 0.45358860001751755 -0.5623232000217169
vn -0.6914116000267023 -0.45358860001751755 0.5623232000217169
vn 0.5832611062998238 0.4535886048992264 -0.6738426072781977
vn -0.5832611062998238 -0.4535886048992264 0.6738426072781977
vn 0.45738848820086364 0.4535885882988887 -0.7648876802683839
vn -0.45738848820086364 -0.4535885882988887 0.7648876802683839
vn 0.317618394770013 0.45358859253109235 -0.8326919862886774
vn -0.317618394770013 -0.45358859253109235 0.8326919862886774
vn 0.16819769390145367 0.45358858355369247 -0.8751953682669875
vn -0.16819769390145367 -0.45358858355369247 0.8751953682669875
vn -0.7191469865554573 0.3087909942271138 -0.622475488362743
vn 0.7191469865554573 -0.3087909942271138 0.622475488362743
vn -0.8477030306717611 0.15633680565660968 -0.5069106183411417
vn 0.8477030306717611 -0.15633680565660968 0.5069106183411417
vn -0.9314352403963643 0.07875694341569014 -0.3552826154086139
vn 0.9314352403963643 -0.07875694341569014 0.3552826154086139
vn -0.9820291517179832 0 -0.18872929072101802
vn 0.9820291517179832 0 0.18872929072101802
vn -0.98758767065823 -0.1563367953551483 -0.015145929550006149
vn -0.9967766330488045 -0.07875694261123978 -0.01528685050684588
vn 0.9967766330488045 0.07875694261123978 0.01528685050684588
vn 0.98758767065823 0.1563367953551483 0.015145929550006149
vn -0.9391026672866923 -0.30879098924337567 0.15077899474766732
vn -0.8986530860529716 -0.30879099520758696 0.3115617951645844
vn 0.9391026672866923 0.30879098924337567 -0.15077899474766732
vn 0.8986530860529716 0.30879099520758696 -0.3115617951645844
vn -0.8708773154129158 -0.07875694139385203 0.485149508586248
vn -0.8628489713967081 -0.1563367948174627 0.48067708406563914
vn 0.8708773154129158 0.07875694139385203 -0.485149508586248
vn 0.8628489713967081 0.1563367948174627 -0.48067708406563914
vn -0.7758112095178653 0 0.6309651077408533
vn 0.7758112095178653 0 -0.6309651077408533
vn -0.6524260913356597 0.07875693895409314 0.7537489899900727
vn 0.6524260913356597 -0.07875693895409314 -0.7537489899900727
vn -0.5069106183411417 0.15633680565660968 0.8477030306717611
vn 0.5069106183411417 -0.15633680565660968 -0.8477030306717611
vn -0.3389727988131664 0.3087909989188409 0.8886762968885088
vn 0.3389727988131664 -0.3087909989188409 -0.8886762968885088
vn -0.15077899474766734 0.30879098924337567 -0.9391026672866924
vn 0.01458508975891636 0.30879099489585193 -0.9510180842801856
vn 0.15077899474766734 -0.30879098924337567 0.9391026672866924
vn -0.01458508975891636 -0.30879099489585193 0.9510180842801856
vn -0.3115617951645844 0.30879099520758696 -0.8986530860529716
vn 0.3115617951645844 -0.30879099520758696 0.8986530860529716
vn -0.46287798248294776 0.30879098831418195 -0.8308983685556656
vn 0.46287798248294776 -0.30879098831418195 0.8308983685556656
vn -0.6001298191150714 0.3087910098354755 -0.7378972235031781
vn 0.6001298191150714 -0.3087910098354755 0.7378972235031781
vn -0.17950610005299916 0.30879100009117055 0.9340373002757745
vn 0.17950610005299916 -0.30879100009117055 -0.9340373002757745
vn -0.01458508975891636 0.30879099489585193 0.9510180842801856
vn 0.01458508975891636 -0.30879099489585193 -0.9510180842801856
vn 0.06835182219700796 0.3090170099326222 0.9485971304904153
vn -0.06835182219700796 -0.3090170099326222 -0.9485971304904153
vn 0.15077899474766734 0.30879098924337567 0.9391026672866924
vn -0.15077899474766734 -0.30879098924337567 -0.9391026672866924
vn 0.3115617951645844 0.30879099520758696 0.8986530860529716
vn -0.3115617951645844 -0.30879099520758696 -0.8986530860529716
vn 0.46287798248294776 0.30879098831418195 0.8308983685556656
vn -0.46287798248294776 -0.30879098831418195 -0.8308983685556656
vn 0.6001298191150714 0.3087910098354755 0.7378972235031781
vn -0.6001298191150714 -0.3087910098354755 -0.7378972235031781
vn 0.7191469865554573 0.3087909942271138 0.622475488362743
vn -0.7191469865554573 -0.3087909942271138 -0.622475488362743
vn 0.8163132825856297 0.3087909934125772 0.488140089586532
vn -0.8163132825856297 -0.3087909934125772 -0.488140089586532
vn 0.8886762968885088 0.3087909989188409 0.3389727988131664
vn -0.8886762968885088 -0.3087909989188409 -0.3389727988131664
vn 0.9340373002757745 0.30879100009117055 0.17950610005299916
vn -0.9340373002757745 -0.30879100009117055 -0.17950610005299916
vn 0.9510180842801856 0.30879099489585193 0.01458508975891636
vn -0.9510180842801856 -0.30879099489585193 -0.01458508975891636
vn 0.8308983685556656 0.30879098831418195 -0.46287798248294776
vn -0.8308983685556656 -0.30879098831418195 0.46287798248294776
vn 0.7378972235031781 0.3087910098354755 -0.6001298191150714
vn -0.7378972235031781 -0.3087910098354755 0.6001298191150714
vn 0.622475488362743 0.3087909942271138 -0.7191469865554573
vn -0.622475488362743 -0.3087909942271138 0.7191469865554573
vn 0.488140089586532 0.3087909934125772 -0.8163132825856297
vn -0.488140089586532 -0.3087909934125772 0.8163132825856297
vn 0.3389727988131664 0.3087909989188409 -0.8886762968885088
vn -0.3389727988131664 -0.3087909989188409 0.8886762968885088
vn 0.17950610005299916 0.30879100009117055 -0.9340373002757745
vn -0.17950610005299916 -0.30879100009117055 0.9340373002757745
vn -0.7468004040741846 0.15633680085289856 -0.6464116035265114
vn 0.7468004040741846 -0.15633680085289856 0.6464116035265114
vn -0.8555904791480524 0.07875693808058225 -0.5116270875309257
vn 0.8555904791480524 -0.07875693808058225 0.5116270875309257
vn -0.9343374354922471 0 -0.3563896135380085
vn 0.9343374354922471 0 0.3563896135380085
vn -0.9699539342813686 -0.15633680552545792 -0.1864086065882945
vn -0.9789788134486169 -0.07875694108191507 -0.1881431025845958
vn 0.9789788134486169 0.07875694108191507 0.1881431025845958
vn 0.9699539342813686 0.15633680552545792 0.1864086065882945
vn -0.7734013812263725 -0.07875693808824569 0.6290052847314587
vn -0.7662716600849027 -0.1563367918564152 0.6232066675371594
vn 0.7734013812263725 0.07875693808824569 -0.6290052847314587
vn 0.7662716600849027 0.1563367918564152 -0.6232066675371594
vn -0.6544588893601445 0 0.756097587707755
vn 0.6544588893601445 0 -0.756097587707755
vn -0.5116270875309257 0.07875693808058225 0.8555904791480524
vn 0.5116270875309257 -0.07875693808058225 -0.8555904791480524
vn -0.35200740999508157 0.15633680443910858 0.9228486262038441
vn 0.35200740999508157 -0.15633680443910858 -0.9228486262038441
vn -0.1565769927346672 0.15633679274581275 -0.9752140547490692
vn 0.015145929550006149 0.1563367953551483 -0.98758767065823
vn 0.1565769927346672 -0.15633679274581275 0.9752140547490692
vn -0.015145929550006149 -0.1563367953551483 0.98758767065823
vn -0.3235423831831069 0.15633679187401944 -0.9332090514942163
vn 0.3235423831831069 -0.15633679187401944 0.9332090514942163
vn -0.48067708406563914 0.1563367948174627 -0.8628489713967081
vn 0.48067708406563914 -0.1563367948174627 0.8628489713967081
vn -0.6232066675371594 0.1563367918564152 -0.7662716600849027
vn 0.6232066675371594 -0.1563367918564152 0.7662716600849027
vn -0.1864086065882945 0.15633680552545792 0.9699539342813686
vn 0.1864086065882945 -0.15633680552545792 -0.9699539342813686
vn -0.015145929550006149 0.1563367953551483 0.98758767065823
vn 0.015145929550006149 -0.1563367953551483 -0.98758767065823
vn 0.07098453183497817 0.1564345040438937 0.9851342254661086
vn -0.07098453183497817 -0.1564345040438937 -0.9851342254661086
vn 0.1565769927346672 0.15633679274581275 0.9752140547490692
vn -0.1565769927346672 -0.15633679274581275 -0.9752140547490692
vn 0.3235423831831069 0.15633679187401944 0.9332090514942163
vn -0.3235423831831069 -0.15633679187401944 -0.9332090514942163
vn 0.48067708406563914 0.1563367948174627 0.8628489713967081
vn -0.48067708406563914 -0.1563367948174627 -0.8628489713967081
vn 0.6232066675371594 0.1563367918564152 0.7662716600849027
vn -0.6232066675371594 -0.1563367918564152 -0.7662716600849027
vn 0.7468004040741846 0.15633680085289856 0.6464116035265114
vn -0.7468004040741846 -0.15633680085289856 -0.6464116035265114
vn 0.8477030306717611 0.15633680565660968 0.5069106183411417
vn -0.8477030306717611 -0.15633680565660968 -0.5069106183411417
vn 0.9228486262038441 0.15633680443910858 0.35200740999508157
vn -0.9228486262038441 -0.15633680443910858 -0.35200740999508157
vn 0.6464116035265114 0.15633680085289856 -0.7468004040741846
vn -0.6464116035265114 -0.15633680085289856 0.7468004040741846
vn 0.5069106183411417 0.15633680565660968 -0.8477030306717611
vn -0.5069106183411417 -0.15633680565660968 0.8477030306717611
vn 0.35200740999508157 0.15633680443910858 -0.9228486262038441
vn -0.35200740999508157 -0.15633680443910858 0.9228486262038441
vn 0.1864086065882945 0.15633680552545792 -0.9699539342813686
vn -0.1864086065882945 -0.15633680552545792 0.9699539342813686
vn -0.7537489899900727 0.07875693895409314 -0.6524260913356597
vn 0.7537489899900727 -0.07875693895409314 0.6524260913356597
vn -0.8582563088986674 0 -0.5132213053212376
vn 0.8582563088986674 0 0.5132213053212376
vn -0.9314352403963643 -0.07875694341569014 -0.3552826154086139
vn 0.9314352403963643 0.07875694341569014 0.3552826154086139
vn -0.6524260913356597 -0.07875693895409314 0.7537489899900727
vn 0.6524260913356597 0.07875693895409314 -0.7537489899900727
vn -0.5132213053212376 0 0.8582563088986674
vn 0.5132213053212376 0 -0.8582563088986674
vn -0.3552826154086139 0.07875694341569014 0.9314352403963643
vn 0.3552826154086139 -0.07875694341569014 -0.9314352403963643
vn -0.15803379939733705 0.07875693969965988 -0.9842878962464116
vn 0.01528685050684588 0.07875694261123978 -0.9967766330488045
vn 0.15803379939733705 -0.07875693969965988 0.9842878962464116
vn -0.01528685050684588 -0.07875694261123978 0.9967766330488045
vn -0.3265526919149042 0.07875693805006236 -0.9418920766797586
vn 0.3265526919149042 -0.07875693805006236 0.9418920766797586
vn -0.485149508586248 0.07875694139385203 -0.8708773154129158
vn 0.485149508586248 -0.07875694139385203 0.8708773154129158
vn -0.6290052847314587 0.07875693808824569 -0.7734013812263725
vn 0.6290052847314587 -0.07875693808824569 0.7734013812263725
vn -0.1881431025845958 0.07875694108191507 0.9789788134486169
vn 0.1881431025845958 -0.07875694108191507 -0.9789788134486169
vn -0.01528685050684588 0.07875694261123978 0.9967766330488045
vn 0.01528685050684588 -0.07875694261123978 -0.9967766330488045
vn 0.0716478070823951 0.07845909680502929 0.9943393595090274
vn -0.0716478070823951 -0.07845909680502929 -0.9943393595090274
vn 0.15803379939733705 0.07875693969965988 0.9842878962464116
vn -0.15803379939733705 -0.07875693969965988 -0.9842878962464116
vn 0.3265526919149042 0.07875693805006236 0.9418920766797586
vn -0.3265526919149042 -0.07875693805006236 -0.9418920766797586
vn 0.485149508586248 0.07875694139385203 0.8708773154129158
vn -0.485149508586248 -0.07875694139385203 -0.8708773154129158
vn 0.6290052847314587 0.07875693808824569 0.7734013812263725
vn -0.6290052847314587 -0.07875693808824569 -0.7734013812263725
vn 0.7537489899900727 0.07875693895409314 0.6524260913356597
vn -0.7537489899900727 -0.07875693895409314 -0.6524260913356597
vn 0.8555904791480524 0.07875693808058225 0.5116270875309257
vn -0.8555904791480524 -0.07875693808058225 -0.5116270875309257
vn 0.5116270875309257 0.07875693808058225 -0.8555904791480524
vn -0.5116270875309257 -0.07875693808058225 0.8555904791480524
vn 0.3552826154086139 0.07875694341569014 -0.9314352403963643
vn -0.3552826154086139 -0.07875694341569014 0.9314352403963643
vn 0.1881431025845958 0.07875694108191507 -0.9789788134486169
vn -0.1881431025845958 -0.07875694108191507 0.9789788134486169
vn -0.756097587707755 0 -0.6544588893601445
vn 0.756097587707755 0 0.6544588893601445
vn -0.3563896135380085 0 0.9343374354922471
vn 0.3563896135380085 0 -0.9343374354922471
vn -0.15852619546857002 0 -0.987354771776721
vn 0.015334490303520784 0 -0.9998824197910129
vn 0.15852619546857002 0 0.987354771776721
vn -0.015334490303520784 0 0.9998824197910129
vn -0.3275702134424533 0 -0.9448268387727276
vn 0.3275702134424533 0 0.9448268387727276
vn -0.486661197705373 0 -0.8735907958809846
vn 0.486661197705373 0 0.8735907958809846
vn -0.6309651077408533 0 -0.7758112095178653
vn 0.6309651077408533 0 0.7758112095178653
vn -0.18872929072101802 0 0.9820291517179832
vn 0.18872929072101802 0 -0.9820291517179832
vn 0.07186935670171335 0 0.9974140542258676
vn -0.07186935670171335 0 -0.9974140542258676
vn 0.07098453183497817 -0.1564345040438937 0.9851342254661086
vn 0.0716478070823951 -0.07845909680502929 0.9943393595090274
vn -0.07098453183497817 0.1564345040438937 -0.9851342254661086
vn -0.0716478070823951 0.07845909680502929 -0.9943393595090274
vn 0.06835182219700796 -0.3090170099326222 0.9485971304904153
vn -0.06835182219700796 0.3090170099326222 -0.9485971304904153
vn 0.06403607166119 -0.4539905117771825 0.8887024230542497
vn -0.06403607166119 0.4539905117771825 -0.8887024230542497
vn 0.05814353929123517 -0.587785292834947 0.8069248901636537
vn -0.05814353929123517 0.587785292834947 -0.8069248901636537
vn 0.050819310806239325 -0.7071068112181239 0.7052782111891134
vn -0.050819310806239325 0.7071068112181239 -0.7052782111891134
vn 0.04224374909836732 -0.8090169827326844 0.5862652874870021
vn -0.04224374909836732 0.8090169827326844 -0.5862652874870021
vn 0.0056388051917206266 -0.9969173338954103 0.07825620266072823
vn 0.011242850509711378 -0.9876883447783225 0.1560299070738483
vn -0.0056388051917206266 0.9969173338954103 -0.07825620266072823
vn -0.011242850509711378 0.9876883447783225 -0.1560299070738483
vn 0.03262801077081946 -0.8910065210495569 0.4528165106975502
vn -0.03262801077081946 0.8910065210495569 -0.4528165106975502
vn 0.022208850298809174 -0.9510565127959983 0.3082179041469205
vn -0.022208850298809174 0.9510565127959983 -0.3082179041469205
usemtl material_0_0
f 1/1/1 2/2/2 3/3/3
f 2/2/2 1/1/1 4/4/4
f 5/4/5 6/1/6 7/2/7
f 8/3/8 7/2/7 6/1/6
f 9/5/9 4/6/4 1/7/1
f 4/6/4 9/5/9 10/8/10
f 11/8/11 12/5/12 5/6/5
f 6/7/6 5/6/5 12/5/12
f 4/9/4 13/10/13 2/11/2
f 13/10/13 4/9/4 14/12/14
f 15/12/15 5/9/5 16/10/16
f 7/11/7 16/10/16 5/9/5
f 3/13/3 17/14/17 18/15/18
f 17/14/17 3/13/3 2/16/2
f 7/16/7 8/13/8 19/14/19
f 20/15/20 19/14/19 8/13/8
f 21/17/21 3/18/3 22/19/22
f 3/18/3 21/17/21 1/20/1
f 6/20/6 23/17/23 8/18/8
f 24/19/24 8/18/8 23/17/23
f 25/21/25 10/22/10 9/23/9
f 10/22/10 25/21/25 26/24/26
f 27/24/27 28/21/28 11/22/11
f 12/23/12 11/22/11 28/21/28
f 10/25/10 14/26/14 4/27/4
f 14/26/14 10/25/10 29/28/29
f 30/28/30 11/25/11 15/26/15
f 5/27/5 15/26/15 11/25/11
f 31/29/31 1/30/1 21/31/21
f 1/30/1 31/29/31 9/32/9
f 12/32/12 32/29/32 6/30/6
f 23/31/23 6/30/6 32/29/32
f 33/33/33 13/34/13 14/35/14
f 13/34/13 33/33/33 34/36/34
f 35/36/35 36/33/36 16/34/16
f 15/35/15 16/34/16 36/33/36
f 2/37/2 37/38/37 17/39/17
f 37/38/37 2/37/2 13/40/13
f 16/40/16 7/37/7 38/38/38
f 19/39/19 38/38/38 7/37/7
f 18/41/18 39/42/39 40/43/40
f 39/42/39 18/41/18 17/44/17
f 19/44/19 20/41/20 41/42/41
f 42/43/42 41/42/41 20/41/20
f 22/45/22 18/46/18 43/47/43
f 18/46/18 22/45/22 3/48/3
f 8/48/8 24/45/24 20/46/20
f 44/47/44 20/46/20 24/45/24
f 45/49/45 22/50/22 46/51/46
f 22/50/22 45/49/45 21/52/21
f 23/52/23 47/49/47 24/50/24
f 48/51/48 24/50/24 47/49/47
f 49/53/49 50/54/49 51/55/49
f 50/54/49 49/53/49 52/56/49
f 50/54/49 52/56/49 53/57/49
f 50/54/49 53/57/49 54/58/49
f 54/58/49 53/57/49 55/59/49
f 54/58/49 55/59/49 56/60/49
f 56/60/49 55/59/49 57/61/49
f 56/60/49 57/61/49 58/62/49
f 58/62/49 57/61/49 59/63/49
f 58/62/49 59/63/49 60/64/49
f 60/64/49 59/63/49 61/65/49
f 60/64/49 61/65/49 62/66/49
f 62/66/49 61/65/49 63/67/49
f 62/66/49 63/67/49 64/68/49
f 64/68/49 63/67/49 65/69/49
f 64/68/49 65/69/49 66/70/49
f 66/70/49 65/69/49 67/71/49
f 66/70/49 67/71/49 68/72/49
f 68/72/49 67/71/49 69/73/49
f 68/72/49 69/73/49 70/74/49
f 70/74/49 69/73/49 71/75/49
f 70/74/49 71/75/49 72/76/49
f 72/76/49 71/75/49 73/77/49
f 72/76/49 73/77/49 74/78/49
f 74/78/49 73/77/49 75/79/49
f 74/78/49 75/79/49 76/80/49
f 76/80/49 75/79/49 77/81/49
f 76/80/49 77/81/49 78/82/49
f 78/82/49 77/81/49 79/83/49
f 78/82/49 79/83/49 80/84/49
f 80/84/49 79/83/49 81/85/49
f 80/84/49 81/85/49 82/86/49
f 82/86/49 81/85/49 83/87/49
f 82/86/49 83/87/49 84/88/49
f 84/88/49 83/87/49 85/89/49
f 86/89/50 87/87/50 88/88/50
f 88/88/50 87/87/50 89/86/50
f 87/87/50 90/85/50 89/86/50
f 89/86/50 90/85/50 91/84/50
f 90/85/50 92/83/50 91/84/50
f 91/84/50 92/83/50 93/82/50
f 92/83/50 94/81/50 93/82/50
f 93/82/50 94/81/50 95/80/50
f 94/81/50 96/79/50 95/80/50
f 95/80/50 96/79/50 97/78/50
f 96/79/50 98/77/50 97/78/50
f 97/78/50 98/77/50 99/76/50
f 98/77/50 100/75/50 99/76/50
f 99/76/50 100/75/50 101/74/50
f 100/75/50 102/73/50 101/74/50
f 101/74/50 102/73/50 103/72/50
f 102/73/50 104/71/50 103/72/50
f 103/72/50 104/71/50 105/70/50
f 104/71/50 106/69/50 105/70/50
f 105/70/50 106/69/50 107/68/50
f 106/69/50 108/67/50 107/68/50
f 107/68/50 108/67/50 109/66/50
f 108/67/50 110/65/50 109/66/50
f 109/66/50 110/65/50 111/64/50
f 110/65/50 112/63/50 111/64/50
f 111/64/50 112/63/50 113/62/50
f 112/63/50 114/61/50 113/62/50
f 113/62/50 114/61/50 115/60/50
f 114/61/50 116/59/50 115/60/50
f 115/60/50 116/59/50 117/58/50
f 116/59/50 118/57/50 117/58/50
f 117/58/50 118/57/50 119/54/50
f 118/57/50 120/56/50 119/54/50
f 120/56/50 121/53/50 119/54/50
f 122/55/50 119/54/50 121/53/50
f 26/90/26 29/91/29 10/92/10
f 29/91/29 26/90/26 123/93/51
f 124/93/52 27/90/27 30/91/30
f 11/92/11 30/91/30 27/90/27
f 125/94/53 9/95/9 31/96/31
f 9/95/9 125/94/53 25/97/25
f 28/97/28 126/94/54 12/95/12
f 32/96/32 12/95/12 126/94/54
f 127/98/55 14/99/14 29/100/29
f 14/99/14 127/98/55 33/101/33
f 36/101/36 128/98/56 15/99/15
f 30/100/30 15/99/15 128/98/56
f 129/102/57 21/103/21 45/104/45
f 21/103/21 129/102/57 31/105/31
f 32/105/32 130/102/58 23/103/23
f 47/104/47 23/103/23 130/102/58
f 131/106/59 34/107/34 33/108/33
f 34/107/34 131/106/59 132/109/60
f 133/109/61 134/106/62 35/107/35
f 36/108/36 35/107/35 134/106/62
f 34/110/34 37/111/37 13/112/13
f 37/111/37 34/110/34 135/113/63
f 136/113/64 35/110/35 38/111/38
f 16/112/16 38/111/38 35/110/35
f 17/114/17 137/115/65 39/116/39
f 137/115/65 17/114/17 37/117/37
f 38/117/38 19/114/19 138/115/66
f 41/116/41 138/115/66 19/114/19
f 40/118/40 139/119/67 140/120/68
f 139/119/67 40/118/40 39/121/39
f 41/121/41 42/118/42 141/119/69
f 142/120/70 141/119/69 42/118/42
f 43/122/43 40/123/40 143/124/71
f 40/123/40 43/122/43 18/125/18
f 20/125/20 44/122/44 42/123/42
f 144/124/72 42/123/42 44/122/44
f 46/126/46 43/127/43 145/128/73
f 43/127/43 46/126/46 22/129/22
f 24/129/24 48/126/48 44/127/44
f 146/128/74 44/127/44 48/126/48
f 147/130/75 46/131/46 148/132/76
f 46/131/46 147/130/75 45/133/45
f 47/133/47 149/130/77 48/131/48
f 150/132/78 48/131/48 149/130/77
f 151/134/79 152/135/80 153/136/81
f 152/135/80 151/134/79 154/137/82
f 155/137/83 156/134/84 157/135/85
f 158/136/86 157/135/85 156/134/84
f 153/138/81 159/139/87 160/140/88
f 159/139/87 153/138/81 152/141/80
f 157/141/85 158/138/86 161/139/89
f 162/140/90 161/139/89 158/138/86
f 160/142/88 163/143/91 164/144/92
f 163/143/91 160/142/88 159/145/87
f 161/145/89 162/142/90 165/143/93
f 166/144/94 165/143/93 162/142/90
f 164/146/92 167/147/95 168/148/96
f 167/147/95 164/146/92 163/149/91
f 165/149/93 166/146/94 169/147/97
f 170/148/98 169/147/97 166/146/94
f 168/150/96 171/151/99 172/152/100
f 171/151/99 168/150/96 167/153/95
f 169/153/97 170/150/98 173/151/101
f 174/152/102 173/151/101 170/150/98
f 172/154/100 175/155/103 176/156/104
f 175/155/103 172/154/100 171/157/99
f 173/157/101 174/154/102 177/155/105
f 178/156/106 177/155/105 174/154/102
f 176/158/104 179/159/107 180/160/108
f 179/159/107 176/158/104 175/161/103
f 177/161/105 178/158/106 181/159/109
f 182/160/110 181/159/109 178/158/106
f 180/162/108 127/163/55 183/164/111
f 127/163/55 180/162/108 179/165/107
f 181/165/109 182/162/110 128/163/56
f 184/164/112 128/163/56 182/162/110
f 183/166/111 29/167/29 123/168/51
f 29/167/29 183/166/111 127/169/55
f 128/169/56 184/166/112 30/167/30
f 124/168/52 30/167/30 184/166/112
f 185/170/113 31/171/31 129/172/57
f 31/171/31 185/170/113 125/173/53
f 126/173/54 186/170/114 32/171/32
f 130/172/58 32/171/32 186/170/114
f 187/174/115 129/175/57 188/176/116
f 129/175/57 187/174/115 185/177/113
f 186/177/114 189/174/117 130/175/58
f 190/176/118 130/175/58 189/174/117
f 191/178/119 188/179/116 192/180/120
f 188/179/116 191/178/119 187/181/115
f 189/181/117 193/178/121 190/179/118
f 194/180/122 190/179/118 193/178/121
f 195/182/123 192/183/120 196/184/124
f 192/183/120 195/182/123 191/185/119
f 193/185/121 197/182/125 194/183/122
f 198/184/126 194/183/122 197/182/125
f 199/186/127 196/187/124 200/188/128
f 196/187/124 199/186/127 195/189/123
f 197/189/125 201/186/129 198/187/126
f 202/188/130 198/187/126 201/186/129
f 203/190/131 200/191/128 204/192/132
f 200/191/128 203/190/131 199/193/127
f 201/193/129 205/190/133 202/191/130
f 206/192/134 202/191/130 205/190/133
f 207/194/135 203/195/131 204/196/132
f 203/195/131 207/194/135 208/197/136
f 209/197/137 210/194/138 205/195/133
f 206/196/134 205/195/133 210/194/138
f 211/198/139 212/197/136 213/194/135
f 212/197/136 211/198/139 214/199/140
f 215/199/141 216/198/142 217/197/137
f 218/194/138 217/197/137 216/198/142
f 219/200/143 214/201/140 211/202/139
f 214/201/140 219/200/143 220/203/144
f 221/203/145 222/200/146 215/201/141
f 216/202/142 215/201/141 222/200/146
f 223/204/147 220/205/144 219/206/143
f 220/205/144 223/204/147 224/207/148
f 225/207/149 226/204/150 221/205/145
f 222/206/146 221/205/145 226/204/150
f 227/208/151 224/209/148 223/210/147
f 224/209/148 227/208/151 228/211/152
f 229/211/153 230/208/154 225/209/149
f 226/210/150 225/209/149 230/208/154
f 231/212/155 228/213/152 227/214/151
f 228/213/152 231/212/155 232/215/156
f 233/215/157 234/212/158 229/213/153
f 230/214/154 229/213/153 234/212/158
f 235/216/159 232/217/156 231/218/155
f 232/217/156 235/216/159 236/219/160
f 237/219/161 238/216/162 233/217/157
f 234/218/158 233/217/157 238/216/162
f 239/220/163 236/221/160 235/222/159
f 236/221/160 239/220/163 240/223/164
f 241/223/165 242/220/166 237/221/161
f 238/222/162 237/221/161 242/220/166
f 243/224/167 240/225/164 239/226/163
f 240/225/164 243/224/167 244/227/168
f 245/227/169 246/224/170 241/225/165
f 242/226/166 241/225/165 246/224/170
f 247/228/171 244/229/168 243/230/167
f 244/229/168 247/228/171 248/231/172
f 249/231/173 250/228/174 245/229/169
f 246/230/170 245/229/169 250/228/174
f 251/232/175 248/233/172 247/234/171
f 248/233/172 251/232/175 252/235/176
f 253/235/177 254/232/178 249/233/173
f 250/234/174 249/233/173 254/232/178
f 251/236/175 255/237/179 252/238/176
f 255/237/179 251/236/175 256/239/180
f 257/239/181 254/236/178 258/237/182
f 253/238/177 258/237/182 254/236/178
f 256/240/180 259/241/183 255/242/179
f 259/241/183 256/240/180 260/243/184
f 261/243/185 257/240/181 262/241/186
f 258/242/182 262/241/186 257/240/181
f 260/244/184 263/245/187 259/246/183
f 263/245/187 260/244/184 264/247/188
f 265/247/189 261/244/185 266/245/190
f 262/246/186 266/245/190 261/244/185
f 264/248/188 267/249/191 263/250/187
f 267/249/191 264/248/188 268/251/192
f 269/251/193 265/248/189 270/249/194
f 266/250/190 270/249/194 265/248/189
f 268/252/192 271/253/195 267/254/191
f 271/253/195 268/252/192 272/255/196
f 273/255/197 269/252/193 274/253/198
f 270/254/194 274/253/198 269/252/193
f 272/256/196 275/257/199 271/258/195
f 275/257/199 272/256/196 276/259/200
f 277/259/201 273/256/197 278/257/202
f 274/258/198 278/257/202 273/256/197
f 276/260/200 279/261/203 275/262/199
f 279/261/203 276/260/200 280/263/204
f 281/263/205 277/260/201 282/261/206
f 278/262/202 282/261/206 277/260/201
f 280/264/204 151/265/79 279/266/203
f 151/265/79 280/264/204 154/267/82
f 155/267/83 281/264/205 156/265/84
f 282/266/206 156/265/84 281/264/205
f 179/268/107 33/269/33 127/270/55
f 33/269/33 179/268/107 131/271/59
f 134/271/62 181/268/109 36/269/36
f 128/270/56 36/269/36 181/268/109
f 188/272/116 45/273/45 147/274/75
f 45/273/45 188/272/116 129/275/57
f 130/275/58 190/272/118 47/273/47
f 149/274/77 47/273/47 190/272/118
f 283/276/207 132/277/60 131/278/59
f 132/277/60 283/276/207 284/279/208
f 285/279/209 286/276/210 133/277/61
f 134/278/62 133/277/61 286/276/210
f 132/280/60 135/281/63 34/282/34
f 135/281/63 132/280/60 287/283/211
f 288/283/212 133/280/61 136/281/64
f 35/282/35 136/281/64 133/280/61
f 135/284/63 137/285/65 37/286/37
f 137/285/65 135/284/63 289/287/213
f 290/287/214 136/284/64 138/285/66
f 38/286/38 138/285/66 136/284/64
f 39/288/39 291/289/215 139/290/67
f 291/289/215 39/288/39 137/291/65
f 138/291/66 41/288/41 292/289/216
f 141/290/69 292/289/216 41/288/41
f 140/292/68 293/293/217 294/294/218
f 293/293/217 140/292/68 139/295/67
f 141/295/69 142/292/70 295/293/219
f 296/294/220 295/293/219 142/292/70
f 143/296/71 140/297/68 297/298/221
f 140/297/68 143/296/71 40/299/40
f 42/299/42 144/296/72 142/297/70
f 298/298/222 142/297/70 144/296/72
f 145/300/73 143/301/71 299/302/223
f 143/301/71 145/300/73 43/303/43
f 44/303/44 146/300/74 144/301/72
f 300/302/224 144/301/72 146/300/74
f 148/304/76 145/305/73 301/306/225
f 145/305/73 148/304/76 46/307/46
f 48/307/48 150/304/78 146/305/74
f 302/306/226 146/305/74 150/304/78
f 303/308/227 148/309/76 304/310/228
f 148/309/76 303/308/227 147/311/75
f 149/311/77 305/308/229 150/309/78
f 306/310/230 150/309/78 305/308/229
f 154/312/82 307/313/231 152/314/80
f 307/313/231 154/312/82 308/315/232
f 309/315/233 155/312/83 310/313/234
f 157/314/85 310/313/234 155/312/83
f 152/316/80 311/317/235 159/318/87
f 311/317/235 152/316/80 307/319/231
f 310/319/234 157/316/85 312/317/236
f 161/318/89 312/317/236 157/316/85
f 159/320/87 313/321/237 163/322/91
f 313/321/237 159/320/87 311/323/235
f 312/323/236 161/320/89 314/321/238
f 165/322/93 314/321/238 161/320/89
f 163/324/91 315/325/239 167/326/95
f 315/325/239 163/324/91 313/327/237
f 314/327/238 165/324/93 316/325/240
f 169/326/97 316/325/240 165/324/93
f 167/328/95 317/329/241 171/330/99
f 317/329/241 167/328/95 315/331/239
f 316/331/240 169/328/97 318/329/242
f 173/330/101 318/329/242 169/328/97
f 171/332/99 283/333/207 175/334/103
f 283/333/207 171/332/99 317/335/241
f 318/335/242 173/332/101 286/333/210
f 177/334/105 286/333/210 173/332/101
f 175/336/103 131/337/59 179/338/107
f 131/337/59 175/336/103 283/339/207
f 286/339/210 177/336/105 134/337/62
f 181/338/109 134/337/62 177/336/105
f 192/340/120 147/341/75 303/342/227
f 147/341/75 192/340/120 188/343/116
f 190/343/118 194/340/122 149/341/77
f 305/342/229 149/341/77 194/340/122
f 196/344/124 303/345/227 319/346/243
f 303/345/227 196/344/124 192/347/120
f 194/347/122 198/344/126 305/345/229
f 320/346/244 305/345/229 198/344/126
f 200/348/128 319/349/243 321/350/245
f 319/349/243 200/348/128 196/351/124
f 198/351/126 202/348/130 320/349/244
f 322/350/246 320/349/244 202/348/130
f 204/352/132 321/353/245 323/354/247
f 321/353/245 204/352/132 200/355/128
f 202/355/130 206/352/134 322/353/246
f 324/354/248 322/353/246 206/352/134
f 325/356/249 204/357/132 323/358/247
f 204/357/132 325/356/249 207/359/135
f 210/359/138 326/356/250 206/357/134
f 324/358/248 206/357/134 326/356/250
f 327/360/251 213/359/135 328/356/249
f 213/359/135 327/360/251 211/361/139
f 216/361/142 329/360/252 218/359/138
f 330/356/250 218/359/138 329/360/252
f 331/362/253 211/363/139 327/364/251
f 211/363/139 331/362/253 219/365/143
f 222/365/146 332/362/254 216/363/142
f 329/364/252 216/363/142 332/362/254
f 333/366/255 219/367/143 331/368/253
f 219/367/143 333/366/255 223/369/147
f 226/369/150 334/366/256 222/367/146
f 332/368/254 222/367/146 334/366/256
f 335/370/257 223/371/147 333/372/255
f 223/371/147 335/370/257 227/373/151
f 230/373/154 336/370/258 226/371/150
f 334/372/256 226/371/150 336/370/258
f 337/374/259 227/375/151 335/376/257
f 227/375/151 337/374/259 231/377/155
f 234/377/158 338/374/260 230/375/154
f 336/376/258 230/375/154 338/374/260
f 339/378/261 231/379/155 337/380/259
f 231/379/155 339/378/261 235/381/159
f 238/381/162 340/378/262 234/379/158
f 338/380/260 234/379/158 340/378/262
f 341/382/263 235/383/159 339/384/261
f 235/383/159 341/382/263 239/385/163
f 242/385/166 342/382/264 238/383/162
f 340/384/262 238/383/162 342/382/264
f 343/386/265 239/387/163 341/388/263
f 239/387/163 343/386/265 243/389/167
f 246/389/170 344/386/266 242/387/166
f 342/388/264 242/387/166 344/386/266
f 345/390/267 243/391/167 343/392/265
f 243/391/167 345/390/267 247/393/171
f 250/393/174 346/390/268 246/391/170
f 344/392/266 246/391/170 346/390/268
f 347/394/269 247/395/171 345/396/267
f 247/395/171 347/394/269 251/397/175
f 254/397/178 348/394/270 250/395/174
f 346/396/268 250/395/174 348/394/270
f 347/398/269 256/399/180 251/400/175
f 256/399/180 347/398/269 349/401/271
f 350/401/272 348/398/270 257/399/181
f 254/400/178 257/399/181 348/398/270
f 349/402/271 260/403/184 256/404/180
f 260/403/184 349/402/271 351/405/273
f 352/405/274 350/402/272 261/403/185
f 257/404/181 261/403/185 350/402/272
f 351/406/273 264/407/188 260/408/184
f 264/407/188 351/406/273 353/409/275
f 354/409/276 352/406/274 265/407/189
f 261/408/185 265/407/189 352/406/274
f 353/410/275 268/411/192 264/412/188
f 268/411/192 353/410/275 355/413/277
f 356/413/278 354/410/276 269/411/193
f 265/412/189 269/411/193 354/410/276
f 355/414/277 272/415/196 268/416/192
f 272/415/196 355/414/277 357/417/279
f 358/417/280 356/414/278 273/415/197
f 269/416/193 273/415/197 356/414/278
f 357/418/279 276/419/200 272/420/196
f 276/419/200 357/418/279 359/421/281
f 360/421/282 358/418/280 277/419/201
f 273/420/197 277/419/201 358/418/280
f 359/422/281 280/423/204 276/424/200
f 280/423/204 359/422/281 361/425/283
f 362/425/284 360/422/282 281/423/205
f 277/424/201 281/423/205 360/422/282
f 361/426/283 154/427/82 280/428/204
f 154/427/82 361/426/283 308/429/232
f 309/429/233 362/426/284 155/427/83
f 281/428/205 155/427/83 362/426/284
f 317/430/241 284/431/208 283/432/207
f 284/431/208 317/430/241 363/433/285
f 364/433/286 318/430/242 285/431/209
f 286/432/210 285/431/209 318/430/242
f 284/434/208 287/435/211 132/436/60
f 287/435/211 284/434/208 365/437/287
f 366/437/288 285/434/209 288/435/212
f 133/436/61 288/435/212 285/434/209
f 287/438/211 289/439/213 135/440/63
f 289/439/213 287/438/211 367/441/289
f 368/441/290 288/438/212 290/439/214
f 136/440/64 290/439/214 288/438/212
f 137/442/65 369/443/291 291/444/215
f 369/443/291 137/442/65 289/445/213
f 290/445/214 138/442/66 370/443/292
f 292/444/216 370/443/292 138/442/66
f 139/446/67 371/447/293 293/448/217
f 371/447/293 139/446/67 291/449/215
f 292/449/216 141/446/69 372/447/294
f 295/448/219 372/447/294 141/446/69
f 294/450/218 373/451/295 374/452/296
f 373/451/295 294/450/218 293/453/217
f 295/453/219 296/450/220 375/451/297
f 376/452/298 375/451/297 296/450/220
f 297/454/221 294/455/218 377/456/299
f 294/455/218 297/454/221 140/457/68
f 142/457/70 298/454/222 296/455/220
f 378/456/300 296/455/220 298/454/222
f 299/458/223 297/459/221 379/460/301
f 297/459/221 299/458/223 143/461/71
f 144/461/72 300/458/224 298/459/222
f 380/460/302 298/459/222 300/458/224
f 301/462/225 299/463/223 381/464/303
f 299/463/223 301/462/225 145/465/73
f 146/465/74 302/462/226 300/463/224
f 382/464/304 300/463/224 302/462/226
f 304/466/228 301/467/225 383/468/305
f 301/467/225 304/466/228 148/469/76
f 150/469/78 306/466/230 302/467/226
f 384/468/306 302/467/226 306/466/230
f 319/470/243 304/471/228 385/472/307
f 304/471/228 319/470/243 303/473/227
f 305/473/229 320/470/244 306/471/230
f 386/472/308 306/471/230 320/470/244
f 308/474/232 387/475/309 307/476/231
f 387/475/309 308/474/232 388/477/310
f 389/477/311 309/474/233 390/475/312
f 310/476/234 390/475/312 309/474/233
f 307/478/231 391/479/313 311/480/235
f 391/479/313 307/478/231 387/481/309
f 390/481/312 310/478/234 392/479/314
f 312/480/236 392/479/314 310/478/234
f 311/482/235 393/483/315 313/484/237
f 393/483/315 311/482/235 391/485/313
f 392/485/314 312/482/236 394/483/316
f 314/484/238 394/483/316 312/482/236
f 313/486/237 395/487/317 315/488/239
f 395/487/317 313/486/237 393/489/315
f 394/489/316 314/486/238 396/487/318
f 316/488/240 396/487/318 314/486/238
f 315/490/239 363/491/285 317/492/241
f 363/491/285 315/490/239 395/493/317
f 396/493/318 316/490/240 364/491/286
f 318/492/242 364/491/286 316/490/240
f 321/494/245 385/495/307 397/496/319
f 385/495/307 321/494/245 319/497/243
f 320/497/244 322/494/246 386/495/308
f 398/496/320 386/495/308 322/494/246
f 323/498/247 397/499/319 399/500/321
f 397/499/319 323/498/247 321/501/245
f 322/501/246 324/498/248 398/499/320
f 400/500/322 398/499/320 324/498/248
f 401/502/323 323/503/247 399/504/321
f 323/503/247 401/502/323 325/505/249
f 326/505/250 402/502/324 324/503/248
f 400/504/322 324/503/248 402/502/324
f 403/506/325 328/505/249 404/502/323
f 328/505/249 403/506/325 327/507/251
f 329/507/252 405/506/326 330/505/250
f 406/502/324 330/505/250 405/506/326
f 407/508/327 327/509/251 403/510/325
f 327/509/251 407/508/327 331/511/253
f 332/511/254 408/508/328 329/509/252
f 405/510/326 329/509/252 408/508/328
f 409/512/329 331/513/253 407/514/327
f 331/513/253 409/512/329 333/515/255
f 334/515/256 410/512/330 332/513/254
f 408/514/328 332/513/254 410/512/330
f 411/516/331 333/517/255 409/518/329
f 333/517/255 411/516/331 335/519/257
f 336/519/258 412/516/332 334/517/256
f 410/518/330 334/517/256 412/516/332
f 413/520/333 335/521/257 411/522/331
f 335/521/257 413/520/333 337/523/259
f 338/523/260 414/520/334 336/521/258
f 412/522/332 336/521/258 414/520/334
f 415/524/335 337/525/259 413/526/333
f 337/525/259 415/524/335 339/527/261
f 340/527/262 416/524/336 338/525/260
f 414/526/334 338/525/260 416/524/336
f 417/528/337 339/529/261 415/530/335
f 339/529/261 417/528/337 341/531/263
f 342/531/264 418/528/338 340/529/262
f 416/530/336 340/529/262 418/528/338
f 419/532/339 341/533/263 417/534/337
f 341/533/263 419/532/339 343/535/265
f 344/535/266 420/532/340 342/533/264
f 418/534/338 342/533/264 420/532/340
f 421/536/341 343/537/265 419/538/339
f 343/537/265 421/536/341 345/539/267
f 346/539/268 422/536/342 344/537/266
f 420/538/340 344/537/266 422/536/342
f 423/540/343 345/541/267 421/542/341
f 345/541/267 423/540/343 347/543/269
f 348/543/270 424/540/344 346/541/268
f 422/542/342 346/541/268 424/540/344
f 423/544/343 349/545/271 347/546/269
f 349/545/271 423/544/343 425/547/345
f 426/547/346 424/544/344 350/545/272
f 348/546/270 350/545/272 424/544/344
f 425/548/345 351/549/273 349/550/271
f 351/549/273 425/548/345 427/551/347
f 428/551/348 426/548/346 352/549/274
f 350/550/272 352/549/274 426/548/346
f 427/552/347 353/553/275 351/554/273
f 353/553/275 427/552/347 429/555/349
f 430/555/350 428/552/348 354/553/276
f 352/554/274 354/553/276 428/552/348
f 429/556/349 355/557/277 353/558/275
f 355/557/277 429/556/349 431/559/351
f 432/559/352 430/556/350 356/557/278
f 354/558/276 356/557/278 430/556/350
f 431/560/351 357/561/279 355/562/277
f 357/561/279 431/560/351 433/563/353
f 434/563/354 432/560/352 358/561/280
f 356/562/278 358/561/280 432/560/352
f 433/564/353 359/565/281 357/566/279
f 359/565/281 433/564/353 435/567/355
f 436/567/356 434/564/354 360/565/282
f 358/566/280 360/565/282 434/564/354
f 435/568/355 361/569/283 359/570/281
f 361/569/283 435/568/355 437/571/357
f 438/571/358 436/568/356 362/569/284
f 360/570/282 362/569/284 436/568/356
f 437/572/357 308/573/232 361/574/283
f 308/573/232 437/572/357 388/575/310
f 389/575/311 438/572/358 309/573/233
f 362/574/284 309/573/233 438/572/358
f 363/576/285 365/577/287 284/578/208
f 365/577/287 363/576/285 439/579/359
f 440/579/360 364/576/286 366/577/288
f 285/578/209 366/577/288 364/576/286
f 365/580/287 367/581/289 287/582/211
f 367/581/289 365/580/287 441/583/361
f 442/583/362 366/580/288 368/581/290
f 288/582/212 368/581/290 366/580/288
f 289/584/213 443/585/363 369/586/291
f 443/585/363 289/584/213 367/587/289
f 368/587/290 290/584/214 444/585/364
f 370/586/292 444/585/364 290/584/214
f 291/588/215 445/589/365 371/590/293
f 445/589/365 291/588/215 369/591/291
f 370/591/292 292/588/216 446/589/366
f 372/590/294 446/589/366 292/588/216
f 293/592/217 447/593/367 373/594/295
f 447/593/367 293/592/217 371/595/293
f 372/595/294 295/592/219 448/593/368
f 375/594/297 448/593/368 295/592/219
f 374/596/296 449/597/369 450/598/370
f 449/597/369 374/596/296 373/599/295
f 375/599/297 376/596/298 451/597/371
f 452/598/372 451/597/371 376/596/298
f 377/600/299 374/601/296 453/602/373
f 374/601/296 377/600/299 294/603/218
f 296/603/220 378/600/300 376/601/298
f 454/602/374 376/601/298 378/600/300
f 379/604/301 377/605/299 455/606/375
f 377/605/299 379/604/301 297/607/221
f 298/607/222 380/604/302 378/605/300
f 456/606/376 378/605/300 380/604/302
f 381/608/303 379/609/301 457/610/377
f 379/609/301 381/608/303 299/611/223
f 300/611/224 382/608/304 380/609/302
f 458/610/378 380/609/302 382/608/304
f 383/612/305 381/613/303 459/614/379
f 381/613/303 383/612/305 301/615/225
f 302/615/226 384/612/306 382/613/304
f 460/614/380 382/613/304 384/612/306
f 385/616/307 383/617/305 461/618/381
f 383/617/305 385/616/307 304/619/228
f 306/619/230 386/616/308 384/617/306
f 462/618/382 384/617/306 386/616/308
f 388/620/310 463/621/383 387/622/309
f 463/621/383 388/620/310 464/623/384
f 465/623/385 389/620/311 466/621/386
f 390/622/312 466/621/386 389/620/311
f 387/624/309 467/625/387 391/626/313
f 467/625/387 387/624/309 463/627/383
f 466/627/386 390/624/312 468/625/388
f 392/626/314 468/625/388 390/624/312
f 391/628/313 469/629/389 393/630/315
f 469/629/389 391/628/313 467/631/387
f 468/631/388 392/628/314 470/629/390
f 394/630/316 470/629/390 392/628/314
f 393/632/315 471/633/391 395/634/317
f 471/633/391 393/632/315 469/635/389
f 470/635/390 394/632/316 472/633/392
f 396/634/318 472/633/392 394/632/316
f 395/636/317 439/637/359 363/638/285
f 439/637/359 395/636/317 471/639/391
f 472/639/392 396/636/318 440/637/360
f 364/638/286 440/637/360 396/636/318
f 397/640/319 461/641/381 473/642/393
f 461/641/381 397/640/319 385/643/307
f 386/643/308 398/640/320 462/641/382
f 474/642/394 462/641/382 398/640/320
f 399/644/321 473/645/393 475/646/395
f 473/645/393 399/644/321 397/647/319
f 398/647/320 400/644/322 474/645/394
f 476/646/396 474/645/394 400/644/322
f 477/648/397 399/649/321 475/650/395
f 399/649/321 477/648/397 401/651/323
f 402/651/324 478/648/398 400/649/322
f 476/650/396 400/649/322 478/648/398
f 479/652/399 404/651/323 480/648/397
f 404/651/323 479/652/399 403/653/325
f 405/653/326 481/652/400 406/651/324
f 482/648/398 406/651/324 481/652/400
f 483/654/401 403/655/325 479/656/399
f 403/655/325 483/654/401 407/657/327
f 408/657/328 484/654/402 405/655/326
f 481/656/400 405/655/326 484/654/402
f 485/658/403 407/659/327 483/660/401
f 407/659/327 485/658/403 409/661/329
f 410/661/330 486/658/404 408/659/328
f 484/660/402 408/659/328 486/658/404
f 487/662/405 409/663/329 485/664/403
f 409/663/329 487/662/405 411/665/331
f 412/665/332 488/662/406 410/663/330
f 486/664/404 410/663/330 488/662/406
f 489/666/407 411/667/331 487/668/405
f 411/667/331 489/666/407 413/669/333
f 414/669/334 490/666/408 412/667/332
f 488/668/406 412/667/332 490/666/408
f 491/670/409 413/671/333 489/672/407
f 413/671/333 491/670/409 415/673/335
f 416/673/336 492/670/410 414/671/334
f 490/672/408 414/671/334 492/670/410
f 493/674/411 415/675/335 491/676/409
f 415/675/335 493/674/411 417/677/337
f 418/677/338 494/674/412 416/675/336
f 492/676/410 416/675/336 494/674/412
f 495/678/413 417/679/337 493/680/411
f 417/679/337 495/678/413 419/681/339
f 420/681/340 496/678/414 418/679/338
f 494/680/412 418/679/338 496/678/414
f 497/682/415 419/683/339 495/684/413
f 419/683/339 497/682/415 421/685/341
f 422/685/342 498/682/416 420/683/340
f 496/684/414 420/683/340 498/682/416
f 499/686/417 421/687/341 497/688/415
f 421/687/341 499/686/417 423/689/343
f 424/689/344 500/686/418 422/687/342
f 498/688/416 422/687/342 500/686/418
f 499/690/417 425/691/345 423/692/343
f 425/691/345 499/690/417 501/693/419
f 502/693/420 500/690/418 426/691/346
f 424/692/344 426/691/346 500/690/418
f 501/694/419 427/695/347 425/696/345
f 427/695/347 501/694/419 503/697/421
f 504/697/422 502/694/420 428/695/348
f 426/696/346 428/695/348 502/694/420
f 503/698/421 429/699/349 427/700/347
f 429/699/349 503/698/421 505/701/423
f 506/701/424 504/698/422 430/699/350
f 428/700/348 430/699/350 504/698/422
f 505/702/423 431/703/351 429/704/349
f 431/703/351 505/702/423 507/705/425
f 508/705/426 506/702/424 432/703/352
f 430/704/350 432/703/352 506/702/424
f 507/706/425 433/707/353 431/708/351
f 433/707/353 507/706/425 509/709/427
f 510/709/428 508/706/426 434/707/354
f 432/708/352 434/707/354 508/706/426
f 509/710/427 435/711/355 433/712/353
f 435/711/355 509/710/427 511/713/429
f 512/713/430 510/710/428 436/711/356
f 434/712/354 436/711/356 510/710/428
f 511/714/429 437/715/357 435/716/355
f 437/715/357 511/714/429 513/717/431
f 514/717/432 512/714/430 438/715/358
f 436/716/356 438/715/358 512/714/430
f 513/718/431 388/719/310 437/720/357
f 388/719/310 513/718/431 464/721/384
f 465/721/385 514/718/432 389/719/311
f 438/720/358 389/719/311 514/718/432
f 439/722/359 441/723/361 365/724/287
f 441/723/361 439/722/359 515/725/433
f 516/725/434 440/722/360 442/723/362
f 366/724/288 442/723/362 440/722/360
f 367/726/289 517/727/435 443/728/363
f 517/727/435 367/726/289 441/729/361
f 442/729/362 368/726/290 518/727/436
f 444/728/364 518/727/436 368/726/290
f 369/730/291 519/731/437 445/732/365
f 519/731/437 369/730/291 443/733/363
f 444/733/364 370/730/292 520/731/438
f 446/732/366 520/731/438 370/730/292
f 371/734/293 521/735/439 447/736/367
f 521/735/439 371/734/293 445/737/365
f 446/737/366 372/734/294 522/735/440
f 448/736/368 522/735/440 372/734/294
f 373/738/295 523/739/441 449/740/369
f 523/739/441 373/738/295 447/741/367
f 448/741/368 375/738/297 524/739/442
f 451/740/371 524/739/442 375/738/297
f 450/742/370 525/743/443 526/744/444
f 525/743/443 450/742/370 449/745/369
f 451/745/371 452/742/372 527/743/445
f 528/744/446 527/743/445 452/742/372
f 453/746/373 450/747/370 529/748/447
f 450/747/370 453/746/373 374/749/296
f 376/749/298 454/746/374 452/747/372
f 530/748/448 452/747/372 454/746/374
f 455/750/375 453/751/373 531/752/449
f 453/751/373 455/750/375 377/753/299
f 378/753/300 456/750/376 454/751/374
f 532/752/450 454/751/374 456/750/376
f 457/754/377 455/755/375 533/756/451
f 455/755/375 457/754/377 379/757/301
f 380/757/302 458/754/378 456/755/376
f 534/756/452 456/755/376 458/754/378
f 459/758/379 457/759/377 535/760/453
f 457/759/377 459/758/379 381/761/303
f 382/761/304 460/758/380 458/759/378
f 536/760/454 458/759/378 460/758/380
f 461/762/381 459/763/379 537/764/455
f 459/763/379 461/762/381 383/765/305
f 384/765/306 462/762/382 460/763/380
f 538/764/456 460/763/380 462/762/382
f 464/766/384 539/767/457 463/768/383
f 539/767/457 464/766/384 540/769/458
f 541/769/459 465/766/385 542/767/460
f 466/768/386 542/767/460 465/766/385
f 463/770/383 543/771/461 467/772/387
f 543/771/461 463/770/383 539/773/457
f 542/773/460 466/770/386 544/771/462
f 468/772/388 544/771/462 466/770/386
f 467/774/387 545/775/463 469/776/389
f 545/775/463 467/774/387 543/777/461
f 544/777/462 468/774/388 546/775/464
f 470/776/390 546/775/464 468/774/388
f 469/778/389 547/779/465 471/780/391
f 547/779/465 469/778/389 545/781/463
f 546/781/464 470/778/390 548/779/466
f 472/780/392 548/779/466 470/778/390
f 471/782/391 515/783/433 439/784/359
f 515/783/433 471/782/391 547/785/465
f 548/785/466 472/782/392 516/783/434
f 440/784/360 516/783/434 472/782/392
f 473/786/393 537/787/455 549/788/467
f 537/787/455 473/786/393 461/789/381
f 462/789/382 474/786/394 538/787/456
f 550/788/468 538/787/456 474/786/394
f 475/790/395 549/791/467 551/792/469
f 549/791/467 475/790/395 473/793/393
f 474/793/394 476/790/396 550/791/468
f 552/792/470 550/791/468 476/790/396
f 553/794/471 475/795/395 551/796/469
f 475/795/395 553/794/471 477/797/397
f 478/797/398 554/794/472 476/795/396
f 552/796/470 476/795/396 554/794/472
f 555/798/473 480/797/397 556/794/471
f 480/797/397 555/798/473 479/799/399
f 481/799/400 557/798/474 482/797/398
f 558/794/472 482/797/398 557/798/474
f 559/800/475 479/801/399 555/802/473
f 479/801/399 559/800/475 483/803/401
f 484/803/402 560/800/476 481/801/400
f 557/802/474 481/801/400 560/800/476
f 561/804/477 483/805/401 559/806/475
f 483/805/401 561/804/477 485/807/403
f 486/807/404 562/804/478 484/805/402
f 560/806/476 484/805/402 562/804/478
f 563/808/479 485/809/403 561/810/477
f 485/809/403 563/808/479 487/811/405
f 488/811/406 564/808/480 486/809/404
f 562/810/478 486/809/404 564/808/480
f 565/812/481 487/813/405 563/814/479
f 487/813/405 565/812/481 489/815/407
f 490/815/408 566/812/482 488/813/406
f 564/814/480 488/813/406 566/812/482
f 567/816/483 489/817/407 565/818/481
f 489/817/407 567/816/483 491/819/409
f 492/819/410 568/816/484 490/817/408
f 566/818/482 490/817/408 568/816/484
f 569/820/485 491/821/409 567/822/483
f 491/821/409 569/820/485 493/823/411
f 494/823/412 570/820/486 492/821/410
f 568/822/484 492/821/410 570/820/486
f 571/824/487 493/825/411 569/826/485
f 493/825/411 571/824/487 495/827/413
f 496/827/414 572/824/488 494/825/412
f 570/826/486 494/825/412 572/824/488
f 573/828/489 495/829/413 571/830/487
f 495/829/413 573/828/489 497/831/415
f 498/831/416 574/828/490 496/829/414
f 572/830/488 496/829/414 574/828/490
f 575/832/491 497/833/415 573/834/489
f 497/833/415 575/832/491 499/835/417
f 500/835/418 576/832/492 498/833/416
f 574/834/490 498/833/416 576/832/492
f 575/836/491 501/837/419 499/838/417
f 501/837/419 575/836/491 577/839/493
f 578/839/494 576/836/492 502/837/420
f 500/838/418 502/837/420 576/836/492
f 577/840/493 503/841/421 501/842/419
f 503/841/421 577/840/493 579/843/495
f 580/843/496 578/840/494 504/841/422
f 502/842/420 504/841/422 578/840/494
f 579/844/495 505/845/423 503/846/421
f 505/845/423 579/844/495 581/847/497
f 582/847/498 580/844/496 506/845/424
f 504/846/422 506/845/424 580/844/496
f 581/848/497 507/849/425 505/850/423
f 507/849/425 581/848/497 583/851/499
f 584/851/500 582/848/498 508/849/426
f 506/850/424 508/849/426 582/848/498
f 583/852/499 509/853/427 507/854/425
f 509/853/427 583/852/499 585/855/501
f 586/855/502 584/852/500 510/853/428
f 508/854/426 510/853/428 584/852/500
f 585/856/501 511/857/429 509/858/427
f 511/857/429 585/856/501 587/859/503
f 588/859/504 586/856/502 512/857/430
f 510/858/428 512/857/430 586/856/502
f 587/860/503 513/861/431 511/862/429
f 513/861/431 587/860/503 589/863/505
f 590/863/506 588/860/504 514/861/432
f 512/862/430 514/861/432 588/860/504
f 589/864/505 464/865/384 513/866/431
f 464/865/384 589/864/505 540/867/458
f 541/867/459 590/864/506 465/865/385
f 514/866/432 465/865/385 590/864/506
f 515/868/433 517/869/435 441/870/361
f 517/869/435 515/868/433 591/871/507
f 592/871/508 516/868/434 518/869/436
f 442/870/362 518/869/436 516/868/434
f 443/872/363 593/873/509 519/874/437
f 593/873/509 443/872/363 517/875/435
f 518/875/436 444/872/364 594/873/510
f 520/874/438 594/873/510 444/872/364
f 445/876/365 595/877/511 521/878/439
f 595/877/511 445/876/365 519/879/437
f 520/879/438 446/876/366 596/877/512
f 522/878/440 596/877/512 446/876/366
f 447/880/367 597/881/513 523/882/441
f 597/881/513 447/880/367 521/883/439
f 522/883/440 448/880/368 598/881/514
f 524/882/442 598/881/514 448/880/368
f 449/884/369 599/885/515 525/886/443
f 599/885/515 449/884/369 523/887/441
f 524/887/442 451/884/371 600/885/516
f 527/886/445 600/885/516 451/884/371
f 601/888/517 602/889/518 603/890/517
f 602/889/518 601/888/517 604/891/518
f 605/891/519 606/888/520 607/889/519
f 608/890/520 607/889/519 606/888/520
f 529/892/447 526/893/444 609/894/521
f 526/893/444 529/892/447 450/895/370
f 452/895/372 530/892/448 528/893/446
f 610/894/522 528/893/446 530/892/448
f 531/896/449 529/897/447 611/898/523
f 529/897/447 531/896/449 453/899/373
f 454/899/374 532/896/450 530/897/448
f 612/898/524 530/897/448 532/896/450
f 533/900/451 531/901/449 613/902/525
f 531/901/449 533/900/451 455/903/375
f 456/903/376 534/900/452 532/901/450
f 614/902/526 532/901/450 534/900/452
f 457/904/377 615/905/527 535/906/453
f 615/905/527 457/904/377 533/907/451
f 534/907/452 458/904/378 616/905/528
f 536/906/454 616/905/528 458/904/378
f 459/908/379 617/909/529 537/910/455
f 617/909/529 459/908/379 535/911/453
f 536/911/454 460/908/380 618/909/530
f 538/910/456 618/909/530 460/908/380
f 619/912/531 540/913/458 620/914/532
f 540/913/458 619/912/531 539/915/457
f 542/915/460 621/912/533 541/913/459
f 622/914/534 541/913/459 621/912/533
f 619/916/531 543/917/461 539/918/457
f 543/917/461 619/916/531 623/919/535
f 624/919/536 621/916/533 544/917/462
f 542/918/460 544/917/462 621/916/533
f 623/920/535 545/921/463 543/922/461
f 545/921/463 623/920/535 625/923/537
f 626/923/538 624/920/536 546/921/464
f 544/922/462 546/921/464 624/920/536
f 545/924/463 627/925/539 547/926/465
f 627/925/539 545/924/463 625/927/537
f 626/927/538 546/924/464 628/925/540
f 548/926/466 628/925/540 546/924/464
f 547/928/465 591/929/507 515/930/433
f 591/929/507 547/928/465 627/931/539
f 628/931/540 548/928/466 592/929/508
f 516/930/434 592/929/508 548/928/466
f 537/932/455 629/933/541 549/934/467
f 629/933/541 537/932/455 617/935/529
f 618/935/530 538/932/456 630/933/542
f 550/934/468 630/933/542 538/932/456
f 549/936/467 631/937/543 551/938/469
f 631/937/543 549/936/467 629/939/541
f 630/939/542 550/936/468 632/937/544
f 552/938/470 632/937/544 550/936/468
f 553/940/471 631/941/543 633/942/545
f 631/941/543 553/940/471 551/943/469
f 552/943/470 554/940/472 632/941/544
f 634/942/546 632/941/544 554/940/472
f 555/944/473 635/942/545 636/945/547
f 635/942/545 555/944/473 556/940/471
f 558/940/472 557/944/474 637/942/546
f 638/945/548 637/942/546 557/944/474
f 559/946/475 636/947/547 639/948/549
f 636/947/547 559/946/475 555/949/473
f 557/949/474 560/946/476 638/947/548
f 640/948/550 638/947/548 560/946/476
f 561/950/477 639/951/549 641/952/551
f 639/951/549 561/950/477 559/953/475
f 560/953/476 562/950/478 640/951/550
f 642/952/552 640/951/550 562/950/478
f 643/954/553 561/955/477 641/956/551
f 561/955/477 643/954/553 563/957/479
f 564/957/480 644/954/554 562/955/478
f 642/956/552 562/955/478 644/954/554
f 645/958/555 563/959/479 643/960/553
f 563/959/479 645/958/555 565/961/481
f 566/961/482 646/958/556 564/959/480
f 644/960/554 564/959/480 646/958/556
f 647/962/557 565/963/481 645/964/555
f 565/963/481 647/962/557 567/965/483
f 568/965/484 648/962/558 566/963/482
f 646/964/556 566/963/482 648/962/558
f 569/966/485 647/967/557 649/968/559
f 647/967/557 569/966/485 567/969/483
f 568/969/484 570/966/486 648/967/558
f 650/968/560 648/967/558 570/966/486
f 571/970/487 649/971/559 651/972/561
f 649/971/559 571/970/487 569/973/485
f 570/973/486 572/970/488 650/971/560
f 652/972/562 650/971/560 572/970/488
f 573/974/489 651/975/561 653/976/563
f 651/975/561 573/974/489 571/977/487
f 572/977/488 574/974/490 652/975/562
f 654/976/564 652/975/562 574/974/490
f 575/978/491 653/979/563 655/980/565
f 653/979/563 575/978/491 573/981/489
f 574/981/490 576/978/492 654/979/564
f 656/980/566 654/979/564 576/978/492
f 577/982/493 655/983/565 657/984/567
f 655/983/565 577/982/493 575/985/491
f 576/985/492 578/982/494 656/983/566
f 658/984/568 656/983/566 578/982/494
f 579/986/495 657/987/567 659/988/569
f 657/987/567 579/986/495 577/989/493
f 578/989/494 580/986/496 658/987/568
f 660/988/570 658/987/568 580/986/496
f 659/990/569 581/991/497 579/992/495
f 581/991/497 659/990/569 661/993/571
f 662/993/572 660/990/570 582/991/498
f 580/992/496 582/991/498 660/990/570
f 661/994/571 583/995/499 581/996/497
f 583/995/499 661/994/571 663/997/573
f 664/997/574 662/994/572 584/995/500
f 582/996/498 584/995/500 662/994/572
f 663/998/573 585/999/501 583/1000/499
f 585/999/501 663/998/573 665/1001/575
f 666/1001/576 664/998/574 586/999/502
f 584/1000/500 586/999/502 664/998/574
f 667/1002/577 585/1003/501 665/1004/575
f 585/1003/501 667/1002/577 587/1005/503
f 588/1005/504 668/1002/578 586/1003/502
f 666/1004/576 586/1003/502 668/1002/578
f 669/1006/579 587/1007/503 667/1008/577
f 587/1007/503 669/1006/579 589/1009/505
f 590/1009/506 670/1006/580 588/1007/504
f 668/1008/578 588/1007/504 670/1006/580
f 620/1010/532 589/1011/505 669/1012/579
f 589/1011/505 620/1010/532 540/1013/458
f 541/1013/459 622/1010/534 590/1011/506
f 670/1012/580 590/1011/506 622/1010/534
f 517/1014/435 671/1015/581 593/1016/509
f 671/1015/581 517/1014/435 591/1017/507
f 592/1017/508 518/1014/436 672/1015/582
f 594/1016/510 672/1015/582 518/1014/436
f 519/1018/437 673/1019/583 595/1020/511
f 673/1019/583 519/1018/437 593/1021/509
f 594/1021/510 520/1018/438 674/1019/584
f 596/1020/512 674/1019/584 520/1018/438
f 521/1022/439 675/1023/585 597/1024/513
f 675/1023/585 521/1022/439 595/1025/511
f 596/1025/512 522/1022/440 676/1023/586
f 598/1024/514 676/1023/586 522/1022/440
f 523/1026/441 677/1027/587 599/1028/515
f 677/1027/587 523/1026/441 597/1029/513
f 598/1029/514 524/1026/442 678/1027/588
f 600/1028/516 678/1027/588 524/1026/442
f 604/1030/518 679/1031/589 602/1032/518
f 679/1031/589 604/1030/518 680/1033/589
f 681/1033/590 605/1030/519 682/1031/590
f 607/1032/519 682/1031/590 605/1030/519
f 683/1034/591 684/1035/592 685/1036/593
f 684/1035/592 683/1034/591 686/1037/594
f 687/1037/595 688/1034/596 689/1035/597
f 690/1036/598 689/1035/597 688/1034/596
f 691/1038/599 603/1039/517 692/1040/599
f 603/1039/517 691/1038/599 601/1041/517
f 606/1041/520 693/1038/600 608/1039/520
f 694/1040/600 608/1039/520 693/1038/600
f 611/1042/523 609/1043/521 695/1044/601
f 609/1043/521 611/1042/523 529/1045/447
f 530/1045/448 612/1042/524 610/1043/522
f 696/1044/602 610/1043/522 612/1042/524
f 613/1046/525 611/1047/523 697/1048/603
f 611/1047/523 613/1046/525 531/1049/449
f 532/1049/450 614/1046/526 612/1047/524
f 698/1048/604 612/1047/524 614/1046/526
f 533/1050/451 699/1051/605 615/1052/527
f 699/1051/605 533/1050/451 613/1053/525
f 614/1053/526 534/1050/452 700/1051/606
f 616/1052/528 700/1051/606 534/1050/452
f 535/1054/453 701/1055/607 617/1056/529
f 701/1055/607 535/1054/453 615/1057/527
f 616/1057/528 536/1054/454 702/1055/608
f 618/1056/530 702/1055/608 536/1054/454
f 703/1058/609 620/1059/532 704/1060/610
f 620/1059/532 703/1058/609 619/1061/531
f 621/1061/533 705/1058/611 622/1059/534
f 706/1060/612 622/1059/534 705/1058/611
f 703/1062/609 623/1063/535 619/1064/531
f 623/1063/535 703/1062/609 707/1065/613
f 708/1065/614 705/1062/611 624/1063/536
f 621/1064/533 624/1063/536 705/1062/611
f 707/1066/613 625/1067/537 623/1068/535
f 625/1067/537 707/1066/613 709/1069/615
f 710/1069/616 708/1066/614 626/1067/538
f 624/1068/536 626/1067/538 708/1066/614
f 709/1070/615 627/1071/539 625/1072/537
f 627/1071/539 709/1070/615 711/1073/617
f 712/1073/618 710/1070/616 628/1071/540
f 626/1072/538 628/1071/540 710/1070/616
f 711/1074/617 591/1075/507 627/1076/539
f 591/1075/507 711/1074/617 671/1077/581
f 672/1077/582 712/1074/618 592/1075/508
f 628/1076/540 592/1075/508 712/1074/618
f 617/1078/529 713/1079/619 629/1080/541
f 713/1079/619 617/1078/529 701/1081/607
f 702/1081/608 618/1078/530 714/1079/620
f 630/1080/542 714/1079/620 618/1078/530
f 629/1082/541 715/1083/621 631/1084/543
f 715/1083/621 629/1082/541 713/1085/619
f 714/1085/620 630/1082/542 716/1083/622
f 632/1084/544 716/1083/622 630/1082/542
f 633/1086/545 715/1087/621 717/1088/623
f 715/1087/621 633/1086/545 631/1089/543
f 632/1089/544 634/1086/546 716/1087/622
f 718/1088/624 716/1087/622 634/1086/546
f 636/1090/547 719/1088/623 720/1091/625
f 719/1088/623 636/1090/547 635/1086/545
f 637/1086/546 638/1090/548 721/1088/624
f 722/1091/626 721/1088/624 638/1090/548
f 639/1092/549 720/1093/625 723/1094/627
f 720/1093/625 639/1092/549 636/1095/547
f 638/1095/548 640/1092/550 722/1093/626
f 724/1094/628 722/1093/626 640/1092/550
f 641/1096/551 723/1097/627 725/1098/629
f 723/1097/627 641/1096/551 639/1099/549
f 640/1099/550 642/1096/552 724/1097/628
f 726/1098/630 724/1097/628 642/1096/552
f 643/1100/553 725/1101/629 727/1102/631
f 725/1101/629 643/1100/553 641/1103/551
f 642/1103/552 644/1100/554 726/1101/630
f 728/1102/632 726/1101/630 644/1100/554
f 645/1104/555 727/1105/631 729/1106/633
f 727/1105/631 645/1104/555 643/1107/553
f 644/1107/554 646/1104/556 728/1105/632
f 730/1106/634 728/1105/632 646/1104/556
f 647/1108/557 729/1109/633 731/1110/635
f 729/1109/633 647/1108/557 645/1111/555
f 646/1111/556 648/1108/558 730/1109/634
f 732/1110/636 730/1109/634 648/1108/558
f 649/1112/559 731/1113/635 733/1114/637
f 731/1113/635 649/1112/559 647/1115/557
f 648/1115/558 650/1112/560 732/1113/636
f 734/1114/638 732/1113/636 650/1112/560
f 651/1116/561 733/1117/637 735/1118/639
f 733/1117/637 651/1116/561 649/1119/559
f 650/1119/560 652/1116/562 734/1117/638
f 736/1118/640 734/1117/638 652/1116/562
f 653/1120/563 735/1121/639 737/1122/641
f 735/1121/639 653/1120/563 651/1123/561
f 652/1123/562 654/1120/564 736/1121/640
f 738/1122/642 736/1121/640 654/1120/564
f 655/1124/565 737/1125/641 739/1126/643
f 737/1125/641 655/1124/565 653/1127/563
f 654/1127/564 656/1124/566 738/1125/642
f 740/1126/644 738/1125/642 656/1124/566
f 657/1128/567 739/1129/643 741/1130/645
f 739/1129/643 657/1128/567 655/1131/565
f 656/1131/566 658/1128/568 740/1129/644
f 742/1130/646 740/1129/644 658/1128/568
f 659/1132/569 741/1133/645 743/1134/647
f 741/1133/645 659/1132/569 657/1135/567
f 658/1135/568 660/1132/570 742/1133/646
f 744/1134/648 742/1133/646 660/1132/570
f 661/1136/571 743/1137/647 745/1138/649
f 743/1137/647 661/1136/571 659/1139/569
f 660/1139/570 662/1136/572 744/1137/648
f 746/1138/650 744/1137/648 662/1136/572
f 663/1140/573 745/1141/649 747/1142/651
f 745/1141/649 663/1140/573 661/1143/571
f 662/1143/572 664/1140/574 746/1141/650
f 748/1142/652 746/1141/650 664/1140/574
f 749/1144/653 663/1145/573 747/1146/651
f 663/1145/573 749/1144/653 665/1147/575
f 666/1147/576 750/1144/654 664/1145/574
f 748/1146/652 664/1145/574 750/1144/654
f 751/1148/655 665/1149/575 749/1150/653
f 665/1149/575 751/1148/655 667/1151/577
f 668/1151/578 752/1148/656 666/1149/576
f 750/1150/654 666/1149/576 752/1148/656
f 753/1152/657 667/1153/577 751/1154/655
f 667/1153/577 753/1152/657 669/1155/579
f 670/1155/580 754/1152/658 668/1153/578
f 752/1154/656 668/1153/578 754/1152/658
f 704/1156/610 669/1157/579 753/1158/657
f 669/1157/579 704/1156/610 620/1159/532
f 622/1159/534 706/1156/612 670/1157/580
f 754/1158/658 670/1157/580 706/1156/612
f 593/1160/509 755/1161/659 673/1162/583
f 755/1161/659 593/1160/509 671/1163/581
f 672/1163/582 594/1160/510 756/1161/660
f 674/1162/584 756/1161/660 594/1160/510
f 595/1164/511 757/1165/661 675/1166/585
f 757/1165/661 595/1164/511 673/1167/583
f 674/1167/584 596/1164/512 758/1165/662
f 676/1166/586 758/1165/662 596/1164/512
f 597/1168/513 759/1169/663 677/1170/587
f 759/1169/663 597/1168/513 675/1171/585
f 676/1171/586 598/1168/514 760/1169/664
f 678/1170/588 760/1169/664 598/1168/514
f 680/1172/589 761/1173/665 679/1174/589
f 761/1173/665 680/1172/589 762/1175/665
f 763/1175/666 681/1172/590 764/1173/666
f 682/1174/590 764/1173/666 681/1172/590
f 686/1176/594 765/1177/667 684/1178/592
f 765/1177/667 686/1176/594 766/1179/668
f 767/1179/669 687/1176/595 768/1177/670
f 689/1178/597 768/1177/670 687/1176/595
f 685/1180/593 769/1181/671 770/1182/672
f 769/1181/671 685/1180/593 684/1183/592
f 689/1183/597 690/1180/598 771/1181/673
f 772/1182/674 771/1181/673 690/1180/598
f 773/1184/675 685/1185/593 774/1186/676
f 685/1185/593 773/1184/675 683/1187/591
f 688/1187/596 775/1184/677 690/1185/598
f 776/1186/678 690/1185/598 775/1184/677
f 777/1188/679 692/1189/599 778/1190/679
f 692/1189/599 777/1188/679 691/1191/599
f 693/1191/600 779/1188/680 694/1189/600
f 780/1190/680 694/1189/600 779/1188/680
f 697/1192/603 695/1193/601 781/1194/681
f 695/1193/601 697/1192/603 611/1195/523
f 612/1195/524 698/1192/604 696/1193/602
f 782/1194/682 696/1193/602 698/1192/604
f 613/1196/525 783/1197/683 699/1198/605
f 783/1197/683 613/1196/525 697/1199/603
f 698/1199/604 614/1196/526 784/1197/684
f 700/1198/606 784/1197/684 614/1196/526
f 615/1200/527 785/1201/685 701/1202/607
f 785/1201/685 615/1200/527 699/1203/605
f 700/1203/606 616/1200/528 786/1201/686
f 702/1202/608 786/1201/686 616/1200/528
f 787/1204/687 704/1205/610 788/1206/688
f 704/1205/610 787/1204/687 703/1207/609
f 705/1207/611 789/1204/689 706/1205/612
f 790/1206/690 706/1205/612 789/1204/689
f 787/1208/687 707/1209/613 703/1210/609
f 707/1209/613 787/1208/687 791/1211/691
f 792/1211/692 789/1208/689 708/1209/614
f 705/1210/611 708/1209/614 789/1208/689
f 791/1212/691 709/1213/615 707/1214/613
f 709/1213/615 791/1212/691 793/1215/693
f 794/1215/694 792/1212/692 710/1213/616
f 708/1214/614 710/1213/616 792/1212/692
f 793/1216/693 711/1217/617 709/1218/615
f 711/1217/617 793/1216/693 795/1219/695
f 796/1219/696 794/1216/694 712/1217/618
f 710/1218/616 712/1217/618 794/1216/694
f 795/1220/695 671/1221/581 711/1222/617
f 671/1221/581 795/1220/695 755/1223/659
f 756/1223/660 796/1220/696 672/1221/582
f 712/1222/618 672/1221/582 796/1220/696
f 701/1224/607 797/1225/697 713/1226/619
f 797/1225/697 701/1224/607 785/1227/685
f 786/1227/686 702/1224/608 798/1225/698
f 714/1226/620 798/1225/698 702/1224/608
f 713/1228/619 799/1229/699 715/1230/621
f 799/1229/699 713/1228/619 797/1231/697
f 798/1231/698 714/1228/620 800/1229/700
f 716/1230/622 800/1229/700 714/1228/620
f 717/1232/623 799/1233/699 801/1234/701
f 799/1233/699 717/1232/623 715/1235/621
f 716/1235/622 718/1232/624 800/1233/700
f 802/1234/702 800/1233/700 718/1232/624
f 720/1236/625 803/1234/701 804/1237/703
f 803/1234/701 720/1236/625 719/1232/623
f 721/1232/624 722/1236/626 805/1234/702
f 806/1237/704 805/1234/702 722/1236/626
f 723/1238/627 804/1239/703 807/1240/705
f 804/1239/703 723/1238/627 720/1241/625
f 722/1241/626 724/1238/628 806/1239/704
f 808/1240/706 806/1239/704 724/1238/628
f 725/1242/629 807/1243/705 809/1244/707
f 807/1243/705 725/1242/629 723/1245/627
f 724/1245/628 726/1242/630 808/1243/706
f 810/1244/708 808/1243/706 726/1242/630
f 727/1246/631 809/1247/707 811/1248/709
f 809/1247/707 727/1246/631 725/1249/629
f 726/1249/630 728/1246/632 810/1247/708
f 812/1248/710 810/1247/708 728/1246/632
f 729/1250/633 811/1251/709 813/1252/711
f 811/1251/709 729/1250/633 727/1253/631
f 728/1253/632 730/1250/634 812/1251/710
f 814/1252/712 812/1251/710 730/1250/634
f 731/1254/635 813/1255/711 815/1256/713
f 813/1255/711 731/1254/635 729/1257/633
f 730/1257/634 732/1254/636 814/1255/712
f 816/1256/714 814/1255/712 732/1254/636
f 733/1258/637 815/1259/713 817/1260/715
f 815/1259/713 733/1258/637 731/1261/635
f 732/1261/636 734/1258/638 816/1259/714
f 818/1260/716 816/1259/714 734/1258/638
f 735/1262/639 817/1263/715 819/1264/717
f 817/1263/715 735/1262/639 733/1265/637
f 734/1265/638 736/1262/640 818/1263/716
f 820/1264/718 818/1263/716 736/1262/640
f 737/1266/641 819/1267/717 821/1268/719
f 819/1267/717 737/1266/641 735/1269/639
f 736/1269/640 738/1266/642 820/1267/718
f 822/1268/720 820/1267/718 738/1266/642
f 739/1270/643 821/1271/719 823/1272/673
f 821/1271/719 739/1270/643 737/1273/641
f 738/1273/642 740/1270/644 822/1271/720
f 824/1272/671 822/1271/720 740/1270/644
f 741/1274/645 823/1275/673 825/1276/674
f 823/1275/673 741/1274/645 739/1277/643
f 740/1277/644 742/1274/646 824/1275/671
f 826/1276/672 824/1275/671 742/1274/646
f 743/1278/647 825/1279/674 827/1280/721
f 825/1279/674 743/1278/647 741/1281/645
f 742/1281/646 744/1278/648 826/1279/672
f 828/1280/722 826/1279/672 744/1278/648
f 745/1282/649 827/1283/721 829/1284/723
f 827/1283/721 745/1282/649 743/1285/647
f 744/1285/648 746/1282/650 828/1283/722
f 830/1284/724 828/1283/722 746/1282/650
f 747/1286/651 829/1287/723 831/1288/725
f 829/1287/723 747/1286/651 745/1289/649
f 746/1289/650 748/1286/652 830/1287/724
f 832/1288/726 830/1287/724 748/1286/652
f 833/1290/727 747/1291/651 831/1292/725
f 747/1291/651 833/1290/727 749/1293/653
f 750/1293/654 834/1290/728 748/1291/652
f 832/1292/726 748/1291/652 834/1290/728
f 835/1294/729 749/1295/653 833/1296/727
f 749/1295/653 835/1294/729 751/1297/655
f 752/1297/656 836/1294/730 750/1295/654
f 834/1296/728 750/1295/654 836/1294/730
f 837/1298/731 751/1299/655 835/1300/729
f 751/1299/655 837/1298/731 753/1301/657
f 754/1301/658 838/1298/732 752/1299/656
f 836/1300/730 752/1299/656 838/1298/732
f 788/1302/688 753/1303/657 837/1304/731
f 753/1303/657 788/1302/688 704/1305/610
f 706/1305/612 790/1302/690 754/1303/658
f 838/1304/732 754/1303/658 790/1302/690
f 673/1306/583 839/1307/733 757/1308/661
f 839/1307/733 673/1306/583 755/1309/659
f 756/1309/660 674/1306/584 840/1307/734
f 758/1308/662 840/1307/734 674/1306/584
f 675/1310/585 841/1311/735 759/1312/663
f 841/1311/735 675/1310/585 757/1313/661
f 758/1313/662 676/1310/586 842/1311/736
f 760/1312/664 842/1311/736 676/1310/586
f 762/1314/665 843/1315/737 761/1316/665
f 843/1315/737 762/1314/665 844/1317/737
f 845/1317/738 763/1314/666 846/1315/738
f 764/1316/666 846/1315/738 763/1314/666
f 766/1318/668 847/1319/739 765/1320/667
f 847/1319/739 766/1318/668 848/1321/740
f 849/1321/741 767/1318/669 850/1319/742
f 768/1320/670 850/1319/742 767/1318/669
f 684/1322/592 851/1323/720 769/1324/671
f 851/1323/720 684/1322/592 765/1325/667
f 768/1325/670 689/1322/597 852/1323/719
f 771/1324/673 852/1323/719 689/1322/597
f 770/1326/672 853/1327/644 854/1328/646
f 853/1327/644 770/1326/672 769/1329/671
f 771/1329/673 772/1326/674 855/1327/643
f 856/1328/645 855/1327/643 772/1326/674
f 774/1330/676 770/1331/672 857/1332/722
f 770/1331/672 774/1330/676 685/1333/593
f 690/1333/598 776/1330/678 772/1331/674
f 858/1332/721 772/1331/674 776/1330/678
f 859/1334/743 774/1335/676 860/1336/744
f 774/1335/676 859/1334/743 773/1337/675
f 775/1337/677 861/1334/745 776/1335/678
f 862/1336/746 776/1335/678 861/1334/745
f 863/1338/747 778/1339/679 864/1340/747
f 778/1339/679 863/1338/747 777/1341/679
f 779/1341/680 865/1338/748 780/1339/680
f 866/1340/748 780/1339/680 865/1338/748
f 697/1342/603 867/1343/749 783/1344/683
f 867/1343/749 697/1342/603 781/1345/681
f 782/1345/682 698/1342/604 868/1343/750
f 784/1344/684 868/1343/750 698/1342/604
f 699/1346/605 869/1347/751 785/1348/685
f 869/1347/751 699/1346/605 783/1349/683
f 784/1349/684 700/1346/606 870/1347/752
f 786/1348/686 870/1347/752 700/1346/606
f 871/1350/753 788/1351/688 872/1352/754
f 788/1351/688 871/1350/753 787/1353/687
f 789/1353/689 873/1350/755 790/1351/690
f 874/1352/756 790/1351/690 873/1350/755
f 871/1354/753 791/1355/691 787/1356/687
f 791/1355/691 871/1354/753 875/1357/757
f 876/1357/758 873/1354/755 792/1355/692
f 789/1356/689 792/1355/692 873/1354/755
f 875/1358/757 793/1359/693 791/1360/691
f 793/1359/693 875/1358/757 877/1361/759
f 878/1361/760 876/1358/758 794/1359/694
f 792/1360/692 794/1359/694 876/1358/758
f 877/1362/759 795/1363/695 793/1364/693
f 795/1363/695 877/1362/759 879/1365/761
f 880/1365/762 878/1362/760 796/1363/696
f 794/1364/694 796/1363/696 878/1362/760
f 879/1366/761 755/1367/659 795/1368/695
f 755/1367/659 879/1366/761 839/1369/733
f 840/1369/734 880/1366/762 756/1367/660
f 796/1368/696 756/1367/660 880/1366/762
f 785/1370/685 881/1371/763 797/1372/697
f 881/1371/763 785/1370/685 869/1373/751
f 870/1373/752 786/1370/686 882/1371/764
f 798/1372/698 882/1371/764 786/1370/686
f 797/1374/697 883/1375/765 799/1376/699
f 883/1375/765 797/1374/697 881/1377/763
f 882/1377/764 798/1374/698 884/1375/766
f 800/1376/700 884/1375/766 798/1374/698
f 801/1378/701 883/1379/765 885/1380/767
f 883/1379/765 801/1378/701 799/1381/699
f 800/1381/700 802/1378/702 884/1379/766
f 886/1380/768 884/1379/766 802/1378/702
f 804/1382/703 887/1380/767 888/1383/769
f 887/1380/767 804/1382/703 803/1378/701
f 805/1378/702 806/1382/704 889/1380/768
f 890/1383/770 889/1380/768 806/1382/704
f 807/1384/705 888/1385/769 891/1386/771
f 888/1385/769 807/1384/705 804/1387/703
f 806/1387/704 808/1384/706 890/1385/770
f 892/1386/772 890/1385/770 808/1384/706
f 809/1388/707 891/1389/771 893/1390/773
f 891/1389/771 809/1388/707 807/1391/705
f 808/1391/706 810/1388/708 892/1389/772
f 894/1390/774 892/1389/772 810/1388/708
f 811/1392/709 893/1393/773 895/1394/775
f 893/1393/773 811/1392/709 809/1395/707
f 810/1395/708 812/1392/710 894/1393/774
f 896/1394/776 894/1393/774 812/1392/710
f 813/1396/711 895/1397/775 897/1398/777
f 895/1397/775 813/1396/711 811/1399/709
f 812/1399/710 814/1396/712 896/1397/776
f 898/1398/778 896/1397/776 814/1396/712
f 815/1400/713 897/1401/777 899/1402/779
f 897/1401/777 815/1400/713 813/1403/711
f 814/1403/712 816/1400/714 898/1401/778
f 900/1402/780 898/1401/778 816/1400/714
f 817/1404/715 899/1405/779 901/1406/781
f 899/1405/779 817/1404/715 815/1407/713
f 816/1407/714 818/1404/716 900/1405/780
f 902/1406/782 900/1405/780 818/1404/716
f 819/1408/717 901/1409/781 903/1410/742
f 901/1409/781 819/1408/717 817/1411/715
f 818/1411/716 820/1408/718 902/1409/782
f 904/1410/739 902/1409/782 820/1408/718
f 821/1412/719 903/1413/742 905/1414/670
f 903/1413/742 821/1412/719 819/1415/717
f 820/1415/718 822/1412/720 904/1413/739
f 906/1414/667 904/1413/739 822/1412/720
f 823/1416/673 905/1417/670 907/1418/597
f 905/1417/670 823/1416/673 821/1419/719
f 822/1419/720 824/1416/671 906/1417/667
f 908/1418/592 906/1417/667 824/1416/671
f 825/1420/674 907/1421/597 909/1422/598
f 907/1421/597 825/1420/674 823/1423/673
f 824/1423/671 826/1420/672 908/1421/592
f 910/1422/593 908/1421/592 826/1420/672
f 827/1424/721 909/1425/598 911/1426/678
f 909/1425/598 827/1424/721 825/1427/674
f 826/1427/672 828/1424/722 910/1425/593
f 912/1426/676 910/1425/593 828/1424/722
f 829/1428/723 911/1429/678 913/1430/746
f 911/1429/678 829/1428/723 827/1431/721
f 828/1431/722 830/1428/724 912/1429/676
f 914/1430/744 912/1429/676 830/1428/724
f 831/1432/725 913/1433/746 915/1434/783
f 913/1433/746 831/1432/725 829/1435/723
f 830/1435/724 832/1432/726 914/1433/744
f 916/1434/784 914/1433/744 832/1432/726
f 917/1436/785 831/1437/725 915/1438/783
f 831/1437/725 917/1436/785 833/1439/727
f 834/1439/728 918/1436/786 832/1437/726
f 916/1438/784 832/1437/726 918/1436/786
f 919/1440/787 833/1441/727 917/1442/785
f 833/1441/727 919/1440/787 835/1443/729
f 836/1443/730 920/1440/788 834/1441/728
f 918/1442/786 834/1441/728 920/1440/788
f 921/1444/789 835/1445/729 919/1446/787
f 835/1445/729 921/1444/789 837/1447/731
f 838/1447/732 922/1444/790 836/1445/730
f 920/1446/788 836/1445/730 922/1444/790
f 872/1448/754 837/1449/731 921/1450/789
f 837/1449/731 872/1448/754 788/1451/688
f 790/1451/690 874/1448/756 838/1449/732
f 922/1450/790 838/1449/732 874/1448/756
f 757/1452/661 923/1453/791 841/1454/735
f 923/1453/791 757/1452/661 839/1455/733
f 840/1455/734 758/1452/662 924/1453/792
f 842/1454/736 924/1453/792 758/1452/662
f 844/1456/737 925/1457/793 843/1458/737
f 925/1457/793 844/1456/737 926/1459/793
f 927/1459/794 845/1456/738 928/1457/794
f 846/1458/738 928/1457/794 845/1456/738
f 848/1460/740 929/1461/782 847/1462/739
f 929/1461/782 848/1460/740 930/1463/795
f 931/1463/796 849/1460/741 932/1461/781
f 850/1462/742 932/1461/781 849/1460/741
f 765/1464/667 933/1465/718 851/1466/720
f 933/1465/718 765/1464/667 847/1467/739
f 850/1467/742 768/1464/670 934/1465/717
f 852/1466/719 934/1465/717 768/1464/670
f 769/1468/671 935/1469/642 853/1470/644
f 935/1469/642 769/1468/671 851/1471/720
f 852/1471/719 771/1468/673 936/1469/641
f 855/1470/643 936/1469/641 771/1468/673
f 854/1472/646 937/1473/566 938/1474/568
f 937/1473/566 854/1472/646 853/1475/644
f 855/1475/643 856/1472/645 939/1473/565
f 940/1474/567 939/1473/565 856/1472/645
f 857/1476/722 854/1477/646 941/1478/648
f 854/1477/646 857/1476/722 770/1479/672
f 772/1479/674 858/1476/721 856/1477/645
f 942/1478/647 856/1477/645 858/1476/721
f 860/1480/744 857/1481/722 943/1482/724
f 857/1481/722 860/1480/744 774/1483/676
f 776/1483/678 862/1480/746 858/1481/721
f 944/1482/723 858/1481/721 862/1480/746
f 945/1484/797 860/1485/744 946/1486/784
f 860/1485/744 945/1484/797 859/1487/743
f 861/1487/745 947/1484/798 862/1485/746
f 948/1486/783 862/1485/746 947/1484/798
f 863/1488/747 949/1489/799 950/1490/799
f 949/1489/799 863/1488/747 864/1491/747
f 866/1491/748 865/1488/748 951/1489/800
f 952/1490/800 951/1489/800 865/1488/748
f 783/1492/683 953/1493/801 869/1494/751
f 953/1493/801 783/1492/683 867/1495/749
f 868/1495/750 784/1492/684 954/1493/802
f 870/1494/752 954/1493/802 784/1492/684
f 955/1496/803 872/1497/754 956/1498/804
f 872/1497/754 955/1496/803 871/1499/753
f 873/1499/755 957/1496/805 874/1497/756
f 958/1498/806 874/1497/756 957/1496/805
f 955/1500/803 875/1501/757 871/1502/753
f 875/1501/757 955/1500/803 959/1503/807
f 960/1503/808 957/1500/805 876/1501/758
f 873/1502/755 876/1501/758 957/1500/805
f 959/1504/807 877/1505/759 875/1506/757
f 877/1505/759 959/1504/807 961/1507/809
f 962/1507/810 960/1504/808 878/1505/760
f 876/1506/758 878/1505/760 960/1504/808
f 961/1508/809 879/1509/761 877/1510/759
f 879/1509/761 961/1508/809 963/1511/811
f 964/1511/812 962/1508/810 880/1509/762
f 878/1510/760 880/1509/762 962/1508/810
f 963/1512/811 839/1513/733 879/1514/761
f 839/1513/733 963/1512/811 923/1515/791
f 924/1515/792 964/1512/812 840/1513/734
f 880/1514/762 840/1513/734 964/1512/812
f 869/1516/751 965/1517/813 881/1518/763
f 965/1517/813 869/1516/751 953/1519/801
f 954/1519/802 870/1516/752 966/1517/814
f 882/1518/764 966/1517/814 870/1516/752
f 881/1520/763 967/1521/815 883/1522/765
f 967/1521/815 881/1520/763 965/1523/813
f 966/1523/814 882/1520/764 968/1521/816
f 884/1522/766 968/1521/816 882/1520/764
f 885/1524/767 967/1525/815 969/1526/817
f 967/1525/815 885/1524/767 883/1527/765
f 884/1527/766 886/1524/768 968/1525/816
f 970/1526/818 968/1525/816 886/1524/768
f 888/1528/769 971/1526/817 972/1529/819
f 971/1526/817 888/1528/769 887/1524/767
f 889/1524/768 890/1528/770 973/1526/818
f 974/1529/820 973/1526/818 890/1528/770
f 891/1530/771 972/1531/819 975/1532/821
f 972/1531/819 891/1530/771 888/1533/769
f 890/1533/770 892/1530/772 974/1531/820
f 976/1532/822 974/1531/820 892/1530/772
f 893/1534/773 975/1535/821 977/1536/823
f 975/1535/821 893/1534/773 891/1537/771
f 892/1537/772 894/1534/774 976/1535/822
f 978/1536/824 976/1535/822 894/1534/774
f 895/1538/775 977/1539/823 979/1540/825
f 977/1539/823 895/1538/775 893/1541/773
f 894/1541/774 896/1538/776 978/1539/824
f 980/1540/826 978/1539/824 896/1538/776
f 897/1542/777 979/1543/825 981/1544/827
f 979/1543/825 897/1542/777 895/1545/775
f 896/1545/776 898/1542/778 980/1543/826
f 982/1544/828 980/1543/826 898/1542/778
f 899/1546/779 981/1547/827 983/1548/829
f 981/1547/827 899/1546/779 897/1549/777
f 898/1549/778 900/1546/780 982/1547/828
f 984/1548/830 982/1547/828 900/1546/780
f 901/1550/781 983/1551/829 985/1552/796
f 983/1551/829 901/1550/781 899/1553/779
f 900/1553/780 902/1550/782 984/1551/830
f 986/1552/795 984/1551/830 902/1550/782
f 903/1554/742 985/1555/796 987/1556/741
f 985/1555/796 903/1554/742 901/1557/781
f 902/1557/782 904/1554/739 986/1555/795
f 988/1556/740 986/1555/795 904/1554/739
f 905/1558/670 987/1559/741 989/1560/669
f 987/1559/741 905/1558/670 903/1561/742
f 904/1561/739 906/1558/667 988/1559/740
f 990/1560/668 988/1559/740 906/1558/667
f 907/1562/597 989/1563/669 991/1564/595
f 989/1563/669 907/1562/597 905/1565/670
f 906/1565/667 908/1562/592 990/1563/668
f 992/1564/594 990/1563/668 908/1562/592
f 909/1566/598 991/1567/595 993/1568/596
f 991/1567/595 909/1566/598 907/1569/597
f 908/1569/592 910/1566/593 992/1567/594
f 994/1568/591 992/1567/594 910/1566/593
f 911/1570/678 993/1571/596 995/1572/677
f 993/1571/596 911/1570/678 909/1573/598
f 910/1573/593 912/1570/676 994/1571/591
f 996/1572/675 994/1571/591 912/1570/676
f 913/1574/746 995/1575/677 997/1576/745
f 995/1575/677 913/1574/746 911/1577/678
f 912/1577/676 914/1574/744 996/1575/675
f 998/1576/743 996/1575/675 914/1574/744
f 915/1578/783 997/1579/745 999/1580/798
f 997/1579/745 915/1578/783 913/1581/746
f 914/1581/744 916/1578/784 998/1579/743
f 1000/1580/797 998/1579/743 916/1578/784
f 1001/1582/831 915/1583/783 999/1584/798
f 915/1583/783 1001/1582/831 917/1585/785
f 918/1585/786 1002/1582/832 916/1583/784
f 1000/1584/797 916/1583/784 1002/1582/832
f 1003/1586/833 917/1587/785 1001/1588/831
f 917/1587/785 1003/1586/833 919/1589/787
f 920/1589/788 1004/1586/834 918/1587/786
f 1002/1588/832 918/1587/786 1004/1586/834
f 1005/1590/835 919/1591/787 1003/1592/833
f 919/1591/787 1005/1590/835 921/1593/789
f 922/1593/790 1006/1590/836 920/1591/788
f 1004/1592/834 920/1591/788 1006/1590/836
f 956/1594/804 921/1595/789 1005/1596/835
f 921/1595/789 956/1594/804 872/1597/754
f 874/1597/756 958/1594/806 922/1595/790
f 1006/1596/836 922/1595/790 958/1594/806
f 926/1598/793 1007/1599/837 925/1600/793
f 1007/1599/837 926/1598/793 1008/1601/837
f 1009/1601/838 927/1598/794 1010/1599/838
f 928/1600/794 1010/1599/838 927/1598/794
f 930/1602/795 1011/1603/780 929/1604/782
f 1011/1603/780 930/1602/795 1012/1605/830
f 1013/1605/829 931/1602/796 1014/1603/779
f 932/1604/781 1014/1603/779 931/1602/796
f 847/1606/739 1015/1607/716 933/1608/718
f 1015/1607/716 847/1606/739 929/1609/782
f 932/1609/781 850/1606/742 1016/1607/715
f 934/1608/717 1016/1607/715 850/1606/742
f 851/1610/720 1017/1611/640 935/1612/642
f 1017/1611/640 851/1610/720 933/1613/718
f 934/1613/717 852/1610/719 1018/1611/639
f 936/1612/641 1018/1611/639 852/1610/719
f 853/1614/644 1019/1615/564 937/1616/566
f 1019/1615/564 853/1614/644 935/1617/642
f 936/1617/641 855/1614/643 1020/1615/563
f 939/1616/565 1020/1615/563 855/1614/643
f 938/1618/568 1021/1619/492 1022/1620/494
f 1021/1619/492 938/1618/568 937/1621/566
f 939/1621/565 940/1618/567 1023/1619/491
f 1024/1620/493 1023/1619/491 940/1618/567
f 941/1622/648 938/1623/568 1025/1624/570
f 938/1623/568 941/1622/648 854/1625/646
f 856/1625/645 942/1622/647 940/1623/567
f 1026/1624/569 940/1623/567 942/1622/647
f 943/1626/724 941/1627/648 1027/1628/650
f 941/1627/648 943/1626/724 857/1629/722
f 858/1629/721 944/1626/723 942/1627/647
f 1028/1628/649 942/1627/647 944/1626/723
f 946/1630/784 943/1631/724 1029/1632/726
f 943/1631/724 946/1630/784 860/1633/744
f 862/1633/746 948/1630/783 944/1631/723
f 1030/1632/725 944/1631/723 948/1630/783
f 1031/1634/832 946/1635/784 1032/1636/786
f 946/1635/784 1031/1634/832 945/1637/797
f 947/1637/798 1033/1634/831 948/1635/783
f 1034/1636/785 948/1635/783 1033/1634/831
f 950/1638/799 1035/1639/839 1036/1640/839
f 1035/1639/839 950/1638/799 949/1641/799
f 951/1641/800 952/1638/800 1037/1639/840
f 1038/1640/840 1037/1639/840 952/1638/800
f 1039/1642/841 1040/1643/842 1041/1644/842
f 1040/1643/842 1039/1642/841 1042/1645/841
f 1043/1645/843 1044/1642/843 1045/1643/844
f 1046/1644/844 1045/1643/844 1044/1642/843
f 1047/1646/845 1042/1647/841 1039/1648/841
f 1042/1647/841 1047/1646/845 1048/1649/845
f 1049/1649/846 1050/1646/846 1043/1647/843
f 1044/1648/843 1043/1647/843 1050/1646/846
f 1051/1650/847 1048/1651/845 1047/1652/845
f 1048/1651/845 1051/1650/847 1052/1653/847
f 1053/1653/848 1054/1650/848 1049/1651/846
f 1050/1652/846 1049/1651/846 1054/1650/848
f 1055/1654/849 1052/1655/847 1051/1656/847
f 1052/1655/847 1055/1654/849 1056/1657/849
f 1057/1657/850 1058/1654/850 1053/1655/848
f 1054/1656/848 1053/1655/848 1058/1654/850
f 1007/1658/837 1056/1659/849 1055/1660/849
f 1056/1659/849 1007/1658/837 1008/1661/837
f 1009/1661/838 1010/1658/838 1057/1659/850
f 1058/1660/850 1057/1659/850 1010/1658/838
f 1036/1662/839 1059/1663/851 1060/1664/851
f 1059/1663/851 1036/1662/839 1035/1665/839
f 1037/1665/840 1038/1662/840 1061/1663/852
f 1062/1664/852 1061/1663/852 1038/1662/840
f 1060/1666/851 1063/1667/844 1064/1668/844
f 1063/1667/844 1060/1666/851 1059/1669/851
f 1061/1669/852 1062/1666/852 1065/1667/842
f 1066/1668/842 1065/1667/842 1062/1666/852
f 1064/1670/844 1067/1671/853 1068/1672/853
f 1067/1671/853 1064/1670/844 1063/1673/844
f 1065/1673/842 1066/1670/842 1069/1671/854
f 1070/1672/854 1069/1671/854 1066/1670/842
f 1071/1672/853 1072/1674/843 1073/1675/843
f 1072/1674/843 1071/1672/853 1074/1671/853
f 1075/1671/854 1076/1672/854 1077/1674/841
f 1078/1675/841 1077/1674/841 1076/1672/854
f 1073/1676/843 1079/1677/846 1080/1678/846
f 1079/1677/846 1073/1676/843 1072/1679/843
f 1077/1679/841 1078/1676/841 1081/1677/845
f 1082/1678/845 1081/1677/845 1078/1676/841
f 1080/1680/846 1083/1681/848 1084/1682/848
f 1083/1681/848 1080/1680/846 1079/1683/846
f 1081/1683/845 1082/1680/845 1085/1681/847
f 1086/1682/847 1085/1681/847 1082/1680/845
f 1084/1684/848 1087/1685/850 1088/1686/850
f 1087/1685/850 1084/1684/848 1083/1687/848
f 1085/1687/847 1086/1684/847 1089/1685/849
f 1090/1686/849 1089/1685/849 1086/1684/847
f 1088/1688/850 1091/1689/838 1092/1690/838
f 1091/1689/838 1088/1688/850 1087/1691/850
f 1089/1691/849 1090/1688/849 1093/1689/837
f 1094/1690/837 1093/1689/837 1090/1688/849
f 1095/1692/794 1091/1693/838 1096/1694/794
f 1091/1693/838 1095/1692/794 1092/1695/838
f 1094/1695/837 1097/1692/793 1093/1693/837
f 1098/1694/793 1093/1693/837 1097/1692/793
f 1099/1696/738 1096/1697/794 1100/1698/738
f 1096/1697/794 1099/1696/738 1095/1699/794
f 1097/1699/793 1101/1696/737 1098/1697/793
f 1102/1698/737 1098/1697/793 1101/1696/737
f 1103/1700/666 1100/1701/738 1104/1702/666
f 1100/1701/738 1103/1700/666 1099/1703/738
f 1101/1703/737 1105/1700/665 1102/1701/737
f 1106/1702/665 1102/1701/737 1105/1700/665
f 1107/1704/590 1104/1705/666 1108/1706/590
f 1104/1705/666 1107/1704/590 1103/1707/666
f 1105/1707/665 1109/1704/589 1106/1705/665
f 1110/1706/589 1106/1705/665 1109/1704/589
f 1111/1708/519 1108/1709/590 1112/1710/519
f 1108/1709/590 1111/1708/519 1107/1711/590
f 1109/1711/589 1113/1708/518 1110/1709/589
f 1114/1710/518 1110/1709/589 1113/1708/518
f 1115/1712/520 1112/1713/519 1116/1714/520
f 1112/1713/519 1115/1712/520 1111/1715/519
f 1113/1715/518 1117/1712/517 1114/1713/518
f 1118/1714/517 1114/1713/518 1117/1712/517
f 1119/1716/600 1116/1717/520 1120/1718/600
f 1116/1717/520 1119/1716/600 1115/1719/520
f 1117/1719/517 1121/1716/599 1118/1717/517
f 1122/1718/599 1118/1717/517 1121/1716/599
f 1123/1720/680 1120/1721/600 1124/1722/680
f 1120/1721/600 1123/1720/680 1119/1723/600
f 1121/1723/599 1125/1720/679 1122/1721/599
f 1126/1722/679 1122/1721/599 1125/1720/679
f 1127/1724/748 1124/1725/680 1128/1726/748
f 1124/1725/680 1127/1724/748 1123/1727/680
f 1125/1727/679 1129/1724/747 1126/1725/679
f 1130/1726/747 1126/1725/679 1129/1724/747
f 1131/1728/800 1127/1729/748 1128/1730/748
f 1127/1729/748 1131/1728/800 1132/1731/800
f 1133/1731/799 1134/1728/799 1129/1729/747
f 1130/1730/747 1129/1729/747 1134/1728/799
f 1135/1732/840 1132/1733/800 1131/1734/800
f 1132/1733/800 1135/1732/840 1136/1735/840
f 1137/1735/839 1138/1732/839 1133/1733/799
f 1134/1734/799 1133/1733/799 1138/1732/839
f 1139/1736/852 1136/1737/840 1135/1738/840
f 1136/1737/840 1139/1736/852 1140/1739/852
f 1141/1739/851 1142/1736/851 1137/1737/839
f 1138/1738/839 1137/1737/839 1142/1736/851
f 1041/1740/842 1140/1741/852 1139/1742/852
f 1140/1741/852 1041/1740/842 1040/1743/842
f 1045/1743/844 1046/1740/844 1141/1741/851
f 1142/1742/851 1141/1741/851 1046/1740/844
f 1012/1744/830 1143/1745/778 1011/1746/780
f 1143/1745/778 1012/1744/830 1144/1747/828
f 1145/1747/827 1013/1744/829 1146/1745/777
f 1014/1746/779 1146/1745/777 1013/1744/829
f 929/1748/782 1147/1749/714 1015/1750/716
f 1147/1749/714 929/1748/782 1011/1751/780
f 1014/1751/779 932/1748/781 1148/1749/713
f 1016/1750/715 1148/1749/713 932/1748/781
f 933/1752/718 1149/1753/638 1017/1754/640
f 1149/1753/638 933/1752/718 1015/1755/716
f 1016/1755/715 934/1752/717 1150/1753/637
f 1018/1754/639 1150/1753/637 934/1752/717
f 935/1756/642 1151/1757/562 1019/1758/564
f 1151/1757/562 935/1756/642 1017/1759/640
f 1018/1759/639 936/1756/641 1152/1757/561
f 1020/1758/563 1152/1757/561 936/1756/641
f 937/1760/566 1153/1761/490 1021/1762/492
f 1153/1761/490 937/1760/566 1019/1763/564
f 1020/1763/563 939/1760/565 1154/1761/489
f 1023/1762/491 1154/1761/489 939/1760/565
f 1021/1764/492 1155/1765/420 1022/1766/494
f 1155/1765/420 1021/1764/492 1156/1767/418
f 1157/1767/417 1023/1764/491 1158/1765/419
f 1024/1766/493 1158/1765/419 1023/1764/491
f 1025/1768/570 1022/1769/494 1159/1770/496
f 1022/1769/494 1025/1768/570 938/1771/568
f 940/1771/567 1026/1768/569 1024/1769/493
f 1160/1770/495 1024/1769/493 1026/1768/569
f 1027/1772/650 1025/1773/570 1161/1774/572
f 1025/1773/570 1027/1772/650 941/1775/648
f 942/1775/647 1028/1772/649 1026/1773/569
f 1162/1774/571 1026/1773/569 1028/1772/649
f 1029/1776/726 1027/1777/650 1163/1778/652
f 1027/1777/650 1029/1776/726 943/1779/724
f 944/1779/723 1030/1776/725 1028/1777/649
f 1164/1778/651 1028/1777/649 1030/1776/725
f 1032/1780/786 1029/1781/726 1165/1782/728
f 1029/1781/726 1032/1780/786 946/1783/784
f 948/1783/783 1034/1780/785 1030/1781/725
f 1166/1782/727 1030/1781/725 1034/1780/785
f 1167/1784/834 1032/1785/786 1168/1786/788
f 1032/1785/786 1167/1784/834 1031/1787/832
f 1033/1787/831 1169/1784/833 1034/1785/785
f 1170/1786/787 1034/1785/785 1169/1784/833
f 1171/1788/766 1172/1789/820 1173/1790/816
f 1172/1789/820 1171/1788/766 1174/1791/770
f 1175/1791/769 1176/1788/765 1177/1789/819
f 1178/1790/815 1177/1789/819 1176/1788/765
f 1179/1792/772 1172/1793/820 1174/1794/770
f 1172/1793/820 1179/1792/772 1180/1795/822
f 1181/1795/821 1182/1792/771 1177/1793/819
f 1175/1794/769 1177/1793/819 1182/1792/771
f 1183/1796/774 1180/1797/822 1179/1798/772
f 1180/1797/822 1183/1796/774 1184/1799/824
f 1185/1799/823 1186/1796/773 1181/1797/821
f 1182/1798/771 1181/1797/821 1186/1796/773
f 1187/1800/776 1184/1801/824 1183/1802/774
f 1184/1801/824 1187/1800/776 1188/1803/826
f 1189/1803/825 1190/1800/775 1185/1801/823
f 1186/1802/773 1185/1801/823 1190/1800/775
f 1143/1804/778 1188/1805/826 1187/1806/776
f 1188/1805/826 1143/1804/778 1144/1807/828
f 1145/1807/827 1146/1804/777 1189/1805/825
f 1190/1806/775 1189/1805/825 1146/1804/777
f 1191/1808/836 1168/1809/788 1192/1810/790
f 1168/1809/788 1191/1808/836 1167/1811/834
f 1169/1811/833 1193/1808/835 1170/1809/787
f 1194/1810/789 1170/1809/787 1193/1808/835
f 1195/1812/806 1192/1813/790 1196/1814/756
f 1192/1813/790 1195/1812/806 1191/1815/836
f 1193/1815/835 1197/1812/804 1194/1813/789
f 1198/1814/754 1194/1813/789 1197/1812/804
f 1195/1816/806 1199/1817/855 1200/1818/856
f 1199/1817/855 1195/1816/806 1196/1819/756
f 1198/1819/754 1197/1816/804 1201/1817/857
f 1202/1818/858 1201/1817/857 1197/1816/804
f 1203/1818/856 1204/1820/755 1205/1821/805
f 1204/1820/755 1203/1818/856 1206/1817/855
f 1207/1817/857 1208/1818/858 1209/1820/753
f 1210/1821/803 1209/1820/753 1208/1818/858
f 1205/1822/805 1211/1823/758 1212/1824/808
f 1211/1823/758 1205/1822/805 1204/1825/755
f 1209/1825/753 1210/1822/803 1213/1823/757
f 1214/1824/807 1213/1823/757 1210/1822/803
f 1212/1826/808 1215/1827/760 1216/1828/810
f 1215/1827/760 1212/1826/808 1211/1829/758
f 1213/1829/757 1214/1826/807 1217/1827/759
f 1218/1828/809 1217/1827/759 1214/1826/807
f 1216/1830/810 1219/1831/762 1220/1832/812
f 1219/1831/762 1216/1830/810 1215/1833/760
f 1217/1833/759 1218/1830/809 1221/1831/761
f 1222/1832/811 1221/1831/761 1218/1830/809
f 1220/1834/812 1223/1835/734 1224/1836/792
f 1223/1835/734 1220/1834/812 1219/1837/762
f 1221/1837/761 1222/1834/811 1225/1835/733
f 1226/1836/791 1225/1835/733 1222/1834/811
f 1227/1838/736 1223/1839/734 1228/1840/662
f 1223/1839/734 1227/1838/736 1224/1841/792
f 1226/1841/791 1229/1838/735 1225/1839/733
f 1230/1840/661 1225/1839/733 1229/1838/735
f 1231/1842/664 1228/1843/662 1232/1844/586
f 1228/1843/662 1231/1842/664 1227/1845/736
f 1229/1845/735 1233/1842/663 1230/1843/661
f 1234/1844/585 1230/1843/661 1233/1842/663
f 1235/1846/588 1232/1847/586 1236/1848/514
f 1232/1847/586 1235/1846/588 1231/1849/664
f 1233/1849/663 1237/1846/587 1234/1847/585
f 1238/1848/513 1234/1847/585 1237/1846/587
f 1239/1850/516 1236/1851/514 1240/1852/442
f 1236/1851/514 1239/1850/516 1235/1853/588
f 1237/1853/587 1241/1850/515 1238/1851/513
f 1242/1852/441 1238/1851/513 1241/1850/515
f 1243/1854/445 1240/1855/442 1244/1856/371
f 1240/1855/442 1243/1854/445 1239/1857/516
f 1241/1857/515 1245/1854/443 1242/1855/441
f 1246/1856/369 1242/1855/441 1245/1854/443
f 1247/1858/446 1244/1859/371 1248/1860/372
f 1244/1859/371 1247/1858/446 1243/1861/445
f 1245/1861/443 1249/1858/444 1246/1859/369
f 1250/1860/370 1246/1859/369 1249/1858/444
f 1251/1862/522 1248/1863/372 1252/1864/448
f 1248/1863/372 1251/1862/522 1247/1865/446
f 1249/1865/444 1253/1862/521 1250/1863/370
f 1254/1864/447 1250/1863/370 1253/1862/521
f 1255/1866/602 1252/1867/448 1256/1868/524
f 1252/1867/448 1255/1866/602 1251/1869/522
f 1253/1869/521 1257/1866/601 1254/1867/447
f 1258/1868/523 1254/1867/447 1257/1866/601
f 1259/1870/682 1256/1871/524 1260/1872/604
f 1256/1871/524 1259/1870/682 1255/1873/602
f 1257/1873/601 1261/1870/681 1258/1871/523
f 1262/1872/603 1258/1871/523 1261/1870/681
f 1260/1874/604 1263/1875/750 1259/1876/682
f 1263/1875/750 1260/1874/604 1264/1877/684
f 1265/1877/683 1262/1874/603 1266/1875/749
f 1261/1876/681 1266/1875/749 1262/1874/603
f 1264/1878/684 1267/1879/802 1263/1880/750
f 1267/1879/802 1264/1878/684 1268/1881/752
f 1269/1881/751 1265/1878/683 1270/1879/801
f 1266/1880/749 1270/1879/801 1265/1878/683
f 1268/1882/752 1271/1883/814 1267/1884/802
f 1271/1883/814 1268/1882/752 1272/1885/764
f 1273/1885/763 1269/1882/751 1274/1883/813
f 1270/1884/801 1274/1883/813 1269/1882/751
f 1272/1886/764 1173/1887/816 1271/1888/814
f 1173/1887/816 1272/1886/764 1171/1889/766
f 1176/1889/765 1273/1886/763 1178/1887/815
f 1274/1888/813 1178/1887/815 1273/1886/763
f 1011/1890/780 1275/1891/712 1147/1892/714
f 1275/1891/712 1011/1890/780 1143/1893/778
f 1146/1893/777 1014/1890/779 1276/1891/711
f 1148/1892/713 1276/1891/711 1014/1890/779
f 1015/1894/716 1277/1895/636 1149/1896/638
f 1277/1895/636 1015/1894/716 1147/1897/714
f 1148/1897/713 1016/1894/715 1278/1895/635
f 1150/1896/637 1278/1895/635 1016/1894/715
f 1017/1898/640 1279/1899/560 1151/1900/562
f 1279/1899/560 1017/1898/640 1149/1901/638
f 1150/1901/637 1018/1898/639 1280/1899/559
f 1152/1900/561 1280/1899/559 1018/1898/639
f 1019/1902/564 1281/1903/488 1153/1904/490
f 1281/1903/488 1019/1902/564 1151/1905/562
f 1152/1905/561 1020/1902/563 1282/1903/487
f 1154/1904/489 1282/1903/487 1020/1902/563
f 1153/1906/490 1156/1907/418 1021/1908/492
f 1156/1907/418 1153/1906/490 1283/1909/416
f 1284/1909/415 1154/1906/489 1157/1907/417
f 1023/1908/491 1157/1907/417 1154/1906/489
f 1156/1910/418 1285/1911/346 1155/1912/420
f 1285/1911/346 1156/1910/418 1286/1913/344
f 1287/1913/343 1157/1910/417 1288/1911/345
f 1158/1912/419 1288/1911/345 1157/1910/417
f 1022/1914/494 1289/1915/422 1159/1916/496
f 1289/1915/422 1022/1914/494 1155/1917/420
f 1158/1917/419 1024/1914/493 1290/1915/421
f 1160/1916/495 1290/1915/421 1024/1914/493
f 1025/1918/570 1291/1919/498 1161/1920/572
f 1291/1919/498 1025/1918/570 1159/1921/496
f 1160/1921/495 1026/1918/569 1292/1919/497
f 1162/1920/571 1292/1919/497 1026/1918/569
f 1163/1922/652 1161/1923/572 1293/1924/574
f 1161/1923/572 1163/1922/652 1027/1925/650
f 1028/1925/649 1164/1922/651 1162/1923/571
f 1294/1924/573 1162/1923/571 1164/1922/651
f 1165/1926/728 1163/1927/652 1295/1928/654
f 1163/1927/652 1165/1926/728 1029/1929/726
f 1030/1929/725 1166/1926/727 1164/1927/651
f 1296/1928/653 1164/1927/651 1166/1926/727
f 1168/1930/788 1165/1931/728 1297/1932/730
f 1165/1931/728 1168/1930/788 1032/1933/786
f 1034/1933/785 1170/1930/787 1166/1931/727
f 1298/1932/729 1166/1931/727 1170/1930/787
f 1299/1934/700 1174/1935/770 1171/1936/766
f 1174/1935/770 1299/1934/700 1300/1937/704
f 1301/1937/703 1302/1934/699 1175/1935/769
f 1176/1936/765 1175/1935/769 1302/1934/699
f 1303/1938/706 1174/1939/770 1300/1940/704
f 1174/1939/770 1303/1938/706 1179/1941/772
f 1182/1941/771 1304/1938/705 1175/1939/769
f 1301/1940/703 1175/1939/769 1304/1938/705
f 1305/1942/708 1179/1943/772 1303/1944/706
f 1179/1943/772 1305/1942/708 1183/1945/774
f 1186/1945/773 1306/1942/707 1182/1943/771
f 1304/1944/705 1182/1943/771 1306/1942/707
f 1307/1946/710 1183/1947/774 1305/1948/708
f 1183/1947/774 1307/1946/710 1187/1949/776
f 1190/1949/775 1308/1946/709 1186/1947/773
f 1306/1948/707 1186/1947/773 1308/1946/709
f 1275/1950/712 1187/1951/776 1307/1952/710
f 1187/1951/776 1275/1950/712 1143/1953/778
f 1146/1953/777 1276/1950/711 1190/1951/775
f 1308/1952/709 1190/1951/775 1276/1950/711
f 1192/1954/790 1297/1955/730 1309/1956/732
f 1297/1955/730 1192/1954/790 1168/1957/788
f 1170/1957/787 1194/1954/789 1298/1955/729
f 1310/1956/731 1298/1955/729 1194/1954/789
f 1196/1958/756 1309/1959/732 1311/1960/690
f 1309/1959/732 1196/1958/756 1192/1961/790
f 1194/1961/789 1198/1958/754 1310/1959/731
f 1312/1960/688 1310/1959/731 1198/1958/754
f 1196/1962/756 1313/1963/859 1199/1964/855
f 1313/1963/859 1196/1962/756 1311/1965/690
f 1312/1965/688 1198/1962/754 1314/1963/860
f 1201/1964/857 1314/1963/860 1198/1962/754
f 1206/1964/855 1315/1966/689 1204/1967/755
f 1315/1966/689 1206/1964/855 1316/1963/859
f 1317/1963/860 1207/1964/857 1318/1966/687
f 1209/1967/753 1318/1966/687 1207/1964/857
f 1204/1968/755 1319/1969/692 1211/1970/758
f 1319/1969/692 1204/1968/755 1315/1971/689
f 1318/1971/687 1209/1968/753 1320/1969/691
f 1213/1970/757 1320/1969/691 1209/1968/753
f 1211/1972/758 1321/1973/694 1215/1974/760
f 1321/1973/694 1211/1972/758 1319/1975/692
f 1320/1975/691 1213/1972/757 1322/1973/693
f 1217/1974/759 1322/1973/693 1213/1972/757
f 1215/1976/760 1323/1977/696 1219/1978/762
f 1323/1977/696 1215/1976/760 1321/1979/694
f 1322/1979/693 1217/1976/759 1324/1977/695
f 1221/1978/761 1324/1977/695 1217/1976/759
f 1219/1980/762 1325/1981/660 1223/1982/734
f 1325/1981/660 1219/1980/762 1323/1983/696
f 1324/1983/695 1221/1980/761 1326/1981/659
f 1225/1982/733 1326/1981/659 1221/1980/761
f 1228/1984/662 1325/1985/660 1327/1986/584
f 1325/1985/660 1228/1984/662 1223/1987/734
f 1225/1987/733 1230/1984/661 1326/1985/659
f 1328/1986/583 1326/1985/659 1230/1984/661
f 1232/1988/586 1327/1989/584 1329/1990/512
f 1327/1989/584 1232/1988/586 1228/1991/662
f 1230/1991/661 1234/1988/585 1328/1989/583
f 1330/1990/511 1328/1989/583 1234/1988/585
f 1236/1992/514 1329/1993/512 1331/1994/440
f 1329/1993/512 1236/1992/514 1232/1995/586
f 1234/1995/585 1238/1992/513 1330/1993/511
f 1332/1994/439 1330/1993/511 1238/1992/513
f 1240/1996/442 1331/1997/440 1333/1998/368
f 1331/1997/440 1240/1996/442 1236/1999/514
f 1238/1999/513 1242/1996/441 1332/1997/439
f 1334/1998/367 1332/1997/439 1242/1996/441
f 1244/2000/371 1333/2001/368 1335/2002/297
f 1333/2001/368 1244/2000/371 1240/2003/442
f 1242/2003/441 1246/2000/369 1334/2001/367
f 1336/2002/295 1334/2001/367 1246/2000/369
f 1248/2004/372 1335/2005/297 1337/2006/298
f 1335/2005/297 1248/2004/372 1244/2007/371
f 1246/2007/369 1250/2004/370 1336/2005/295
f 1338/2006/296 1336/2005/295 1250/2004/370
f 1252/2008/448 1337/2009/298 1339/2010/374
f 1337/2009/298 1252/2008/448 1248/2011/372
f 1250/2011/370 1254/2008/447 1338/2009/296
f 1340/2010/373 1338/2009/296 1254/2008/447
f 1256/2012/524 1339/2013/374 1341/2014/450
f 1339/2013/374 1256/2012/524 1252/2015/448
f 1254/2015/447 1258/2012/523 1340/2013/373
f 1342/2014/449 1340/2013/373 1258/2012/523
f 1260/2016/604 1341/2017/450 1343/2018/526
f 1341/2017/450 1260/2016/604 1256/2019/524
f 1258/2019/523 1262/2016/603 1342/2017/449
f 1344/2018/525 1342/2017/449 1262/2016/603
f 1343/2020/526 1264/2021/684 1260/2022/604
f 1264/2021/684 1343/2020/526 1345/2023/606
f 1346/2023/605 1344/2020/525 1265/2021/683
f 1262/2022/603 1265/2021/683 1344/2020/525
f 1345/2024/606 1268/2025/752 1264/2026/684
f 1268/2025/752 1345/2024/606 1347/2027/686
f 1348/2027/685 1346/2024/605 1269/2025/751
f 1265/2026/683 1269/2025/751 1346/2024/605
f 1347/2028/686 1272/2029/764 1268/2030/752
f 1272/2029/764 1347/2028/686 1349/2031/698
f 1350/2031/697 1348/2028/685 1273/2029/763
f 1269/2030/751 1273/2029/763 1348/2028/685
f 1349/2032/698 1171/2033/766 1272/2034/764
f 1171/2033/766 1349/2032/698 1299/2035/700
f 1302/2035/699 1350/2032/697 1176/2033/765
f 1273/2034/763 1176/2033/765 1350/2032/697
f 1147/2036/714 1351/2037/634 1277/2038/636
f 1351/2037/634 1147/2036/714 1275/2039/712
f 1276/2039/711 1148/2036/713 1352/2037/633
f 1278/2038/635 1352/2037/633 1148/2036/713
f 1149/2040/638 1353/2041/558 1279/2042/560
f 1353/2041/558 1149/2040/638 1277/2043/636
f 1278/2043/635 1150/2040/637 1354/2041/557
f 1280/2042/559 1354/2041/557 1150/2040/637
f 1151/2044/562 1355/2045/486 1281/2046/488
f 1355/2045/486 1151/2044/562 1279/2047/560
f 1280/2047/559 1152/2044/561 1356/2045/485
f 1282/2046/487 1356/2045/485 1152/2044/561
f 1153/2048/490 1357/2049/414 1283/2050/416
f 1357/2049/414 1153/2048/490 1281/2051/488
f 1282/2051/487 1154/2048/489 1358/2049/413
f 1284/2050/415 1358/2049/413 1154/2048/489
f 1283/2052/416 1286/2053/344 1156/2054/418
f 1286/2053/344 1283/2052/416 1359/2055/342
f 1360/2055/341 1284/2052/415 1287/2053/343
f 1157/2054/417 1287/2053/343 1284/2052/415
f 1286/2056/344 1361/2057/272 1285/2058/346
f 1361/2057/272 1286/2056/344 1362/2059/270
f 1363/2059/269 1287/2056/343 1364/2057/271
f 1288/2058/345 1364/2057/271 1287/2056/343
f 1155/2060/420 1365/2061/348 1289/2062/422
f 1365/2061/348 1155/2060/420 1285/2063/346
f 1288/2063/345 1158/2060/419 1366/2061/347
f 1290/2062/421 1366/2061/347 1158/2060/419
f 1159/2064/496 1367/2065/424 1291/2066/498
f 1367/2065/424 1159/2064/496 1289/2067/422
f 1290/2067/421 1160/2064/495 1368/2065/423
f 1292/2066/497 1368/2065/423 1160/2064/495
f 1161/2068/572 1369/2069/500 1293/2070/574
f 1369/2069/500 1161/2068/572 1291/2071/498
f 1292/2071/497 1162/2068/571 1370/2069/499
f 1294/2070/573 1370/2069/499 1162/2068/571
f 1295/2072/654 1293/2073/574 1371/2074/576
f 1293/2073/574 1295/2072/654 1163/2075/652
f 1164/2075/651 1296/2072/653 1294/2073/573
f 1372/2074/575 1294/2073/573 1296/2072/653
f 1297/2076/730 1295/2077/654 1373/2078/656
f 1295/2077/654 1297/2076/730 1165/2079/728
f 1166/2079/727 1298/2076/729 1296/2077/653
f 1374/2078/655 1296/2077/653 1298/2076/729
f 1375/2080/622 1300/2081/704 1299/2082/700
f 1300/2081/704 1375/2080/622 1376/2083/626
f 1377/2083/625 1378/2080/621 1301/2081/703
f 1302/2082/699 1301/2081/703 1378/2080/621
f 1379/2084/628 1300/2085/704 1376/2086/626
f 1300/2085/704 1379/2084/628 1303/2087/706
f 1304/2087/705 1380/2084/627 1301/2085/703
f 1377/2086/625 1301/2085/703 1380/2084/627
f 1381/2088/630 1303/2089/706 1379/2090/628
f 1303/2089/706 1381/2088/630 1305/2091/708
f 1306/2091/707 1382/2088/629 1304/2089/705
f 1380/2090/627 1304/2089/705 1382/2088/629
f 1383/2092/632 1305/2093/708 1381/2094/630
f 1305/2093/708 1383/2092/632 1307/2095/710
f 1308/2095/709 1384/2092/631 1306/2093/707
f 1382/2094/629 1306/2093/707 1384/2092/631
f 1351/2096/634 1307/2097/710 1383/2098/632
f 1307/2097/710 1351/2096/634 1275/2099/712
f 1276/2099/711 1352/2096/633 1308/2097/709
f 1384/2098/631 1308/2097/709 1352/2096/633
f 1309/2100/732 1373/2101/656 1385/2102/658
f 1373/2101/656 1309/2100/732 1297/2103/730
f 1298/2103/729 1310/2100/731 1374/2101/655
f 1386/2102/657 1374/2101/655 1310/2100/731
f 1311/2104/690 1385/2105/658 1387/2106/612
f 1385/2105/658 1311/2104/690 1309/2107/732
f 1310/2107/731 1312/2104/688 1386/2105/657
f 1388/2106/610 1386/2105/657 1312/2104/688
f 1311/2108/690 1389/2109/861 1313/2110/859
f 1389/2109/861 1311/2108/690 1387/2111/612
f 1388/2111/610 1312/2108/688 1390/2109/862
f 1314/2110/860 1390/2109/862 1312/2108/688
f 1316/2110/859 1391/2112/611 1315/2113/689
f 1391/2112/611 1316/2110/859 1392/2109/861
f 1393/2109/862 1317/2110/860 1394/2112/609
f 1318/2113/687 1394/2112/609 1317/2110/860
f 1315/2114/689 1395/2115/614 1319/2116/692
f 1395/2115/614 1315/2114/689 1391/2117/611
f 1394/2117/609 1318/2114/687 1396/2115/613
f 1320/2116/691 1396/2115/613 1318/2114/687
f 1319/2118/692 1397/2119/616 1321/2120/694
f 1397/2119/616 1319/2118/692 1395/2121/614
f 1396/2121/613 1320/2118/691 1398/2119/615
f 1322/2120/693 1398/2119/615 1320/2118/691
f 1321/2122/694 1399/2123/618 1323/2124/696
f 1399/2123/618 1321/2122/694 1397/2125/616
f 1398/2125/615 1322/2122/693 1400/2123/617
f 1324/2124/695 1400/2123/617 1322/2122/693
f 1323/2126/696 1401/2127/582 1325/2128/660
f 1401/2127/582 1323/2126/696 1399/2129/618
f 1400/2129/617 1324/2126/695 1402/2127/581
f 1326/2128/659 1402/2127/581 1324/2126/695
f 1327/2130/584 1401/2131/582 1403/2132/510
f 1401/2131/582 1327/2130/584 1325/2133/660
f 1326/2133/659 1328/2130/583 1402/2131/581
f 1404/2132/509 1402/2131/581 1328/2130/583
f 1329/2134/512 1403/2135/510 1405/2136/438
f 1403/2135/510 1329/2134/512 1327/2137/584
f 1328/2137/583 1330/2134/511 1404/2135/509
f 1406/2136/437 1404/2135/509 1330/2134/511
f 1331/2138/440 1405/2139/438 1407/2140/366
f 1405/2139/438 1331/2138/440 1329/2141/512
f 1330/2141/511 1332/2138/439 1406/2139/437
f 1408/2140/365 1406/2139/437 1332/2138/439
f 1333/2142/368 1407/2143/366 1409/2144/294
f 1407/2143/366 1333/2142/368 1331/2145/440
f 1332/2145/439 1334/2142/367 1408/2143/365
f 1410/2144/293 1408/2143/365 1334/2142/367
f 1335/2146/297 1409/2147/294 1411/2148/219
f 1409/2147/294 1335/2146/297 1333/2149/368
f 1334/2149/367 1336/2146/295 1410/2147/293
f 1412/2148/217 1410/2147/293 1336/2146/295
f 1337/2150/298 1411/2151/219 1413/2152/220
f 1411/2151/219 1337/2150/298 1335/2153/297
f 1336/2153/295 1338/2150/296 1412/2151/217
f 1414/2152/218 1412/2151/217 1338/2150/296
f 1339/2154/374 1413/2155/220 1415/2156/300
f 1413/2155/220 1339/2154/374 1337/2157/298
f 1338/2157/296 1340/2154/373 1414/2155/218
f 1416/2156/299 1414/2155/218 1340/2154/373
f 1341/2158/450 1415/2159/300 1417/2160/376
f 1415/2159/300 1341/2158/450 1339/2161/374
f 1340/2161/373 1342/2158/449 1416/2159/299
f 1418/2160/375 1416/2159/299 1342/2158/449
f 1343/2162/526 1417/2163/376 1419/2164/452
f 1417/2163/376 1343/2162/526 1341/2165/450
f 1342/2165/449 1344/2162/525 1418/2163/375
f 1420/2164/451 1418/2163/375 1344/2162/525
f 1419/2166/452 1345/2167/606 1343/2168/526
f 1345/2167/606 1419/2166/452 1421/2169/528
f 1422/2169/527 1420/2166/451 1346/2167/605
f 1344/2168/525 1346/2167/605 1420/2166/451
f 1421/2170/528 1347/2171/686 1345/2172/606
f 1347/2171/686 1421/2170/528 1423/2173/608
f 1424/2173/607 1422/2170/527 1348/2171/685
f 1346/2172/605 1348/2171/685 1422/2170/527
f 1423/2174/608 1349/2175/698 1347/2176/686
f 1349/2175/698 1423/2174/608 1425/2177/620
f 1426/2177/619 1424/2174/607 1350/2175/697
f 1348/2176/685 1350/2175/697 1424/2174/607
f 1425/2178/620 1299/2179/700 1349/2180/698
f 1299/2179/700 1425/2178/620 1375/2181/622
f 1378/2181/621 1426/2178/619 1302/2179/699
f 1350/2180/697 1302/2179/699 1426/2178/619
f 1277/2182/636 1427/2183/556 1353/2184/558
f 1427/2183/556 1277/2182/636 1351/2185/634
f 1352/2185/633 1278/2182/635 1428/2183/555
f 1354/2184/557 1428/2183/555 1278/2182/635
f 1279/2186/560 1429/2187/484 1355/2188/486
f 1429/2187/484 1279/2186/560 1353/2189/558
f 1354/2189/557 1280/2186/559 1430/2187/483
f 1356/2188/485 1430/2187/483 1280/2186/559
f 1281/2190/488 1431/2191/412 1357/2192/414
f 1431/2191/412 1281/2190/488 1355/2193/486
f 1356/2193/485 1282/2190/487 1432/2191/411
f 1358/2192/413 1432/2191/411 1282/2190/487
f 1283/2194/416 1433/2195/340 1359/2196/342
f 1433/2195/340 1283/2194/416 1357/2197/414
f 1358/2197/413 1284/2194/415 1434/2195/339
f 1360/2196/341 1434/2195/339 1284/2194/415
f 1359/2198/342 1362/2199/270 1286/2200/344
f 1362/2199/270 1359/2198/342 1435/2201/268
f 1436/2201/267 1360/2198/341 1363/2199/269
f 1287/2200/343 1363/2199/269 1360/2198/341
f 1362/2202/270 1437/2203/181 1361/2204/272
f 1437/2203/181 1362/2202/270 1438/2205/178
f 1439/2205/175 1363/2202/269 1440/2203/180
f 1364/2204/271 1440/2203/180 1363/2202/269
f 1285/2206/346 1441/2207/274 1365/2208/348
f 1441/2207/274 1285/2206/346 1361/2209/272
f 1364/2209/271 1288/2206/345 1442/2207/273
f 1366/2208/347 1442/2207/273 1288/2206/345
f 1289/2210/422 1443/2211/350 1367/2212/424
f 1443/2211/350 1289/2210/422 1365/2213/348
f 1366/2213/347 1290/2210/421 1444/2211/349
f 1368/2212/423 1444/2211/349 1290/2210/421
f 1291/2214/498 1445/2215/426 1369/2216/500
f 1445/2215/426 1291/2214/498 1367/2217/424
f 1368/2217/423 1292/2214/497 1446/2215/425
f 1370/2216/499 1446/2215/425 1292/2214/497
f 1293/2218/574 1447/2219/502 1371/2220/576
f 1447/2219/502 1293/2218/574 1369/2221/500
f 1370/2221/499 1294/2218/573 1448/2219/501
f 1372/2220/575 1448/2219/501 1294/2218/573
f 1373/2222/656 1371/2223/576 1449/2224/578
f 1371/2223/576 1373/2222/656 1295/2225/654
f 1296/2225/653 1374/2222/655 1372/2223/575
f 1450/2224/577 1372/2223/575 1374/2222/655
f 1451/2226/544 1376/2227/626 1375/2228/622
f 1376/2227/626 1451/2226/544 1452/2229/548
f 1453/2229/547 1454/2226/543 1377/2227/625
f 1378/2228/621 1377/2227/625 1454/2226/543
f 1455/2230/550 1376/2231/626 1452/2232/548
f 1376/2231/626 1455/2230/550 1379/2233/628
f 1380/2233/627 1456/2230/549 1377/2231/625
f 1453/2232/547 1377/2231/625 1456/2230/549
f 1457/2234/552 1379/2235/628 1455/2236/550
f 1379/2235/628 1457/2234/552 1381/2237/630
f 1382/2237/629 1458/2234/551 1380/2235/627
f 1456/2236/549 1380/2235/627 1458/2234/551
f 1459/2238/554 1381/2239/630 1457/2240/552
f 1381/2239/630 1459/2238/554 1383/2241/632
f 1384/2241/631 1460/2238/553 1382/2239/629
f 1458/2240/551 1382/2239/629 1460/2238/553
f 1427/2242/556 1383/2243/632 1459/2244/554
f 1383/2243/632 1427/2242/556 1351/2245/634
f 1352/2245/633 1428/2242/555 1384/2243/631
f 1460/2244/553 1384/2243/631 1428/2242/555
f 1385/2246/658 1449/2247/578 1461/2248/580
f 1449/2247/578 1385/2246/658 1373/2249/656
f 1374/2249/655 1386/2246/657 1450/2247/577
f 1462/2248/579 1450/2247/577 1386/2246/657
f 1387/2250/612 1461/2251/580 1463/2252/534
f 1461/2251/580 1387/2250/612 1385/2253/658
f 1386/2253/657 1388/2250/610 1462/2251/579
f 1464/2252/532 1462/2251/579 1388/2250/610
f 1387/2254/612 1465/2255/863 1389/2256/861
f 1465/2255/863 1387/2254/612 1463/2257/534
f 1464/2257/532 1388/2254/610 1466/2255/864
f 1390/2256/862 1466/2255/864 1388/2254/610
f 1392/2256/861 1467/2258/533 1391/2259/611
f 1467/2258/533 1392/2256/861 1468/2255/863
f 1469/2255/864 1393/2256/862 1470/2258/531
f 1394/2259/609 1470/2258/531 1393/2256/862
f 1391/2260/611 1471/2261/536 1395/2262/614
f 1471/2261/536 1391/2260/611 1467/2263/533
f 1470/2263/531 1394/2260/609 1472/2261/535
f 1396/2262/613 1472/2261/535 1394/2260/609
f 1395/2264/614 1473/2265/538 1397/2266/616
f 1473/2265/538 1395/2264/614 1471/2267/536
f 1472/2267/535 1396/2264/613 1474/2265/537
f 1398/2266/615 1474/2265/537 1396/2264/613
f 1397/2268/616 1475/2269/540 1399/2270/618
f 1475/2269/540 1397/2268/616 1473/2271/538
f 1474/2271/537 1398/2268/615 1476/2269/539
f 1400/2270/617 1476/2269/539 1398/2268/615
f 1399/2272/618 1477/2273/508 1401/2274/582
f 1477/2273/508 1399/2272/618 1475/2275/540
f 1476/2275/539 1400/2272/617 1478/2273/507
f 1402/2274/581 1478/2273/507 1400/2272/617
f 1403/2276/510 1477/2277/508 1479/2278/436
f 1477/2277/508 1403/2276/510 1401/2279/582
f 1402/2279/581 1404/2276/509 1478/2277/507
f 1480/2278/435 1478/2277/507 1404/2276/509
f 1405/2280/438 1479/2281/436 1481/2282/364
f 1479/2281/436 1405/2280/438 1403/2283/510
f 1404/2283/509 1406/2280/437 1480/2281/435
f 1482/2282/363 1480/2281/435 1406/2280/437
f 1407/2284/366 1481/2285/364 1483/2286/292
f 1481/2285/364 1407/2284/366 1405/2287/438
f 1406/2287/437 1408/2284/365 1482/2285/363
f 1484/2286/291 1482/2285/363 1408/2284/365
f 1409/2288/294 1483/2289/292 1485/2290/216
f 1483/2289/292 1409/2288/294 1407/2291/366
f 1408/2291/365 1410/2288/293 1484/2289/291
f 1486/2290/215 1484/2289/291 1410/2288/293
f 1411/2292/219 1485/2293/216 1487/2294/69
f 1485/2293/216 1411/2292/219 1409/2295/294
f 1410/2295/293 1412/2292/217 1486/2293/215
f 1488/2294/67 1486/2293/215 1412/2292/217
f 1413/2296/220 1487/2297/69 1489/2298/70
f 1487/2297/69 1413/2296/220 1411/2299/219
f 1412/2299/217 1414/2296/218 1488/2297/67
f 1490/2298/68 1488/2297/67 1414/2296/218
f 1415/2300/300 1489/2301/70 1491/2302/222
f 1489/2301/70 1415/2300/300 1413/2303/220
f 1414/2303/218 1416/2300/299 1490/2301/68
f 1492/2302/221 1490/2301/68 1416/2300/299
f 1417/2304/376 1491/2305/222 1493/2306/302
f 1491/2305/222 1417/2304/376 1415/2307/300
f 1416/2307/299 1418/2304/375 1492/2305/221
f 1494/2306/301 1492/2305/221 1418/2304/375
f 1419/2308/452 1493/2309/302 1495/2310/378
f 1493/2309/302 1419/2308/452 1417/2311/376
f 1418/2311/375 1420/2308/451 1494/2309/301
f 1496/2310/377 1494/2309/301 1420/2308/451
f 1495/2312/378 1421/2313/528 1419/2314/452
f 1421/2313/528 1495/2312/378 1497/2315/454
f 1498/2315/453 1496/2312/377 1422/2313/527
f 1420/2314/451 1422/2313/527 1496/2312/377
f 1497/2316/454 1423/2317/608 1421/2318/528
f 1423/2317/608 1497/2316/454 1499/2319/530
f 1500/2319/529 1498/2316/453 1424/2317/607
f 1422/2318/527 1424/2317/607 1498/2316/453
f 1499/2320/530 1425/2321/620 1423/2322/608
f 1425/2321/620 1499/2320/530 1501/2323/542
f 1502/2323/541 1500/2320/529 1426/2321/619
f 1424/2322/607 1426/2321/619 1500/2320/529
f 1501/2324/542 1375/2325/622 1425/2326/620
f 1375/2325/622 1501/2324/542 1451/2327/544
f 1454/2327/543 1502/2324/541 1378/2325/621
f 1426/2326/619 1378/2325/621 1502/2324/541
f 1353/2328/558 1503/2329/482 1429/2330/484
f 1503/2329/482 1353/2328/558 1427/2331/556
f 1428/2331/555 1354/2328/557 1504/2329/481
f 1430/2330/483 1504/2329/481 1354/2328/557
f 1355/2332/486 1505/2333/410 1431/2334/412
f 1505/2333/410 1355/2332/486 1429/2335/484
f 1430/2335/483 1356/2332/485 1506/2333/409
f 1432/2334/411 1506/2333/409 1356/2332/485
f 1357/2336/414 1507/2337/338 1433/2338/340
f 1507/2337/338 1357/2336/414 1431/2339/412
f 1432/2339/411 1358/2336/413 1508/2337/337
f 1434/2338/339 1508/2337/337 1358/2336/413
f 1359/2340/342 1509/2341/266 1435/2342/268
f 1509/2341/266 1359/2340/342 1433/2343/340
f 1434/2343/339 1360/2340/341 1510/2341/265
f 1436/2342/267 1510/2341/265 1360/2340/341
f 1435/2344/268 1438/2345/178 1362/2346/270
f 1438/2345/178 1435/2344/268 1511/2347/174
f 1512/2347/171 1436/2344/267 1439/2345/175
f 1363/2346/269 1439/2345/175 1436/2344/267
f 1438/2348/178 1513/2349/182 1437/2350/181
f 1513/2349/182 1438/2348/178 1514/2351/177
f 1515/2351/176 1439/2348/175 1516/2349/179
f 1440/2350/180 1516/2349/179 1439/2348/175
f 1361/2352/272 1517/2353/185 1441/2354/274
f 1517/2353/185 1361/2352/272 1437/2355/181
f 1440/2355/180 1364/2352/271 1518/2353/184
f 1442/2354/273 1518/2353/184 1364/2352/271
f 1365/2356/348 1519/2357/276 1443/2358/350
f 1519/2357/276 1365/2356/348 1441/2359/274
f 1442/2359/273 1366/2356/347 1520/2357/275
f 1444/2358/349 1520/2357/275 1366/2356/347
f 1367/2360/424 1521/2361/352 1445/2362/426
f 1521/2361/352 1367/2360/424 1443/2363/350
f 1444/2363/349 1368/2360/423 1522/2361/351
f 1446/2362/425 1522/2361/351 1368/2360/423
f 1369/2364/500 1523/2365/428 1447/2366/502
f 1523/2365/428 1369/2364/500 1445/2367/426
f 1446/2367/425 1370/2364/499 1524/2365/427
f 1448/2366/501 1524/2365/427 1370/2364/499
f 1449/2368/578 1447/2369/502 1525/2370/504
f 1447/2369/502 1449/2368/578 1371/2371/576
f 1372/2371/575 1450/2368/577 1448/2369/501
f 1526/2370/503 1448/2369/501 1450/2368/577
f 1527/2372/470 1452/2373/548 1451/2374/544
f 1452/2373/548 1527/2372/470 1528/2375/474
f 1529/2375/473 1530/2372/469 1453/2373/547
f 1454/2374/543 1453/2373/547 1530/2372/469
f 1531/2376/476 1452/2377/548 1528/2378/474
f 1452/2377/548 1531/2376/476 1455/2379/550
f 1456/2379/549 1532/2376/475 1453/2377/547
f 1529/2378/473 1453/2377/547 1532/2376/475
f 1533/2380/478 1455/2381/550 1531/2382/476
f 1455/2381/550 1533/2380/478 1457/2383/552
f 1458/2383/551 1534/2380/477 1456/2381/549
f 1532/2382/475 1456/2381/549 1534/2380/477
f 1459/2384/554 1533/2385/478 1535/2386/480
f 1533/2385/478 1459/2384/554 1457/2387/552
f 1458/2387/551 1460/2384/553 1534/2385/477
f 1536/2386/479 1534/2385/477 1460/2384/553
f 1427/2388/556 1535/2389/480 1503/2390/482
f 1535/2389/480 1427/2388/556 1459/2391/554
f 1460/2391/553 1428/2388/555 1536/2389/479
f 1504/2390/481 1536/2389/479 1428/2388/555
f 1461/2392/580 1525/2393/504 1537/2394/506
f 1525/2393/504 1461/2392/580 1449/2395/578
f 1450/2395/577 1462/2392/579 1526/2393/503
f 1538/2394/505 1526/2393/503 1462/2392/579
f 1463/2396/534 1537/2397/506 1539/2398/459
f 1537/2397/506 1463/2396/534 1461/2399/580
f 1462/2399/579 1464/2396/532 1538/2397/505
f 1540/2398/458 1538/2397/505 1464/2396/532
f 1463/2400/534 1541/2401/865 1465/2402/863
f 1541/2401/865 1463/2400/534 1539/2403/459
f 1540/2403/458 1464/2400/532 1542/2401/866
f 1466/2402/864 1542/2401/866 1464/2400/532
f 1468/2402/863 1543/2404/460 1467/2405/533
f 1543/2404/460 1468/2402/863 1544/2401/865
f 1545/2401/866 1469/2402/864 1546/2404/457
f 1470/2405/531 1546/2404/457 1469/2402/864
f 1467/2406/533 1547/2407/462 1471/2408/536
f 1547/2407/462 1467/2406/533 1543/2409/460
f 1546/2409/457 1470/2406/531 1548/2407/461
f 1472/2408/535 1548/2407/461 1470/2406/531
f 1471/2410/536 1549/2411/464 1473/2412/538
f 1549/2411/464 1471/2410/536 1547/2413/462
f 1548/2413/461 1472/2410/535 1550/2411/463
f 1474/2412/537 1550/2411/463 1472/2410/535
f 1549/2414/464 1475/2415/540 1473/2416/538
f 1475/2415/540 1549/2414/464 1551/2417/466
f 1552/2417/465 1550/2414/463 1476/2415/539
f 1474/2416/537 1476/2415/539 1550/2414/463
f 1551/2418/466 1477/2419/508 1475/2420/540
f 1477/2419/508 1551/2418/466 1553/2421/434
f 1554/2421/433 1552/2418/465 1478/2419/507
f 1476/2420/539 1478/2419/507 1552/2418/465
f 1553/2422/434 1479/2423/436 1477/2424/508
f 1479/2423/436 1553/2422/434 1555/2425/362
f 1556/2425/361 1554/2422/433 1480/2423/435
f 1478/2424/507 1480/2423/435 1554/2422/433
f 1481/2426/364 1555/2427/362 1557/2428/290
f 1555/2427/362 1481/2426/364 1479/2429/436
f 1480/2429/435 1482/2426/363 1556/2427/361
f 1558/2428/289 1556/2427/361 1482/2426/363
f 1483/2430/292 1557/2431/290 1559/2432/214
f 1557/2431/290 1483/2430/292 1481/2433/364
f 1482/2433/363 1484/2430/291 1558/2431/289
f 1560/2432/213 1558/2431/289 1484/2430/291
f 1485/2434/216 1559/2435/214 1561/2436/66
f 1559/2435/214 1485/2434/216 1483/2437/292
f 1484/2437/291 1486/2434/215 1560/2435/213
f 1562/2436/65 1560/2435/213 1486/2434/215
f 1487/2438/69 1561/2439/66 1563/2440/41
f 1561/2439/66 1487/2438/69 1485/2441/216
f 1486/2441/215 1488/2438/67 1562/2439/65
f 1564/2440/39 1562/2439/65 1488/2438/67
f 1489/2442/70 1563/2443/41 1565/2444/42
f 1563/2443/41 1489/2442/70 1487/2445/69
f 1488/2445/67 1490/2442/68 1564/2443/39
f 1566/2444/40 1564/2443/39 1490/2442/68
f 1491/2446/222 1565/2447/42 1567/2448/72
f 1565/2447/42 1491/2446/222 1489/2449/70
f 1490/2449/68 1492/2446/221 1566/2447/40
f 1568/2448/71 1566/2447/40 1492/2446/221
f 1569/2450/224 1491/2451/222 1567/2452/72
f 1491/2451/222 1569/2450/224 1493/2453/302
f 1494/2453/301 1570/2450/223 1492/2451/221
f 1568/2452/71 1492/2451/221 1570/2450/223
f 1571/2454/304 1493/2455/302 1569/2456/224
f 1493/2455/302 1571/2454/304 1495/2457/378
f 1496/2457/377 1572/2454/303 1494/2455/301
f 1570/2456/223 1494/2455/301 1572/2454/303
f 1573/2458/380 1495/2459/378 1571/2460/304
f 1495/2459/378 1573/2458/380 1497/2461/454
f 1498/2461/453 1574/2458/379 1496/2459/377
f 1572/2460/303 1496/2459/377 1574/2458/379
f 1573/2462/380 1499/2463/530 1497/2464/454
f 1499/2463/530 1573/2462/380 1575/2465/456
f 1576/2465/455 1574/2462/379 1500/2463/529
f 1498/2464/453 1500/2463/529 1574/2462/379
f 1575/2466/456 1501/2467/542 1499/2468/530
f 1501/2467/542 1575/2466/456 1577/2469/468
f 1578/2469/467 1576/2466/455 1502/2467/541
f 1500/2468/529 1502/2467/541 1576/2466/455
f 1577/2470/468 1451/2471/544 1501/2472/542
f 1451/2471/544 1577/2470/468 1527/2473/470
f 1530/2473/469 1578/2470/467 1454/2471/543
f 1502/2472/541 1454/2471/543 1578/2470/467
f 1429/2474/484 1579/2475/408 1505/2476/410
f 1579/2475/408 1429/2474/484 1503/2477/482
f 1504/2477/481 1430/2474/483 1580/2475/407
f 1506/2476/409 1580/2475/407 1430/2474/483
f 1431/2478/412 1581/2479/336 1507/2480/338
f 1581/2479/336 1431/2478/412 1505/2481/410
f 1506/2481/409 1432/2478/411 1582/2479/335
f 1508/2480/337 1582/2479/335 1432/2478/411
f 1433/2482/340 1583/2483/264 1509/2484/266
f 1583/2483/264 1433/2482/340 1507/2485/338
f 1508/2485/337 1434/2482/339 1584/2483/263
f 1510/2484/265 1584/2483/263 1434/2482/339
f 1435/2486/268 1585/2487/170 1511/2488/174
f 1585/2487/170 1435/2486/268 1509/2489/266
f 1510/2489/265 1436/2486/267 1586/2487/167
f 1512/2488/171 1586/2487/167 1436/2486/267
f 1511/2490/174 1514/2491/177 1438/2492/178
f 1514/2491/177 1511/2490/174 1587/2493/173
f 1588/2493/172 1512/2490/171 1515/2491/176
f 1439/2492/175 1515/2491/176 1512/2490/171
f 1589/2494/50 1590/2495/50 1591/2496/50
f 1590/2495/50 1589/2494/50 1592/2497/50
f 1592/2497/50 1589/2494/50 1593/2498/50
f 1593/2498/50 1589/2494/50 1594/2499/50
f 1593/2498/50 1594/2499/50 1595/2500/50
f 1595/2500/50 1594/2499/50 1596/2501/50
f 1595/2500/50 1596/2501/50 1597/2502/50
f 1597/2502/50 1596/2501/50 1598/2503/50
f 1597/2502/50 1598/2503/50 1599/2504/50
f 1599/2504/50 1598/2503/50 1600/2505/50
f 1599/2504/50 1600/2505/50 1601/2506/50
f 1601/2506/50 1600/2505/50 1602/2507/50
f 1601/2506/50 1602/2507/50 1603/2508/50
f 1603/2508/50 1602/2507/50 1604/2509/50
f 1603/2508/50 1604/2509/50 1605/2510/50
f 1605/2510/50 1604/2509/50 1606/2511/50
f 1605/2510/50 1606/2511/50 1607/2512/50
f 1607/2512/50 1606/2511/50 1608/2513/50
f 1607/2512/50 1608/2513/50 1609/2514/50
f 1609/2514/50 1608/2513/50 1610/2515/50
f 1609/2514/50 1610/2515/50 1611/2516/50
f 1611/2516/50 1610/2515/50 1612/2517/50
f 1611/2516/50 1612/2517/50 1613/2518/50
f 1613/2518/50 1612/2517/50 1614/2519/50
f 1613/2518/50 1614/2519/50 1615/2520/50
f 1615/2520/50 1614/2519/50 1616/2521/50
f 1615/2520/50 1616/2521/50 1617/2522/50
f 1617/2522/50 1616/2521/50 1618/2523/50
f 1617/2522/50 1618/2523/50 1619/2524/50
f 1619/2524/50 1618/2523/50 1620/2525/50
f 1619/2524/50 1620/2525/50 1621/2526/50
f 1621/2526/50 1620/2525/50 1622/2527/50
f 1621/2526/50 1622/2527/50 1623/2528/50
f 1623/2528/50 1622/2527/50 1624/2529/50
f 1623/2528/50 1624/2529/50 1625/2530/50
f 1626/2530/49 1627/2529/49 1628/2528/49
f 1627/2529/49 1629/2527/49 1628/2528/49
f 1628/2528/49 1629/2527/49 1630/2526/49
f 1629/2527/49 1631/2525/49 1630/2526/49
f 1630/2526/49 1631/2525/49 1632/2524/49
f 1631/2525/49 1633/2523/49 1632/2524/49
f 1632/2524/49 1633/2523/49 1634/2522/49
f 1633/2523/49 1635/2521/49 1634/2522/49
f 1634/2522/49 1635/2521/49 1636/2520/49
f 1635/2521/49 1637/2519/49 1636/2520/49
f 1636/2520/49 1637/2519/49 1638/2518/49
f 1637/2519/49 1639/2517/49 1638/2518/49
f 1638/2518/49 1639/2517/49 1640/2516/49
f 1639/2517/49 1641/2515/49 1640/2516/49
f 1640/2516/49 1641/2515/49 1642/2514/49
f 1641/2515/49 1643/2513/49 1642/2514/49
f 1642/2514/49 1643/2513/49 1644/2512/49
f 1643/2513/49 1645/2511/49 1644/2512/49
f 1644/2512/49 1645/2511/49 1646/2510/49
f 1645/2511/49 1647/2509/49 1646/2510/49
f 1646/2510/49 1647/2509/49 1648/2508/49
f 1647/2509/49 1649/2507/49 1648/2508/49
f 1648/2508/49 1649/2507/49 1650/2506/49
f 1649/2507/49 1651/2505/49 1650/2506/49
f 1650/2506/49 1651/2505/49 1652/2504/49
f 1651/2505/49 1653/2503/49 1652/2504/49
f 1652/2504/49 1653/2503/49 1654/2502/49
f 1653/2503/49 1655/2501/49 1654/2502/49
f 1654/2502/49 1655/2501/49 1656/2500/49
f 1655/2501/49 1657/2499/49 1656/2500/49
f 1656/2500/49 1657/2499/49 1658/2498/49
f 1657/2499/49 1659/2494/49 1658/2498/49
f 1658/2498/49 1659/2494/49 1660/2497/49
f 1660/2497/49 1659/2494/49 1661/2495/49
f 1662/2496/49 1661/2495/49 1659/2494/49
f 1437/2531/181 1663/2532/186 1517/2533/185
f 1663/2532/186 1437/2531/181 1513/2534/182
f 1516/2534/179 1440/2531/180 1664/2532/183
f 1518/2533/184 1664/2532/183 1440/2531/180
f 1441/2535/274 1665/2536/189 1519/2537/276
f 1665/2536/189 1441/2535/274 1517/2538/185
f 1518/2538/184 1442/2535/273 1666/2536/188
f 1520/2537/275 1666/2536/188 1442/2535/273
f 1443/2539/350 1667/2540/278 1521/2541/352
f 1667/2540/278 1443/2539/350 1519/2542/276
f 1520/2542/275 1444/2539/349 1668/2540/277
f 1522/2541/351 1668/2540/277 1444/2539/349
f 1445/2543/426 1669/2544/354 1523/2545/428
f 1669/2544/354 1445/2543/426 1521/2546/352
f 1522/2546/351 1446/2543/425 1670/2544/353
f 1524/2545/427 1670/2544/353 1446/2543/425
f 1447/2547/502 1671/2548/430 1525/2549/504
f 1671/2548/430 1447/2547/502 1523/2550/428
f 1524/2550/427 1448/2547/501 1672/2548/429
f 1526/2549/503 1672/2548/429 1448/2547/501
f 1528/2551/474 1673/2552/396 1674/2553/400
f 1673/2552/396 1528/2551/474 1527/2554/470
f 1530/2554/469 1529/2551/473 1675/2552/395
f 1676/2553/399 1675/2552/395 1529/2551/473
f 1531/2555/476 1674/2556/400 1677/2557/402
f 1674/2556/400 1531/2555/476 1528/2558/474
f 1529/2558/473 1532/2555/475 1676/2556/399
f 1678/2557/401 1676/2556/399 1532/2555/475
f 1533/2559/478 1677/2560/402 1679/2561/404
f 1677/2560/402 1533/2559/478 1531/2562/476
f 1532/2562/475 1534/2559/477 1678/2560/401
f 1680/2561/403 1678/2560/401 1534/2559/477
f 1535/2563/480 1679/2564/404 1681/2565/406
f 1679/2564/404 1535/2563/480 1533/2566/478
f 1534/2566/477 1536/2563/479 1680/2564/403
f 1682/2565/405 1680/2564/403 1536/2563/479
f 1503/2567/482 1681/2568/406 1579/2569/408
f 1681/2568/406 1503/2567/482 1535/2570/480
f 1536/2570/479 1504/2567/481 1682/2568/405
f 1580/2569/407 1682/2568/405 1504/2567/481
f 1525/2571/504 1683/2572/432 1537/2573/506
f 1683/2572/432 1525/2571/504 1671/2574/430
f 1672/2574/429 1526/2571/503 1684/2572/431
f 1538/2573/505 1684/2572/431 1526/2571/503
f 1537/2575/506 1685/2576/385 1539/2577/459
f 1685/2576/385 1537/2575/506 1683/2578/432
f 1684/2578/431 1538/2575/505 1686/2576/384
f 1540/2577/458 1686/2576/384 1538/2575/505
f 1685/2579/385 1541/2580/865 1539/2581/459
f 1541/2580/865 1685/2579/385 1687/2582/867
f 1688/2582/868 1686/2579/384 1542/2580/866
f 1540/2581/458 1542/2580/866 1686/2579/384
f 1689/2582/867 1543/2583/460 1544/2580/865
f 1543/2583/460 1689/2582/867 1690/2584/386
f 1691/2584/383 1692/2582/868 1546/2583/457
f 1545/2580/866 1546/2583/457 1692/2582/868
f 1690/2585/386 1547/2586/462 1543/2587/460
f 1547/2586/462 1690/2585/386 1693/2588/388
f 1694/2588/387 1691/2585/383 1548/2586/461
f 1546/2587/457 1548/2586/461 1691/2585/383
f 1693/2589/388 1549/2590/464 1547/2591/462
f 1549/2590/464 1693/2589/388 1695/2592/390
f 1696/2592/389 1694/2589/387 1550/2590/463
f 1548/2591/461 1550/2590/463 1694/2589/387
f 1695/2593/390 1551/2594/466 1549/2595/464
f 1551/2594/466 1695/2593/390 1697/2596/392
f 1698/2596/391 1696/2593/389 1552/2594/465
f 1550/2595/463 1552/2594/465 1696/2593/389
f 1697/2597/392 1553/2598/434 1551/2599/466
f 1553/2598/434 1697/2597/392 1699/2600/360
f 1700/2600/359 1698/2597/391 1554/2598/433
f 1552/2599/465 1554/2598/433 1698/2597/391
f 1699/2601/360 1555/2602/362 1553/2603/434
f 1555/2602/362 1699/2601/360 1701/2604/288
f 1702/2604/287 1700/2601/359 1556/2602/361
f 1554/2603/433 1556/2602/361 1700/2601/359
f 1701/2605/288 1557/2606/290 1555/2607/362
f 1557/2606/290 1701/2605/288 1703/2608/212
f 1704/2608/211 1702/2605/287 1558/2606/289
f 1556/2607/361 1558/2606/289 1702/2605/287
f 1703/2609/212 1559/2610/214 1557/2611/290
f 1559/2610/214 1703/2609/212 1705/2612/64
f 1706/2612/63 1704/2609/211 1560/2610/213
f 1558/2611/289 1560/2610/213 1704/2609/211
f 1705/2613/64 1561/2614/66 1559/2615/214
f 1561/2614/66 1705/2613/64 1707/2616/38
f 1708/2616/37 1706/2613/63 1562/2614/65
f 1560/2615/213 1562/2614/65 1706/2613/63
f 1707/2617/38 1563/2618/41 1561/2619/66
f 1563/2618/41 1707/2617/38 1709/2620/19
f 1710/2620/17 1708/2617/37 1564/2618/39
f 1562/2619/65 1564/2618/39 1708/2617/37
f 1711/2621/20 1563/2622/41 1709/2623/19
f 1563/2622/41 1711/2621/20 1565/2624/42
f 1566/2624/40 1712/2621/18 1564/2622/39
f 1710/2623/17 1564/2622/39 1712/2621/18
f 1713/2625/44 1565/2626/42 1711/2627/20
f 1565/2626/42 1713/2625/44 1567/2628/72
f 1568/2628/71 1714/2625/43 1566/2626/40
f 1712/2627/18 1566/2626/40 1714/2625/43
f 1715/2629/74 1567/2630/72 1713/2631/44
f 1567/2630/72 1715/2629/74 1569/2632/224
f 1570/2632/223 1716/2629/73 1568/2630/71
f 1714/2631/43 1568/2630/71 1716/2629/73
f 1717/2633/226 1569/2634/224 1715/2635/74
f 1569/2634/224 1717/2633/226 1571/2636/304
f 1572/2636/303 1718/2633/225 1570/2634/223
f 1716/2635/73 1570/2634/223 1718/2633/225
f 1719/2637/306 1571/2638/304 1717/2639/226
f 1571/2638/304 1719/2637/306 1573/2640/380
f 1574/2640/379 1720/2637/305 1572/2638/303
f 1718/2639/225 1572/2638/303 1720/2637/305
f 1721/2641/382 1573/2642/380 1719/2643/306
f 1573/2642/380 1721/2641/382 1575/2644/456
f 1576/2644/455 1722/2641/381 1574/2642/379
f 1720/2643/305 1574/2642/379 1722/2641/381
f 1723/2645/394 1575/2646/456 1721/2647/382
f 1575/2646/456 1723/2645/394 1577/2648/468
f 1578/2648/467 1724/2645/393 1576/2646/455
f 1722/2647/381 1576/2646/455 1724/2645/393
f 1673/2649/396 1577/2650/468 1723/2651/394
f 1577/2650/468 1673/2649/396 1527/2652/470
f 1530/2652/469 1675/2649/395 1578/2650/467
f 1724/2651/393 1578/2650/467 1675/2649/395
f 1505/2653/410 1725/2654/334 1581/2655/336
f 1725/2654/334 1505/2653/410 1579/2656/408
f 1580/2656/407 1506/2653/409 1726/2654/333
f 1582/2655/335 1726/2654/333 1506/2653/409
f 1507/2657/338 1727/2658/262 1583/2659/264
f 1727/2658/262 1507/2657/338 1581/2660/336
f 1582/2660/335 1508/2657/337 1728/2658/261
f 1584/2659/263 1728/2658/261 1508/2657/337
f 1509/2661/266 1729/2662/166 1585/2663/170
f 1729/2662/166 1509/2661/266 1583/2664/264
f 1584/2664/263 1510/2661/265 1730/2662/163
f 1586/2663/167 1730/2662/163 1510/2661/265
f 1511/2665/174 1731/2666/169 1587/2667/173
f 1731/2666/169 1511/2665/174 1585/2668/170
f 1586/2668/167 1512/2665/171 1732/2666/168
f 1588/2667/172 1732/2666/168 1512/2665/171
f 1733/2669/142 1734/2670/133 1735/2671/141
f 1734/2670/133 1733/2669/142 1736/2672/134
f 1737/2672/132 1738/2669/139 1739/2670/131
f 1740/2671/140 1739/2670/131 1738/2669/139
f 1734/2673/133 1741/2674/130 1742/2675/129
f 1741/2674/130 1734/2673/133 1736/2676/134
f 1737/2676/132 1739/2673/131 1743/2674/128
f 1744/2675/127 1743/2674/128 1739/2673/131
f 1742/2677/129 1745/2678/126 1746/2679/125
f 1745/2678/126 1742/2677/129 1741/2680/130
f 1743/2680/128 1744/2677/127 1747/2678/124
f 1748/2679/123 1747/2678/124 1744/2677/127
f 1746/2681/125 1749/2682/122 1750/2683/121
f 1749/2682/122 1746/2681/125 1745/2684/126
f 1747/2684/124 1748/2681/123 1751/2682/120
f 1752/2683/119 1751/2682/120 1748/2681/123
f 1750/2685/121 1753/2686/118 1754/2687/117
f 1753/2686/118 1750/2685/121 1749/2688/122
f 1751/2688/120 1752/2685/119 1755/2686/116
f 1756/2687/115 1755/2686/116 1752/2685/119
f 1754/2689/117 1757/2690/58 1758/2691/114
f 1757/2690/58 1754/2689/117 1753/2692/118
f 1755/2692/116 1756/2689/115 1759/2690/57
f 1760/2691/113 1759/2690/57 1756/2689/115
f 1758/2693/114 1761/2694/32 1762/2695/54
f 1761/2694/32 1758/2693/114 1757/2696/58
f 1759/2696/57 1760/2693/113 1763/2694/31
f 1764/2695/53 1763/2694/31 1760/2693/113
f 1762/2697/54 1765/2698/12 1766/2699/28
f 1765/2698/12 1762/2697/54 1761/2700/32
f 1763/2700/31 1764/2697/53 1767/2698/9
f 1768/2699/25 1767/2698/9 1764/2697/53
f 1766/2701/28 1769/2702/11 1770/2703/27
f 1769/2702/11 1766/2701/28 1765/2704/12
f 1767/2704/9 1768/2701/25 1771/2702/10
f 1772/2703/26 1771/2702/10 1768/2701/25
f 1773/2705/52 1769/2706/11 1774/2707/30
f 1769/2706/11 1773/2705/52 1770/2708/27
f 1772/2708/26 1775/2705/51 1771/2706/10
f 1776/2707/29 1771/2706/10 1775/2705/51
f 1777/2709/112 1774/2710/30 1778/2711/56
f 1774/2710/30 1777/2709/112 1773/2712/52
f 1775/2712/51 1779/2709/111 1776/2710/29
f 1780/2711/55 1776/2710/29 1779/2709/111
f 1781/2713/110 1778/2714/56 1782/2715/109
f 1778/2714/56 1781/2713/110 1777/2716/112
f 1779/2716/111 1783/2713/108 1780/2714/55
f 1784/2715/107 1780/2714/55 1783/2713/108
f 1785/2717/106 1782/2718/109 1786/2719/105
f 1782/2718/109 1785/2717/106 1781/2720/110
f 1783/2720/108 1787/2717/104 1784/2718/107
f 1788/2719/103 1784/2718/107 1787/2717/104
f 1789/2721/102 1786/2722/105 1790/2723/101
f 1786/2722/105 1789/2721/102 1785/2724/106
f 1787/2724/104 1791/2721/100 1788/2722/103
f 1792/2723/99 1788/2722/103 1791/2721/100
f 1793/2725/98 1790/2726/101 1794/2727/97
f 1790/2726/101 1793/2725/98 1789/2728/102
f 1791/2728/100 1795/2725/96 1792/2726/99
f 1796/2727/95 1792/2726/99 1795/2725/96
f 1797/2729/94 1794/2730/97 1798/2731/93
f 1794/2730/97 1797/2729/94 1793/2732/98
f 1795/2732/96 1799/2729/92 1796/2730/95
f 1800/2731/91 1796/2730/95 1799/2729/92
f 1801/2733/90 1798/2734/93 1802/2735/89
f 1798/2734/93 1801/2733/90 1797/2736/94
f 1799/2736/92 1803/2733/88 1800/2734/91
f 1804/2735/87 1800/2734/91 1803/2733/88
f 1805/2737/86 1802/2738/89 1806/2739/85
f 1802/2738/89 1805/2737/86 1801/2740/90
f 1803/2740/88 1807/2737/81 1804/2738/87
f 1808/2739/80 1804/2738/87 1807/2737/81
f 1809/2741/869 1806/2742/85 1810/2743/870
f 1806/2742/85 1809/2741/869 1805/2744/86
f 1807/2744/81 1811/2741/871 1808/2742/80
f 1812/2743/872 1808/2742/80 1811/2741/871
f 1813/2745/84 1814/2743/870 1815/2746/83
f 1814/2743/870 1813/2745/84 1816/2741/869
f 1817/2741/871 1818/2745/79 1819/2743/872
f 1820/2746/82 1819/2743/872 1818/2745/79
f 1821/2747/205 1813/2748/84 1815/2749/83
f 1813/2748/84 1821/2747/205 1822/2750/206
f 1823/2750/203 1824/2747/204 1818/2748/79
f 1820/2749/82 1818/2748/79 1824/2747/204
f 1825/2751/201 1822/2752/206 1821/2753/205
f 1822/2752/206 1825/2751/201 1826/2754/202
f 1827/2754/199 1828/2751/200 1823/2752/203
f 1824/2753/204 1823/2752/203 1828/2751/200
f 1829/2755/197 1826/2756/202 1825/2757/201
f 1826/2756/202 1829/2755/197 1830/2758/198
f 1831/2758/195 1832/2755/196 1827/2756/199
f 1828/2757/200 1827/2756/199 1832/2755/196
f 1833/2759/193 1830/2760/198 1829/2761/197
f 1830/2760/198 1833/2759/193 1834/2762/194
f 1835/2762/191 1836/2759/192 1831/2760/195
f 1832/2761/196 1831/2760/195 1836/2759/192
f 1665/2763/189 1834/2764/194 1833/2765/193
f 1834/2764/194 1665/2763/189 1837/2766/190
f 1838/2766/187 1666/2763/188 1835/2764/191
f 1836/2765/192 1835/2764/191 1666/2763/188
f 1517/2767/185 1837/2768/190 1665/2769/189
f 1837/2768/190 1517/2767/185 1663/2770/186
f 1664/2770/183 1518/2767/184 1838/2768/187
f 1666/2769/188 1838/2768/187 1518/2767/184
f 1585/2771/170 1839/2772/165 1731/2773/169
f 1839/2772/165 1585/2771/170 1729/2774/166
f 1730/2774/163 1586/2771/167 1840/2772/164
f 1732/2773/168 1840/2772/164 1586/2771/167
f 1729/2775/166 1841/2776/161 1839/2777/165
f 1841/2776/161 1729/2775/166 1842/2778/162
f 1843/2778/159 1730/2775/163 1844/2776/160
f 1840/2777/164 1844/2776/160 1730/2775/163
f 1842/2779/162 1845/2780/157 1841/2781/161
f 1845/2780/157 1842/2779/162 1846/2782/158
f 1847/2782/155 1843/2779/159 1848/2780/156
f 1844/2781/160 1848/2780/156 1843/2779/159
f 1846/2783/158 1849/2784/153 1845/2785/157
f 1849/2784/153 1846/2783/158 1850/2786/154
f 1851/2786/151 1847/2783/155 1852/2784/152
f 1848/2785/156 1852/2784/152 1847/2783/155
f 1850/2787/154 1853/2788/149 1849/2789/153
f 1853/2788/149 1850/2787/154 1854/2790/150
f 1855/2790/147 1851/2787/151 1856/2788/148
f 1852/2789/152 1856/2788/148 1851/2787/151
f 1854/2791/150 1857/2792/145 1853/2793/149
f 1857/2792/145 1854/2791/150 1858/2794/146
f 1859/2794/143 1855/2791/147 1860/2792/144
f 1856/2793/148 1860/2792/144 1855/2791/147
f 1858/2795/146 1735/2796/141 1857/2797/145
f 1735/2796/141 1858/2795/146 1733/2798/142
f 1738/2798/139 1859/2795/143 1740/2796/140
f 1860/2797/144 1740/2796/140 1859/2795/143
f 1519/2799/276 1833/2800/193 1667/2801/278
f 1833/2800/193 1519/2799/276 1665/2802/189
f 1666/2802/188 1520/2799/275 1836/2800/192
f 1668/2801/277 1836/2800/192 1520/2799/275
f 1521/2803/352 1861/2804/280 1669/2805/354
f 1861/2804/280 1521/2803/352 1667/2806/278
f 1668/2806/277 1522/2803/351 1862/2804/279
f 1670/2805/353 1862/2804/279 1522/2803/351
f 1523/2807/428 1863/2808/356 1671/2809/430
f 1863/2808/356 1523/2807/428 1669/2810/354
f 1670/2810/353 1524/2807/427 1864/2808/355
f 1672/2809/429 1864/2808/355 1524/2807/427
f 1674/2811/400 1865/2812/322 1866/2813/326
f 1865/2812/322 1674/2811/400 1673/2814/396
f 1675/2814/395 1676/2811/399 1867/2812/321
f 1868/2813/325 1867/2812/321 1676/2811/399
f 1677/2815/402 1866/2816/326 1869/2817/328
f 1866/2816/326 1677/2815/402 1674/2818/400
f 1676/2818/399 1678/2815/401 1868/2816/325
f 1870/2817/327 1868/2816/325 1678/2815/401
f 1679/2819/404 1869/2820/328 1871/2821/330
f 1869/2820/328 1679/2819/404 1677/2822/402
f 1678/2822/401 1680/2819/403 1870/2820/327
f 1872/2821/329 1870/2820/327 1680/2819/403
f 1681/2823/406 1871/2824/330 1873/2825/332
f 1871/2824/330 1681/2823/406 1679/2826/404
f 1680/2826/403 1682/2823/405 1872/2824/329
f 1874/2825/331 1872/2824/329 1682/2823/405
f 1579/2827/408 1873/2828/332 1725/2829/334
f 1873/2828/332 1579/2827/408 1681/2830/406
f 1682/2830/405 1580/2827/407 1874/2828/331
f 1726/2829/333 1874/2828/331 1580/2827/407
f 1671/2831/430 1875/2832/358 1683/2833/432
f 1875/2832/358 1671/2831/430 1863/2834/356
f 1864/2834/355 1672/2831/429 1876/2832/357
f 1684/2833/431 1876/2832/357 1672/2831/429
f 1683/2835/432 1877/2836/311 1685/2837/385
f 1877/2836/311 1683/2835/432 1875/2838/358
f 1876/2838/357 1684/2835/431 1878/2836/310
f 1686/2837/384 1878/2836/310 1684/2835/431
f 1877/2839/311 1687/2840/867 1685/2841/385
f 1687/2840/867 1877/2839/311 1879/2842/873
f 1880/2842/874 1878/2839/310 1688/2840/868
f 1686/2841/384 1688/2840/868 1878/2839/310
f 1881/2842/873 1690/2843/386 1689/2840/867
f 1690/2843/386 1881/2842/873 1882/2844/312
f 1883/2844/309 1884/2842/874 1691/2843/383
f 1692/2840/868 1691/2843/383 1884/2842/874
f 1882/2845/312 1693/2846/388 1690/2847/386
f 1693/2846/388 1882/2845/312 1885/2848/314
f 1886/2848/313 1883/2845/309 1694/2846/387
f 1691/2847/383 1694/2846/387 1883/2845/309
f 1885/2849/314 1695/2850/390 1693/2851/388
f 1695/2850/390 1885/2849/314 1887/2852/316
f 1888/2852/315 1886/2849/313 1696/2850/389
f 1694/2851/387 1696/2850/389 1886/2849/313
f 1887/2853/316 1697/2854/392 1695/2855/390
f 1697/2854/392 1887/2853/316 1889/2856/318
f 1890/2856/317 1888/2853/315 1698/2854/391
f 1696/2855/389 1698/2854/391 1888/2853/315
f 1889/2857/318 1699/2858/360 1697/2859/392
f 1699/2858/360 1889/2857/318 1891/2860/286
f 1892/2860/285 1890/2857/317 1700/2858/359
f 1698/2859/391 1700/2858/359 1890/2857/317
f 1891/2861/286 1701/2862/288 1699/2863/360
f 1701/2862/288 1891/2861/286 1893/2864/209
f 1894/2864/208 1892/2861/285 1702/2862/287
f 1700/2863/359 1702/2862/287 1892/2861/285
f 1893/2865/209 1703/2866/212 1701/2867/288
f 1703/2866/212 1893/2865/209 1895/2868/61
f 1896/2868/60 1894/2865/208 1704/2866/211
f 1702/2867/287 1704/2866/211 1894/2865/208
f 1895/2869/61 1705/2870/64 1703/2871/212
f 1705/2870/64 1895/2869/61 1897/2872/35
f 1898/2872/34 1896/2869/60 1706/2870/63
f 1704/2871/211 1706/2870/63 1896/2869/60
f 1897/2873/35 1707/2874/38 1705/2875/64
f 1707/2874/38 1897/2873/35 1899/2876/16
f 1900/2876/13 1898/2873/34 1708/2874/37
f 1706/2875/63 1708/2874/37 1898/2873/34
f 1899/2877/16 1709/2878/19 1707/2879/38
f 1709/2878/19 1899/2877/16 1901/2880/7
f 1902/2880/2 1900/2877/13 1710/2878/17
f 1708/2879/37 1710/2878/17 1900/2877/13
f 1903/2881/8 1709/2882/19 1901/2883/7
f 1709/2882/19 1903/2881/8 1711/2884/20
f 1712/2884/18 1904/2881/3 1710/2882/17
f 1902/2883/2 1710/2882/17 1904/2881/3
f 1905/2885/24 1711/2886/20 1903/2887/8
f 1711/2886/20 1905/2885/24 1713/2888/44
f 1714/2888/43 1906/2885/22 1712/2886/18
f 1904/2887/3 1712/2886/18 1906/2885/22
f 1907/2889/48 1713/2890/44 1905/2891/24
f 1713/2890/44 1907/2889/48 1715/2892/74
f 1716/2892/73 1908/2889/46 1714/2890/43
f 1906/2891/22 1714/2890/43 1908/2889/46
f 1909/2893/78 1715/2894/74 1907/2895/48
f 1715/2894/74 1909/2893/78 1717/2896/226
f 1718/2896/225 1910/2893/76 1716/2894/73
f 1908/2895/46 1716/2894/73 1910/2893/76
f 1911/2897/230 1717/2898/226 1909/2899/78
f 1717/2898/226 1911/2897/230 1719/2900/306
f 1720/2900/305 1912/2897/228 1718/2898/225
f 1910/2899/76 1718/2898/225 1912/2897/228
f 1913/2901/308 1719/2902/306 1911/2903/230
f 1719/2902/306 1913/2901/308 1721/2904/382
f 1722/2904/381 1914/2901/307 1720/2902/305
f 1912/2903/228 1720/2902/305 1914/2901/307
f 1915/2905/320 1721/2906/382 1913/2907/308
f 1721/2906/382 1915/2905/320 1723/2908/394
f 1724/2908/393 1916/2905/319 1722/2906/381
f 1914/2907/307 1722/2906/381 1916/2905/319
f 1865/2909/322 1723/2910/394 1915/2911/320
f 1723/2910/394 1865/2909/322 1673/2912/396
f 1675/2912/395 1867/2909/321 1724/2910/393
f 1916/2911/319 1724/2910/393 1867/2909/321
f 1581/2913/336 1917/2914/260 1727/2915/262
f 1917/2914/260 1581/2913/336 1725/2916/334
f 1726/2916/333 1582/2913/335 1918/2914/259
f 1728/2915/261 1918/2914/259 1582/2913/335
f 1583/2917/264 1842/2918/162 1729/2919/166
f 1842/2918/162 1583/2917/264 1727/2920/262
f 1728/2920/261 1584/2917/263 1843/2918/159
f 1730/2919/163 1843/2918/159 1584/2917/263
f 1919/2921/252 1736/2922/134 1733/2923/142
f 1736/2922/134 1919/2921/252 1920/2924/248
f 1921/2924/247 1922/2921/251 1737/2922/132
f 1738/2923/139 1737/2922/132 1922/2921/251
f 1736/2925/134 1923/2926/246 1741/2927/130
f 1923/2926/246 1736/2925/134 1920/2928/248
f 1921/2928/247 1737/2925/132 1924/2926/245
f 1743/2927/128 1924/2926/245 1737/2925/132
f 1741/2929/130 1925/2930/244 1745/2931/126
f 1925/2930/244 1741/2929/130 1923/2932/246
f 1924/2932/245 1743/2929/128 1926/2930/243
f 1747/2931/124 1926/2930/243 1743/2929/128
f 1745/2933/126 1927/2934/229 1749/2935/122
f 1927/2934/229 1745/2933/126 1925/2936/244
f 1926/2936/243 1747/2933/124 1928/2934/227
f 1751/2935/120 1928/2934/227 1747/2933/124
f 1749/2937/122 1929/2938/77 1753/2939/118
f 1929/2938/77 1749/2937/122 1927/2940/229
f 1928/2940/227 1751/2937/120 1930/2938/75
f 1755/2939/116 1930/2938/75 1751/2937/120
f 1753/2941/118 1931/2942/47 1757/2943/58
f 1931/2942/47 1753/2941/118 1929/2944/77
f 1930/2944/75 1755/2941/116 1932/2942/45
f 1759/2943/57 1932/2942/45 1755/2941/116
f 1757/2945/58 1933/2946/23 1761/2947/32
f 1933/2946/23 1757/2945/58 1931/2948/47
f 1932/2948/45 1759/2945/57 1934/2946/21
f 1763/2947/31 1934/2946/21 1759/2945/57
f 1761/2949/32 1935/2950/6 1765/2951/12
f 1935/2950/6 1761/2949/32 1933/2952/23
f 1934/2952/21 1763/2949/31 1936/2950/1
f 1767/2951/9 1936/2950/1 1763/2949/31
f 1765/2953/12 1937/2954/5 1769/2955/11
f 1937/2954/5 1765/2953/12 1935/2956/6
f 1936/2956/1 1767/2953/9 1938/2954/4
f 1771/2955/10 1938/2954/4 1767/2953/9
f 1774/2957/30 1937/2958/5 1939/2959/15
f 1937/2958/5 1774/2957/30 1769/2960/11
f 1771/2960/10 1776/2957/29 1938/2958/4
f 1940/2959/14 1938/2958/4 1776/2957/29
f 1778/2961/56 1939/2962/15 1941/2963/36
f 1939/2962/15 1778/2961/56 1774/2964/30
f 1776/2964/29 1780/2961/55 1940/2962/14
f 1942/2963/33 1940/2962/14 1780/2961/55
f 1782/2965/109 1941/2966/36 1943/2967/62
f 1941/2966/36 1782/2965/109 1778/2968/56
f 1780/2968/55 1784/2965/107 1942/2966/33
f 1944/2967/59 1942/2966/33 1784/2965/107
f 1786/2969/105 1943/2970/62 1945/2971/210
f 1943/2970/62 1786/2969/105 1782/2972/109
f 1784/2972/107 1788/2969/103 1944/2970/59
f 1946/2971/207 1944/2970/59 1788/2969/103
f 1790/2973/101 1945/2974/210 1947/2975/242
f 1945/2974/210 1790/2973/101 1786/2976/105
f 1788/2976/103 1792/2973/99 1946/2974/207
f 1948/2975/241 1946/2974/207 1792/2973/99
f 1794/2977/97 1947/2978/242 1949/2979/240
f 1947/2978/242 1794/2977/97 1790/2980/101
f 1792/2980/99 1796/2977/95 1948/2978/241
f 1950/2979/239 1948/2978/241 1796/2977/95
f 1798/2981/93 1949/2982/240 1951/2983/238
f 1949/2982/240 1798/2981/93 1794/2984/97
f 1796/2984/95 1800/2981/91 1950/2982/239
f 1952/2983/237 1950/2982/239 1800/2981/91
f 1802/2985/89 1951/2986/238 1953/2987/236
f 1951/2986/238 1802/2985/89 1798/2988/93
f 1800/2988/91 1804/2985/87 1952/2986/237
f 1954/2987/235 1952/2986/237 1804/2985/87
f 1806/2989/85 1953/2990/236 1955/2991/234
f 1953/2990/236 1806/2989/85 1802/2992/89
f 1804/2992/87 1808/2989/80 1954/2990/235
f 1956/2991/231 1954/2990/235 1808/2989/80
f 1810/2993/870 1955/2994/234 1957/2995/875
f 1955/2994/234 1810/2993/870 1806/2996/85
f 1808/2996/80 1812/2993/872 1956/2994/231
f 1958/2995/876 1956/2994/231 1812/2993/872
f 1815/2997/83 1959/2995/875 1960/2998/233
f 1959/2995/875 1815/2997/83 1814/2993/870
f 1819/2993/872 1820/2997/82 1961/2995/876
f 1962/2998/232 1961/2995/876 1820/2997/82
f 1963/2999/284 1815/3000/83 1960/3001/233
f 1815/3000/83 1963/2999/284 1821/3002/205
f 1824/3002/204 1964/2999/283 1820/3000/82
f 1962/3001/232 1820/3000/82 1964/2999/283
f 1965/3003/282 1821/3004/205 1963/3005/284
f 1821/3004/205 1965/3003/282 1825/3006/201
f 1828/3006/200 1966/3003/281 1824/3004/204
f 1964/3005/283 1824/3004/204 1966/3003/281
f 1861/3007/280 1825/3008/201 1965/3009/282
f 1825/3008/201 1861/3007/280 1829/3010/197
f 1832/3010/196 1862/3007/279 1828/3008/200
f 1966/3009/281 1828/3008/200 1862/3007/279
f 1667/3011/278 1829/3012/197 1861/3013/280
f 1829/3012/197 1667/3011/278 1833/3014/193
f 1836/3014/192 1668/3011/277 1832/3012/196
f 1862/3013/279 1832/3012/196 1668/3011/277
f 1727/3015/262 1846/3016/158 1842/3017/162
f 1846/3016/158 1727/3015/262 1917/3018/260
f 1918/3018/259 1728/3015/261 1847/3016/155
f 1843/3017/159 1847/3016/155 1728/3015/261
f 1917/3019/260 1850/3020/154 1846/3021/158
f 1850/3020/154 1917/3019/260 1967/3022/258
f 1968/3022/257 1918/3019/259 1851/3020/151
f 1847/3021/155 1851/3020/151 1918/3019/259
f 1967/3023/258 1854/3024/150 1850/3025/154
f 1854/3024/150 1967/3023/258 1969/3026/256
f 1970/3026/255 1968/3023/257 1855/3024/147
f 1851/3025/151 1855/3024/147 1968/3023/257
f 1969/3027/256 1858/3028/146 1854/3029/150
f 1858/3028/146 1969/3027/256 1971/3030/254
f 1972/3030/253 1970/3027/255 1859/3028/143
f 1855/3029/147 1859/3028/143 1970/3027/255
f 1971/3031/254 1733/3032/142 1858/3033/146
f 1733/3032/142 1971/3031/254 1919/3034/252
f 1922/3034/251 1972/3031/253 1738/3032/139
f 1859/3033/143 1738/3032/139 1972/3031/253
f 1669/3035/354 1965/3036/282 1863/3037/356
f 1965/3036/282 1669/3035/354 1861/3038/280
f 1862/3038/279 1670/3035/353 1966/3036/281
f 1864/3037/355 1966/3036/281 1670/3035/353
f 1866/3039/326 1920/3040/248 1919/3041/252
f 1920/3040/248 1866/3039/326 1865/3042/322
f 1867/3042/321 1868/3039/325 1921/3040/247
f 1922/3041/251 1921/3040/247 1868/3039/325
f 1869/3043/328 1919/3044/252 1971/3045/254
f 1919/3044/252 1869/3043/328 1866/3046/326
f 1868/3046/325 1870/3043/327 1922/3044/251
f 1972/3045/253 1922/3044/251 1870/3043/327
f 1871/3047/330 1971/3048/254 1969/3049/256
f 1971/3048/254 1871/3047/330 1869/3050/328
f 1870/3050/327 1872/3047/329 1972/3048/253
f 1970/3049/255 1972/3048/253 1872/3047/329
f 1873/3051/332 1969/3052/256 1967/3053/258
f 1969/3052/256 1873/3051/332 1871/3054/330
f 1872/3054/329 1874/3051/331 1970/3052/255
f 1968/3053/257 1970/3052/255 1874/3051/331
f 1725/3055/334 1967/3056/258 1917/3057/260
f 1967/3056/258 1725/3055/334 1873/3058/332
f 1874/3058/331 1726/3055/333 1968/3056/257
f 1918/3057/259 1968/3056/257 1726/3055/333
f 1863/3059/356 1963/3060/284 1875/3061/358
f 1963/3060/284 1863/3059/356 1965/3062/282
f 1966/3062/281 1864/3059/355 1964/3060/283
f 1876/3061/357 1964/3060/283 1864/3059/355
f 1875/3063/358 1960/3064/233 1877/3065/311
f 1960/3064/233 1875/3063/358 1963/3066/284
f 1964/3066/283 1876/3063/357 1962/3064/232
f 1878/3065/310 1962/3064/232 1876/3063/357
f 1960/3067/233 1879/3068/873 1877/3069/311
f 1879/3068/873 1960/3067/233 1959/3070/875
f 1961/3070/876 1962/3067/232 1880/3068/874
f 1878/3069/310 1880/3068/874 1962/3067/232
f 1957/3070/875 1882/3071/312 1881/3068/873
f 1882/3071/312 1957/3070/875 1955/3072/234
f 1956/3072/231 1958/3070/876 1883/3071/309
f 1884/3068/874 1883/3071/309 1958/3070/876
f 1955/3073/234 1885/3074/314 1882/3075/312
f 1885/3074/314 1955/3073/234 1953/3076/236
f 1954/3076/235 1956/3073/231 1886/3074/313
f 1883/3075/309 1886/3074/313 1956/3073/231
f 1953/3077/236 1887/3078/316 1885/3079/314
f 1887/3078/316 1953/3077/236 1951/3080/238
f 1952/3080/237 1954/3077/235 1888/3078/315
f 1886/3079/313 1888/3078/315 1954/3077/235
f 1951/3081/238 1889/3082/318 1887/3083/316
f 1889/3082/318 1951/3081/238 1949/3084/240
f 1950/3084/239 1952/3081/237 1890/3082/317
f 1888/3083/315 1890/3082/317 1952/3081/237
f 1949/3085/240 1891/3086/286 1889/3087/318
f 1891/3086/286 1949/3085/240 1947/3088/242
f 1948/3088/241 1950/3085/239 1892/3086/285
f 1890/3087/317 1892/3086/285 1950/3085/239
f 1947/3089/242 1893/3090/209 1891/3091/286
f 1893/3090/209 1947/3089/242 1945/3092/210
f 1946/3092/207 1948/3089/241 1894/3090/208
f 1892/3091/285 1894/3090/208 1948/3089/241
f 1945/3093/210 1895/3094/61 1893/3095/209
f 1895/3094/61 1945/3093/210 1943/3096/62
f 1944/3096/59 1946/3093/207 1896/3094/60
f 1894/3095/208 1896/3094/60 1946/3093/207
f 1943/3097/62 1897/3098/35 1895/3099/61
f 1897/3098/35 1943/3097/62 1941/3100/36
f 1942/3100/33 1944/3097/59 1898/3098/34
f 1896/3099/60 1898/3098/34 1944/3097/59
f 1941/3101/36 1899/3102/16 1897/3103/35
f 1899/3102/16 1941/3101/36 1939/3104/15
f 1940/3104/14 1942/3101/33 1900/3102/13
f 1898/3103/34 1900/3102/13 1942/3101/33
f 1939/3105/15 1901/3106/7 1899/3107/16
f 1901/3106/7 1939/3105/15 1937/3108/5
f 1938/3108/4 1940/3105/14 1902/3106/2
f 1900/3107/13 1902/3106/2 1940/3105/14
f 1935/3109/6 1901/3110/7 1937/3111/5
f 1901/3110/7 1935/3109/6 1903/3112/8
f 1904/3112/3 1936/3109/1 1902/3110/2
f 1938/3111/4 1902/3110/2 1936/3109/1
f 1933/3113/23 1903/3114/8 1935/3115/6
f 1903/3114/8 1933/3113/23 1905/3116/24
f 1906/3116/22 1934/3113/21 1904/3114/3
f 1936/3115/1 1904/3114/3 1934/3113/21
f 1931/3117/47 1905/3118/24 1933/3119/23
f 1905/3118/24 1931/3117/47 1907/3120/48
f 1908/3120/46 1932/3117/45 1906/3118/22
f 1934/3119/21 1906/3118/22 1932/3117/45
f 1929/3121/77 1907/3122/48 1931/3123/47
f 1907/3122/48 1929/3121/77 1909/3124/78
f 1910/3124/76 1930/3121/75 1908/3122/46
f 1932/3123/45 1908/3122/46 1930/3121/75
f 1927/3125/229 1909/3126/78 1929/3127/77
f 1909/3126/78 1927/3125/229 1911/3128/230
f 1912/3128/228 1928/3125/227 1910/3126/76
f 1930/3127/75 1910/3126/76 1928/3125/227
f 1925/3129/244 1911/3130/230 1927/3131/229
f 1911/3130/230 1925/3129/244 1913/3132/308
f 1914/3132/307 1926/3129/243 1912/3130/228
f 1928/3131/227 1912/3130/228 1926/3129/243
f 1923/3133/246 1913/3134/308 1925/3135/244
f 1913/3134/308 1923/3133/246 1915/3136/320
f 1916/3136/319 1924/3133/245 1914/3134/307
f 1926/3135/243 1914/3134/307 1924/3133/245
f 1920/3137/248 1915/3138/320 1923/3139/246
f 1915/3138/320 1920/3137/248 1865/3140/322
f 1867/3140/321 1921/3137/247 1916/3138/319
f 1924/3139/245 1916/3138/319 1921/3137/247
